  0
SECTION
  2
HEADER
  9
$ACADVER
  1
AC1032
  9
$ACADMAINTVER
 90
      205
  9
$DWGCODEPAGE
  3
ANSI_1252
  9
$LASTSAVEDBY
  1
Arthur
  9
$REQUIREDVERSIONS
160
                 0
  9
$INSBASE
 10
0.0
 20
0.0
 30
0.0
  9
$EXTMIN
 10
12.196420469804
 20
903.139396881531
 30
0.0
  9
$EXTMAX
 10
2770.211060485134
 20
4091.162036800005
 30
0.0
  9
$LIMMIN
 10
0.0
 20
0.0
  9
$LIMMAX
 10
12.0
 20
9.0
  9
$ORTHOMODE
 70
     0
  9
$REGENMODE
 70
     1
  9
$FILLMODE
 70
     1
  9
$QTEXTMODE
 70
     0
  9
$MIRRTEXT
 70
     0
  9
$LTSCALE
 40
1.0
  9
$ATTMODE
 70
     1
  9
$TEXTSIZE
 40
0.2
  9
$TRACEWID
 40
0.05
  9
$TEXTSTYLE
  7
Standard
  9
$CLAYER
  8
0
  9
$CELTYPE
  6
ByLayer
  9
$CECOLOR
 62
   256
  9
$CELTSCALE
 40
1.0
  9
$DISPSILH
 70
     0
  9
$DIMSCALE
 40
1.0
  9
$DIMASZ
 40
0.18
  9
$DIMEXO
 40
0.0625
  9
$DIMDLI
 40
0.38
  9
$DIMRND
 40
0.0
  9
$DIMDLE
 40
0.0
  9
$DIMEXE
 40
0.18
  9
$DIMTP
 40
0.0
  9
$DIMTM
 40
0.0
  9
$DIMTXT
 40
0.18
  9
$DIMCEN
 40
0.09
  9
$DIMTSZ
 40
0.0
  9
$DIMTOL
 70
     0
  9
$DIMLIM
 70
     0
  9
$DIMTIH
 70
     1
  9
$DIMTOH
 70
     1
  9
$DIMSE1
 70
     0
  9
$DIMSE2
 70
     0
  9
$DIMTAD
 70
     0
  9
$DIMZIN
 70
     0
  9
$DIMBLK
  1

  9
$DIMASO
 70
     1
  9
$DIMSHO
 70
     1
  9
$DIMPOST
  1

  9
$DIMAPOST
  1

  9
$DIMALT
 70
     0
  9
$DIMALTD
 70
     2
  9
$DIMALTF
 40
25.4
  9
$DIMLFAC
 40
1.0
  9
$DIMTOFL
 70
     0
  9
$DIMTVP
 40
0.0
  9
$DIMTIX
 70
     0
  9
$DIMSOXD
 70
     0
  9
$DIMSAH
 70
     0
  9
$DIMBLK1
  1

  9
$DIMBLK2
  1

  9
$DIMSTYLE
  2
Standard
  9
$DIMCLRD
 70
     0
  9
$DIMCLRE
 70
     0
  9
$DIMCLRT
 70
     0
  9
$DIMTFAC
 40
1.0
  9
$DIMGAP
 40
0.09
  9
$DIMJUST
 70
     0
  9
$DIMSD1
 70
     0
  9
$DIMSD2
 70
     0
  9
$DIMTOLJ
 70
     1
  9
$DIMTZIN
 70
     0
  9
$DIMALTZ
 70
     0
  9
$DIMALTTZ
 70
     0
  9
$DIMUPT
 70
     0
  9
$DIMDEC
 70
     4
  9
$DIMTDEC
 70
     4
  9
$DIMALTU
 70
     2
  9
$DIMALTTD
 70
     2
  9
$DIMTXSTY
  7
Standard
  9
$DIMAUNIT
 70
     0
  9
$DIMADEC
 70
     0
  9
$DIMALTRND
 40
0.0
  9
$DIMAZIN
 70
     0
  9
$DIMDSEP
 70
    46
  9
$DIMATFIT
 70
     3
  9
$DIMFRAC
 70
     0
  9
$DIMLDRBLK
  1

  9
$DIMLUNIT
 70
     2
  9
$DIMLWD
 70
    -2
  9
$DIMLWE
 70
    -2
  9
$DIMTMOVE
 70
     0
  9
$DIMFXL
 40
1.0
  9
$DIMFXLON
 70
     0
  9
$DIMJOGANG
 40
0.7853981633974483
  9
$DIMTFILL
 70
     0
  9
$DIMTFILLCLR
 70
     0
  9
$DIMARCSYM
 70
     0
  9
$DIMLTYPE
  6

  9
$DIMLTEX1
  6

  9
$DIMLTEX2
  6

  9
$DIMTXTDIRECTION
 70
     0
  9
$LUNITS
 70
     2
  9
$LUPREC
 70
     4
  9
$SKETCHINC
 40
0.1
  9
$FILLETRAD
 40
0.0
  9
$AUNITS
 70
     0
  9
$AUPREC
 70
     0
  9
$MENU
  1
.
  9
$ELEVATION
 40
0.0
  9
$PELEVATION
 40
0.0
  9
$THICKNESS
 40
0.0
  9
$LIMCHECK
 70
     0
  9
$CHAMFERA
 40
0.0
  9
$CHAMFERB
 40
0.0
  9
$CHAMFERC
 40
0.0
  9
$CHAMFERD
 40
0.0
  9
$SKPOLY
 70
     0
  9
$TDCREATE
 40
2460836.589479167
  9
$TDUCREATE
 40
2460836.714479166
  9
$TDUPDATE
 40
2461045.589560185
  9
$TDUUPDATE
 40
2461045.714560185
  9
$TDINDWG
 40
0.1145717593
  9
$TDUSRTIMER
 40
0.1145717593
  9
$USRTIMER
 70
     1
  9
$ANGBASE
 50
0.0
  9
$ANGDIR
 70
     0
  9
$PDMODE
 70
     0
  9
$PDSIZE
 40
0.0
  9
$PLINEWID
 40
0.0
  9
$SPLFRAME
 70
     0
  9
$SPLINETYPE
 70
     6
  9
$SPLINESEGS
 70
     8
  9
$HANDSEED
  5
24D4
  9
$SURFTAB1
 70
     6
  9
$SURFTAB2
 70
     6
  9
$SURFTYPE
 70
     6
  9
$SURFU
 70
     6
  9
$SURFV
 70
     6
  9
$UCSBASE
  2

  9
$UCSNAME
  2

  9
$UCSORG
 10
0.0
 20
0.0
 30
0.0
  9
$UCSXDIR
 10
1.0
 20
0.0
 30
0.0
  9
$UCSYDIR
 10
0.0
 20
1.0
 30
0.0
  9
$UCSORTHOREF
  2

  9
$UCSORTHOVIEW
 70
     0
  9
$UCSORGTOP
 10
0.0
 20
0.0
 30
0.0
  9
$UCSORGBOTTOM
 10
0.0
 20
0.0
 30
0.0
  9
$UCSORGLEFT
 10
0.0
 20
0.0
 30
0.0
  9
$UCSORGRIGHT
 10
0.0
 20
0.0
 30
0.0
  9
$UCSORGFRONT
 10
0.0
 20
0.0
 30
0.0
  9
$UCSORGBACK
 10
0.0
 20
0.0
 30
0.0
  9
$PUCSBASE
  2

  9
$PUCSNAME
  2

  9
$PUCSORG
 10
0.0
 20
0.0
 30
0.0
  9
$PUCSXDIR
 10
1.0
 20
0.0
 30
0.0
  9
$PUCSYDIR
 10
0.0
 20
1.0
 30
0.0
  9
$PUCSORTHOREF
  2

  9
$PUCSORTHOVIEW
 70
     0
  9
$PUCSORGTOP
 10
0.0
 20
0.0
 30
0.0
  9
$PUCSORGBOTTOM
 10
0.0
 20
0.0
 30
0.0
  9
$PUCSORGLEFT
 10
0.0
 20
0.0
 30
0.0
  9
$PUCSORGRIGHT
 10
0.0
 20
0.0
 30
0.0
  9
$PUCSORGFRONT
 10
0.0
 20
0.0
 30
0.0
  9
$PUCSORGBACK
 10
0.0
 20
0.0
 30
0.0
  9
$USERI1
 70
     0
  9
$USERI2
 70
     0
  9
$USERI3
 70
     0
  9
$USERI4
 70
     0
  9
$USERI5
 70
     0
  9
$USERR1
 40
0.0
  9
$USERR2
 40
0.0
  9
$USERR3
 40
0.0
  9
$USERR4
 40
0.0
  9
$USERR5
 40
0.0
  9
$WORLDVIEW
 70
     1
  9
$SHADEDGE
 70
     3
  9
$SHADEDIF
 70
    70
  9
$TILEMODE
 70
     1
  9
$MAXACTVP
 70
    64
  9
$PINSBASE
 10
0.0
 20
0.0
 30
0.0
  9
$PLIMCHECK
 70
     0
  9
$PEXTMIN
 10
0.0
 20
0.0
 30
0.0
  9
$PEXTMAX
 10
0.0
 20
0.0
 30
0.0
  9
$PLIMMIN
 10
0.0
 20
0.0
  9
$PLIMMAX
 10
12.0
 20
9.0
  9
$UNITMODE
 70
     0
  9
$VISRETAIN
 70
     1
  9
$PLINEGEN
 70
     0
  9
$PSLTSCALE
 70
     1
  9
$TREEDEPTH
 70
  3020
  9
$CMLSTYLE
  2
Standard
  9
$CMLJUST
 70
     0
  9
$CMLSCALE
 40
1.0
  9
$PROXYGRAPHICS
 70
     1
  9
$MEASUREMENT
 70
     0
  9
$CELWEIGHT
370
    -1
  9
$ENDCAPS
280
     0
  9
$JOINSTYLE
280
     0
  9
$LWDISPLAY
290
     0
  9
$INSUNITS
 70
     1
  9
$HYPERLINKBASE
  1

  9
$STYLESHEET
  1

  9
$XEDIT
290
     1
  9
$CEPSNTYPE
380
     0
  9
$PSTYLEMODE
290
     1
  9
$FINGERPRINTGUID
  2
{5BDDBD2A-2657-9440-BEAE-6FC517925B00}
  9
$VERSIONGUID
  2
{E1F10D15-DF1C-6A4C-88C0-B6715305E947}
  9
$EXTNAMES
290
     1
  9
$PSVPSCALE
 40
0.0
  9
$OLESTARTUP
290
     0
  9
$SORTENTS
280
   127
  9
$INDEXCTL
280
     0
  9
$HIDETEXT
280
     1
  9
$XCLIPFRAME
280
     2
  9
$HALOGAP
280
     0
  9
$OBSCOLOR
 70
   257
  9
$OBSLTYPE
280
     0
  9
$INTERSECTIONDISPLAY
280
     0
  9
$INTERSECTIONCOLOR
 70
   257
  9
$DIMASSOC
280
     2
  9
$PROJECTNAME
  1

  9
$CAMERADISPLAY
290
     0
  9
$LENSLENGTH
 40
50.0
  9
$CAMERAHEIGHT
 40
0.0
  9
$STEPSPERSEC
 40
2.0
  9
$STEPSIZE
 40
6.0
  9
$3DDWFPREC
 40
2.0
  9
$PSOLWIDTH
 40
0.25
  9
$PSOLHEIGHT
 40
4.0
  9
$LOFTANG1
 40
1.570796326794896
  9
$LOFTANG2
 40
1.570796326794896
  9
$LOFTMAG1
 40
0.0
  9
$LOFTMAG2
 40
0.0
  9
$LOFTPARAM
 70
     7
  9
$LOFTNORMALS
280
     1
  9
$LATITUDE
 40
37.795
  9
$LONGITUDE
 40
-122.394
  9
$NORTHDIRECTION
 40
0.0
  9
$TIMEZONE
 70
 -8000
  9
$LIGHTGLYPHDISPLAY
280
     1
  9
$TILEMODELIGHTSYNCH
280
     1
  9
$CMATERIAL
347
96
  9
$SOLIDHIST
280
     0
  9
$SHOWHIST
280
     1
  9
$DWFFRAME
280
     2
  9
$DGNFRAME
280
     0
  9
$REALWORLDSCALE
290
     1
  9
$INTERFERECOLOR
 62
     1
  9
$INTERFEREOBJVS
345
A3
  9
$INTERFEREVPVS
346
A0
  9
$CSHADOW
280
     0
  9
$SHADOWPLANELOCATION
 40
0.0
  0
ENDSEC
  0
SECTION
  2
CLASSES
  0
CLASS
  1
ACDBDICTIONARYWDFLT
  2
AcDbDictionaryWithDefault
  3
ObjectDBX Classes
 90
        0
 91
        1
280
     0
281
     0
  0
CLASS
  1
DICTIONARYVAR
  2
AcDbDictionaryVar
  3
ObjectDBX Classes
 90
        0
 91
        9
280
     0
281
     0
  0
CLASS
  1
TABLESTYLE
  2
AcDbTableStyle
  3
ObjectDBX Classes
 90
     4095
 91
        1
280
     0
281
     0
  0
CLASS
  1
MATERIAL
  2
AcDbMaterial
  3
ObjectDBX Classes
 90
     1153
 91
        3
280
     0
281
     0
  0
CLASS
  1
VISUALSTYLE
  2
AcDbVisualStyle
  3
ObjectDBX Classes
 90
     4095
 91
       24
280
     0
281
     0
  0
CLASS
  1
SCALE
  2
AcDbScale
  3
ObjectDBX Classes
 90
     1153
 91
       33
280
     0
281
     0
  0
CLASS
  1
MLEADERSTYLE
  2
AcDbMLeaderStyle
  3
ACDB_MLEADERSTYLE_CLASS
 90
     4095
 91
        1
280
     0
281
     0
  0
CLASS
  1
CELLSTYLEMAP
  2
AcDbCellStyleMap
  3
ObjectDBX Classes
 90
     1152
 91
        1
280
     0
281
     0
  0
CLASS
  1
EXACXREFPANELOBJECT
  2
ExAcXREFPanelObject
  3
EXAC_ESW
 90
     1025
 91
        0
280
     0
281
     0
  0
CLASS
  1
NPOCOLLECTION
  2
AcDbImpNonPersistentObjectsCollection
  3
ObjectDBX Classes
 90
     1153
 91
        0
280
     0
281
     0
  0
CLASS
  1
LAYER_INDEX
  2
AcDbLayerIndex
  3
ObjectDBX Classes
 90
        0
 91
        0
280
     0
281
     0
  0
CLASS
  1
SPATIAL_INDEX
  2
AcDbSpatialIndex
  3
ObjectDBX Classes
 90
        0
 91
        0
280
     0
281
     0
  0
CLASS
  1
IDBUFFER
  2
AcDbIdBuffer
  3
ObjectDBX Classes
 90
        0
 91
        0
280
     0
281
     0
  0
CLASS
  1
ACDBSECTIONVIEWSTYLE
  2
AcDbSectionViewStyle
  3
ObjectDBX Classes
 90
     1025
 91
        2
280
     0
281
     0
  0
CLASS
  1
ACDBDETAILVIEWSTYLE
  2
AcDbDetailViewStyle
  3
ObjectDBX Classes
 90
     1025
 91
        2
280
     0
281
     0
  0
CLASS
  1
SORTENTSTABLE
  2
AcDbSortentsTable
  3
ObjectDBX Classes
 90
        0
 91
        1
280
     0
281
     0
  0
CLASS
  1
ACAD_EVALUATION_GRAPH
  2
AcDbEvalGraph
  3
ObjectDBX Classes
 90
     1153
 91
        0
280
     0
281
     0
  0
CLASS
  1
ACAECUSTOBJ
  2
AcAeEditorObj
  3
AcAeEditorObj
 90
     1024
 91
        0
280
     0
281
     0
  0
CLASS
  1
ACDB_DYNAMICBLOCKPURGEPREVENTER_VERSION
  2
AcDbDynamicBlockPurgePreventer
  3
ObjectDBX Classes
 90
     1153
 91
        0
280
     0
281
     0
  0
ENDSEC
  0
SECTION
  2
TABLES
  0
TABLE
  2
VPORT
  5
8
330
0
100
AcDbSymbolTable
 70
     1
  0
VPORT
  5
94
330
8
100
AcDbSymbolTableRecord
100
AcDbViewportTableRecord
  2
*Active
 70
     0
 10
0.0
 20
0.0
 11
1.0
 21
1.0
 12
2263.181860874209
 22
2710.292057293754
 13
0.0
 23
0.0
 14
0.5
 24
0.5
 15
0.5
 25
0.5
 16
0.0
 26
0.0
 36
1.0
 17
0.0
 27
0.0
 37
0.0
 40
6500.238390342754
 41
2.25090909090909
 42
50.0
 43
0.0
 44
0.0
 50
0.0
 51
0.0
 71
     0
 72
  1000
 73
     1
 74
     3
 75
     0
 76
     1
 77
     0
 78
     0
281
     0
 65
     1
110
0.0
120
0.0
130
0.0
111
1.0
121
0.0
131
0.0
112
0.0
122
1.0
132
0.0
 79
     0
146
0.0
348
9F
 60
     3
 61
     5
292
     1
282
     1
141
0.0
142
0.0
 63
   250
421
  3355443
1001
ACAD_NAV_VCDISPLAY
1070
     3
  0
ENDTAB
  0
TABLE
  2
LTYPE
  5
5
330
0
100
AcDbSymbolTable
 70
     2
  0
LTYPE
  5
14
330
5
100
AcDbSymbolTableRecord
100
AcDbLinetypeTableRecord
  2
ByBlock
 70
     0
  3

 72
    65
 73
     0
 40
0.0
  0
LTYPE
  5
15
330
5
100
AcDbSymbolTableRecord
100
AcDbLinetypeTableRecord
  2
ByLayer
 70
     0
  3

 72
    65
 73
     0
 40
0.0
  0
LTYPE
  5
16
330
5
100
AcDbSymbolTableRecord
100
AcDbLinetypeTableRecord
  2
Continuous
 70
     0
  3
Solid line
 72
    65
 73
     0
 40
0.0
  0
LTYPE
  5
4EC
330
5
100
AcDbSymbolTableRecord
100
AcDbLinetypeTableRecord
  2
DASHED2
 70
     0
  3

 72
    65
 73
     2
 40
9.525
 49
6.349999999999997
 74
     0
 49
-3.174999999999998
 74
     0
  0
ENDTAB
  0
TABLE
  2
LAYER
  5
2
102
{ACAD_XDICTIONARY
360
18E
102
}
330
0
100
AcDbSymbolTable
 70
     8
  0
LAYER
  5
10
102
{ACAD_XDICTIONARY
360
E6
102
}
330
2
100
AcDbSymbolTableRecord
100
AcDbLayerTableRecord
  2
0
 70
     0
 62
     7
  6
Continuous
370
    -3
390
F
347
98
348
0
  0
LAYER
  5
437
330
2
100
AcDbSymbolTableRecord
100
AcDbLayerTableRecord
  2
Chapa
 70
     0
 62
   250
  6
Continuous
290
     0
370
    -3
390
F
347
98
348
0
1001
AcAecLayerStandard
1000

1000

1001
AcCmTransparency
1071
        0
  0
LAYER
  5
438
330
2
100
AcDbSymbolTableRecord
100
AcDbLayerTableRecord
  2
Defpoints
 70
     0
 62
     7
  6
Continuous
290
     0
370
    -3
390
F
347
98
348
0
  0
LAYER
  5
4ED
330
2
100
AcDbSymbolTableRecord
100
AcDbLayerTableRecord
  2
MARGEM_DE_SEGURANÇA_20.0MM
 70
     0
 62
    93
420
  6736998
  6
DASHED2
290
     0
370
    -3
390
F
347
98
348
0
  0
LAYER
  5
17CE
330
2
100
AcDbSymbolTableRecord
100
AcDbLayerTableRecord
  2
TOP-CUT-OUTSIDE_10MM
 70
     0
 62
     6
420
 16711935
  6
Continuous
370
    -3
390
F
347
98
348
0
  0
LAYER
  5
17CF
330
2
100
AcDbSymbolTableRecord
100
AcDbLayerTableRecord
  2
TOP-CUT-INSIDE_10MM
 70
     0
 62
   240
420
 16719665
  6
Continuous
370
    -3
390
F
347
98
348
0
  0
LAYER
  5
17D0
330
2
100
AcDbSymbolTableRecord
100
AcDbLayerTableRecord
  2
TOP-CUT-ON-LINE_10MM
 70
     0
 62
     4
  6
Continuous
370
    -3
390
F
347
98
348
0
1001
AcAecLayerStandard
1000

1000

1001
AcCmTransparency
1071
        0
  0
LAYER
  5
17D1
330
2
100
AcDbSymbolTableRecord
100
AcDbLayerTableRecord
  2
TOP-POCKET-INSIDE_2MM
 70
     0
 62
     5
  6
Continuous
370
    -3
390
F
347
98
348
0
1001
AcAecLayerStandard
1000

1000

1001
AcCmTransparency
1071
        0
  0
ENDTAB
  0
TABLE
  2
STYLE
  5
3
330
0
100
AcDbSymbolTable
 70
     2
  0
STYLE
  5
11
330
3
100
AcDbSymbolTableRecord
100
AcDbTextStyleTableRecord
  2
Standard
 70
     0
 40
0.0
 41
1.0
 50
0.0
 71
     0
 42
0.2
  3
arial.ttf
  4

1001
ACAD
1000
Arial
1071
       34
  0
STYLE
  5
230C
330
3
100
AcDbSymbolTableRecord
100
AcDbTextStyleTableRecord
  2
PDF Arial
 70
     0
 40
0.0
 41
1.0
 50
0.0
 71
     0
 42
0.2
  3
arial.ttf
  4

1001
ACAD
1000
Arial
1071
       34
  0
ENDTAB
  0
TABLE
  2
VIEW
  5
6
330
0
100
AcDbSymbolTable
 70
     0
  0
ENDTAB
  0
TABLE
  2
UCS
  5
7
330
0
100
AcDbSymbolTable
 70
     0
  0
ENDTAB
  0
TABLE
  2
APPID
  5
9
330
0
100
AcDbSymbolTable
 70
    16
  0
APPID
  5
12
330
9
100
AcDbSymbolTableRecord
100
AcDbRegAppTableRecord
  2
ACAD
 70
     0
  0
APPID
  5
DD
330
9
100
AcDbSymbolTableRecord
100
AcDbRegAppTableRecord
  2
AcadAnnoPO
 70
     0
  0
APPID
  5
DE
330
9
100
AcDbSymbolTableRecord
100
AcDbRegAppTableRecord
  2
AcadAnnotative
 70
     0
  0
APPID
  5
DF
330
9
100
AcDbSymbolTableRecord
100
AcDbRegAppTableRecord
  2
ACAD_DSTYLE_DIMJAG
 70
     0
  0
APPID
  5
E0
330
9
100
AcDbSymbolTableRecord
100
AcDbRegAppTableRecord
  2
ACAD_DSTYLE_DIMTALN
 70
     0
  0
APPID
  5
107
330
9
100
AcDbSymbolTableRecord
100
AcDbRegAppTableRecord
  2
ACAD_MLEADERVER
 70
     0
  0
APPID
  5
1A6
330
9
100
AcDbSymbolTableRecord
100
AcDbRegAppTableRecord
  2
ACAD_NAV_VCDISPLAY
 70
     0
  0
APPID
  5
43A
330
9
100
AcDbSymbolTableRecord
100
AcDbRegAppTableRecord
  2
ACAD_PSEXT
 70
     0
  0
APPID
  5
43B
330
9
100
AcDbSymbolTableRecord
100
AcDbRegAppTableRecord
  2
AcAecLayerStandard
 70
     0
  0
APPID
  5
43C
330
9
100
AcDbSymbolTableRecord
100
AcDbRegAppTableRecord
  2
AcCmTransparency
 70
     0
  0
APPID
  5
43D
330
9
100
AcDbSymbolTableRecord
100
AcDbRegAppTableRecord
  2
GradientColor1ACI
 70
     0
  0
APPID
  5
43E
330
9
100
AcDbSymbolTableRecord
100
AcDbRegAppTableRecord
  2
GradientColor2ACI
 70
     0
  0
APPID
  5
43F
330
9
100
AcDbSymbolTableRecord
100
AcDbRegAppTableRecord
  2
AcDbDynamicBlockGUID
 70
     0
  0
APPID
  5
60A
330
9
100
AcDbSymbolTableRecord
100
AcDbRegAppTableRecord
  2
ACAD_EXEMPT_FROM_CAD_STANDARDS
 70
     0
  0
APPID
  5
828
330
9
100
AcDbSymbolTableRecord
100
AcDbRegAppTableRecord
  2
ACAUTHENVIRON
 70
     0
  0
APPID
  5
86C
330
9
100
AcDbSymbolTableRecord
100
AcDbRegAppTableRecord
  2
AcDbDynamicBlockTrueName
 70
     0
  0
ENDTAB
  0
TABLE
  2
DIMSTYLE
  5
A
330
0
100
AcDbSymbolTable
 70
     1
100
AcDbDimStyleTable
 71
     1
340
27
  0
DIMSTYLE
105
27
330
A
100
AcDbSymbolTableRecord
100
AcDbDimStyleTableRecord
  2
Standard
 70
     0
340
11
  0
ENDTAB
  0
TABLE
  2
BLOCK_RECORD
  5
1
330
0
100
AcDbSymbolTable
 70
     4
  0
BLOCK_RECORD
  5
1F
102
{ACAD_XDICTIONARY
360
15D
102
}
330
1
100
AcDbSymbolTableRecord
100
AcDbBlockTableRecord
  2
*Model_Space
340
22
 70
     0
280
     1
281
     0
  0
BLOCK_RECORD
  5
58
330
1
100
AcDbSymbolTableRecord
100
AcDbBlockTableRecord
  2
*Paper_Space
340
59
 70
     0
280
     1
281
     0
  0
BLOCK_RECORD
  5
5D
330
1
100
AcDbSymbolTableRecord
100
AcDbBlockTableRecord
  2
*Paper_Space0
340
5E
 70
     0
280
     1
281
     0
  0
BLOCK_RECORD
  5
250
102
{ACAD_XDICTIONARY
360
1EC6
102
}
330
1
100
AcDbSymbolTableRecord
100
AcDbBlockTableRecord
  2
Ativo 34
340
0
102
{BLKREFS
331
22F5
102
}
 70
     0
280
     1
281
     1
1001
AcDbDynamicBlockGUID
1000
{8F09B818-C996-704F-8736-10C309A3D8B0}
  0
BLOCK_RECORD
  5
32C
102
{ACAD_XDICTIONARY
360
32D
102
}
330
1
100
AcDbSymbolTableRecord
100
AcDbBlockTableRecord
  2
Modulo Completo
340
0
102
{BLKREFS
331
4AF
102
}
 70
     0
280
     1
281
     1
1001
AcDbDynamicBlockGUID
1000
{E88E44CA-B1E3-6444-883C-E8508E52B1DA}
  0
BLOCK_RECORD
  5
82C
102
{ACAD_XDICTIONARY
360
22F7
102
}
330
1
100
AcDbSymbolTableRecord
100
AcDbBlockTableRecord
  2
Block sheet
340
0
102
{BLKREFS
331
83F
102
}
 70
     1
280
     1
281
     0
1001
AcDbDynamicBlockGUID
1000
{0FB7E528-5D9E-8D41-9573-94DE4FCC5AFA}
  0
ENDTAB
  0
ENDSEC
  0
SECTION
  2
BLOCKS
  0
BLOCK
  5
20
330
1F
100
AcDbEntity
  8
0
100
AcDbBlockBegin
  2
*Model_Space
 70
     0
 10
0.0
 20
0.0
 30
0.0
  3
*Model_Space
  1

  0
ENDBLK
  5
21
330
1F
100
AcDbEntity
  8
0
100
AcDbBlockEnd
  0
BLOCK
  5
5A
330
58
100
AcDbEntity
 67
     1
  8
0
100
AcDbBlockBegin
  2
*Paper_Space
 70
     0
 10
0.0
 20
0.0
 30
0.0
  3
*Paper_Space
  1

  0
ENDBLK
  5
5B
330
58
100
AcDbEntity
 67
     1
  8
0
100
AcDbBlockEnd
  0
BLOCK
  5
5F
330
5D
100
AcDbEntity
 67
     1
  8
0
100
AcDbBlockBegin
  2
*Paper_Space0
 70
     0
 10
0.0
 20
0.0
 30
0.0
  3
*Paper_Space0
  1

  0
ENDBLK
  5
60
330
5D
100
AcDbEntity
 67
     1
  8
0
100
AcDbBlockEnd
  0
BLOCK
  5
251
330
250
100
AcDbEntity
  8
0
100
AcDbBlockBegin
  2
Ativo 34
 70
     0
 10
0.0
 20
0.0
 30
0.0
  3
Ativo 34
  1

  0
LWPOLYLINE
  5
1DED
330
250
100
AcDbEntity
  8
0
370
   158
100
AcDbPolyline
 90
        2
 70
     0
 43
0.0
 10
14.59035104644097
 20
1.99015131802029
 10
14.73389272699652
 20
2.120581859686956
  0
LWPOLYLINE
  5
1DEE
330
250
100
AcDbEntity
  8
0
370
   158
100
AcDbPolyline
 90
        2
 70
     0
 43
0.0
 10
15.43190661588541
 20
2.629456887464733
 10
15.29708719921875
 20
2.485929123575845
  0
LWPOLYLINE
  5
1DEF
330
250
100
AcDbEntity
  8
0
370
   158
100
AcDbPolyline
 90
        4
 70
     0
 43
0.0
 10
15.76019618055555
 20
2.229345776353623
 10
15.76019618055555
 20
2.7686096791314
 10
15.99940451388889
 20
2.7686096791314
 10
15.99940451388889
 20
2.222790220798068
  0
LWPOLYLINE
  5
1DF0
330
250
100
AcDbEntity
  8
0
370
   158
100
AcDbPolyline
 90
        4
 70
     0
 43
0.0
 10
16.41034895833333
 20
2.222790220798068
 10
16.41034895833333
 20
2.7686096791314
 10
16.64955727777778
 20
2.7686096791314
 10
16.64955727777778
 20
2.222790220798068
  0
LWPOLYLINE
  5
1DF1
330
250
100
AcDbEntity
  8
0
370
   158
100
AcDbPolyline
 90
        2
 70
     0
 43
0.0
 10
16.96481529340278
 20
1.99015131802029
 10
17.10835697395833
 20
2.120581859686956
  0
LWPOLYLINE
  5
1DF2
330
250
100
AcDbEntity
  8
0
370
   158
100
AcDbPolyline
 90
        2
 70
     0
 43
0.0
 10
17.80637086284722
 20
2.629456887464733
 10
17.67153752951389
 20
2.485929123575845
  0
LWPOLYLINE
  5
1DF3
330
250
100
AcDbEntity
  8
0
370
   158
100
AcDbPolyline
 90
        8
 70
     1
 43
0.0
 10
18.95012071397569
 20
2.770772298177083
 10
18.95012071397569
 20
2.562008409288194
 10
18.6152318250868
 20
2.562008409288194
 10
18.6152318250868
 20
1.835730659288194
 10
18.37602350564235
 20
1.835730659288194
 10
18.37602350564235
 20
2.562008409288194
 10
18.04339853342014
 20
2.562008409288194
 10
18.04339853342014
 20
2.770772298177083
  0
LWPOLYLINE
  5
1DF4
330
250
100
AcDbEntity
  8
0
370
   158
100
AcDbPolyline
 90
       12
 70
     1
 43
0.0
 10
19.51112196180555
 20
2.031473583645289
 10
20.03521919791666
 20
2.031473583645289
 10
20.03521919791666
 20
1.835737472534179
 10
19.27189972569444
 20
1.835737472534179
 10
19.27189972569444
 20
2.768584680867513
 10
20.01778862847222
 20
2.768584680867513
 10
20.01778862847222
 20
2.572918041978624
 10
19.51112196180555
 20
2.572918041978624
 10
19.51112196180555
 20
2.412029139200845
 10
19.98514975347221
 20
2.412029139200845
 10
19.98514975347221
 20
2.218501361423068
 10
19.51112196180555
 20
2.218501361423068
  0
LWPOLYLINE
  5
1DF5
330
250
100
AcDbEntity
  8
0
370
   158
100
AcDbPolyline
 90
       10
 70
     1
 43
0.0
 10
21.05499945746528
 20
2.771382013956705
 10
21.2745966796875
 20
2.771382013956705
 10
21.2745966796875
 20
1.835729277845594
 10
21.06370779079861
 20
1.835729277845594
 10
20.62444390190972
 20
2.421340361178927
 10
20.62444390190972
 20
1.835729277845594
 10
20.40483279079861
 20
1.835729277845594
 10
20.40483279079861
 20
2.771020902845594
 10
20.61598558246528
 20
2.771020902845594
 10
21.05499945746528
 20
2.182118152845593
  0
LWPOLYLINE
  5
1DF6
330
250
100
AcDbEntity
  8
0
370
   158
100
AcDbPolyline
 90
        8
 70
     1
 43
0.0
 10
22.49232313368056
 20
2.770772298177083
 10
22.49232313368056
 20
2.562008409288194
 10
22.15743424479167
 20
2.562008409288194
 10
22.15743424479167
 20
1.835730659288194
 10
21.91823980034722
 20
1.835730659288194
 10
21.91823980034722
 20
2.562008409288194
 10
21.585600953125
 20
2.562008409288194
 10
21.585600953125
 20
2.770772298177083
  0
LWPOLYLINE
  5
1DF7
330
250
100
AcDbEntity
  8
0
370
   158
100
AcDbPolyline
 90
        3
 70
     1
 43
0.0
 10
22.98697916666666
 20
2.233676486545137
 10
23.15986805555555
 20
2.233676486545137
 10
23.07613194444444
 20
2.474162611545138
  0
LWPOLYLINE
  5
1DF8
330
250
100
AcDbEntity
  8
0
370
   158
100
AcDbPolyline
 90
        8
 70
     1
 43
0.0
 10
23.29835418055555
 20
1.83577370876736
 10
23.23147916666666
 20
2.029301486545138
 10
22.9098125
 20
2.029301486545138
 10
22.83807638888889
 20
1.83577370876736
 10
22.58584027777778
 20
1.83577370876736
 10
22.97071527777777
 20
2.770745917100693
 10
23.17509027777778
 20
2.770745917100693
 10
23.54468748611111
 20
1.83577370876736
  0
LWPOLYLINE
  5
1DF9
330
250
100
AcDbEntity
  8
0
370
   158
100
AcDbPolyline
 90
        4
 70
     0
 43
0.0
 10
24.3558662109375
 20
2.214088833279079
 10
24.11446343315974
 20
2.214088833279079
 10
24.11446343315974
 20
2.016227722167968
 10
24.35800509982639
 20
2.016227722167968
  0
LWPOLYLINE
  5
1DFA
330
250
100
AcDbEntity
  8
0
370
   158
100
AcDbPolyline
 90
        4
 70
     0
 43
0.0
 10
24.3253662109375
 20
2.590324930501302
 10
24.11446343315974
 20
2.590324930501302
 10
24.11446343315974
 20
2.394588847167967
 10
24.3297412109375
 20
2.394588847167967
  0
LWPOLYLINE
  5
1DFB
330
250
100
AcDbEntity
  8
0
370
   158
100
AcDbPolyline
 90
        4
 70
     0
 43
0.0
 10
24.38193565538194
 20
1.835783277723524
 10
23.87525511371528
 20
1.835783277723524
 10
23.87525511371528
 20
2.770769388834635
 10
24.33626898871529
 20
2.770769388834635
  0
LWPOLYLINE
  5
1DFC
330
250
100
AcDbEntity
  8
0
370
   158
100
AcDbPolyline
 90
        4
 70
     1
 43
0.0
 10
25.10381911111111
 20
2.770791583333333
 10
25.34736077777778
 20
2.770791583333333
 10
25.34736077777778
 20
1.835763819444444
 10
25.10381911111111
 20
1.835763819444444
  0
LWPOLYLINE
  5
1DFD
330
250
100
AcDbEntity
  8
0
370
   158
100
AcDbPolyline
 90
        6
 70
     1
 43
0.0
 10
26.02362738715279
 20
2.046691682603622
 10
26.54765516493056
 20
2.046691682603622
 10
26.54765516493056
 20
1.835747238159179
 10
25.78441905381944
 20
1.835747238159179
 10
25.78441905381944
 20
2.770775002048068
 10
26.02362738715279
 20
2.770775002048068
  0
LWPOLYLINE
  5
1DFE
330
250
100
AcDbEntity
  8
0
370
   158
100
AcDbPolyline
 90
        4
 70
     1
 43
0.0
 10
26.88462490277777
 20
2.770791583333333
 10
27.12816656944444
 20
2.770791583333333
 10
27.12816656944444
 20
1.835763819444444
 10
26.88462490277777
 20
1.835763819444444
  0
LWPOLYLINE
  5
1DFF
330
250
100
AcDbEntity
  8
0
370
   158
100
AcDbPolyline
 90
        4
 70
     0
 43
0.0
 10
27.93280995008681
 20
2.562034824598523
 10
27.80450439453125
 20
2.562034824598523
 10
27.80450439453125
 20
2.044520907931856
 10
27.93494883897569
 20
2.044520907931856
  0
LWPOLYLINE
  5
1E00
330
250
100
AcDbEntity
  8
0
370
   158
100
AcDbPolyline
 90
        4
 70
     0
 43
0.0
 10
27.93714328342014
 20
1.835757019042968
 10
27.56528215842014
 20
1.835757019042968
 10
27.56528215842014
 20
2.770798685709634
 10
27.93714328342014
 20
2.770798685709634
  0
LWPOLYLINE
  5
1E01
330
250
100
AcDbEntity
  8
0
370
   158
100
AcDbPolyline
 90
        3
 70
     1
 43
0.0
 10
29.0601331922743
 20
2.233676486545137
 10
29.23302208116319
 20
2.233676486545137
 10
29.14928597005208
 20
2.474162611545138
  0
LWPOLYLINE
  5
1E02
330
250
100
AcDbEntity
  8
0
370
   158
100
AcDbPolyline
 90
        8
 70
     1
 43
0.0
 10
29.37150820616319
 20
1.83577370876736
 10
29.3046331922743
 20
2.029301486545138
 10
28.98296652560764
 20
2.029301486545138
 10
28.91123041449653
 20
1.83577370876736
 10
28.65899430338542
 20
1.83577370876736
 10
29.04386930338541
 20
2.770745917100693
 10
29.24824430338542
 20
2.770745917100693
 10
29.61784151171875
 20
1.83577370876736
  0
LWPOLYLINE
  5
1E03
330
250
100
AcDbEntity
  8
0
370
   158
100
AcDbPolyline
 90
        4
 70
     0
 43
0.0
 10
30.30513151041667
 20
2.562034824598523
 10
30.17681206597222
 20
2.562034824598523
 10
30.17681206597222
 20
2.044520907931856
 10
30.30725651041667
 20
2.044520907931856
  0
LWPOLYLINE
  5
1E04
330
250
100
AcDbEntity
  8
0
370
   158
100
AcDbPolyline
 90
        4
 70
     0
 43
0.0
 10
30.30945095486111
 20
1.835757019042968
 10
29.93760373263889
 20
1.835757019042968
 10
29.93760373263889
 20
2.770798685709634
 10
30.30945095486111
 20
2.770798685709634
  0
LWPOLYLINE
  5
1E05
330
250
100
AcDbEntity
  8
0
370
   158
100
AcDbPolyline
 90
       12
 70
     1
 43
0.0
 10
31.41183810763889
 20
2.031473583645289
 10
31.93592145486111
 20
2.031473583645289
 10
31.93592145486111
 20
1.835737472534179
 10
31.17261587152778
 20
1.835737472534179
 10
31.17261587152778
 20
2.768584680867513
 10
31.91850477430556
 20
2.768584680867513
 10
31.91850477430556
 20
2.572918041978624
 10
31.41183810763889
 20
2.572918041978624
 10
31.41183810763889
 20
2.412029139200845
 10
31.88586589930555
 20
2.412029139200845
 10
31.88586589930555
 20
2.218501361423068
 10
31.41183810763889
 20
2.218501361423068
  0
LWPOLYLINE
  5
1E06
330
250
100
AcDbEntity
  8
0
370
   158
100
AcDbPolyline
 90
       12
 70
     1
 43
0.0
 10
14.92742241753472
 20
0.2304748959011502
 10
15.45151965364583
 20
0.2304748959011502
 10
15.45151965364583
 20
0.0347387847900391
 10
14.68820018142361
 20
0.0347387847900391
 10
14.68820018142361
 20
0.9675859931233723
 10
15.43408908420139
 20
0.9675859931233723
 10
15.43408908420139
 20
0.7719193542344836
 10
14.92742241753472
 20
0.7719193542344836
 10
14.92742241753472
 20
0.6110165625678168
 10
15.40145020920139
 20
0.6110165625678168
 10
15.40145020920139
 20
0.417488784790039
 10
14.92742241753472
 20
0.417488784790039
  0
LWPOLYLINE
  5
1E07
330
250
100
AcDbEntity
  8
0
370
   158
100
AcDbPolyline
 90
       13
 70
     1
 43
0.0
 10
16.92140028211805
 20
0.0347554948594835
 10
16.69090026822916
 20
0.0347554948594835
 10
16.65824749045138
 20
0.7545194115261502
 10
16.45387251822916
 20
0.1456443837483724
 10
16.26685862934027
 20
0.1456443837483724
 10
16.06460862934028
 20
0.7653666059705948
 10
16.02984471267361
 20
0.0347554948594835
 10
15.8037197265625
 20
0.0347554948594835
 10
15.87113635156249
 20
0.9703943420817056
 10
16.20133082378472
 20
0.9703943420817056
 10
16.36385858767361
 20
0.4651860365261502
 10
16.52628917100694
 20
0.9695610504150387
 10
16.85398361545139
 20
0.9695610504150387
  0
LWPOLYLINE
  5
1E08
330
250
100
AcDbEntity
  8
0
370
   158
100
AcDbPolyline
 90
        4
 70
     0
 43
0.0
 10
17.74768744574653
 20
0.7588626013861762
 10
17.5563402235243
 20
0.7588626013861762
 10
17.5563402235243
 20
0.484876504163954
 10
17.75639577907986
 20
0.484876504163954
  0
LWPOLYLINE
  5
1E09
330
250
100
AcDbEntity
  8
0
370
   158
100
AcDbPolyline
 90
        6
 70
     0
 43
0.0
 10
17.75639577907986
 20
0.2739320319417319
 10
17.5563402235243
 20
0.2739320319417319
 10
17.5563402235243
 20
0.0347792819417318
 10
17.31718744574653
 20
0.0347792819417318
 10
17.31718744574653
 20
0.969765379163954
 10
17.74768744574653
 20
0.969765379163954
  0
LWPOLYLINE
  5
1E0A
330
250
100
AcDbEntity
  8
0
370
   158
100
AcDbPolyline
 90
        4
 70
     1
 43
0.0
 10
18.51527744444444
 20
0.9697638611111107
 10
18.75881911111111
 20
0.9697638611111107
 10
18.75881911111111
 20
0.0347360972222221
 10
18.51527744444444
 20
0.0347360972222221
  0
LWPOLYLINE
  5
1E0B
330
250
100
AcDbEntity
  8
0
370
   158
100
AcDbPolyline
 90
        6
 70
     1
 43
0.0
 10
19.43505859375
 20
0.2456929948594835
 10
19.95908637152778
 20
0.2456929948594835
 10
19.95908637152778
 20
0.0347346615261502
 10
19.19585026041666
 20
0.0347346615261502
 10
19.19585026041666
 20
0.969776314303928
 10
19.43505859375
 20
0.969776314303928
  0
LWPOLYLINE
  5
1E0C
330
250
100
AcDbEntity
  8
0
370
   158
100
AcDbPolyline
 90
       12
 70
     1
 43
0.0
 10
20.93105061848958
 20
0.9697736104329424
 10
21.17025895182292
 20
0.9697736104329424
 10
21.17025895182292
 20
0.0347319715440538
 10
20.93105061848958
 20
0.0347319715440538
 10
20.93105061848958
 20
0.417468068766276
 10
20.5113978407118
 20
0.417468068766276
 10
20.5113978407118
 20
0.0347319715440538
 10
20.27218950737847
 20
0.0347319715440538
 10
20.27218950737847
 20
0.9697736104329424
 10
20.5113978407118
 20
0.9697736104329424
 10
20.5113978407118
 20
0.6262458465440537
 10
20.93105061848958
 20
0.6262458465440537
  0
LWPOLYLINE
  5
1E0D
330
250
100
AcDbEntity
  8
0
370
   158
100
AcDbPolyline
 90
        3
 70
     1
 43
0.0
 10
21.87581380208333
 20
0.4326777988009983
 10
22.04870269097222
 20
0.4326777988009983
 10
21.96496657986111
 20
0.6731639238009982
  0
LWPOLYLINE
  5
1E0E
330
250
100
AcDbEntity
  8
0
370
   158
100
AcDbPolyline
 90
        4
 70
     1
 43
0.0
 10
22.21617492708333
 20
1.376358354356552
 10
21.87916102430556
 20
1.102386159912108
 10
21.74866102430556
 20
1.259011104356553
 10
22.07702213541667
 20
1.543844437689886
  0
LWPOLYLINE
  5
1E0F
330
250
100
AcDbEntity
  8
0
370
   158
100
AcDbPolyline
 90
        8
 70
     1
 43
0.0
 10
22.18718881597222
 20
0.0347750210232205
 10
22.12031380208333
 20
0.2283027988009982
 10
21.79864713541666
 20
0.2283027988009982
 10
21.72691102430555
 20
0.0347750210232205
 10
21.47467491319444
 20
0.0347750210232205
 10
21.85954991319444
 20
0.9697472293565535
 10
22.06392491319444
 20
0.9697472293565535
 10
22.43352212152778
 20
0.0347750210232205
  0
LWPOLYLINE
  5
1E10
330
250
100
AcDbEntity
  8
0
370
   158
100
AcDbPolyline
 90
        7
 70
     1
 43
0.0
 10
23.27292887369791
 20
0.9697736104329424
 10
23.53169277647569
 20
1.044301388210719
 10
23.11617887369791
 20
0.0347319715440538
 10
22.94242887369791
 20
0.0347319715440538
 10
22.55755387369791
 20
0.9700652770996091
 10
22.82069274869792
 20
0.9700652770996091
 10
23.04388722092014
 20
0.350356943766276
  0
LWPOLYLINE
  5
1E11
330
250
100
AcDbEntity
  8
0
370
   158
100
AcDbPolyline
 90
       12
 70
     1
 43
0.0
 10
24.08617485894097
 20
0.2304748959011502
 10
24.61027209505208
 20
0.2304748959011502
 10
24.61027209505208
 20
0.0347387847900391
 10
23.84696652560764
 20
0.0347387847900391
 10
23.84696652560764
 20
0.9675859931233723
 10
24.59284152560764
 20
0.9675859931233723
 10
24.59284152560764
 20
0.7719193542344836
 10
24.08617485894097
 20
0.7719193542344836
 10
24.08617485894097
 20
0.6110165625678168
 10
24.56021653949653
 20
0.6110165625678168
 10
24.56021653949653
 20
0.417488784790039
 10
24.08617485894097
 20
0.417488784790039
  0
LWPOLYLINE
  5
1E12
330
250
100
AcDbEntity
  8
0
370
   158
100
AcDbPolyline
 90
        6
 70
     1
 43
0.0
 10
25.21908230251736
 20
0.2456929948594835
 10
25.74311008029514
 20
0.2456929948594835
 10
25.74311008029514
 20
0.0347346615261502
 10
24.97986006640625
 20
0.0347346615261502
 10
24.97986006640625
 20
0.969776314303928
 10
25.21908230251736
 20
0.969776314303928
  0
LWPOLYLINE
  5
1E13
330
250
100
AcDbEntity
  8
0
370
   158
100
AcDbPolyline
 90
        2
 70
     0
 43
0.0
 10
23.63055461805556
 20
11.16936153255208
 10
22.98795742361111
 20
11.16936153255208
  0
LWPOLYLINE
  5
1E14
330
250
100
AcDbEntity
  8
0
370
   158
100
AcDbPolyline
 90
        2
 70
     0
 43
0.0
 10
17.1989574375
 20
8.805458921440971
 10
17.1989574375
 20
9.396597546440972
  0
LWPOLYLINE
  5
1E15
330
250
100
AcDbEntity
  8
0
370
   158
100
AcDbPolyline
 90
        2
 70
     0
 43
0.0
 10
16.14516575694444
 20
10.09059757421875
 10
16.14516575694444
 20
8.715514282552081
  0
LWPOLYLINE
  5
1E16
330
250
100
AcDbEntity
  8
0
370
   158
100
AcDbPolyline
 90
        4
 70
     0
 43
0.0
 10
21.72259627083333
 20
8.175764296440974
 42
0.020427160852455
 10
21.71340200694444
 20
8.378486629774306
 10
21.71833250694445
 20
8.378486629774306
 42
0.0315299072273513
 10
21.66759639583332
 20
8.700472518663191
  0
LWPOLYLINE
  5
1E17
330
250
100
AcDbEntity
  8
0
370
   158
100
AcDbPolyline
 90
        8
 70
     0
 43
0.0
 10
21.66431850694444
 20
8.716181018663192
 42
0.0503526077463622
 10
21.48290189583333
 20
9.254764129774304
 42
0.1519699664278545
 10
22.75666596527778
 20
9.798472504774306
 10
22.75666596527778
 20
5.632611588107637
 42
0.4141960489198018
 10
22.88612407638889
 20
5.503083976996528
 10
23.71977700694444
 20
5.503083976996528
 42
0.4136199775722871
 10
23.84924910416696
 20
5.632000393663191
 42
-0.0001909062156961
 10
23.88755459027834
 20
10.91237533810767
  0
LWPOLYLINE
  5
1E18
330
250
100
AcDbEntity
  8
0
370
   158
100
AcDbPolyline
 90
        9
 70
     0
 43
0.0
 10
29.77912414713541
 20
6.201667785970051
 42
0.1242867351796315
 10
30.52148521657986
 20
7.427140022081161
 42
0.0626770794224272
 10
31.11636013324653
 20
7.713542730414495
 42
0.1010980463682741
 10
31.90212418880209
 20
8.489209438747829
 42
0.4368453762472499
 10
31.83812417491319
 20
8.768126119303385
 10
31.20020739713542
 20
9.131876105414496
 42
0.3847153589073466
 10
30.94698524435733
 20
9.076834438748047
 42
-0.074276109745702
 10
30.61002688324655
 20
8.725737230414468
 42
0.1409307273492676
 10
30.01937399435765
 20
10.27586216097005
  0
LWPOLYLINE
  5
1E19
330
250
100
AcDbEntity
  8
0
370
   158
100
AcDbPolyline
 90
        6
 70
     0
 43
0.0
 10
25.62216567491319
 20
8.365278883192276
 42
-0.1526177845033806
 10
25.96867963324653
 20
9.514139994303382
 42
0.3802972022725168
 10
25.94717957769097
 20
9.690376119303381
 10
25.31267971657986
 20
10.2497372165256
 42
0.4335013710073705
 10
25.11713791102429
 20
10.23091782763673
 42
0.1669272450994851
 10
24.49766582769099
 20
8.365278883192276
  0
LWPOLYLINE
  5
1E1A
330
250
100
AcDbEntity
  8
0
370
   158
100
AcDbPolyline
 90
       10
 70
     0
 43
0.0
 10
7.678942151909722
 20
8.804061360677081
 10
7.678942151909722
 20
6.093380819010416
 10
7.679969888020832
 20
6.093380819010416
 10
7.679969888020832
 20
5.617325249565972
 42
0.4143133391419236
 10
7.826011651909722
 20
5.471241846788193
 10
8.605025499131942
 20
5.471241846788193
 42
0.4141706549251387
 10
8.751067165798611
 20
5.617325249565972
 10
8.751067165798611
 20
7.529561360677082
 10
8.750094943576387
 20
7.529561360677082
 10
8.750094943576387
 20
9.060255791232636
  0
LWPOLYLINE
  5
1E1B
330
250
100
AcDbEntity
  8
0
370
   158
100
AcDbPolyline
 90
       10
 70
     0
 43
0.0
 10
1.105873110243055
 20
10.44668643012153
 10
1.105873110243055
 20
10.91554747178819
 42
0.4141426900737267
 10
0.9522891519097234
 20
11.06920030512152
 10
0.1883036241319456
 20
11.06920030512152
 42
0.4141426748787268
 10
0.0347196796875
 20
10.91554747178819
 10
0.0347196796875
 20
5.617325249565972
 42
0.4141987735863179
 10
0.1808174991319458
 20
5.471241846788193
 10
0.9597752907986119
 20
5.471241846788193
 42
0.4142335685709212
 10
1.105873110243055
 20
5.617325249565972
 10
1.105873110243055
 20
8.782686332899302
  0
LWPOLYLINE
  5
1E1C
330
250
100
AcDbEntity
  8
0
370
   158
100
AcDbPolyline
 90
        6
 70
     0
 43
0.0
 10
3.856858999131944
 20
8.804061360677081
 10
3.856858999131944
 20
5.617325249565972
 42
0.4143135424790913
 10
4.002900443576389
 20
5.471241846788193
 10
4.781914179687499
 20
5.471241846788193
 42
0.4141703596793425
 10
4.927956054687499
 20
5.617325249565972
 10
4.927956054687499
 20
8.782686332899302
  0
ARC
  5
1E1D
330
250
100
AcDbEntity
  8
0
370
   158
100
AcDbCircle
 10
15.03680213039268
 20
2.527423471999151
 30
0.0
 40
0.7221070895321061
100
AcDbArc
 50
249.0374000389873
 51
270.1206974148712
  0
ARC
  5
1E1E
330
250
100
AcDbEntity
  8
0
370
   158
100
AcDbCircle
 10
15.13629741247219
 20
2.096353515013116
 30
0.0
 40
0.0738176437278037
100
AcDbArc
 50
0.0909943862480134
 51
17.17508301302174
  0
ARC
  5
1E1F
330
250
100
AcDbEntity
  8
0
370
   158
100
AcDbCircle
 10
15.07028475237874
 20
2.013164953480619
 30
0.0
 40
0.1761362965306987
100
AcDbArc
 50
44.99757867621812
 51
52.51380077586317
  0
ARC
  5
1E20
330
250
100
AcDbEntity
  8
0
370
   158
100
AcDbCircle
 10
14.74060956045704
 20
1.204529672045932
 30
0.0
 40
1.046303754778252
100
AcDbArc
 50
66.75512676810436
 51
68.30742035672249
  0
ARC
  5
1E21
330
250
100
AcDbEntity
  8
0
370
   158
100
AcDbCircle
 10
15.0106938508881
 20
2.143930355790649
 30
0.0
 40
0.6573323795164816
100
AcDbArc
 50
69.02527605157047
 51
90.05530068542283
  0
ARC
  5
1E22
330
250
100
AcDbEntity
  8
0
370
   158
100
AcDbCircle
 10
24.01833435847845
 20
41.79843643071774
 30
0.0
 40
40.39992760719044
100
AcDbArc
 50
257.1968149113551
 51
257.3622162400279
  0
ARC
  5
1E23
330
250
100
AcDbEntity
  8
0
370
   158
100
AcDbCircle
 10
17.4112663773545
 20
2.527423471999122
 30
0.0
 40
0.7221070895320764
100
AcDbArc
 50
249.0374000389854
 51
270.1206974148702
  0
ARC
  5
1E24
330
250
100
AcDbEntity
  8
0
370
   158
100
AcDbCircle
 10
17.510299652929
 20
2.096283370572364
 30
0.0
 40
0.0742797934804379
100
AcDbArc
 50
0.1445343296799441
 51
17.12154307004899
  0
ARC
  5
1E25
330
250
100
AcDbEntity
  8
0
370
   158
100
AcDbCircle
 10
17.44474899934185
 20
2.013164953481854
 30
0.0
 40
0.1761362965289085
100
AcDbArc
 50
44.99757867623148
 51
52.51380077595261
  0
ARC
  5
1E26
330
250
100
AcDbEntity
  8
0
370
   158
100
AcDbCircle
 10
17.11507380741085
 20
1.20452967202586
 30
0.0
 40
1.046303754799857
100
AcDbArc
 50
66.75512676813536
 51
68.30742035672151
  0
ARC
  5
1E27
330
250
100
AcDbEntity
  8
0
370
   158
100
AcDbCircle
 10
17.38514403560656
 20
2.143855010568455
 30
0.0
 40
0.6574077660569198
100
AcDbArc
 50
69.02648224876724
 51
90.05891065786688
  0
ARC
  5
1E28
330
250
100
AcDbEntity
  8
0
370
   158
100
AcDbCircle
 10
26.15271647104168
 20
40.73488108922822
 30
0.0
 40
39.30961258379132
100
AcDbArc
 50
257.1945210744004
 51
257.3645100769825
  0
ARC
  5
1E29
330
250
100
AcDbEntity
  8
0
370
   158
100
AcDbCircle
 10
23.20290956636523
 20
12.94762152527988
 30
0.0
 40
0.5526668085953597
100
AcDbArc
 50
108.2135868410797
 51
169.6568969315405
  0
ARC
  5
1E2A
330
250
100
AcDbEntity
  8
0
370
   158
100
AcDbCircle
 10
21.49662786299422
 20
11.38612495428948
 30
0.0
 40
1.19404243294522
100
AcDbArc
 50
260.7742666574247
 51
297.9288978555924
  0
ARC
  5
1E2B
330
250
100
AcDbEntity
  8
0
370
   158
100
AcDbCircle
 10
28.03656230357395
 20
9.569197239486644
 30
0.0
 40
0.7255538361268838
100
AcDbArc
 50
89.98963788842026
 51
97.01449017631503
  0
ARC
  5
1E2C
330
250
100
AcDbEntity
  8
0
370
   158
100
AcDbCircle
 10
29.5526722850729
 20
14.68762181335283
 30
0.0
 40
6.289948459878294
100
AcDbArc
 50
269.1959095478976
 51
269.5559941683828
  0
SPLINE
  5
1E2D
330
250
100
AcDbEntity
  8
0
370
   158
100
AcDbSpline
210
0.0
220
0.0
230
1.0
 70
     8
 71
     3
 72
     8
 73
     4
 74
     0
 42
0.000000001
 43
0.0000000001
 40
0.0
 40
0.0
 40
0.0
 40
0.0
 40
1.0
 40
1.0
 40
1.0
 40
1.0
 10
14.77846219921875
 20
1.853109651353624
 30
0.0
 10
14.69510107421875
 20
1.88502631802029
 30
0.0
 10
14.63243439366319
 20
1.930706873575845
 30
0.0
 10
14.59035104644097
 20
1.99015131802029
 30
0.0
  0
SPLINE
  5
1E2E
330
250
100
AcDbEntity
  8
0
370
   158
100
AcDbSpline
210
0.0
220
0.0
230
1.0
 70
     8
 71
     3
 72
     8
 73
     4
 74
     0
 42
0.000000001
 43
0.0000000001
 40
0.0
 40
0.0
 40
0.0
 40
0.0
 40
1.0
 40
1.0
 40
1.0
 40
1.0
 10
14.73389272699652
 20
2.120581859686956
 30
0.0
 10
14.81214274088541
 20
2.048109665242511
 30
0.0
 10
14.91579551866319
 20
2.0118874291314
 30
0.0
 10
15.0449066297743
 20
2.0118874291314
 30
0.0
  0
SPLINE
  5
1E2F
330
250
100
AcDbEntity
  8
0
370
   158
100
AcDbSpline
210
0.0
220
0.0
230
1.0
 70
     8
 71
     3
 72
     8
 73
     4
 74
     0
 42
0.000000001
 43
0.0000000001
 40
0.0
 40
0.0
 40
0.0
 40
0.0
 40
1.0
 40
1.0
 40
1.0
 40
1.0
 10
15.0449066297743
 20
2.0118874291314
 30
0.0
 10
15.09411496310764
 20
2.0118874291314
 30
0.0
 10
15.13398996310764
 20
2.019081873575845
 30
0.0
 10
15.16444829644097
 20
2.033567984686956
 30
0.0
  0
SPLINE
  5
1E30
330
250
100
AcDbEntity
  8
0
370
   158
100
AcDbSpline
210
0.0
220
0.0
230
1.0
 70
     8
 71
     3
 72
     8
 73
     4
 74
     0
 42
0.000000001
 43
0.0000000001
 40
0.0
 40
0.0
 40
0.0
 40
0.0
 40
1.0
 40
1.0
 40
1.0
 40
1.0
 10
15.16444829644097
 20
2.033567984686956
 30
0.0
 10
15.19489274088541
 20
2.048067998575846
 30
0.0
 10
15.21011496310764
 20
2.0689985541314
 30
0.0
 10
15.21011496310764
 20
2.096470748575845
 30
0.0
  0
SPLINE
  5
1E31
330
250
100
AcDbEntity
  8
0
370
   158
100
AcDbSpline
210
0.0
220
0.0
230
1.0
 70
     8
 71
     3
 72
     8
 73
     4
 74
     0
 42
0.000000001
 43
0.0000000001
 40
0.0
 40
0.0
 40
0.0
 40
0.0
 40
1.0
 40
1.0
 40
1.0
 40
1.0
 10
15.20682329644097
 20
2.11815131802029
 30
0.0
 10
15.20469829644097
 20
2.12540131802029
 30
0.0
 10
15.20067051866319
 20
2.131929109686956
 30
0.0
 10
15.19483718532986
 20
2.137706859686956
 30
0.0
  0
SPLINE
  5
1E32
330
250
100
AcDbEntity
  8
0
370
   158
100
AcDbSpline
210
0.0
220
0.0
230
1.0
 70
     8
 71
     3
 72
     8
 73
     4
 74
     0
 42
0.000000001
 43
0.0000000001
 40
0.0
 40
0.0
 40
0.0
 40
0.0
 40
1.0
 40
1.0
 40
1.0
 40
1.0
 10
15.17747607421875
 20
2.152929095798068
 30
0.0
 10
15.17162885199653
 20
2.1572485541314
 30
0.0
 10
15.16371218532986
 20
2.161567984686956
 30
0.0
 10
15.15354551866319
 20
2.165901318020289
 30
0.0
  0
SPLINE
  5
1E33
330
250
100
AcDbEntity
  8
0
370
   158
100
AcDbSpline
210
0.0
220
0.0
230
1.0
 70
     8
 71
     3
 72
     8
 73
     4
 74
     0
 42
0.000000001
 43
0.0000000001
 40
0.0
 40
0.0
 40
0.0
 40
0.0
 40
1.0
 40
1.0
 40
1.0
 40
1.0
 10
15.12735107421875
 20
2.176734665242511
 30
0.0
 10
15.12011496310764
 20
2.179595762464735
 30
0.0
 10
15.10946218532986
 20
2.182901331909179
 30
0.0
 10
15.09544829644097
 20
2.186540206909179
 30
0.0
  0
SPLINE
  5
1E34
330
250
100
AcDbEntity
  8
0
370
   158
100
AcDbSpline
210
0.0
220
0.0
230
1.0
 70
     8
 71
     3
 72
     8
 73
     4
 74
     0
 42
0.000000001
 43
0.0000000001
 40
0.0
 40
0.0
 40
0.0
 40
0.0
 40
1.0
 40
1.0
 40
1.0
 40
1.0
 10
14.87517051866319
 20
2.243679095798068
 30
0.0
 10
14.85057329644097
 20
2.250054095798068
 30
0.0
 10
14.81793440755208
 20
2.261581901353624
 30
0.0
 10
14.77736496310764
 20
2.278262401353623
 30
0.0
  0
SPLINE
  5
1E35
330
250
100
AcDbEntity
  8
0
370
   158
100
AcDbSpline
210
0.0
220
0.0
230
1.0
 70
     8
 71
     3
 72
     8
 73
     4
 74
     0
 42
0.000000001
 43
0.0000000001
 40
0.0
 40
0.0
 40
0.0
 40
0.0
 40
1.0
 40
1.0
 40
1.0
 40
1.0
 10
14.77736496310764
 20
2.278262401353623
 30
0.0
 10
14.73680940755208
 20
2.29488744302029
 30
0.0
 10
14.70739274088541
 20
2.311984651353624
 30
0.0
 10
14.68930940755208
 20
2.329345762464734
 30
0.0
  0
SPLINE
  5
1E36
330
250
100
AcDbEntity
  8
0
370
   158
100
AcDbSpline
210
0.0
220
0.0
230
1.0
 70
     8
 71
     3
 72
     8
 73
     4
 74
     0
 42
0.000000001
 43
0.0000000001
 40
0.0
 40
0.0
 40
0.0
 40
0.0
 40
1.0
 40
1.0
 40
1.0
 40
1.0
 10
14.68930940755208
 20
2.329345762464734
 30
0.0
 10
14.67115661588541
 20
2.34676244302029
 30
0.0
 10
14.65483718532986
 20
2.370276290242511
 30
0.0
 10
14.6404066297743
 20
2.400054081909178
 30
0.0
  0
SPLINE
  5
1E37
330
250
100
AcDbEntity
  8
0
370
   158
100
AcDbSpline
210
0.0
220
0.0
230
1.0
 70
     8
 71
     3
 72
     8
 73
     4
 74
     0
 42
0.000000001
 43
0.0000000001
 40
0.0
 40
0.0
 40
0.0
 40
0.0
 40
1.0
 40
1.0
 40
1.0
 40
1.0
 10
14.6404066297743
 20
2.400054081909178
 30
0.0
 10
14.6259205047743
 20
2.429706887464734
 30
0.0
 10
14.61867051866319
 20
2.464179095798068
 30
0.0
 10
14.61867051866319
 20
2.503345748575845
 30
0.0
  0
SPLINE
  5
1E38
330
250
100
AcDbEntity
  8
0
370
   158
100
AcDbSpline
210
0.0
220
0.0
230
1.0
 70
     8
 71
     3
 72
     8
 73
     4
 74
     0
 42
0.000000001
 43
0.0000000001
 40
0.0
 40
0.0
 40
0.0
 40
0.0
 40
1.0
 40
1.0
 40
1.0
 40
1.0
 10
14.61867051866319
 20
2.503345748575845
 30
0.0
 10
14.61867051866319
 20
2.600415234686956
 30
0.0
 10
14.65630942144097
 20
2.674345762464735
 30
0.0
 10
14.73169829644097
 20
2.725137387464735
 30
0.0
  0
SPLINE
  5
1E39
330
250
100
AcDbEntity
  8
0
370
   158
100
AcDbSpline
210
0.0
220
0.0
230
1.0
 70
     8
 71
     3
 72
     8
 73
     4
 74
     0
 42
0.000000001
 43
0.0000000001
 40
0.0
 40
0.0
 40
0.0
 40
0.0
 40
1.0
 40
1.0
 40
1.0
 40
1.0
 10
14.73169829644097
 20
2.725137387464735
 30
0.0
 10
14.80708718532986
 20
2.775859623575846
 30
0.0
 10
14.89983718532986
 20
2.8012624291314
 30
0.0
 10
15.01005940755208
 20
2.8012624291314
 30
0.0
  0
SPLINE
  5
1E3A
330
250
100
AcDbEntity
  8
0
370
   158
100
AcDbSpline
210
0.0
220
0.0
230
1.0
 70
     8
 71
     3
 72
     8
 73
     4
 74
     0
 42
0.000000001
 43
0.0000000001
 40
0.0
 40
0.0
 40
0.0
 40
0.0
 40
1.0
 40
1.0
 40
1.0
 40
1.0
 10
15.24598996310763
 20
2.757706859686956
 30
0.0
 10
15.3220455047743
 20
2.728720776353624
 30
0.0
 10
15.38404551866319
 20
2.685970776353623
 30
0.0
 10
15.43190661588541
 20
2.629456887464733
 30
0.0
  0
SPLINE
  5
1E3B
330
250
100
AcDbEntity
  8
0
370
   158
100
AcDbSpline
210
0.0
220
0.0
230
1.0
 70
     8
 71
     3
 72
     8
 73
     4
 74
     0
 42
0.000000001
 43
0.0000000001
 40
0.0
 40
0.0
 40
0.0
 40
0.0
 40
1.0
 40
1.0
 40
1.0
 40
1.0
 10
15.29708719921875
 20
2.485929123575845
 30
0.0
 10
15.22893440755208
 20
2.55840131802029
 30
0.0
 10
15.13033718532986
 20
2.59462356802029
 30
0.0
 10
15.00135107421875
 20
2.59462356802029
 30
0.0
  0
SPLINE
  5
1E3C
330
250
100
AcDbEntity
  8
0
370
   158
100
AcDbSpline
210
0.0
220
0.0
230
1.0
 70
     8
 71
     3
 72
     8
 73
     4
 74
     0
 42
0.000000001
 43
0.0000000001
 40
0.0
 40
0.0
 40
0.0
 40
0.0
 40
1.0
 40
1.0
 40
1.0
 40
1.0
 10
15.00135107421875
 20
2.59462356802029
 30
0.0
 10
14.90276774088541
 20
2.59462356802029
 30
0.0
 10
14.85348996310763
 20
2.569720748575845
 30
0.0
 10
14.85348996310763
 20
2.519901331909179
 30
0.0
  0
SPLINE
  5
1E3D
330
250
100
AcDbEntity
  8
0
370
   158
100
AcDbSpline
210
0.0
220
0.0
230
1.0
 70
     8
 71
     3
 72
     8
 73
     4
 74
     0
 42
0.000000001
 43
0.0000000001
 40
0.0
 40
0.0
 40
0.0
 40
0.0
 40
1.0
 40
1.0
 40
1.0
 40
1.0
 10
14.85348996310763
 20
2.519901331909179
 30
0.0
 10
14.85348996310763
 20
2.489081859686956
 30
0.0
 10
14.87011496310764
 20
2.465998540242511
 30
0.0
 10
14.90337885199652
 20
2.450595748575845
 30
0.0
  0
SPLINE
  5
1E3E
330
250
100
AcDbEntity
  8
0
370
   158
100
AcDbSpline
210
0.0
220
0.0
230
1.0
 70
     8
 71
     3
 72
     8
 73
     4
 74
     0
 42
0.000000001
 43
0.0000000001
 40
0.0
 40
0.0
 40
0.0
 40
0.0
 40
1.0
 40
1.0
 40
1.0
 40
1.0
 10
14.90337885199652
 20
2.450595748575845
 30
0.0
 10
14.93661496310764
 20
2.435248540242511
 30
0.0
 10
14.98362885199652
 20
2.420942998575845
 30
0.0
 10
15.04435107421875
 20
2.4077901791314
 30
0.0
  0
SPLINE
  5
1E3F
330
250
100
AcDbEntity
  8
0
370
   158
100
AcDbSpline
210
0.0
220
0.0
230
1.0
 70
     8
 71
     3
 72
     8
 73
     4
 74
     0
 42
0.000000001
 43
0.0000000001
 40
0.0
 40
0.0
 40
0.0
 40
0.0
 40
1.0
 40
1.0
 40
1.0
 40
1.0
 10
15.04435107421875
 20
2.4077901791314
 30
0.0
 10
15.0542816297743
 20
2.406151290242513
 30
0.0
 10
15.06133718532986
 20
2.404567984686956
 30
0.0
 10
15.06560107421875
 20
2.402970734686956
 30
0.0
  0
SPLINE
  5
1E40
330
250
100
AcDbEntity
  8
0
370
   158
100
AcDbSpline
210
0.0
220
0.0
230
1.0
 70
     8
 71
     3
 72
     8
 73
     4
 74
     0
 42
0.000000001
 43
0.0000000001
 40
0.0
 40
0.0
 40
0.0
 40
0.0
 40
1.0
 40
1.0
 40
1.0
 40
1.0
 10
15.17936496310763
 20
2.37729019302029
 30
0.0
 10
15.20701774088541
 20
2.370998540242513
 30
0.0
 10
15.24001774088541
 20
2.359929081909179
 30
0.0
 10
15.27850383810763
 20
2.3440263041314
 30
0.0
  0
SPLINE
  5
1E41
330
250
100
AcDbEntity
  8
0
370
   158
100
AcDbSpline
210
0.0
220
0.0
230
1.0
 70
     8
 71
     3
 72
     8
 73
     4
 74
     0
 42
0.000000001
 43
0.0000000001
 40
0.0
 40
0.0
 40
0.0
 40
0.0
 40
1.0
 40
1.0
 40
1.0
 40
1.0
 10
15.27850383810763
 20
2.3440263041314
 30
0.0
 10
15.31693439366319
 20
2.328137456909179
 30
0.0
 10
15.34665664366319
 20
2.310776345798068
 30
0.0
 10
15.36772606032986
 20
2.291956845798068
 30
0.0
  0
SPLINE
  5
1E42
330
250
100
AcDbEntity
  8
0
370
   158
100
AcDbSpline
210
0.0
220
0.0
230
1.0
 70
     8
 71
     3
 72
     8
 73
     4
 74
     0
 42
0.000000001
 43
0.0000000001
 40
0.0
 40
0.0
 40
0.0
 40
0.0
 40
1.0
 40
1.0
 40
1.0
 40
1.0
 10
15.36772606032986
 20
2.291956845798068
 30
0.0
 10
15.38872607421875
 20
2.273151290242513
 30
0.0
 10
15.40687883810764
 20
2.248234637464734
 30
0.0
 10
15.42210107421875
 20
2.217109651353624
 30
0.0
  0
SPLINE
  5
1E43
330
250
100
AcDbEntity
  8
0
370
   158
100
AcDbSpline
210
0.0
220
0.0
230
1.0
 70
     8
 71
     3
 72
     8
 73
     4
 74
     0
 42
0.000000001
 43
0.0000000001
 40
0.0
 40
0.0
 40
0.0
 40
0.0
 40
1.0
 40
1.0
 40
1.0
 40
1.0
 10
15.42210107421875
 20
2.217109651353624
 30
0.0
 10
15.43733718532986
 20
2.185998540242513
 30
0.0
 10
15.44494829644097
 20
2.15091519302029
 30
0.0
 10
15.44494829644097
 20
2.1118735541314
 30
0.0
  0
SPLINE
  5
1E44
330
250
100
AcDbEntity
  8
0
370
   158
100
AcDbSpline
210
0.0
220
0.0
230
1.0
 70
     8
 71
     3
 72
     8
 73
     4
 74
     0
 42
0.000000001
 43
0.0000000001
 40
0.0
 40
0.0
 40
0.0
 40
0.0
 40
1.0
 40
1.0
 40
1.0
 40
1.0
 10
15.44494829644097
 20
2.1118735541314
 30
0.0
 10
15.44494829644097
 20
2.014804095798067
 30
0.0
 10
15.40615661588542
 20
1.939345762464735
 30
0.0
 10
15.32862885199653
 20
1.8857624291314
 30
0.0
  0
SPLINE
  5
1E45
330
250
100
AcDbEntity
  8
0
370
   158
100
AcDbSpline
210
0.0
220
0.0
230
1.0
 70
     8
 71
     3
 72
     8
 73
     4
 74
     0
 42
0.000000001
 43
0.0000000001
 40
0.0
 40
0.0
 40
0.0
 40
0.0
 40
1.0
 40
1.0
 40
1.0
 40
1.0
 10
15.32862885199653
 20
1.8857624291314
 30
0.0
 10
15.25104551866319
 20
1.832179095798068
 30
0.0
 10
15.15433718532986
 20
1.805317984686956
 30
0.0
 10
15.03832329644097
 20
1.805317984686956
 30
0.0
  0
SPLINE
  5
1E46
330
250
100
AcDbEntity
  8
0
370
   158
100
AcDbSpline
210
0.0
220
0.0
230
1.0
 70
     8
 71
     3
 72
     8
 73
     4
 74
     0
 42
0.000000001
 43
0.0000000001
 40
0.0
 40
0.0
 40
0.0
 40
0.0
 40
1.0
 40
1.0
 40
1.0
 40
1.0
 10
16.197265625
 20
1.805317984686956
 30
0.0
 10
16.071140625
 20
1.805317984686956
 30
0.0
 10
15.96676561111111
 20
1.8451374291314
 30
0.0
 10
15.88412673611111
 20
1.924915206909179
 30
0.0
  0
SPLINE
  5
1E47
330
250
100
AcDbEntity
  8
0
370
   158
100
AcDbSpline
210
0.0
220
0.0
230
1.0
 70
     8
 71
     3
 72
     8
 73
     4
 74
     0
 42
0.000000001
 43
0.0000000001
 40
0.0
 40
0.0
 40
0.0
 40
0.0
 40
1.0
 40
1.0
 40
1.0
 40
1.0
 10
15.88412673611111
 20
1.924915206909179
 30
0.0
 10
15.80154338888889
 20
2.00465131802029
 30
0.0
 10
15.76019618055555
 20
2.106095762464735
 30
0.0
 10
15.76019618055555
 20
2.229345776353623
 30
0.0
  0
SPLINE
  5
1E48
330
250
100
AcDbEntity
  8
0
370
   158
100
AcDbSpline
210
0.0
220
0.0
230
1.0
 70
     8
 71
     3
 72
     8
 73
     4
 74
     0
 42
0.000000001
 43
0.0000000001
 40
0.0
 40
0.0
 40
0.0
 40
0.0
 40
1.0
 40
1.0
 40
1.0
 40
1.0
 10
15.99940451388889
 20
2.222790220798068
 30
0.0
 10
15.99940451388889
 20
2.164804081909179
 30
0.0
 10
16.01858506944444
 20
2.116567984686956
 30
0.0
 10
16.057015625
 20
2.078192970798068
 30
0.0
  0
SPLINE
  5
1E49
330
250
100
AcDbEntity
  8
0
370
   158
100
AcDbSpline
210
0.0
220
0.0
230
1.0
 70
     8
 71
     3
 72
     8
 73
     4
 74
     0
 42
0.000000001
 43
0.0000000001
 40
0.0
 40
0.0
 40
0.0
 40
0.0
 40
1.0
 40
1.0
 40
1.0
 40
1.0
 10
16.057015625
 20
2.078192970798068
 30
0.0
 10
16.095390625
 20
2.039776331909179
 30
0.0
 10
16.14361284722222
 20
2.020595762464735
 30
0.0
 10
16.20158506944444
 20
2.020595762464735
 30
0.0
  0
SPLINE
  5
1E4A
330
250
100
AcDbEntity
  8
0
370
   158
100
AcDbSpline
210
0.0
220
0.0
230
1.0
 70
     8
 71
     3
 72
     8
 73
     4
 74
     0
 42
0.000000001
 43
0.0000000001
 40
0.0
 40
0.0
 40
0.0
 40
0.0
 40
1.0
 40
1.0
 40
1.0
 40
1.0
 10
16.20158506944444
 20
2.020595762464735
 30
0.0
 10
16.26108506944444
 20
2.020595762464735
 30
0.0
 10
16.31071006944444
 20
2.039776331909179
 30
0.0
 10
16.35054340277777
 20
2.078192970798068
 30
0.0
  0
SPLINE
  5
1E4B
330
250
100
AcDbEntity
  8
0
370
   158
100
AcDbSpline
210
0.0
220
0.0
230
1.0
 70
     8
 71
     3
 72
     8
 73
     4
 74
     0
 42
0.000000001
 43
0.0000000001
 40
0.0
 40
0.0
 40
0.0
 40
0.0
 40
1.0
 40
1.0
 40
1.0
 40
1.0
 10
16.35054340277777
 20
2.078192970798068
 30
0.0
 10
16.39043229166667
 20
2.116567984686956
 30
0.0
 10
16.41034895833333
 20
2.164804081909179
 30
0.0
 10
16.41034895833333
 20
2.222790220798068
 30
0.0
  0
SPLINE
  5
1E4C
330
250
100
AcDbEntity
  8
0
370
   158
100
AcDbSpline
210
0.0
220
0.0
230
1.0
 70
     8
 71
     3
 72
     8
 73
     4
 74
     0
 42
0.000000001
 43
0.0000000001
 40
0.0
 40
0.0
 40
0.0
 40
0.0
 40
1.0
 40
1.0
 40
1.0
 40
1.0
 10
16.64955727777778
 20
2.222790220798068
 30
0.0
 10
16.64955727777778
 20
2.102442984686956
 30
0.0
 10
16.60675173611111
 20
2.002817984686956
 30
0.0
 10
16.52125173611111
 20
1.923817984686956
 30
0.0
  0
SPLINE
  5
1E4D
330
250
100
AcDbEntity
  8
0
370
   158
100
AcDbSpline
210
0.0
220
0.0
230
1.0
 70
     8
 71
     3
 72
     8
 73
     4
 74
     0
 42
0.000000001
 43
0.0000000001
 40
0.0
 40
0.0
 40
0.0
 40
0.0
 40
1.0
 40
1.0
 40
1.0
 40
1.0
 10
16.52125173611111
 20
1.923817984686956
 30
0.0
 10
16.43573784722222
 20
1.84477631802029
 30
0.0
 10
16.327765625
 20
1.805317984686956
 30
0.0
 10
16.197265625
 20
1.805317984686956
 30
0.0
  0
SPLINE
  5
1E4E
330
250
100
AcDbEntity
  8
0
370
   158
100
AcDbSpline
210
0.0
220
0.0
230
1.0
 70
     8
 71
     3
 72
     8
 73
     4
 74
     0
 42
0.000000001
 43
0.0000000001
 40
0.0
 40
0.0
 40
0.0
 40
0.0
 40
1.0
 40
1.0
 40
1.0
 40
1.0
 10
17.15292644618055
 20
1.853109651353624
 30
0.0
 10
17.06956532118055
 20
1.88502631802029
 30
0.0
 10
17.006898640625
 20
1.930706873575845
 30
0.0
 10
16.96481529340278
 20
1.99015131802029
 30
0.0
  0
SPLINE
  5
1E4F
330
250
100
AcDbEntity
  8
0
370
   158
100
AcDbSpline
210
0.0
220
0.0
230
1.0
 70
     8
 71
     3
 72
     8
 73
     4
 74
     0
 42
0.000000001
 43
0.0000000001
 40
0.0
 40
0.0
 40
0.0
 40
0.0
 40
1.0
 40
1.0
 40
1.0
 40
1.0
 10
17.10835697395833
 20
2.120581859686956
 30
0.0
 10
17.18660698784722
 20
2.048109665242511
 30
0.0
 10
17.290259765625
 20
2.0118874291314
 30
0.0
 10
17.41930143229167
 20
2.0118874291314
 30
0.0
  0
SPLINE
  5
1E50
330
250
100
AcDbEntity
  8
0
370
   158
100
AcDbSpline
210
0.0
220
0.0
230
1.0
 70
     8
 71
     3
 72
     8
 73
     4
 74
     0
 42
0.000000001
 43
0.0000000001
 40
0.0
 40
0.0
 40
0.0
 40
0.0
 40
1.0
 40
1.0
 40
1.0
 40
1.0
 10
17.41930143229167
 20
2.0118874291314
 30
0.0
 10
17.46856532118055
 20
2.0118874291314
 30
0.0
 10
17.50845421006944
 20
2.019081873575845
 30
0.0
 10
17.53891254340278
 20
2.033567984686956
 30
0.0
  0
SPLINE
  5
1E51
330
250
100
AcDbEntity
  8
0
370
   158
100
AcDbSpline
210
0.0
220
0.0
230
1.0
 70
     8
 71
     3
 72
     8
 73
     4
 74
     0
 42
0.000000001
 43
0.0000000001
 40
0.0
 40
0.0
 40
0.0
 40
0.0
 40
1.0
 40
1.0
 40
1.0
 40
1.0
 10
17.53891254340278
 20
2.033567984686956
 30
0.0
 10
17.56935698784722
 20
2.048067998575846
 30
0.0
 10
17.58457921006944
 20
2.0689985541314
 30
0.0
 10
17.58457921006944
 20
2.096470748575845
 30
0.0
  0
SPLINE
  5
1E52
330
250
100
AcDbEntity
  8
0
370
   158
100
AcDbSpline
210
0.0
220
0.0
230
1.0
 70
     8
 71
     3
 72
     8
 73
     4
 74
     0
 42
0.000000001
 43
0.0000000001
 40
0.0
 40
0.0
 40
0.0
 40
0.0
 40
1.0
 40
1.0
 40
1.0
 40
1.0
 10
17.58128754340278
 20
2.11815131802029
 30
0.0
 10
17.57916254340277
 20
2.12540131802029
 30
0.0
 10
17.575134765625
 20
2.131929109686956
 30
0.0
 10
17.56930143229167
 20
2.137706859686956
 30
0.0
  0
SPLINE
  5
1E53
330
250
100
AcDbEntity
  8
0
370
   158
100
AcDbSpline
210
0.0
220
0.0
230
1.0
 70
     8
 71
     3
 72
     8
 73
     4
 74
     0
 42
0.000000001
 43
0.0000000001
 40
0.0
 40
0.0
 40
0.0
 40
0.0
 40
1.0
 40
1.0
 40
1.0
 40
1.0
 10
17.55194032118055
 20
2.152929095798068
 30
0.0
 10
17.54609309895833
 20
2.1572485541314
 30
0.0
 10
17.53817643229167
 20
2.161567984686956
 30
0.0
 10
17.528009765625
 20
2.165901318020289
 30
0.0
  0
SPLINE
  5
1E54
330
250
100
AcDbEntity
  8
0
370
   158
100
AcDbSpline
210
0.0
220
0.0
230
1.0
 70
     8
 71
     3
 72
     8
 73
     4
 74
     0
 42
0.000000001
 43
0.0000000001
 40
0.0
 40
0.0
 40
0.0
 40
0.0
 40
1.0
 40
1.0
 40
1.0
 40
1.0
 10
17.50181532118055
 20
2.176734665242511
 30
0.0
 10
17.49457921006944
 20
2.179595762464735
 30
0.0
 10
17.48391254340277
 20
2.182901331909179
 30
0.0
 10
17.46991254340278
 20
2.186540206909179
 30
0.0
  0
SPLINE
  5
1E55
330
250
100
AcDbEntity
  8
0
370
   158
100
AcDbSpline
210
0.0
220
0.0
230
1.0
 70
     8
 71
     3
 72
     8
 73
     4
 74
     0
 42
0.000000001
 43
0.0000000001
 40
0.0
 40
0.0
 40
0.0
 40
0.0
 40
1.0
 40
1.0
 40
1.0
 40
1.0
 10
17.249634765625
 20
2.243679095798068
 30
0.0
 10
17.22503754340278
 20
2.250054095798068
 30
0.0
 10
17.192384765625
 20
2.261581901353624
 30
0.0
 10
17.15182921006944
 20
2.278262401353623
 30
0.0
  0
SPLINE
  5
1E56
330
250
100
AcDbEntity
  8
0
370
   158
100
AcDbSpline
210
0.0
220
0.0
230
1.0
 70
     8
 71
     3
 72
     8
 73
     4
 74
     0
 42
0.000000001
 43
0.0000000001
 40
0.0
 40
0.0
 40
0.0
 40
0.0
 40
1.0
 40
1.0
 40
1.0
 40
1.0
 10
17.15182921006944
 20
2.278262401353623
 30
0.0
 10
17.11127365451389
 20
2.29488744302029
 30
0.0
 10
17.08185698784722
 20
2.311984651353624
 30
0.0
 10
17.06377365451389
 20
2.329345762464734
 30
0.0
  0
SPLINE
  5
1E57
330
250
100
AcDbEntity
  8
0
370
   158
100
AcDbSpline
210
0.0
220
0.0
230
1.0
 70
     8
 71
     3
 72
     8
 73
     4
 74
     0
 42
0.000000001
 43
0.0000000001
 40
0.0
 40
0.0
 40
0.0
 40
0.0
 40
1.0
 40
1.0
 40
1.0
 40
1.0
 10
17.06377365451389
 20
2.329345762464734
 30
0.0
 10
17.04562086284722
 20
2.34676244302029
 30
0.0
 10
17.02930143229167
 20
2.370276290242511
 30
0.0
 10
17.0148708767361
 20
2.400054081909178
 30
0.0
  0
SPLINE
  5
1E58
330
250
100
AcDbEntity
  8
0
370
   158
100
AcDbSpline
210
0.0
220
0.0
230
1.0
 70
     8
 71
     3
 72
     8
 73
     4
 74
     0
 42
0.000000001
 43
0.0000000001
 40
0.0
 40
0.0
 40
0.0
 40
0.0
 40
1.0
 40
1.0
 40
1.0
 40
1.0
 10
17.0148708767361
 20
2.400054081909178
 30
0.0
 10
17.00038475173611
 20
2.429706887464734
 30
0.0
 10
16.993134765625
 20
2.464179095798068
 30
0.0
 10
16.993134765625
 20
2.503345748575845
 30
0.0
  0
SPLINE
  5
1E59
330
250
100
AcDbEntity
  8
0
370
   158
100
AcDbSpline
210
0.0
220
0.0
230
1.0
 70
     8
 71
     3
 72
     8
 73
     4
 74
     0
 42
0.000000001
 43
0.0000000001
 40
0.0
 40
0.0
 40
0.0
 40
0.0
 40
1.0
 40
1.0
 40
1.0
 40
1.0
 10
16.993134765625
 20
2.503345748575845
 30
0.0
 10
16.993134765625
 20
2.600415234686956
 30
0.0
 10
17.03077366840278
 20
2.674345762464735
 30
0.0
 10
17.10616254340278
 20
2.725137387464735
 30
0.0
  0
SPLINE
  5
1E5A
330
250
100
AcDbEntity
  8
0
370
   158
100
AcDbSpline
210
0.0
220
0.0
230
1.0
 70
     8
 71
     3
 72
     8
 73
     4
 74
     0
 42
0.000000001
 43
0.0000000001
 40
0.0
 40
0.0
 40
0.0
 40
0.0
 40
1.0
 40
1.0
 40
1.0
 40
1.0
 10
17.10616254340278
 20
2.725137387464735
 30
0.0
 10
17.18155143229166
 20
2.775859623575846
 30
0.0
 10
17.27430143229167
 20
2.8012624291314
 30
0.0
 10
17.38446809895833
 20
2.8012624291314
 30
0.0
  0
SPLINE
  5
1E5B
330
250
100
AcDbEntity
  8
0
370
   158
100
AcDbSpline
210
0.0
220
0.0
230
1.0
 70
     8
 71
     3
 72
     8
 73
     4
 74
     0
 42
0.000000001
 43
0.0000000001
 40
0.0
 40
0.0
 40
0.0
 40
0.0
 40
1.0
 40
1.0
 40
1.0
 40
1.0
 10
17.62045421006944
 20
2.757706859686956
 30
0.0
 10
17.69650975173611
 20
2.728720776353624
 30
0.0
 10
17.758509765625
 20
2.685970776353623
 30
0.0
 10
17.80637086284722
 20
2.629456887464733
 30
0.0
  0
SPLINE
  5
1E5C
330
250
100
AcDbEntity
  8
0
370
   158
100
AcDbSpline
210
0.0
220
0.0
230
1.0
 70
     8
 71
     3
 72
     8
 73
     4
 74
     0
 42
0.000000001
 43
0.0000000001
 40
0.0
 40
0.0
 40
0.0
 40
0.0
 40
1.0
 40
1.0
 40
1.0
 40
1.0
 10
17.67153752951389
 20
2.485929123575845
 30
0.0
 10
17.60339865451389
 20
2.55840131802029
 30
0.0
 10
17.50480143229166
 20
2.59462356802029
 30
0.0
 10
17.37581532118056
 20
2.59462356802029
 30
0.0
  0
SPLINE
  5
1E5D
330
250
100
AcDbEntity
  8
0
370
   158
100
AcDbSpline
210
0.0
220
0.0
230
1.0
 70
     8
 71
     3
 72
     8
 73
     4
 74
     0
 42
0.000000001
 43
0.0000000001
 40
0.0
 40
0.0
 40
0.0
 40
0.0
 40
1.0
 40
1.0
 40
1.0
 40
1.0
 10
17.37581532118056
 20
2.59462356802029
 30
0.0
 10
17.27721809895833
 20
2.59462356802029
 30
0.0
 10
17.22795421006944
 20
2.569720748575845
 30
0.0
 10
17.22795421006944
 20
2.519901331909179
 30
0.0
  0
SPLINE
  5
1E5E
330
250
100
AcDbEntity
  8
0
370
   158
100
AcDbSpline
210
0.0
220
0.0
230
1.0
 70
     8
 71
     3
 72
     8
 73
     4
 74
     0
 42
0.000000001
 43
0.0000000001
 40
0.0
 40
0.0
 40
0.0
 40
0.0
 40
1.0
 40
1.0
 40
1.0
 40
1.0
 10
17.22795421006944
 20
2.519901331909179
 30
0.0
 10
17.22795421006944
 20
2.489081859686956
 30
0.0
 10
17.24457921006944
 20
2.465998540242511
 30
0.0
 10
17.27782921006944
 20
2.450595748575845
 30
0.0
  0
SPLINE
  5
1E5F
330
250
100
AcDbEntity
  8
0
370
   158
100
AcDbSpline
210
0.0
220
0.0
230
1.0
 70
     8
 71
     3
 72
     8
 73
     4
 74
     0
 42
0.000000001
 43
0.0000000001
 40
0.0
 40
0.0
 40
0.0
 40
0.0
 40
1.0
 40
1.0
 40
1.0
 40
1.0
 10
17.27782921006944
 20
2.450595748575845
 30
0.0
 10
17.31107921006944
 20
2.435248540242511
 30
0.0
 10
17.35803754340278
 20
2.420942998575845
 30
0.0
 10
17.41881532118055
 20
2.4077901791314
 30
0.0
  0
SPLINE
  5
1E60
330
250
100
AcDbEntity
  8
0
370
   158
100
AcDbSpline
210
0.0
220
0.0
230
1.0
 70
     8
 71
     3
 72
     8
 73
     4
 74
     0
 42
0.000000001
 43
0.0000000001
 40
0.0
 40
0.0
 40
0.0
 40
0.0
 40
1.0
 40
1.0
 40
1.0
 40
1.0
 10
17.41881532118055
 20
2.4077901791314
 30
0.0
 10
17.42873198784722
 20
2.406151290242513
 30
0.0
 10
17.43580143229167
 20
2.404567984686956
 30
0.0
 10
17.44006532118055
 20
2.402970734686956
 30
0.0
  0
SPLINE
  5
1E61
330
250
100
AcDbEntity
  8
0
370
   158
100
AcDbSpline
210
0.0
220
0.0
230
1.0
 70
     8
 71
     3
 72
     8
 73
     4
 74
     0
 42
0.000000001
 43
0.0000000001
 40
0.0
 40
0.0
 40
0.0
 40
0.0
 40
1.0
 40
1.0
 40
1.0
 40
1.0
 10
17.55382921006944
 20
2.37729019302029
 30
0.0
 10
17.58148198784722
 20
2.370998540242513
 30
0.0
 10
17.61448198784721
 20
2.359929081909179
 30
0.0
 10
17.65296808506944
 20
2.3440263041314
 30
0.0
  0
SPLINE
  5
1E62
330
250
100
AcDbEntity
  8
0
370
   158
100
AcDbSpline
210
0.0
220
0.0
230
1.0
 70
     8
 71
     3
 72
     8
 73
     4
 74
     0
 42
0.000000001
 43
0.0000000001
 40
0.0
 40
0.0
 40
0.0
 40
0.0
 40
1.0
 40
1.0
 40
1.0
 40
1.0
 10
17.65296808506944
 20
2.3440263041314
 30
0.0
 10
17.691398640625
 20
2.328137456909179
 30
0.0
 10
17.721120890625
 20
2.310776345798068
 30
0.0
 10
17.74219030729167
 20
2.291956845798068
 30
0.0
  0
SPLINE
  5
1E63
330
250
100
AcDbEntity
  8
0
370
   158
100
AcDbSpline
210
0.0
220
0.0
230
1.0
 70
     8
 71
     3
 72
     8
 73
     4
 74
     0
 42
0.000000001
 43
0.0000000001
 40
0.0
 40
0.0
 40
0.0
 40
0.0
 40
1.0
 40
1.0
 40
1.0
 40
1.0
 10
17.74219030729167
 20
2.291956845798068
 30
0.0
 10
17.76319032118055
 20
2.273151290242513
 30
0.0
 10
17.78134308506944
 20
2.248234637464734
 30
0.0
 10
17.79656532118055
 20
2.217109651353624
 30
0.0
  0
SPLINE
  5
1E64
330
250
100
AcDbEntity
  8
0
370
   158
100
AcDbSpline
210
0.0
220
0.0
230
1.0
 70
     8
 71
     3
 72
     8
 73
     4
 74
     0
 42
0.000000001
 43
0.0000000001
 40
0.0
 40
0.0
 40
0.0
 40
0.0
 40
1.0
 40
1.0
 40
1.0
 40
1.0
 10
17.79656532118055
 20
2.217109651353624
 30
0.0
 10
17.81180143229167
 20
2.185998540242513
 30
0.0
 10
17.819398640625
 20
2.15091519302029
 30
0.0
 10
17.819398640625
 20
2.1118735541314
 30
0.0
  0
SPLINE
  5
1E65
330
250
100
AcDbEntity
  8
0
370
   158
100
AcDbSpline
210
0.0
220
0.0
230
1.0
 70
     8
 71
     3
 72
     8
 73
     4
 74
     0
 42
0.000000001
 43
0.0000000001
 40
0.0
 40
0.0
 40
0.0
 40
0.0
 40
1.0
 40
1.0
 40
1.0
 40
1.0
 10
17.819398640625
 20
2.1118735541314
 30
0.0
 10
17.819398640625
 20
2.014804095798067
 30
0.0
 10
17.78060698784722
 20
1.939345762464735
 30
0.0
 10
17.70309309895832
 20
1.8857624291314
 30
0.0
  0
SPLINE
  5
1E66
330
250
100
AcDbEntity
  8
0
370
   158
100
AcDbSpline
210
0.0
220
0.0
230
1.0
 70
     8
 71
     3
 72
     8
 73
     4
 74
     0
 42
0.000000001
 43
0.0000000001
 40
0.0
 40
0.0
 40
0.0
 40
0.0
 40
1.0
 40
1.0
 40
1.0
 40
1.0
 10
17.70309309895832
 20
1.8857624291314
 30
0.0
 10
17.62549587673611
 20
1.832179095798068
 30
0.0
 10
17.52873198784722
 20
1.805317984686956
 30
0.0
 10
17.41278754340278
 20
1.805317984686956
 30
0.0
  0
SPLINE
  5
1E67
330
250
100
AcDbEntity
  8
0
370
   158
100
AcDbSpline
210
0.0
220
0.0
230
1.0
 70
     8
 71
     3
 72
     8
 73
     4
 74
     0
 42
0.000000001
 43
0.0000000001
 40
0.0
 40
0.0
 40
0.0
 40
0.0
 40
1.0
 40
1.0
 40
1.0
 40
1.0
 10
24.35800509982639
 20
2.016227722167968
 30
0.0
 10
24.4014912109375
 20
2.016227722167968
 30
0.0
 10
24.43625509982639
 20
2.026338833279079
 30
0.0
 10
24.46239398871528
 20
2.046672166612413
 30
0.0
  0
SPLINE
  5
1E68
330
250
100
AcDbEntity
  8
0
370
   158
100
AcDbSpline
210
0.0
220
0.0
230
1.0
 70
     8
 71
     3
 72
     8
 73
     4
 74
     0
 42
0.000000001
 43
0.0000000001
 40
0.0
 40
0.0
 40
0.0
 40
0.0
 40
1.0
 40
1.0
 40
1.0
 40
1.0
 10
24.46239398871528
 20
2.046672166612413
 30
0.0
 10
24.48850509982639
 20
2.06694994439019
 30
0.0
 10
24.50154676649306
 20
2.090158277723524
 30
0.0
 10
24.50154676649306
 20
2.116283277723524
 30
0.0
  0
SPLINE
  5
1E69
330
250
100
AcDbEntity
  8
0
370
   158
100
AcDbSpline
210
0.0
220
0.0
230
1.0
 70
     8
 71
     3
 72
     8
 73
     4
 74
     0
 42
0.000000001
 43
0.0000000001
 40
0.0
 40
0.0
 40
0.0
 40
0.0
 40
1.0
 40
1.0
 40
1.0
 40
1.0
 10
24.50154676649306
 20
2.116283277723524
 30
0.0
 10
24.50154676649306
 20
2.143811055501301
 30
0.0
 10
24.48881065538194
 20
2.167005499945745
 30
0.0
 10
24.46347732204861
 20
2.18582494439019
 30
0.0
  0
SPLINE
  5
1E6A
330
250
100
AcDbEntity
  8
0
370
   158
100
AcDbSpline
210
0.0
220
0.0
230
1.0
 70
     8
 71
     3
 72
     8
 73
     4
 74
     0
 42
0.000000001
 43
0.0000000001
 40
0.0
 40
0.0
 40
0.0
 40
0.0
 40
1.0
 40
1.0
 40
1.0
 40
1.0
 10
24.46347732204861
 20
2.18582494439019
 30
0.0
 10
24.43808843315972
 20
2.204644388834634
 30
0.0
 10
24.40221343315972
 20
2.214088833279079
 30
0.0
 10
24.3558662109375
 20
2.214088833279079
 30
0.0
  0
SPLINE
  5
1E6B
330
250
100
AcDbEntity
  8
0
370
   158
100
AcDbSpline
210
0.0
220
0.0
230
1.0
 70
     8
 71
     3
 72
     8
 73
     4
 74
     0
 42
0.000000001
 43
0.0000000001
 40
0.0
 40
0.0
 40
0.0
 40
0.0
 40
1.0
 40
1.0
 40
1.0
 40
1.0
 10
24.3297412109375
 20
2.394588847167967
 30
0.0
 10
24.36744954427084
 20
2.394588847167967
 30
0.0
 10
24.39715787760416
 20
2.404699930501301
 30
0.0
 10
24.41890787760417
 20
2.425047152723523
 30
0.0
  0
SPLINE
  5
1E6C
330
250
100
AcDbEntity
  8
0
370
   158
100
AcDbSpline
210
0.0
220
0.0
230
1.0
 70
     8
 71
     3
 72
     8
 73
     4
 74
     0
 42
0.000000001
 43
0.0000000001
 40
0.0
 40
0.0
 40
0.0
 40
0.0
 40
1.0
 40
1.0
 40
1.0
 40
1.0
 10
24.41890787760417
 20
2.425047152723523
 30
0.0
 10
24.44064398871528
 20
2.445324944390189
 30
0.0
 10
24.45154676649306
 20
2.469255499945746
 30
0.0
 10
24.45154676649306
 20
2.496783249945746
 30
0.0
  0
SPLINE
  5
1E6D
330
250
100
AcDbEntity
  8
0
370
   158
100
AcDbSpline
210
0.0
220
0.0
230
1.0
 70
     8
 71
     3
 72
     8
 73
     4
 74
     0
 42
0.000000001
 43
0.0000000001
 40
0.0
 40
0.0
 40
0.0
 40
0.0
 40
1.0
 40
1.0
 40
1.0
 40
1.0
 10
24.45154676649306
 20
2.496783249945746
 30
0.0
 10
24.45154676649306
 20
2.522894388834634
 30
0.0
 10
24.44064398871528
 20
2.544949958279079
 30
0.0
 10
24.41890787760417
 20
2.563102722167968
 30
0.0
  0
SPLINE
  5
1E6E
330
250
100
AcDbEntity
  8
0
370
   158
100
AcDbSpline
210
0.0
220
0.0
230
1.0
 70
     8
 71
     3
 72
     8
 73
     4
 74
     0
 42
0.000000001
 43
0.0000000001
 40
0.0
 40
0.0
 40
0.0
 40
0.0
 40
1.0
 40
1.0
 40
1.0
 40
1.0
 10
24.41890787760417
 20
2.563102722167968
 30
0.0
 10
24.39715787760416
 20
2.581255486056856
 30
0.0
 10
24.36597732204861
 20
2.590324930501302
 30
0.0
 10
24.3253662109375
 20
2.590324930501302
 30
0.0
  0
SPLINE
  5
1E6F
330
250
100
AcDbEntity
  8
0
370
   158
100
AcDbSpline
210
0.0
220
0.0
230
1.0
 70
     8
 71
     3
 72
     8
 73
     4
 74
     0
 42
0.000000001
 43
0.0000000001
 40
0.0
 40
0.0
 40
0.0
 40
0.0
 40
1.0
 40
1.0
 40
1.0
 40
1.0
 10
24.58418565538194
 20
2.318477708279079
 30
0.0
 10
24.63631065538195
 20
2.2937971805013
 30
0.0
 10
24.67583844704861
 20
2.261588833279079
 30
0.0
 10
24.70268564149306
 20
2.221769388834634
 30
0.0
  0
SPLINE
  5
1E70
330
250
100
AcDbEntity
  8
0
370
   158
100
AcDbSpline
210
0.0
220
0.0
230
1.0
 70
     8
 71
     3
 72
     8
 73
     4
 74
     0
 42
0.000000001
 43
0.0000000001
 40
0.0
 40
0.0
 40
0.0
 40
0.0
 40
1.0
 40
1.0
 40
1.0
 40
1.0
 10
24.70268564149306
 20
2.221769388834634
 30
0.0
 10
24.72943565538195
 20
2.181880499945745
 30
0.0
 10
24.74288009982639
 20
2.139422166612413
 30
0.0
 10
24.74288009982639
 20
2.094547166612413
 30
0.0
  0
SPLINE
  5
1E71
330
250
100
AcDbEntity
  8
0
370
   158
100
AcDbSpline
210
0.0
220
0.0
230
1.0
 70
     8
 71
     3
 72
     8
 73
     4
 74
     0
 42
0.000000001
 43
0.0000000001
 40
0.0
 40
0.0
 40
0.0
 40
0.0
 40
1.0
 40
1.0
 40
1.0
 40
1.0
 10
24.74288009982639
 20
2.094547166612413
 30
0.0
 10
24.74288009982639
 20
2.024936055501302
 30
0.0
 10
24.71097732204861
 20
1.964408277723524
 30
0.0
 10
24.64721343315972
 20
1.912936055501301
 30
0.0
  0
SPLINE
  5
1E72
330
250
100
AcDbEntity
  8
0
370
   158
100
AcDbSpline
210
0.0
220
0.0
230
1.0
 70
     8
 71
     3
 72
     8
 73
     4
 74
     0
 42
0.000000001
 43
0.0000000001
 40
0.0
 40
0.0
 40
0.0
 40
0.0
 40
1.0
 40
1.0
 40
1.0
 40
1.0
 10
24.64721343315972
 20
1.912936055501301
 30
0.0
 10
24.58344954427083
 20
1.861477722167968
 30
0.0
 10
24.49503287760417
 20
1.835783277723524
 30
0.0
 10
24.38193565538194
 20
1.835783277723524
 30
0.0
  0
SPLINE
  5
1E73
330
250
100
AcDbEntity
  8
0
370
   158
100
AcDbSpline
210
0.0
220
0.0
230
1.0
 70
     8
 71
     3
 72
     8
 73
     4
 74
     0
 42
0.000000001
 43
0.0000000001
 40
0.0
 40
0.0
 40
0.0
 40
0.0
 40
1.0
 40
1.0
 40
1.0
 40
1.0
 10
24.33626898871529
 20
2.770769388834635
 30
0.0
 10
24.44929676649306
 20
2.770769388834635
 30
0.0
 10
24.5369912109375
 20
2.745366624945746
 30
0.0
 10
24.59933841927083
 20
2.694713861056857
 30
0.0
  0
SPLINE
  5
1E74
330
250
100
AcDbEntity
  8
0
370
   158
100
AcDbSpline
210
0.0
220
0.0
230
1.0
 70
     8
 71
     3
 72
     8
 73
     4
 74
     0
 42
0.000000001
 43
0.0000000001
 40
0.0
 40
0.0
 40
0.0
 40
0.0
 40
1.0
 40
1.0
 40
1.0
 40
1.0
 10
24.59933841927083
 20
2.694713861056857
 30
0.0
 10
24.66171344704861
 20
2.643908291612413
 30
0.0
 10
24.69288009982639
 20
2.583797194390189
 30
0.0
 10
24.69288009982639
 20
2.514199944390191
 30
0.0
  0
SPLINE
  5
1E75
330
250
100
AcDbEntity
  8
0
370
   158
100
AcDbSpline
210
0.0
220
0.0
230
1.0
 70
     8
 71
     3
 72
     8
 73
     4
 74
     0
 42
0.000000001
 43
0.0000000001
 40
0.0
 40
0.0
 40
0.0
 40
0.0
 40
1.0
 40
1.0
 40
1.0
 40
1.0
 10
24.69288009982639
 20
2.514199944390191
 30
0.0
 10
24.69288009982639
 20
2.434477722167968
 30
0.0
 10
24.65658841927083
 20
2.36919994439019
 30
0.0
 10
24.58418565538194
 20
2.318477708279079
 30
0.0
  0
SPLINE
  5
1E76
330
250
100
AcDbEntity
  8
0
370
   158
100
AcDbSpline
210
0.0
220
0.0
230
1.0
 70
     8
 71
     3
 72
     8
 73
     4
 74
     0
 42
0.000000001
 43
0.0000000001
 40
0.0
 40
0.0
 40
0.0
 40
0.0
 40
1.0
 40
1.0
 40
1.0
 40
1.0
 10
27.93494883897569
 20
2.044520907931856
 30
0.0
 10
28.01605995008681
 20
2.044520907931856
 30
0.0
 10
28.08353217230903
 20
2.069118130154079
 30
0.0
 10
28.13712938064236
 20
2.118437574598524
 30
0.0
  0
SPLINE
  5
1E77
330
250
100
AcDbEntity
  8
0
370
   158
100
AcDbSpline
210
0.0
220
0.0
230
1.0
 70
     8
 71
     3
 72
     8
 73
     4
 74
     0
 42
0.000000001
 43
0.0000000001
 40
0.0
 40
0.0
 40
0.0
 40
0.0
 40
1.0
 40
1.0
 40
1.0
 40
1.0
 10
28.13712938064236
 20
2.118437574598524
 30
0.0
 10
28.19078217230903
 20
2.167715352376301
 30
0.0
 10
28.21764328342014
 20
2.230007019042968
 30
0.0
 10
28.21764328342014
 20
2.305465352376301
 30
0.0
  0
SPLINE
  5
1E78
330
250
100
AcDbEntity
  8
0
370
   158
100
AcDbSpline
210
0.0
220
0.0
230
1.0
 70
     8
 71
     3
 72
     8
 73
     4
 74
     0
 42
0.000000001
 43
0.0000000001
 40
0.0
 40
0.0
 40
0.0
 40
0.0
 40
1.0
 40
1.0
 40
1.0
 40
1.0
 10
28.21764328342014
 20
2.305465352376301
 30
0.0
 10
28.21764328342014
 20
2.379395907931856
 30
0.0
 10
28.19078217230903
 20
2.44060424126519
 30
0.0
 10
28.13712938064236
 20
2.489201435709634
 30
0.0
  0
SPLINE
  5
1E79
330
250
100
AcDbEntity
  8
0
370
   158
100
AcDbSpline
210
0.0
220
0.0
230
1.0
 70
     8
 71
     3
 72
     8
 73
     4
 74
     0
 42
0.000000001
 43
0.0000000001
 40
0.0
 40
0.0
 40
0.0
 40
0.0
 40
1.0
 40
1.0
 40
1.0
 40
1.0
 10
28.13712938064236
 20
2.489201435709634
 30
0.0
 10
28.08353217230903
 20
2.537743144042968
 30
0.0
 10
28.01539328342014
 20
2.562034824598523
 30
0.0
 10
27.93280995008681
 20
2.562034824598523
 30
0.0
  0
SPLINE
  5
1E7A
330
250
100
AcDbEntity
  8
0
370
   158
100
AcDbSpline
210
0.0
220
0.0
230
1.0
 70
     8
 71
     3
 72
     8
 73
     4
 74
     0
 42
0.000000001
 43
0.0000000001
 40
0.0
 40
0.0
 40
0.0
 40
0.0
 40
1.0
 40
1.0
 40
1.0
 40
1.0
 10
27.93714328342014
 20
2.770798685709634
 30
0.0
 10
28.0893238389757
 20
2.770798685709634
 30
0.0
 10
28.21508772786458
 20
2.726520907931857
 30
0.0
 10
28.31440718619792
 20
2.638159810709634
 30
0.0
  0
SPLINE
  5
1E7B
330
250
100
AcDbEntity
  8
0
370
   158
100
AcDbSpline
210
0.0
220
0.0
230
1.0
 70
     8
 71
     3
 72
     8
 73
     4
 74
     0
 42
0.000000001
 43
0.0000000001
 40
0.0
 40
0.0
 40
0.0
 40
0.0
 40
1.0
 40
1.0
 40
1.0
 40
1.0
 10
28.31440718619792
 20
2.638159810709634
 30
0.0
 10
28.41367107508681
 20
2.54972924126519
 30
0.0
 10
28.46336550564236
 20
2.4381042273763
 30
0.0
 10
28.46336550564236
 20
2.303270894042968
 30
0.0
  0
SPLINE
  5
1E7C
330
250
100
AcDbEntity
  8
0
370
   158
100
AcDbSpline
210
0.0
220
0.0
230
1.0
 70
     8
 71
     3
 72
     8
 73
     4
 74
     0
 42
0.000000001
 43
0.0000000001
 40
0.0
 40
0.0
 40
0.0
 40
0.0
 40
1.0
 40
1.0
 40
1.0
 40
1.0
 10
28.46336550564236
 20
2.303270894042968
 30
0.0
 10
28.46336550564236
 20
2.168451463487413
 30
0.0
 10
28.41367107508681
 20
2.056812574598524
 30
0.0
 10
28.31440718619792
 20
1.968395907931856
 30
0.0
  0
SPLINE
  5
1E7D
330
250
100
AcDbEntity
  8
0
370
   158
100
AcDbSpline
210
0.0
220
0.0
230
1.0
 70
     8
 71
     3
 72
     8
 73
     4
 74
     0
 42
0.000000001
 43
0.0000000001
 40
0.0
 40
0.0
 40
0.0
 40
0.0
 40
1.0
 40
1.0
 40
1.0
 40
1.0
 10
28.31440718619792
 20
1.968395907931856
 30
0.0
 10
28.21508772786458
 20
1.8799653523763
 30
0.0
 10
28.0893238389757
 20
1.835757019042968
 30
0.0
 10
27.93714328342014
 20
1.835757019042968
 30
0.0
  0
SPLINE
  5
1E7E
330
250
100
AcDbEntity
  8
0
370
   158
100
AcDbSpline
210
0.0
220
0.0
230
1.0
 70
     8
 71
     3
 72
     8
 73
     4
 74
     0
 42
0.000000001
 43
0.0000000001
 40
0.0
 40
0.0
 40
0.0
 40
0.0
 40
1.0
 40
1.0
 40
1.0
 40
1.0
 10
30.30725651041667
 20
2.044520907931856
 30
0.0
 10
30.38836762152778
 20
2.044520907931856
 30
0.0
 10
30.45585373263889
 20
2.069118130154079
 30
0.0
 10
30.50943705208333
 20
2.118437574598524
 30
0.0
  0
SPLINE
  5
1E7F
330
250
100
AcDbEntity
  8
0
370
   158
100
AcDbSpline
210
0.0
220
0.0
230
1.0
 70
     8
 71
     3
 72
     8
 73
     4
 74
     0
 42
0.000000001
 43
0.0000000001
 40
0.0
 40
0.0
 40
0.0
 40
0.0
 40
1.0
 40
1.0
 40
1.0
 40
1.0
 10
30.50943705208333
 20
2.118437574598524
 30
0.0
 10
30.56308984375
 20
2.167715352376301
 30
0.0
 10
30.58995095486111
 20
2.230007019042968
 30
0.0
 10
30.58995095486111
 20
2.305465352376301
 30
0.0
  0
SPLINE
  5
1E80
330
250
100
AcDbEntity
  8
0
370
   158
100
AcDbSpline
210
0.0
220
0.0
230
1.0
 70
     8
 71
     3
 72
     8
 73
     4
 74
     0
 42
0.000000001
 43
0.0000000001
 40
0.0
 40
0.0
 40
0.0
 40
0.0
 40
1.0
 40
1.0
 40
1.0
 40
1.0
 10
30.58995095486111
 20
2.305465352376301
 30
0.0
 10
30.58995095486111
 20
2.379395907931856
 30
0.0
 10
30.56308984375
 20
2.44060424126519
 30
0.0
 10
30.50943705208333
 20
2.489201435709634
 30
0.0
  0
SPLINE
  5
1E81
330
250
100
AcDbEntity
  8
0
370
   158
100
AcDbSpline
210
0.0
220
0.0
230
1.0
 70
     8
 71
     3
 72
     8
 73
     4
 74
     0
 42
0.000000001
 43
0.0000000001
 40
0.0
 40
0.0
 40
0.0
 40
0.0
 40
1.0
 40
1.0
 40
1.0
 40
1.0
 10
30.50943705208333
 20
2.489201435709634
 30
0.0
 10
30.45585373263889
 20
2.537743144042968
 30
0.0
 10
30.38770095486111
 20
2.562034824598523
 30
0.0
 10
30.30513151041667
 20
2.562034824598523
 30
0.0
  0
SPLINE
  5
1E82
330
250
100
AcDbEntity
  8
0
370
   158
100
AcDbSpline
210
0.0
220
0.0
230
1.0
 70
     8
 71
     3
 72
     8
 73
     4
 74
     0
 42
0.000000001
 43
0.0000000001
 40
0.0
 40
0.0
 40
0.0
 40
0.0
 40
1.0
 40
1.0
 40
1.0
 40
1.0
 10
30.30945095486111
 20
2.770798685709634
 30
0.0
 10
30.46163151041667
 20
2.770798685709634
 30
0.0
 10
30.58739539930556
 20
2.726520907931857
 30
0.0
 10
30.68671485763889
 20
2.638159810709634
 30
0.0
  0
SPLINE
  5
1E83
330
250
100
AcDbEntity
  8
0
370
   158
100
AcDbSpline
210
0.0
220
0.0
230
1.0
 70
     8
 71
     3
 72
     8
 73
     4
 74
     0
 42
0.000000001
 43
0.0000000001
 40
0.0
 40
0.0
 40
0.0
 40
0.0
 40
1.0
 40
1.0
 40
1.0
 40
1.0
 10
30.68671485763889
 20
2.638159810709634
 30
0.0
 10
30.78597874652778
 20
2.54972924126519
 30
0.0
 10
30.83567317708333
 20
2.4381042273763
 30
0.0
 10
30.83567317708333
 20
2.303270894042968
 30
0.0
  0
SPLINE
  5
1E84
330
250
100
AcDbEntity
  8
0
370
   158
100
AcDbSpline
210
0.0
220
0.0
230
1.0
 70
     8
 71
     3
 72
     8
 73
     4
 74
     0
 42
0.000000001
 43
0.0000000001
 40
0.0
 40
0.0
 40
0.0
 40
0.0
 40
1.0
 40
1.0
 40
1.0
 40
1.0
 10
30.83567317708333
 20
2.303270894042968
 30
0.0
 10
30.83567317708333
 20
2.168451463487413
 30
0.0
 10
30.78597874652778
 20
2.056812574598524
 30
0.0
 10
30.68671485763889
 20
1.968395907931856
 30
0.0
  0
SPLINE
  5
1E85
330
250
100
AcDbEntity
  8
0
370
   158
100
AcDbSpline
210
0.0
220
0.0
230
1.0
 70
     8
 71
     3
 72
     8
 73
     4
 74
     0
 42
0.000000001
 43
0.0000000001
 40
0.0
 40
0.0
 40
0.0
 40
0.0
 40
1.0
 40
1.0
 40
1.0
 40
1.0
 10
30.68671485763889
 20
1.968395907931856
 30
0.0
 10
30.58739539930556
 20
1.8799653523763
 30
0.0
 10
30.46163151041667
 20
1.835757019042968
 30
0.0
 10
30.30945095486111
 20
1.835757019042968
 30
0.0
  0
SPLINE
  5
1E86
330
250
100
AcDbEntity
  8
0
370
   158
100
AcDbSpline
210
0.0
220
0.0
230
1.0
 70
     8
 71
     3
 72
     8
 73
     4
 74
     0
 42
0.000000001
 43
0.0000000001
 40
0.0
 40
0.0
 40
0.0
 40
0.0
 40
1.0
 40
1.0
 40
1.0
 40
1.0
 10
17.75639577907986
 20
0.484876504163954
 30
0.0
 10
17.8013402235243
 20
0.484876504163954
 30
0.0
 10
17.8368402235243
 20
0.4971820458306208
 30
0.0
 10
17.86290966796875
 20
0.5218486986083986
 30
0.0
  0
SPLINE
  5
1E87
330
250
100
AcDbEntity
  8
0
370
   158
100
AcDbSpline
210
0.0
220
0.0
230
1.0
 70
     8
 71
     3
 72
     8
 73
     4
 74
     0
 42
0.000000001
 43
0.0000000001
 40
0.0
 40
0.0
 40
0.0
 40
0.0
 40
1.0
 40
1.0
 40
1.0
 40
1.0
 10
17.86290966796875
 20
0.5218486986083986
 30
0.0
 10
17.88903466796875
 20
0.5464459347195097
 30
0.0
 10
17.90206244574653
 20
0.5783626013861764
 30
0.0
 10
17.90206244574653
 20
0.6175153791639541
 30
0.0
  0
SPLINE
  5
1E88
330
250
100
AcDbEntity
  8
0
370
   158
100
AcDbSpline
210
0.0
220
0.0
230
1.0
 70
     8
 71
     3
 72
     8
 73
     4
 74
     0
 42
0.000000001
 43
0.0000000001
 40
0.0
 40
0.0
 40
0.0
 40
0.0
 40
1.0
 40
1.0
 40
1.0
 40
1.0
 10
17.90206244574653
 20
0.6175153791639541
 30
0.0
 10
17.90206244574653
 20
0.6580709347195098
 30
0.0
 10
17.88793744574653
 20
0.6918209347195096
 30
0.0
 10
17.85967355685764
 20
0.7186126013861763
 30
0.0
  0
SPLINE
  5
1E89
330
250
100
AcDbEntity
  8
0
370
   158
100
AcDbSpline
210
0.0
220
0.0
230
1.0
 70
     8
 71
     3
 72
     8
 73
     4
 74
     0
 42
0.000000001
 43
0.0000000001
 40
0.0
 40
0.0
 40
0.0
 40
0.0
 40
1.0
 40
1.0
 40
1.0
 40
1.0
 10
17.85967355685764
 20
0.7186126013861763
 30
0.0
 10
17.83142355685764
 20
0.7454042680528429
 30
0.0
 10
17.79409022352431
 20
0.7588626013861762
 30
0.0
 10
17.74768744574653
 20
0.7588626013861762
 30
0.0
  0
SPLINE
  5
1E8A
330
250
100
AcDbEntity
  8
0
370
   158
100
AcDbSpline
210
0.0
220
0.0
230
1.0
 70
     8
 71
     3
 72
     8
 73
     4
 74
     0
 42
0.000000001
 43
0.0000000001
 40
0.0
 40
0.0
 40
0.0
 40
0.0
 40
1.0
 40
1.0
 40
1.0
 40
1.0
 10
17.74768744574653
 20
0.969765379163954
 30
0.0
 10
17.86802077907986
 20
0.969765379163954
 30
0.0
 10
17.96472911241319
 20
0.937473712497287
 30
0.0
 10
18.03799300130208
 20
0.8729876013861762
 30
0.0
  0
SPLINE
  5
1E8B
330
250
100
AcDbEntity
  8
0
370
   158
100
AcDbSpline
210
0.0
220
0.0
230
1.0
 70
     8
 71
     3
 72
     8
 73
     4
 74
     0
 42
0.000000001
 43
0.0000000001
 40
0.0
 40
0.0
 40
0.0
 40
0.0
 40
1.0
 40
1.0
 40
1.0
 40
1.0
 10
18.03799300130208
 20
0.8729876013861762
 30
0.0
 10
18.11118745963542
 20
0.8084876013861761
 30
0.0
 10
18.14779857074652
 20
0.7247653791639542
 30
0.0
 10
18.14779857074652
 20
0.621904268052843
 30
0.0
  0
SPLINE
  5
1E8C
330
250
100
AcDbEntity
  8
0
370
   158
100
AcDbSpline
210
0.0
220
0.0
230
1.0
 70
     8
 71
     3
 72
     8
 73
     4
 74
     0
 42
0.000000001
 43
0.0000000001
 40
0.0
 40
0.0
 40
0.0
 40
0.0
 40
1.0
 40
1.0
 40
1.0
 40
1.0
 10
18.14779857074652
 20
0.621904268052843
 30
0.0
 10
18.14779857074652
 20
0.5189320458306207
 30
0.0
 10
18.11222911241319
 20
0.4351820458306209
 30
0.0
 10
18.04128466796875
 20
0.3706959347195096
 30
0.0
  0
SPLINE
  5
1E8D
330
250
100
AcDbEntity
  8
0
370
   158
100
AcDbSpline
210
0.0
220
0.0
230
1.0
 70
     8
 71
     3
 72
     8
 73
     4
 74
     0
 42
0.000000001
 43
0.0000000001
 40
0.0
 40
0.0
 40
0.0
 40
0.0
 40
1.0
 40
1.0
 40
1.0
 40
1.0
 10
18.04128466796875
 20
0.3706959347195096
 30
0.0
 10
17.97021520963541
 20
0.3061959486083984
 30
0.0
 10
17.87527077907986
 20
0.2739320319417319
 30
0.0
 10
17.75639577907986
 20
0.2739320319417319
 30
0.0
  0
SPLINE
  5
1E8E
330
250
100
AcDbEntity
  8
0
370
   158
100
AcDbSpline
210
0.0
220
0.0
230
1.0
 70
     8
 71
     3
 72
     8
 73
     4
 74
     0
 42
0.000000001
 43
0.0000000001
 40
0.0
 40
0.0
 40
0.0
 40
0.0
 40
1.0
 40
1.0
 40
1.0
 40
1.0
 10
23.30926513671875
 20
12.15991804334852
 30
0.0
 10
23.75900126171875
 20
12.15991804334852
 30
0.0
 10
24.01605680338542
 20
12.4554596961263
 30
0.0
 10
24.01605680338542
 20
12.87955691834852
 30
0.0
  0
SPLINE
  5
1E8F
330
250
100
AcDbEntity
  8
0
370
   158
100
AcDbSpline
210
0.0
220
0.0
230
1.0
 70
     8
 71
     3
 72
     8
 73
     4
 74
     0
 42
0.000000001
 43
0.0000000001
 40
0.0
 40
0.0
 40
0.0
 40
0.0
 40
1.0
 40
1.0
 40
1.0
 40
1.0
 10
24.01605680338542
 20
12.87955691834852
 30
0.0
 10
24.01605680338542
 20
13.39964029334852
 30
0.0
 10
23.52289013671875
 20
13.63195971001519
 30
0.0
 10
23.03016792838542
 20
13.47259859890408
 30
0.0
  0
SPLINE
  5
1E90
330
250
100
AcDbEntity
  8
0
370
   158
100
AcDbSpline
210
0.0
220
0.0
230
1.0
 70
     8
 71
     3
 72
     8
 73
     4
 74
     0
 42
0.000000001
 43
0.0000000001
 40
0.0
 40
0.0
 40
0.0
 40
0.0
 40
1.0
 40
1.0
 40
1.0
 40
1.0
 10
22.65922345616319
 20
13.04684861279297
 30
0.0
 10
22.56154292838542
 20
12.51330693223741
 30
0.0
 10
22.86804291449653
 20
12.15991804334852
 30
0.0
 10
23.30926513671875
 20
12.15991804334852
 30
0.0
  0
SPLINE
  5
1E91
330
250
100
AcDbEntity
  8
0
370
   158
100
AcDbSpline
210
0.0
220
0.0
230
1.0
 70
     8
 71
     3
 72
     8
 73
     4
 74
     0
 42
0.000000001
 43
0.0000000001
 40
0.0
 40
0.0
 40
0.0
 40
0.0
 40
1.0
 40
1.0
 40
1.0
 40
1.0
 10
18.8310546875
 20
13.62469482421875
 30
0.0
 10
19.29370747916667
 20
13.62469482421875
 30
0.0
 10
19.58930471527778
 20
13.32908371310764
 30
0.0
 10
19.58930471527778
 20
12.85358371310764
 30
0.0
  0
SPLINE
  5
1E92
330
250
100
AcDbEntity
  8
0
370
   158
100
AcDbSpline
210
0.0
220
0.0
230
1.0
 70
     8
 71
     3
 72
     8
 73
     4
 74
     0
 42
0.000000001
 43
0.0000000001
 40
0.0
 40
0.0
 40
0.0
 40
0.0
 40
1.0
 40
1.0
 40
1.0
 40
1.0
 10
19.58930471527778
 20
12.85358371310764
 30
0.0
 10
19.58930471527778
 20
11.73554208810764
 30
0.0
 10
18.26561021527778
 20
10.69459767144097
 30
0.0
 10
17.1989574375
 20
10.37329207421875
 30
0.0
  0
SPLINE
  5
1E93
330
250
100
AcDbEntity
  8
0
370
   158
100
AcDbSpline
210
0.0
220
0.0
230
1.0
 70
     8
 71
     3
 72
     8
 73
     4
 74
     0
 42
0.000000001
 43
0.0000000001
 40
0.0
 40
0.0
 40
0.0
 40
0.0
 40
1.0
 40
1.0
 40
1.0
 40
1.0
 10
17.1989574375
 20
10.37329207421875
 30
0.0
 10
17.25036027083333
 20
12.14679208810764
 30
0.0
 10
17.76441584027778
 20
13.62469482421875
 30
0.0
 10
18.8310546875
 20
13.62469482421875
 30
0.0
  0
SPLINE
  5
1E94
330
250
100
AcDbEntity
  8
0
370
   158
100
AcDbSpline
210
0.0
220
0.0
230
1.0
 70
     8
 71
     3
 72
     8
 73
     4
 74
     0
 42
0.000000001
 43
0.0000000001
 40
0.0
 40
0.0
 40
0.0
 40
0.0
 40
1.0
 40
1.0
 40
1.0
 40
1.0
 10
22.98795742361111
 20
11.16936153255208
 30
0.0
 10
22.77681859027778
 20
11.16936153255208
 30
0.0
 10
22.73029072916667
 20
10.98301421310764
 30
0.0
 10
22.62511020138889
 20
10.83929210199652
 30
0.0
  0
SPLINE
  5
1E95
330
250
100
AcDbEntity
  8
0
370
   158
100
AcDbSpline
210
0.0
220
0.0
230
1.0
 70
     8
 71
     3
 72
     8
 73
     4
 74
     0
 42
0.000000001
 43
0.0000000001
 40
0.0
 40
0.0
 40
0.0
 40
0.0
 40
1.0
 40
1.0
 40
1.0
 40
1.0
 10
22.62511020138889
 20
10.83929210199652
 30
0.0
 10
22.47323524305556
 20
10.63181982421875
 30
0.0
 10
22.28334638194445
 20
10.4533197547743
 30
0.0
 10
22.05588807638889
 20
10.33115322699653
 30
0.0
  0
SPLINE
  5
1E96
330
250
100
AcDbEntity
  8
0
370
   158
100
AcDbSpline
210
0.0
220
0.0
230
1.0
 70
     8
 71
     3
 72
     8
 73
     4
 74
     0
 42
0.000000001
 43
0.0000000001
 40
0.0
 40
0.0
 40
0.0
 40
0.0
 40
1.0
 40
1.0
 40
1.0
 40
1.0
 10
21.30519357638889
 20
10.20752822699653
 30
0.0
 10
20.65290196527778
 20
10.31038919921875
 30
0.0
 10
20.24323527083334
 20
10.48377821310764
 30
0.0
 10
20.13751304861111
 20
10.48377821310764
 30
0.0
  0
SPLINE
  5
1E97
330
250
100
AcDbEntity
  8
0
370
   158
100
AcDbSpline
210
0.0
220
0.0
230
1.0
 70
     8
 71
     3
 72
     8
 73
     4
 74
     0
 42
0.000000001
 43
0.0000000001
 40
0.0
 40
0.0
 40
0.0
 40
0.0
 40
1.0
 40
1.0
 40
1.0
 40
1.0
 10
20.13751304861111
 20
10.48377821310764
 30
0.0
 10
19.98709636805555
 20
10.48377821310764
 30
0.0
 10
19.64880465972222
 20
9.894944935329858
 30
0.0
 10
19.64880465972222
 20
9.744514463107636
 30
0.0
  0
SPLINE
  5
1E98
330
250
100
AcDbEntity
  8
0
370
   158
100
AcDbSpline
210
0.0
220
0.0
230
1.0
 70
     8
 71
     3
 72
     8
 73
     4
 74
     0
 42
0.000000001
 43
0.0000000001
 40
0.0
 40
0.0
 40
0.0
 40
0.0
 40
1.0
 40
1.0
 40
1.0
 40
1.0
 10
19.64880465972222
 20
9.744514463107636
 30
0.0
 10
19.64880465972222
 20
9.669361532552084
 30
0.0
 10
19.68644359027778
 20
9.631736338107641
 30
0.0
 10
19.73655467361111
 20
9.606764476996527
 30
0.0
  0
SPLINE
  5
1E99
330
250
100
AcDbEntity
  8
0
370
   158
100
AcDbSpline
210
0.0
220
0.0
230
1.0
 70
     8
 71
     3
 72
     8
 73
     4
 74
     0
 42
0.000000001
 43
0.0000000001
 40
0.0
 40
0.0
 40
0.0
 40
0.0
 40
1.0
 40
1.0
 40
1.0
 40
1.0
 10
19.73655467361111
 20
9.606764476996527
 30
0.0
 10
19.99958250694444
 20
9.475458782552083
 30
0.0
 10
20.20913802083333
 20
9.346236338107637
 30
0.0
 10
20.37965192361111
 20
9.095097435329858
 30
0.0
  0
SPLINE
  5
1E9A
330
250
100
AcDbEntity
  8
0
370
   158
100
AcDbSpline
210
0.0
220
0.0
230
1.0
 70
     8
 71
     3
 72
     8
 73
     4
 74
     0
 42
0.000000001
 43
0.0000000001
 40
0.0
 40
0.0
 40
0.0
 40
0.0
 40
1.0
 40
1.0
 40
1.0
 40
1.0
 10
20.37965192361111
 20
9.095097435329858
 30
0.0
 10
20.55815188194444
 20
8.832305907552083
 30
0.0
 10
20.63024922916667
 20
8.480806143663192
 30
0.0
 10
20.63024922916667
 20
8.162847726996528
 30
0.0
  0
SPLINE
  5
1E9B
330
250
100
AcDbEntity
  8
0
370
   158
100
AcDbSpline
210
0.0
220
0.0
230
1.0
 70
     8
 71
     3
 72
     8
 73
     4
 74
     0
 42
0.000000001
 43
0.0000000001
 40
0.0
 40
0.0
 40
0.0
 40
0.0
 40
1.0
 40
1.0
 40
1.0
 40
1.0
 10
20.63024922916667
 20
8.162847726996528
 30
0.0
 10
20.63024922916667
 20
7.147597421440972
 30
0.0
 10
19.94909636805555
 20
6.376569963107637
 30
0.0
 10
18.97245746527778
 20
6.376569963107637
 30
0.0
  0
SPLINE
  5
1E9C
330
250
100
AcDbEntity
  8
0
370
   158
100
AcDbSpline
210
0.0
220
0.0
230
1.0
 70
     8
 71
     3
 72
     8
 73
     4
 74
     0
 42
0.000000001
 43
0.0000000001
 40
0.0
 40
0.0
 40
0.0
 40
0.0
 40
1.0
 40
1.0
 40
1.0
 40
1.0
 10
18.97245746527778
 20
6.376569963107637
 30
0.0
 10
17.79011027083333
 20
6.376569963107637
 30
0.0
 10
17.1989574375
 20
7.468903018663192
 30
0.0
 10
17.1989574375
 20
8.805458921440971
 30
0.0
  0
SPLINE
  5
1E9D
330
250
100
AcDbEntity
  8
0
370
   158
100
AcDbSpline
210
0.0
220
0.0
230
1.0
 70
     8
 71
     3
 72
     8
 73
     4
 74
     0
 42
0.000000001
 43
0.0000000001
 40
0.0
 40
0.0
 40
0.0
 40
0.0
 40
1.0
 40
1.0
 40
1.0
 40
1.0
 10
17.1989574375
 20
9.396597546440972
 30
0.0
 10
18.77965190972222
 20
9.820694824218751
 30
0.0
 10
20.5917074375
 20
11.2086531297743
 30
0.0
 10
20.5917074375
 20
12.85358371310764
 30
0.0
  0
SPLINE
  5
1E9E
330
250
100
AcDbEntity
  8
0
370
   158
100
AcDbSpline
210
0.0
220
0.0
230
1.0
 70
     8
 71
     3
 72
     8
 73
     4
 74
     0
 42
0.000000001
 43
0.0000000001
 40
0.0
 40
0.0
 40
0.0
 40
0.0
 40
1.0
 40
1.0
 40
1.0
 40
1.0
 10
20.5917074375
 20
12.85358371310764
 30
0.0
 10
20.5917074375
 20
13.84313926866319
 30
0.0
 10
19.87199910416666
 20
14.55000040755208
 30
0.0
 10
18.86959635416667
 20
14.55000040755208
 30
0.0
  0
SPLINE
  5
1E9F
330
250
100
AcDbEntity
  8
0
370
   158
100
AcDbSpline
210
0.0
220
0.0
230
1.0
 70
     8
 71
     3
 72
     8
 73
     4
 74
     0
 42
0.000000001
 43
0.0000000001
 40
0.0
 40
0.0
 40
0.0
 40
0.0
 40
1.0
 40
1.0
 40
1.0
 40
1.0
 10
18.86959635416667
 20
14.55000040755208
 30
0.0
 10
16.85195753472222
 20
14.55000040755208
 30
0.0
 10
16.14516575694444
 20
12.3009865047743
 30
0.0
 10
16.14516575694444
 20
10.09059757421875
 30
0.0
  0
SPLINE
  5
1EA0
330
250
100
AcDbEntity
  8
0
370
   158
100
AcDbSpline
210
0.0
220
0.0
230
1.0
 70
     8
 71
     3
 72
     8
 73
     4
 74
     0
 42
0.000000001
 43
0.0000000001
 40
0.0
 40
0.0
 40
0.0
 40
0.0
 40
1.0
 40
1.0
 40
1.0
 40
1.0
 10
16.14516575694444
 20
8.715514282552081
 30
0.0
 10
16.14516575694444
 20
6.852055865885417
 30
0.0
 10
17.10901302083333
 20
5.412708713107638
 30
0.0
 10
18.90815190972222
 20
5.412708713107638
 30
0.0
  0
SPLINE
  5
1EA1
330
250
100
AcDbEntity
  8
0
370
   158
100
AcDbSpline
210
0.0
220
0.0
230
1.0
 70
     8
 71
     3
 72
     8
 73
     4
 74
     0
 42
0.000000001
 43
0.0000000001
 40
0.0
 40
0.0
 40
0.0
 40
0.0
 40
1.0
 40
1.0
 40
1.0
 40
1.0
 10
18.90815190972222
 20
5.412708713107638
 30
0.0
 10
20.52745745138889
 20
5.412708713107638
 30
0.0
 10
21.72259627083333
 20
6.517917213107637
 30
0.0
 10
21.72259627083333
 20
8.175764296440974
 30
0.0
  0
SPLINE
  5
1EA2
330
250
100
AcDbEntity
  8
0
370
   158
100
AcDbSpline
210
0.0
220
0.0
230
1.0
 70
     8
 71
     3
 72
     8
 73
     4
 74
     0
 42
0.000000001
 43
0.0000000001
 40
0.0
 40
0.0
 40
0.0
 40
0.0
 40
1.0
 40
1.0
 40
1.0
 40
1.0
 10
21.66759639583333
 20
8.700472518663191
 30
0.0
 10
21.66651302083333
 20
8.705639310329861
 30
0.0
 10
21.66572125694445
 20
8.711000226996528
 30
0.0
 10
21.66431850694444
 20
8.716181018663192
 30
0.0
  0
SPLINE
  5
1EA3
330
250
100
AcDbEntity
  8
0
370
   158
100
AcDbSpline
210
0.0
220
0.0
230
1.0
 70
     8
 71
     3
 72
     8
 73
     4
 74
     0
 42
0.000000001
 43
0.0000000001
 40
0.0
 40
0.0
 40
0.0
 40
0.0
 40
1.0
 40
1.0
 40
1.0
 40
1.0
 10
23.88755459027778
 20
10.91237533810764
 30
0.0
 10
23.88755459027778
 20
11.10512542144097
 30
0.0
 10
23.79761038194445
 20
11.16936153255208
 30
0.0
 10
23.63055461805556
 20
11.16936153255208
 30
0.0
  0
SPLINE
  5
1EA4
330
250
100
AcDbEntity
  8
0
370
   158
100
AcDbSpline
210
0.0
220
0.0
230
1.0
 70
     8
 71
     3
 72
     8
 73
     4
 74
     0
 42
0.000000001
 43
0.0000000001
 40
0.0
 40
0.0
 40
0.0
 40
0.0
 40
1.0
 40
1.0
 40
1.0
 40
1.0
 10
14.45654975043402
 20
8.36526150173611
 30
0.0
 10
14.45654975043402
 20
7.239483723958332
 30
0.0
 10
13.61717473654514
 20
6.390553154513886
 30
0.0
 10
12.50406370876736
 20
6.390553154513886
 30
0.0
  0
SPLINE
  5
1EA5
330
250
100
AcDbEntity
  8
0
370
   158
100
AcDbSpline
210
0.0
220
0.0
230
1.0
 70
     8
 71
     3
 72
     8
 73
     4
 74
     0
 42
0.000000001
 43
0.0000000001
 40
0.0
 40
0.0
 40
0.0
 40
0.0
 40
1.0
 40
1.0
 40
1.0
 40
1.0
 10
12.50406370876736
 20
6.390553154513886
 30
0.0
 10
11.38461918098958
 20
6.390553154513886
 30
0.0
 10
10.5404942782118
 20
7.239483723958332
 30
0.0
 10
10.5404942782118
 20
8.36526150173611
 30
0.0
  0
SPLINE
  5
1EA6
330
250
100
AcDbEntity
  8
0
370
   158
100
AcDbSpline
210
0.0
220
0.0
230
1.0
 70
     8
 71
     3
 72
     8
 73
     4
 74
     0
 42
0.000000001
 43
0.0000000001
 40
0.0
 40
0.0
 40
0.0
 40
0.0
 40
1.0
 40
1.0
 40
1.0
 40
1.0
 10
10.5404942782118
 20
8.36526150173611
 30
0.0
 10
10.5404942782118
 20
9.491039279513886
 30
0.0
 10
11.38461918098958
 20
10.33990033506944
 30
0.0
 10
12.50406370876736
 20
10.33990033506944
 30
0.0
  0
SPLINE
  5
1EA7
330
250
100
AcDbEntity
  8
0
370
   158
100
AcDbSpline
210
0.0
220
0.0
230
1.0
 70
     8
 71
     3
 72
     8
 73
     4
 74
     0
 42
0.000000001
 43
0.0000000001
 40
0.0
 40
0.0
 40
0.0
 40
0.0
 40
1.0
 40
1.0
 40
1.0
 40
1.0
 10
12.50406370876736
 20
10.33990033506944
 30
0.0
 10
13.61717473654514
 20
10.33990033506944
 30
0.0
 10
14.45654975043402
 20
9.491039279513886
 30
0.0
 10
14.45654975043402
 20
8.36526150173611
 30
0.0
  0
SPLINE
  5
1EA8
330
250
100
AcDbEntity
  8
0
370
   158
100
AcDbSpline
210
0.0
220
0.0
230
1.0
 70
     8
 71
     3
 72
     8
 73
     4
 74
     0
 42
0.000000001
 43
0.0000000001
 40
0.0
 40
0.0
 40
0.0
 40
0.0
 40
1.0
 40
1.0
 40
1.0
 40
1.0
 10
12.50406370876736
 20
11.39784473784722
 30
0.0
 10
10.74359130598958
 20
11.39784473784722
 30
0.0
 10
9.416008000434022
 20
10.09412257118055
 30
0.0
 10
9.416008000434022
 20
8.36526150173611
 30
0.0
  0
SPLINE
  5
1EA9
330
250
100
AcDbEntity
  8
0
370
   158
100
AcDbSpline
210
0.0
220
0.0
230
1.0
 70
     8
 71
     3
 72
     8
 73
     4
 74
     0
 42
0.000000001
 43
0.0000000001
 40
0.0
 40
0.0
 40
0.0
 40
0.0
 40
1.0
 40
1.0
 40
1.0
 40
1.0
 10
9.416008000434022
 20
8.36526150173611
 30
0.0
 10
9.416008000434022
 20
6.636400432291666
 30
0.0
 10
10.74359130598958
 20
5.332678265624998
 30
0.0
 10
12.50406370876736
 20
5.332678265624998
 30
0.0
  0
SPLINE
  5
1EAA
330
250
100
AcDbEntity
  8
0
370
   158
100
AcDbSpline
210
0.0
220
0.0
230
1.0
 70
     8
 71
     3
 72
     8
 73
     4
 74
     0
 42
0.000000001
 43
0.0000000001
 40
0.0
 40
0.0
 40
0.0
 40
0.0
 40
1.0
 40
1.0
 40
1.0
 40
1.0
 10
12.50406370876736
 20
5.332678265624998
 30
0.0
 10
13.34934138932291
 20
5.332678265624998
 30
0.0
 10
14.12829973654513
 20
5.641303168402777
 30
0.0
 10
14.69746643098958
 20
6.201636418402777
 30
0.0
  0
SPLINE
  5
1EAB
330
250
100
AcDbEntity
  8
0
370
   158
100
AcDbSpline
210
0.0
220
0.0
230
1.0
 70
     8
 71
     3
 72
     8
 73
     4
 74
     0
 42
0.000000001
 43
0.0000000001
 40
0.0
 40
0.0
 40
0.0
 40
0.0
 40
1.0
 40
1.0
 40
1.0
 40
1.0
 10
14.69746643098958
 20
6.201636418402777
 30
0.0
 10
15.26723029210069
 20
6.762580973958332
 30
0.0
 10
15.58104970876736
 20
7.531011473958332
 30
0.0
 10
15.58104970876736
 20
8.36526150173611
 30
0.0
  0
SPLINE
  5
1EAC
330
250
100
AcDbEntity
  8
0
370
   158
100
AcDbSpline
210
0.0
220
0.0
230
1.0
 70
     8
 71
     3
 72
     8
 73
     4
 74
     0
 42
0.000000001
 43
0.0000000001
 40
0.0
 40
0.0
 40
0.0
 40
0.0
 40
1.0
 40
1.0
 40
1.0
 40
1.0
 10
15.58104970876736
 20
8.36526150173611
 30
0.0
 10
15.58104970876736
 20
9.199511529513886
 30
0.0
 10
15.26723029210069
 20
9.967942029513887
 30
0.0
 10
14.69746643098958
 20
10.52887259895833
 30
0.0
  0
SPLINE
  5
1EAD
330
250
100
AcDbEntity
  8
0
370
   158
100
AcDbSpline
210
0.0
220
0.0
230
1.0
 70
     8
 71
     3
 72
     8
 73
     4
 74
     0
 42
0.000000001
 43
0.0000000001
 40
0.0
 40
0.0
 40
0.0
 40
0.0
 40
1.0
 40
1.0
 40
1.0
 40
1.0
 10
14.69746643098958
 20
10.52887259895833
 30
0.0
 10
14.12829973654513
 20
11.08920584895833
 30
0.0
 10
13.34934138932291
 20
11.39784473784722
 30
0.0
 10
12.50406370876736
 20
11.39784473784722
 30
0.0
  0
SPLINE
  5
1EAE
330
250
100
AcDbEntity
  8
0
370
   158
100
AcDbSpline
210
0.0
220
0.0
230
1.0
 70
     8
 71
     3
 72
     8
 73
     4
 74
     0
 42
0.000000001
 43
0.0000000001
 40
0.0
 40
0.0
 40
0.0
 40
0.0
 40
1.0
 40
1.0
 40
1.0
 40
1.0
 10
27.81051296657986
 20
9.095403883192274
 30
0.0
 10
27.57774906380209
 20
9.42054277208116
 30
0.0
 10
27.41362407769097
 20
9.919181660970052
 30
0.0
 10
27.55022131380208
 20
10.11497328597005
 30
0.0
  0
SPLINE
  5
1EAF
330
250
100
AcDbEntity
  8
0
370
   158
100
AcDbSpline
210
0.0
220
0.0
230
1.0
 70
     8
 71
     3
 72
     8
 73
     4
 74
     0
 42
0.000000001
 43
0.0000000001
 40
0.0
 40
0.0
 40
0.0
 40
0.0
 40
1.0
 40
1.0
 40
1.0
 40
1.0
 10
27.55022131380208
 20
10.11497328597005
 30
0.0
 10
27.5860962860243
 20
10.16636223041449
 30
0.0
 10
27.68536018880209
 20
10.25729274430338
 30
0.0
 10
27.94795741102431
 20
10.28932052208116
 30
0.0
  0
SPLINE
  5
1EB0
330
250
100
AcDbEntity
  8
0
370
   158
100
AcDbSpline
210
0.0
220
0.0
230
1.0
 70
     8
 71
     3
 72
     8
 73
     4
 74
     0
 42
0.000000001
 43
0.0000000001
 40
0.0
 40
0.0
 40
0.0
 40
0.0
 40
1.0
 40
1.0
 40
1.0
 40
1.0
 10
28.03669352213542
 20
10.29475106374783
 30
0.0
 10
28.57155460546875
 20
10.29475106374783
 30
0.0
 10
29.03524907769097
 20
9.720348299858939
 30
0.0
 10
29.12677691102431
 20
9.599515008192273
 30
0.0
  0
SPLINE
  5
1EB1
330
250
100
AcDbEntity
  8
0
370
   158
100
AcDbSpline
210
0.0
220
0.0
230
1.0
 70
     8
 71
     3
 72
     8
 73
     4
 74
     0
 42
0.000000001
 43
0.0000000001
 40
0.0
 40
0.0
 40
0.0
 40
0.0
 40
1.0
 40
1.0
 40
1.0
 40
1.0
 10
29.12677691102431
 20
9.599515008192273
 30
0.0
 10
29.44461017491319
 20
9.180181660970053
 30
0.0
 10
29.50477685546875
 20
8.702973341525607
 30
0.0
 10
29.5039296749132
 20
8.397862216525606
 30
0.0
  0
SPLINE
  5
1EB2
330
250
100
AcDbEntity
  8
0
370
   158
100
AcDbSpline
210
0.0
220
0.0
230
1.0
 70
     8
 71
     3
 72
     8
 73
     4
 74
     0
 42
0.000000001
 43
0.0000000001
 40
0.0
 40
0.0
 40
0.0
 40
0.0
 40
1.0
 40
1.0
 40
1.0
 40
1.0
 10
29.46440188324653
 20
8.398292758192273
 30
0.0
 10
29.02958245269097
 20
8.40322329985894
 30
0.0
 10
28.23649907769097
 20
8.500417758192272
 30
0.0
 10
27.81051296657986
 20
9.095403883192274
 30
0.0
  0
SPLINE
  5
1EB3
330
250
100
AcDbEntity
  8
0
370
   158
100
AcDbSpline
210
0.0
220
0.0
230
1.0
 70
     8
 71
     3
 72
     8
 73
     4
 74
     0
 42
0.000000001
 43
0.0000000001
 40
0.0
 40
0.0
 40
0.0
 40
0.0
 40
1.0
 40
1.0
 40
1.0
 40
1.0
 10
30.01937399435764
 20
10.27586216097005
 30
0.0
 10
29.79240184157986
 20
10.57536220263671
 30
0.0
 10
28.96247132769097
 20
11.54134835541449
 30
0.0
 10
27.8120962999132
 20
11.40097342485894
 30
0.0
  0
SPLINE
  5
1EB4
330
250
100
AcDbEntity
  8
0
370
   158
100
AcDbSpline
210
0.0
220
0.0
230
1.0
 70
     8
 71
     3
 72
     8
 73
     4
 74
     0
 42
0.000000001
 43
0.0000000001
 40
0.0
 40
0.0
 40
0.0
 40
0.0
 40
1.0
 40
1.0
 40
1.0
 40
1.0
 10
27.8120962999132
 20
11.40097342485894
 30
0.0
 10
27.15244350824653
 20
11.32040384152561
 30
0.0
 10
26.80616568880208
 20
11.00568156374783
 30
0.0
 10
26.63187407769097
 20
10.7558067165256
 30
0.0
  0
SPLINE
  5
1EB5
330
250
100
AcDbEntity
  8
0
370
   158
100
AcDbSpline
210
0.0
220
0.0
230
1.0
 70
     8
 71
     3
 72
     8
 73
     4
 74
     0
 42
0.000000001
 43
0.0000000001
 40
0.0
 40
0.0
 40
0.0
 40
0.0
 40
1.0
 40
1.0
 40
1.0
 40
1.0
 10
26.63187407769097
 20
10.7558067165256
 30
0.0
 10
26.12641578602431
 20
10.03154277208116
 30
0.0
 10
26.46038796657987
 20
9.057514994303382
 30
0.0
 10
26.89988793880208
 20
8.44354279985894
 30
0.0
  0
SPLINE
  5
1EB6
330
250
100
AcDbEntity
  8
0
370
   158
100
AcDbSpline
210
0.0
220
0.0
230
1.0
 70
     8
 71
     3
 72
     8
 73
     4
 74
     0
 42
0.000000001
 43
0.0000000001
 40
0.0
 40
0.0
 40
0.0
 40
0.0
 40
1.0
 40
1.0
 40
1.0
 40
1.0
 10
26.89988793880208
 20
8.44354279985894
 30
0.0
 10
27.39463795269097
 20
7.75245942485894
 30
0.0
 10
28.22005463324653
 20
7.34589004985894
 30
0.0
 10
29.23895741102431
 20
7.286028966525607
 30
0.0
  0
SPLINE
  5
1EB7
330
250
100
AcDbEntity
  8
0
370
   158
100
AcDbSpline
210
0.0
220
0.0
230
1.0
 70
     8
 71
     3
 72
     8
 73
     4
 74
     0
 42
0.000000001
 43
0.0000000001
 40
0.0
 40
0.0
 40
0.0
 40
0.0
 40
1.0
 40
1.0
 40
1.0
 40
1.0
 10
29.23895741102431
 20
7.286028966525607
 30
0.0
 10
28.89937411935764
 20
6.739403827636718
 30
0.0
 10
28.29898516102431
 20
6.390570535970052
 30
0.0
 10
27.58573518880208
 20
6.390570535970052
 30
0.0
  0
SPLINE
  5
1EB8
330
250
100
AcDbEntity
  8
0
370
   158
100
AcDbSpline
210
0.0
220
0.0
230
1.0
 70
     8
 71
     3
 72
     8
 73
     4
 74
     0
 42
0.000000001
 43
0.0000000001
 40
0.0
 40
0.0
 40
0.0
 40
0.0
 40
1.0
 40
1.0
 40
1.0
 40
1.0
 10
27.58573518880208
 20
6.390570535970052
 30
0.0
 10
26.46634631380209
 20
6.390570535970052
 30
0.0
 10
25.62216567491319
 20
7.239501105414496
 30
0.0
 10
25.62216567491319
 20
8.365278883192273
 30
0.0
  0
SPLINE
  5
1EB9
330
250
100
AcDbEntity
  8
0
370
   158
100
AcDbSpline
210
0.0
220
0.0
230
1.0
 70
     8
 71
     3
 72
     8
 73
     4
 74
     0
 42
0.000000001
 43
0.0000000001
 40
0.0
 40
0.0
 40
0.0
 40
0.0
 40
1.0
 40
1.0
 40
1.0
 40
1.0
 10
24.49766582769097
 20
8.365278883192273
 30
0.0
 10
24.49766582769097
 20
6.636431591525607
 30
0.0
 10
25.82527691102431
 20
5.332695424858941
 30
0.0
 10
27.58573518880208
 20
5.332695424858941
 30
0.0
  0
SPLINE
  5
1EBA
330
250
100
AcDbEntity
  8
0
370
   158
100
AcDbSpline
210
0.0
220
0.0
230
1.0
 70
     8
 71
     3
 72
     8
 73
     4
 74
     0
 42
0.000000001
 43
0.0000000001
 40
0.0
 40
0.0
 40
0.0
 40
0.0
 40
1.0
 40
1.0
 40
1.0
 40
1.0
 10
27.58573518880208
 20
5.332695424858941
 30
0.0
 10
28.43101295269097
 20
5.332695424858941
 30
0.0
 10
29.20997132769097
 20
5.641265022081161
 30
0.0
 10
29.77912414713541
 20
6.201667785970052
 30
0.0
  0
SPLINE
  5
1EBB
330
250
100
AcDbEntity
  8
0
370
   158
100
AcDbSpline
210
0.0
220
0.0
230
1.0
 70
     8
 71
     3
 72
     8
 73
     4
 74
     0
 42
0.000000001
 43
0.0000000001
 40
0.0
 40
0.0
 40
0.0
 40
0.0
 40
1.0
 40
1.0
 40
1.0
 40
1.0
 10
8.750094943576387
 20
9.060255791232636
 30
0.0
 10
8.750094943576387
 20
9.692811332899305
 30
0.0
 10
8.549067165798611
 20
10.22964477734375
 30
0.0
 10
8.168747749131945
 20
10.6128807078993
 30
0.0
  0
SPLINE
  5
1EBC
330
250
100
AcDbEntity
  8
0
370
   158
100
AcDbSpline
210
0.0
220
0.0
230
1.0
 70
     8
 71
     3
 72
     8
 73
     4
 74
     0
 42
0.000000001
 43
0.0000000001
 40
0.0
 40
0.0
 40
0.0
 40
0.0
 40
1.0
 40
1.0
 40
1.0
 40
1.0
 10
8.168747749131945
 20
10.6128807078993
 30
0.0
 10
7.789219957465277
 20
10.99520026345486
 30
0.0
 10
7.258678221354165
 20
11.19726986067708
 30
0.0
 10
6.634455999131943
 20
11.19726986067708
 30
0.0
  0
SPLINE
  5
1EBD
330
250
100
AcDbEntity
  8
0
370
   158
100
AcDbSpline
210
0.0
220
0.0
230
1.0
 70
     8
 71
     3
 72
     8
 73
     4
 74
     0
 42
0.000000001
 43
0.0000000001
 40
0.0
 40
0.0
 40
0.0
 40
0.0
 40
1.0
 40
1.0
 40
1.0
 40
1.0
 10
6.634455999131943
 20
11.19726986067708
 30
0.0
 10
5.777317263020832
 20
11.19726986067708
 30
0.0
 10
5.087331138020832
 20
10.82803365234375
 30
0.0
 10
4.675525665798611
 20
10.15351973567708
 30
0.0
  0
SPLINE
  5
1EBE
330
250
100
AcDbEntity
  8
0
370
   158
100
AcDbSpline
210
0.0
220
0.0
230
1.0
 70
     8
 71
     3
 72
     8
 73
     4
 74
     0
 42
0.000000001
 43
0.0000000001
 40
0.0
 40
0.0
 40
0.0
 40
0.0
 40
1.0
 40
1.0
 40
1.0
 40
1.0
 10
4.675525665798611
 20
10.15351973567708
 30
0.0
 10
4.324567165798611
 20
10.81895023567708
 30
0.0
 10
3.653817068576389
 20
11.19726986067708
 30
0.0
 10
2.81226179079861
 20
11.19726986067708
 30
0.0
  0
SPLINE
  5
1EBF
330
250
100
AcDbEntity
  8
0
370
   158
100
AcDbSpline
210
0.0
220
0.0
230
1.0
 70
     8
 71
     3
 72
     8
 73
     4
 74
     0
 42
0.000000001
 43
0.0000000001
 40
0.0
 40
0.0
 40
0.0
 40
0.0
 40
1.0
 40
1.0
 40
1.0
 40
1.0
 10
2.81226179079861
 20
11.19726986067708
 30
0.0
 10
2.095358957465278
 20
11.19726986067708
 30
0.0
 10
1.510233554687499
 20
10.93881140234375
 30
0.0
 10
1.105873110243055
 20
10.44668643012153
 30
0.0
  0
SPLINE
  5
1EC0
330
250
100
AcDbEntity
  8
0
370
   158
100
AcDbSpline
210
0.0
220
0.0
230
1.0
 70
     8
 71
     3
 72
     8
 73
     4
 74
     0
 42
0.000000001
 43
0.0000000001
 40
0.0
 40
0.0
 40
0.0
 40
0.0
 40
1.0
 40
1.0
 40
1.0
 40
1.0
 10
1.105873110243055
 20
8.782686332899302
 30
0.0
 10
1.105873110243055
 20
9.618269596788193
 30
0.0
 10
1.662553151909721
 20
10.15814463845486
 30
0.0
 10
2.524094901909723
 20
10.15814463845486
 30
0.0
  0
SPLINE
  5
1EC1
330
250
100
AcDbEntity
  8
0
370
   158
100
AcDbSpline
210
0.0
220
0.0
230
1.0
 70
     8
 71
     3
 72
     8
 73
     4
 74
     0
 42
0.000000001
 43
0.0000000001
 40
0.0
 40
0.0
 40
0.0
 40
0.0
 40
1.0
 40
1.0
 40
1.0
 40
1.0
 10
2.524094901909723
 20
10.15814463845486
 30
0.0
 10
3.333678346354167
 20
10.15814463845486
 30
0.0
 10
3.856858999131944
 20
9.626617013454859
 30
0.0
 10
3.856858999131944
 20
8.804061360677081
 30
0.0
  0
SPLINE
  5
1EC2
330
250
100
AcDbEntity
  8
0
370
   158
100
AcDbSpline
210
0.0
220
0.0
230
1.0
 70
     8
 71
     3
 72
     8
 73
     4
 74
     0
 42
0.000000001
 43
0.0000000001
 40
0.0
 40
0.0
 40
0.0
 40
0.0
 40
1.0
 40
1.0
 40
1.0
 40
1.0
 10
4.927956054687499
 20
8.782686332899302
 30
0.0
 10
4.927956054687499
 20
9.618269596788193
 30
0.0
 10
5.484636513020832
 20
10.15814463845486
 30
0.0
 10
6.346178263020832
 20
10.15814463845486
 30
0.0
  0
SPLINE
  5
1EC3
330
250
100
AcDbEntity
  8
0
370
   158
100
AcDbSpline
210
0.0
220
0.0
230
1.0
 70
     8
 71
     3
 72
     8
 73
     4
 74
     0
 42
0.000000001
 43
0.0000000001
 40
0.0
 40
0.0
 40
0.0
 40
0.0
 40
1.0
 40
1.0
 40
1.0
 40
1.0
 10
6.346178263020832
 20
10.15814463845486
 30
0.0
 10
7.155761610243057
 20
10.15814463845486
 30
0.0
 10
7.678942151909722
 20
9.626617013454859
 30
0.0
 10
7.678942151909722
 20
8.804061360677081
 30
0.0
  0
LWPOLYLINE
  5
1EC4
330
250
100
AcDbEntity
  8
0
370
   158
100
AcDbPolyline
 90
        5
 70
     0
 43
0.0
 10
14.87517051866328
 20
2.243679095798043
 42
0.0003031046835178
 10
14.9921566297743
 20
2.213345762464736
 42
0.0021398549609543
 10
15.02693440755208
 20
2.204276318020287
 42
-0.0004305124345225
 10
15.06273996310764
 20
2.195012443020289
 42
0.0009382216623254
 10
15.09544829644096
 20
2.186540206909181
  0
LWPOLYLINE
  5
1EC5
330
250
100
AcDbEntity
  8
0
370
   158
100
AcDbPolyline
 90
        5
 70
     0
 43
0.0
 10
17.24963476562496
 20
2.243679095798086
 42
0.0003255107287487
 10
17.3666208767361
 20
2.213345762464732
 42
0.0021398549609367
 10
17.40139865451389
 20
2.204276318020287
 42
-0.0004305124345578
 10
17.43720421006944
 20
2.195012443020289
 42
0.0009382216623367
 10
17.46991254340277
 20
2.186540206909179
  0
ENDBLK
  5
32B
330
250
100
AcDbEntity
  8
0
100
AcDbBlockEnd
  0
BLOCK
  5
32E
330
32C
100
AcDbEntity
  8
0
100
AcDbBlockBegin
  2
Modulo Completo
 70
     0
 10
0.0
 20
0.0
 30
0.0
  3
Modulo Completo
  1

  0
ENDBLK
  5
436
330
32C
100
AcDbEntity
  8
0
100
AcDbBlockEnd
  0
BLOCK
  5
82D
330
82C
100
AcDbEntity
  8
0
100
AcDbBlockBegin
  2
Block sheet
 70
     0
 10
0.0
 20
0.0
 30
0.0
  3
Block sheet
  1

  0
POLYLINE
  5
22E8
330
82C
100
AcDbEntity
  8
Chapa
100
AcDb2dPolyline
 66
     1
 10
0.0
 20
0.0
 30
0.0
 70
     1
  0
VERTEX
  5
22E9
330
22E8
100
AcDbEntity
  8
Chapa
100
AcDbVertex
100
AcDb2dVertex
 10
15.21351692273715
 20
1591.162036800005
 30
0.0
  0
VERTEX
  5
22EA
330
22E8
100
AcDbEntity
  8
Chapa
100
AcDbVertex
100
AcDb2dVertex
 10
15.21351692273715
 20
4091.162036800005
 30
0.0
  0
VERTEX
  5
22EB
330
22E8
100
AcDbEntity
  8
Chapa
100
AcDbVertex
100
AcDb2dVertex
 10
1615.213516922735
 20
4091.162036800005
 30
0.0
  0
VERTEX
  5
22EC
330
22E8
100
AcDbEntity
  8
Chapa
100
AcDbVertex
100
AcDb2dVertex
 10
1615.213516922735
 20
1591.162036800005
 30
0.0
  0
SEQEND
  5
22ED
330
22E8
100
AcDbEntity
  8
Chapa
  0
MTEXT
  5
22EE
330
82C
100
AcDbEntity
  8
0
 62
     0
100
AcDbMText
 10
1654.06778546227
 20
3829.948957113725
 30
0.0
 40
23.1574
 41
458.2044733207116
 46
23.43640481927711
 71
     1
 72
     1
  1
\A1;Modelo: MOBIO 2 NS\PVersão: V-03\P\PDesigner: Arthur Carvalho\P\PFresa recomendada: 3.175MM 1/8"\PChapa recomendada: plástico reciclado 250x160mm #8mm
 73
     2
 44
0.9638554216867472
1001
ACAD
1000
ACAD_MTEXT_DEFINED_HEIGHT_BEGIN
1070
    46
1040
23.43640481927711
1000
ACAD_MTEXT_DEFINED_HEIGHT_END
  0
POLYLINE
  5
22EF
330
82C
100
AcDbEntity
  8
MARGEM_DE_SEGURANÇA_20.0MM
100
AcDb2dPolyline
 66
     1
 10
0.0
 20
0.0
 30
0.0
 70
     1
  0
VERTEX
  5
22F0
330
22EF
100
AcDbEntity
  8
MARGEM_DE_SEGURANÇA_20.0MM
100
AcDbVertex
100
AcDb2dVertex
 10
1595.213516922737
 20
4071.162036800004
 30
0.0
  0
VERTEX
  5
22F1
330
22EF
100
AcDbEntity
  8
MARGEM_DE_SEGURANÇA_20.0MM
100
AcDbVertex
100
AcDb2dVertex
 10
1595.213516922737
 20
1611.162036800005
 30
0.0
  0
VERTEX
  5
22F2
330
22EF
100
AcDbEntity
  8
MARGEM_DE_SEGURANÇA_20.0MM
100
AcDbVertex
100
AcDb2dVertex
 10
35.21351692273716
 20
1611.162036800005
 30
0.0
  0
VERTEX
  5
22F3
330
22EF
100
AcDbEntity
  8
MARGEM_DE_SEGURANÇA_20.0MM
100
AcDbVertex
100
AcDb2dVertex
 10
35.21351692273716
 20
4071.162036800004
 30
0.0
  0
SEQEND
  5
22F4
330
22EF
100
AcDbEntity
  8
MARGEM_DE_SEGURANÇA_20.0MM
  0
INSERT
  5
22F5
330
82C
100
AcDbEntity
  8
0
100
AcDbBlockReference
  2
Ativo 34
 10
1653.602304894049
 20
3896.092770081978
 30
0.0
 41
13.40682207931606
 42
13.40682207931606
 43
13.40682207931606
  0
MTEXT
  5
22F6
330
82C
100
AcDbEntity
  8
0
 62
     0
100
AcDbMText
 10
15.21351692273715
 20
1491.162036800005
 30
0.0
 40
23.1574
 41
1599.999999999999
 46
1481.701593574299
 71
     1
 72
     1
  3
Este projeto foi desenvolvido para ser produzido em chapas recicladas com 8 mm de espessura.^JTodos os encaixes foram dimensionados com folgas padrão, mas é essencial conferir as medidas durante a produção, pois a espessura real das chapas pode variar
  3
 de acordo com o fabricante ou lote.^JAo baixar este arquivo, você concorda com os termos da licença Creative Commons sob a qual este projeto está registrado.^JSe tiver dúvidas, sugestões ou quiser compartilhar melhorias, entre em contato conosco! Fica
  3
mos felizes em colaborar e buscar novas soluções em conjunto.\P\PThis project was designed to be produced using 8 mm recycled plywood sheets.^JAll joints have been designed with standard tolerances, but it's important to check measurements during prod
  3
uction, as the actual thickness may vary depending on the supplier, batch, or type of recycled material used.^JBy downloading this file, you agree to the terms of the Creative Commons license under which this project is registered.^JIf you have any que
  1
stions, suggestions, or would like to share improvements, feel free to contact us! We're always happy to collaborate and explore creative, sustainable solutions together.
 73
     2
 44
0.9638554216867472
1001
ACAD
1000
ACAD_MTEXT_DEFINED_HEIGHT_BEGIN
1070
    46
1040
23.43640481927711
1000
ACAD_MTEXT_DEFINED_HEIGHT_END
  0
ENDBLK
  5
82E
330
82C
100
AcDbEntity
  8
0
100
AcDbBlockEnd
  0
ENDSEC
  0
SECTION
  2
ENTITIES
  0
INSERT
  5
4AF
330
1F
100
AcDbEntity
  8
0
100
AcDbBlockReference
  2
Modulo Completo
 10
1919.705054110896
 20
3269.826623068361
 30
0.0
  0
INSERT
  5
83F
330
1F
100
AcDbEntity
  8
Defpoints
100
AcDbBlockReference
  2
Block sheet
 10
0.0
 20
0.0
 30
0.0
  0
LWPOLYLINE
  5
188A
330
1F
100
AcDbEntity
  8
TOP-CUT-INSIDE_10MM
  6
Continuous
370
    -3
100
AcDbPolyline
 90
        4
 70
     1
 43
0.0
 10
299.4135169227366
 20
3660.222333471623
 42
-0.9999999999999998
 10
299.4135169227366
 20
3646.222333471623
 10
243.4135169227366
 20
3646.222333471623
 42
-0.9999999999999998
 10
243.4135169227366
 20
3660.222333471623
  0
LWPOLYLINE
  5
188B
330
1F
100
AcDbEntity
  8
TOP-CUT-OUTSIDE_10MM
100
AcDbPolyline
 90
        8
 70
     1
 43
0.0
 10
418.6135169227372
 20
3639.774036799999
 10
418.6135169227372
 20
3552.774036799999
 10
124.2135169227358
 20
3552.774036799999
 10
124.2135169227358
 20
3639.774036799999
 10
194.4135169227365
 20
3639.774036799999
 10
229.4135169227366
 20
3674.774036799999
 10
313.4135169227366
 20
3674.774036799999
 10
348.4135169227366
 20
3639.774036799999
  0
LWPOLYLINE
  5
188C
330
1F
100
AcDbEntity
  8
TOP-CUT-INSIDE_10MM
100
AcDbPolyline
 90
        8
 70
     1
 43
0.0
 10
394.513516922737
 20
3562.524036799999
 10
394.513516922737
 20
3571.024036799999
 42
0.9999999999999998
 10
391.5135169227369
 20
3571.024036799999
 10
375.5135169227369
 20
3571.024036799999
 42
1.0
 10
372.5135169227369
 20
3571.024036799999
 10
372.5135169227369
 20
3562.524036799999
 42
0.9999999999999996
 10
375.5135169227369
 20
3562.524036799999
 10
391.5135169227369
 20
3562.524036799999
 42
0.9999999999999998
  0
LWPOLYLINE
  5
188D
330
1F
100
AcDbEntity
  8
TOP-CUT-INSIDE_10MM
100
AcDbPolyline
 90
        8
 70
     1
 43
0.0
 10
170.3135169227343
 20
3562.524036799999
 10
170.3135169227343
 20
3571.024036799999
 42
0.9999999999999998
 10
167.3135169227343
 20
3571.024036799999
 10
151.3135169227344
 20
3571.024036799999
 42
1.0
 10
148.3135169227344
 20
3571.024036799999
 10
148.3135169227344
 20
3562.524036799999
 42
0.9999999999999996
 10
151.3135169227344
 20
3562.524036799999
 10
167.3135169227343
 20
3562.524036799999
 42
0.9999999999999998
  0
LWPOLYLINE
  5
188E
330
1F
100
AcDbEntity
  8
TOP-CUT-INSIDE_10MM
100
AcDbPolyline
 90
        8
 70
     1
 43
0.0
 10
400.3635169227363
 20
3594.274036799999
 10
408.8635169227363
 20
3594.274036799999
 42
0.9999999999999998
 10
408.8635169227363
 20
3597.274036799999
 10
408.8635169227363
 20
3613.274036799999
 42
1.0
 10
408.8635169227363
 20
3616.274036799999
 10
400.3635169227363
 20
3616.274036799999
 42
0.9999999999999996
 10
400.3635169227363
 20
3613.274036799999
 10
400.3635169227363
 20
3597.274036799999
 42
0.9999999999999998
  0
LWPOLYLINE
  5
188F
330
1F
100
AcDbEntity
  8
TOP-CUT-INSIDE_10MM
100
AcDbPolyline
 90
        8
 70
     1
 43
0.0
 10
142.4635169227367
 20
3594.274036799999
 10
133.9635169227367
 20
3594.274036799999
 42
-0.9999999999999998
 10
133.9635169227367
 20
3597.274036799999
 10
133.9635169227367
 20
3613.274036799999
 42
-1.0
 10
133.9635169227367
 20
3616.274036799999
 10
142.4635169227367
 20
3616.274036799999
 42
-0.9999999999999996
 10
142.4635169227367
 20
3613.274036799999
 10
142.4635169227367
 20
3597.274036799999
 42
-0.9999999999999998
  0
LWPOLYLINE
  5
1899
330
1F
100
AcDbEntity
  8
TOP-CUT-OUTSIDE_10MM
100
AcDbPolyline
 90
       44
 70
     1
 43
0.0
 10
35.21351692273765
 20
3729.684445233263
 10
35.21351692273765
 20
3511.296445233254
 10
54.71351692273675
 20
3511.296445233254
 10
54.71351692273765
 20
3521.296445233253
 42
-0.9999999999999998
 10
59.71351692273765
 20
3521.296445233253
 10
59.71351692273675
 20
3511.296445233254
 10
59.71351692273675
 20
3494.796445233253
 10
56.71351692273674
 20
3494.796445233252
 10
56.71351692273674
 20
3492.154855708518
 10
61.82171577571716
 20
3485.407973418372
 42
0.7190355538065074
 10
67.21351692273675
 20
3487.218853666513
 10
67.21351692273675
 20
3521.296445233254
 42
-0.9999999999999998
 10
72.21351692273675
 20
3521.296445233254
 10
72.21351692273675
 20
3487.218853666513
 42
0.7190355538065437
 10
77.60531806975723
 20
3485.407973418371
 10
82.71351692273674
 20
3492.154855708518
 10
82.71351692273674
 20
3494.796445233252
 10
79.71351692273675
 20
3494.796445233253
 10
79.71351692273675
 20
3511.296445233254
 10
79.71351692273765
 20
3521.296445233254
 42
-0.9999999999999998
 10
84.71351692273765
 20
3521.296445233254
 10
84.71351692273765
 20
3511.296445233254
 10
104.2135169227367
 20
3511.296445233254
 10
104.2135169227367
 20
3729.684445233263
 10
84.71351692273765
 20
3729.684445233263
 10
84.71351692273765
 20
3719.684445233263
 42
-0.9999999999999998
 10
79.71351692273765
 20
3719.684445233263
 10
79.71351692273675
 20
3729.684445233263
 10
79.71351692273675
 20
3746.184445233263
 10
82.71351692273674
 20
3746.184445233264
 10
82.71351692273674
 20
3748.826034757998
 10
77.60531806975723
 20
3755.572917048146
 42
0.7190355538066675
 10
72.21351692273675
 20
3753.762036800003
 10
72.21351692273675
 20
3719.684445233263
 42
-0.9999999999999998
 10
67.21351692273675
 20
3719.684445233263
 10
67.21351692273675
 20
3753.762036800003
 42
0.7190355538066525
 10
61.82171577571716
 20
3755.572917048143
 10
56.71351692273674
 20
3748.826034757998
 10
56.71351692273674
 20
3746.184445233264
 10
59.71351692273675
 20
3746.184445233263
 10
59.71351692273675
 20
3729.684445233263
 10
59.71351692273765
 20
3719.684445233264
 42
-0.9999999999999998
 10
54.71351692273765
 20
3719.684445233264
 10
54.71351692273675
 20
3729.684445233263
  0
LWPOLYLINE
  5
189A
330
1F
100
AcDbEntity
  8
TOP-CUT-OUTSIDE_10MM
100
AcDbPolyline
 90
        4
 70
     1
 43
0.0
 10
35.21351692273674
 20
3776.762036800004
 10
35.21351692273674
 20
4071.162036800004
 10
104.2135169227367
 20
4071.162036800004
 10
104.2135169227367
 20
3776.762036800004
  0
LWPOLYLINE
  5
189B
330
1F
100
AcDbEntity
  8
TOP-CUT-INSIDE_10MM
100
AcDbPolyline
 90
        8
 70
     1
 43
0.0
 10
80.71351692273674
 20
3795.012036800005
 10
80.71351692273674
 20
3786.512036800004
 42
-0.9999999999999998
 10
77.71351692273674
 20
3786.512036800004
 10
61.71351692273674
 20
3786.512036800004
 42
-1.0
 10
58.71351692273674
 20
3786.512036800004
 10
58.71351692273674
 20
3795.012036800005
 42
-0.9999999999999996
 10
61.71351692273674
 20
3795.012036800005
 10
77.71351692273674
 20
3795.012036800005
 42
-0.9999999999999998
  0
LWPOLYLINE
  5
189C
330
1F
100
AcDbEntity
  8
TOP-CUT-INSIDE_10MM
100
AcDbPolyline
 90
        8
 70
     1
 43
0.0
 10
80.71351692273674
 20
4052.912036800004
 10
80.71351692273674
 20
4061.412036800003
 42
0.9999999999999998
 10
77.71351692273674
 20
4061.412036800003
 10
61.71351692273674
 20
4061.412036800003
 42
1.0
 10
58.71351692273674
 20
4061.412036800003
 10
58.71351692273674
 20
4052.912036800004
 42
0.9999999999999996
 10
61.71351692273674
 20
4052.912036800004
 10
77.71351692273674
 20
4052.912036800004
 42
0.9999999999999998
  0
LWPOLYLINE
  5
18DA
330
1F
100
AcDbEntity
  8
TOP-CUT-OUTSIDE_10MM
100
AcDbPolyline
 90
       84
 70
     1
 43
0.0
 10
174.3135169227407
 20
3929.162036800004
 10
368.513516922736
 20
3929.162036800004
 10
368.513516922736
 20
3919.162036800006
 42
0.9999999999999998
 10
373.513516922736
 20
3919.162036800006
 10
373.513516922736
 20
3929.162036800004
 10
373.513516922736
 20
3937.662036800006
 10
370.513516922736
 20
3937.662036800007
 10
370.513516922736
 20
3940.303626324741
 10
375.6217157757146
 20
3947.050508614888
 42
-0.7190355538064958
 10
381.013516922736
 20
3945.239628366746
 10
381.013516922736
 20
3919.162036800005
 42
0.9999999999999998
 10
386.013516922736
 20
3919.162036800005
 10
386.013516922736
 20
3945.239628366746
 42
-0.7190355538067285
 10
391.4053180697556
 20
3947.050508614887
 10
396.513516922736
 20
3940.303626324741
 10
396.513516922736
 20
3937.662036800007
 10
393.513516922736
 20
3937.662036800006
 10
393.513516922736
 20
3929.162036800004
 10
393.513516922736
 20
3919.162036800005
 42
0.9999999999999998
 10
398.513516922736
 20
3919.162036800005
 10
398.513516922736
 20
3929.162036800004
 10
418.6135169227346
 20
3929.162036800004
 10
418.6135169227346
 20
3694.774036799998
 10
398.5135169227342
 20
3694.774036799998
 10
398.513516922736
 20
3704.774036799999
 42
0.9999999999999998
 10
393.513516922736
 20
3704.774036799999
 10
393.5135169227342
 20
3694.774036799998
 10
393.5135169227342
 20
3686.274036799998
 10
396.5135169227342
 20
3686.274036799997
 10
396.5135169227342
 20
3683.632447275263
 10
391.4053180697538
 20
3676.885564985117
 42
-0.7190355538067285
 10
386.0135169227342
 20
3678.696445233258
 10
386.0135169227342
 20
3704.774036799999
 42
0.9999999999999998
 10
381.0135169227342
 20
3704.774036799999
 10
381.0135169227342
 20
3678.696445233258
 42
-0.7190355538064958
 10
375.6217157757146
 20
3676.885564985115
 10
370.5135169227342
 20
3683.632447275263
 10
370.5135169227342
 20
3686.274036799997
 10
373.5135169227342
 20
3686.274036799998
 10
373.5135169227342
 20
3694.774036799998
 10
373.513516922736
 20
3704.774036799998
 42
0.9999999999999998
 10
368.513516922736
 20
3704.774036799998
 10
368.5135169227342
 20
3694.774036799998
 10
174.3135169227389
 20
3694.774036799998
 10
174.3135169227389
 20
3704.774036799998
 42
0.9999999999999998
 10
169.3135169227389
 20
3704.774036799998
 10
169.3135169227389
 20
3694.774036799998
 10
169.3135169227389
 20
3686.274036799998
 10
172.3135169227389
 20
3686.274036799997
 10
172.3135169227389
 20
3683.632447275263
 10
167.2053180697603
 20
3676.885564985115
 42
-0.7190355538064958
 10
161.8135169227389
 20
3678.696445233258
 10
161.8135169227389
 20
3704.774036799999
 42
0.9999999999999998
 10
156.8135169227389
 20
3704.774036799999
 10
156.8135169227389
 20
3678.696445233258
 42
-0.7190355538067285
 10
151.4217157757193
 20
3676.885564985117
 10
146.3135169227389
 20
3683.632447275263
 10
146.3135169227389
 20
3686.274036799997
 10
149.3135169227389
 20
3686.274036799998
 10
149.3135169227389
 20
3694.774036799998
 10
149.3135169227389
 20
3704.774036799999
 42
0.9999999999999998
 10
144.3135169227389
 20
3704.774036799999
 10
144.3135169227389
 20
3694.774036799998
 10
124.2135169227404
 20
3694.774036799998
 10
124.2135169227404
 20
3929.162036800004
 10
144.3135169227407
 20
3929.162036800004
 10
144.3135169227389
 20
3919.162036800005
 42
0.9999999999999998
 10
149.3135169227389
 20
3919.162036800005
 10
149.3135169227407
 20
3929.162036800004
 10
149.3135169227407
 20
3937.662036800006
 10
146.3135169227407
 20
3937.662036800007
 10
146.3135169227407
 20
3940.303626324741
 10
151.4217157757211
 20
3947.050508614887
 42
-0.7190355538067285
 10
156.8135169227407
 20
3945.239628366746
 10
156.8135169227407
 20
3919.162036800005
 42
0.9999999999999998
 10
161.8135169227407
 20
3919.162036800005
 10
161.8135169227407
 20
3945.239628366746
 42
-0.7190355538064958
 10
167.2053180697603
 20
3947.050508614888
 10
172.3135169227407
 20
3940.303626324741
 10
172.3135169227407
 20
3937.662036800007
 10
169.3135169227407
 20
3937.662036800006
 10
169.3135169227407
 20
3929.162036800004
 10
169.3135169227389
 20
3919.162036800006
 42
0.9999999999999998
 10
174.3135169227389
 20
3919.162036800006
  0
LWPOLYLINE
  5
230E
102
{ACAD_REACTORS
330
24B1
102
}
330
1F
100
AcDbEntity
  8
0
370
    50
100
AcDbPolyline
 90
       65
 70
     1
 43
0.0
 10
2451.58720021287
 20
3780.716587819032
 10
2451.891391677359
 20
3781.629162212499
 10
2453.229834121109
 20
3781.020779283521
 10
2454.629114857757
 20
3780.412396354543
 10
2455.967557301508
 20
3779.743175132668
 10
2457.366838038156
 20
3779.134792203691
 10
2458.705280481906
 20
3778.526409274713
 10
2460.104561218555
 20
3777.857188052838
 10
2461.503841955203
 20
3777.187966830962
 10
2462.842284398953
 20
3776.579583901985
 10
2464.2415651356
 20
3775.91036268011
 10
2465.640845872249
 20
3775.241141458235
 10
2467.040126608897
 20
3774.57192023636
 10
2468.439407345545
 20
3773.902699014485
 10
2469.899526375091
 20
3773.233477792609
 10
2471.298807111739
 20
3772.564256570734
 10
2472.698087848387
 20
3771.895035348859
 10
2474.097368585035
 20
3771.225814126984
 10
2475.557487614581
 20
3770.49575461221
 10
2476.956768351229
 20
3769.826533390336
 10
2478.416887380775
 20
3769.157312168461
 10
2479.877006410321
 20
3768.427252653687
 10
2481.337125439867
 20
3767.697193138915
 10
2482.736406176515
 20
3767.02797191704
 10
2484.196525206061
 20
3766.297912402267
 10
2485.656644235607
 20
3765.567852887494
 10
2487.116763265153
 20
3764.83779337272
 10
2488.576882294698
 20
3764.107733857947
 10
2490.097839617142
 20
3763.377674343175
 10
2491.557958646688
 20
3762.647614828401
 10
2493.018077676234
 20
3761.917555313629
 10
2494.539034998677
 20
3761.187495798856
 10
2495.999154028223
 20
3760.457436284083
 10
2497.520111350667
 20
3759.666538476413
 10
2496.850890128792
 20
3759.909891648004
 10
2496.181668906917
 20
3760.092406526697
 10
2495.512447685042
 20
3760.335759698288
 10
2494.843226463166
 20
3760.518274576981
 10
2494.174005241291
 20
3760.761627748573
 10
2493.504784019415
 20
3761.004980920163
 10
2492.83556279754
 20
3761.248334091753
 10
2492.166341575666
 20
3761.552525556242
 10
2491.49712035379
 20
3761.795878727834
 10
2490.827899131915
 20
3762.100070192322
 10
2490.15867791004
 20
3762.343423363913
 10
2489.550294981063
 20
3762.647614828401
 10
2488.881073759187
 20
3762.95180629289
 10
2488.211852537312
 20
3763.255997757379
 10
2487.542631315437
 20
3763.560189221868
 10
2486.93424838646
 20
3763.864380686356
 10
2484.622393256345
 20
3765.020308251415
 10
2482.371376419129
 20
3766.115397523573
 10
2480.059521289014
 20
3767.210486795733
 10
2477.808504451798
 20
3768.305576067892
 10
2475.557487614581
 20
3769.400665340052
 10
2473.306470777365
 20
3770.49575461221
 10
2471.116292233046
 20
3771.59084388437
 10
2468.86527539583
 20
3772.625094863632
 10
2466.67509685151
 20
3773.659345842894
 10
2464.484918307192
 20
3774.693596822155
 10
2462.294739762873
 20
3775.727847801417
 10
2460.165399511452
 20
3776.762098780679
 10
2457.975220967134
 20
3777.735511467043
 10
2455.845880715712
 20
3778.769762446304
 10
2453.716540464291
 20
3779.743175132668
  0
LWPOLYLINE
  5
230F
102
{ACAD_REACTORS
330
24B1
102
}
330
1F
100
AcDbEntity
  8
0
370
    50
100
AcDbPolyline
 90
       19
 70
     0
 43
0.0
 10
2497.520111350667
 20
3759.666538476413
 10
2492.348856454359
 20
3764.655278494028
 10
2489.854486445551
 20
3765.872044351982
 10
2487.360116436744
 20
3767.088810209937
 10
2484.926584720834
 20
3768.305576067892
 10
2482.493053004924
 20
3769.461503632949
 10
2480.059521289014
 20
3770.678269490904
 10
2477.625989573104
 20
3771.834197055961
 10
2475.192457857195
 20
3772.990124621018
 10
2472.819764434183
 20
3774.146052186075
 10
2470.447071011171
 20
3775.301979751133
 10
2468.074377588159
 20
3776.397069023292
 10
2465.701684165147
 20
3777.552996588349
 10
2463.328990742135
 20
3778.648085860508
 10
2461.017135612021
 20
3779.743175132668
 10
2458.705280481906
 20
3780.777426111929
 10
2456.393425351792
 20
3781.872515384089
 10
2454.081570221678
 20
3782.90676636335
 10
2451.891391677359
 20
3781.629162212499
  0
LWPOLYLINE
  5
2310
102
{ACAD_REACTORS
330
24B1
102
}
330
1F
100
AcDbEntity
  8
0
370
    50
100
AcDbPolyline
 90
        2
 70
     0
 43
0.0
 10
2448.727800446676
 20
3779.073953910792
 10
2451.58720021287
 20
3780.716587819032
  0
LWPOLYLINE
  5
2311
102
{ACAD_REACTORS
330
24B1
102
}
330
1F
100
AcDbEntity
  8
0
370
    25
100
AcDbPolyline
 90
        2
 70
     0
 43
0.0
 10
2486.93424838646
 20
3763.864380686356
 10
2491.922988404074
 20
3759.058155547434
  0
LWPOLYLINE
  5
2312
102
{ACAD_REACTORS
330
24B1
102
}
330
1F
100
AcDbEntity
  8
0
370
    25
100
AcDbPolyline
 90
        2
 70
     0
 43
0.0
 10
2462.598931227362
 20
3787.043770280398
 10
2479.511976652934
 20
3770.921622662495
  0
LWPOLYLINE
  5
2313
102
{ACAD_REACTORS
330
24B1
102
}
330
1F
100
AcDbEntity
  8
0
370
    50
100
AcDbPolyline
 90
        2
 70
     0
 43
0.0
 10
2454.811629736451
 20
3782.602574898862
 10
2462.598931227362
 20
3787.043770280398
  0
LWPOLYLINE
  5
2314
102
{ACAD_REACTORS
330
24B1
102
}
330
1F
100
AcDbEntity
  8
0
370
    50
100
AcDbPolyline
 90
       84
 70
     0
 43
0.0
 10
2445.685885801789
 20
3778.100541224429
 42
-0.0461244072874908
 10
2504.759868205499
 20
3752.791811378968
 10
2509.931123101807
 20
3747.86390965425
 10
2509.261901879931
 20
3748.046424532943
 10
2508.592680658056
 20
3748.228939411637
 10
2507.923459436181
 20
3748.472292583227
 10
2507.254238214306
 20
3748.715645754819
 10
2506.585016992431
 20
3748.95899892641
 10
2505.915795770555
 20
3749.202352098001
 10
2505.24657454868
 20
3749.445705269592
 10
2504.577353326805
 20
3749.689058441183
 10
2503.90813210493
 20
3749.932411612773
 10
2503.299749175952
 20
3750.236603077262
 10
2502.630527954078
 20
3750.540794541751
 10
2501.961306732202
 20
3750.784147713342
 10
2501.292085510327
 20
3751.088339177831
 10
2500.622864288451
 20
3751.392530642319
 10
2500.014481359475
 20
3751.696722106808
 10
2499.345260137599
 20
3752.061751864194
 10
2497.580949643564
 20
3752.913487964763
 10
2495.755800856632
 20
3753.826062358228
 10
2493.991490362597
 20
3754.677798458797
 10
2492.227179868563
 20
3755.529534559366
 10
2490.462869374529
 20
3756.381270659934
 10
2488.698558880494
 20
3757.233006760503
 10
2486.93424838646
 20
3758.084742861071
 10
2485.230776185323
 20
3758.93647896164
 10
2483.466465691288
 20
3759.727376769311
 10
2481.762993490151
 20
3760.579112869879
 10
2480.059521289014
 20
3761.430848970447
 10
2478.29521079498
 20
3762.221746778118
 10
2476.591738593843
 20
3763.012644585788
 10
2474.888266392706
 20
3763.803542393459
 10
2473.18479419157
 20
3764.59444020113
 10
2471.54216028333
 20
3765.3853380088
 10
2469.838688082193
 20
3766.176235816471
 10
2468.135215881056
 20
3766.967133624142
 10
2466.492581972818
 20
3767.758031431812
 10
2464.849948064578
 20
3768.488090946585
 10
2463.146475863442
 20
3769.218150461358
 10
2461.503841955203
 20
3770.00904826903
 10
2459.861208046964
 20
3770.739107783802
 10
2458.218574138724
 20
3771.469167298575
 10
2456.636778523383
 20
3772.199226813347
 10
2454.994144615144
 20
3772.92928632812
 10
2453.351510706905
 20
3773.659345842894
 10
2451.769715091563
 20
3774.389405357666
 10
2450.187919476222
 20
3775.058626579542
 10
2448.545285567983
 20
3775.788686094315
 10
2446.963489952642
 20
3776.45790731619
 10
2445.3816943373
 20
3777.127128538064
 10
2445.685885801789
 20
3778.100541224429
 10
2447.571872881619
 20
3777.24880512386
 10
2449.457859961449
 20
3776.45790731619
 10
2451.343847041279
 20
3775.606171215622
 10
2453.229834121109
 20
3774.815273407951
 10
2455.11582120094
 20
3773.963537307382
 10
2457.001808280769
 20
3773.111801206814
 10
2458.948633653498
 20
3772.260065106245
 10
2460.895459026225
 20
3771.34749071278
 10
2462.842284398953
 20
3770.49575461221
 10
2464.789109771681
 20
3769.583180218745
 10
2466.735935144408
 20
3768.731444118176
 10
2468.682760517137
 20
3767.818869724711
 10
2470.690424182762
 20
3766.906295331243
 10
2472.63724955549
 20
3765.93288264488
 10
2474.644913221115
 20
3765.020308251415
 10
2476.652576886741
 20
3764.107733857947
 10
2478.660240552366
 20
3763.134321171584
 10
2480.667904217992
 20
3762.16090848522
 10
2482.675567883617
 20
3761.187495798856
 10
2484.744069842141
 20
3760.214083112492
 10
2486.812571800664
 20
3759.240670426129
 10
2488.82023546629
 20
3758.267257739765
 10
2490.888737424813
 20
3757.233006760503
 10
2493.018077676234
 20
3756.259594074139
 10
2495.086579634757
 20
3755.225343094877
 10
2497.15508159328
 20
3754.191092115615
 10
2499.284421844701
 20
3753.156841136353
 10
2501.413762096122
 20
3752.122590157092
 10
2503.482264054646
 20
3751.088339177831
 10
2505.611604306067
 20
3749.993249905671
 10
2507.801782850386
 20
3748.95899892641
 10
2509.931123101807
 20
3747.86390965425
  0
LWPOLYLINE
  5
2315
102
{ACAD_REACTORS
330
24B1
102
}
330
1F
100
AcDbEntity
  8
0
370
    25
100
AcDbPolyline
 90
        2
 70
     0
 43
0.0
 10
2499.345260137599
 20
3752.061751864194
 10
2504.394838448112
 20
3747.255526725273
  0
LWPOLYLINE
  5
2316
102
{ACAD_REACTORS
330
24B1
102
}
330
1F
100
AcDbEntity
  8
0
370
    50
100
AcDbPolyline
 90
       52
 70
     0
 43
0.0
 10
2439.054511875935
 20
3774.206890478974
 42
-0.0451953487077563
 10
2517.170879956638
 20
3740.928344263907
 10
2522.342134852946
 20
3736.00044253919
 10
2521.672913631071
 20
3736.182957417883
 10
2521.003692409196
 20
3736.426310589474
 10
2520.334471187321
 20
3736.608825468169
 10
2519.665249965445
 20
3736.852178639759
 10
2518.996028743571
 20
3737.09553181135
 10
2518.326807521695
 20
3737.338884982941
 10
2517.718424592718
 20
3737.582238154531
 10
2517.049203370842
 20
3737.825591326122
 10
2516.379982148968
 20
3738.129782790611
 10
2515.710760927092
 20
3738.373135962202
 10
2515.041539705217
 20
3738.677327426691
 10
2514.372318483342
 20
3738.98151889118
 10
2513.703097261467
 20
3739.285710355668
 10
2513.094714332489
 20
3739.589901820156
 10
2512.425493110614
 20
3739.894093284646
 10
2511.756271888739
 20
3740.198284749135
 10
2509.261901879931
 20
3741.415050607089
 10
2506.828370164021
 20
3742.631816465044
 10
2504.334000155215
 20
3743.848582322999
 10
2501.900468439304
 20
3745.004509888056
 10
2499.466936723395
 20
3746.221275746012
 10
2497.094243300383
 20
3747.377203311069
 10
2494.660711584473
 20
3748.533130876126
 10
2492.288018161461
 20
3749.628220148285
 10
2489.915324738448
 20
3750.784147713342
 10
2487.542631315437
 20
3751.879236985502
 10
2485.169937892425
 20
3752.97432625766
 10
2482.797244469413
 20
3754.06941552982
 10
2480.485389339299
 20
3755.164504801979
 10
2478.173534209184
 20
3756.259594074139
 10
2475.86167907907
 20
3757.2938450534
 10
2473.610662241853
 20
3758.328096032662
 10
2471.298807111739
 20
3759.362347011924
 10
2469.047790274522
 20
3760.396597991185
 10
2466.796773437306
 20
3761.37001067755
 10
2464.54575660009
 20
3762.343423363913
 10
2462.355578055771
 20
3763.316836050278
 10
2460.104561218555
 20
3764.290248736641
 10
2457.914382674236
 20
3765.263661423006
 10
2455.724204129917
 20
3766.237074109368
 10
2453.534025585598
 20
3767.149648502836
 10
2451.404685334177
 20
3768.062222896301
 10
2449.275345082756
 20
3768.974797289767
 10
2447.146004831335
 20
3769.826533390336
 10
2445.016664579914
 20
3770.739107783802
 10
2442.887324328493
 20
3771.59084388437
 10
2440.818822369969
 20
3772.442579984939
 10
2438.750320411447
 20
3773.294316085507
 10
2434.856669665991
 20
3771.043299248292
  0
LWPOLYLINE
  5
2317
102
{ACAD_REACTORS
330
24B1
102
}
330
1F
100
AcDbEntity
  8
0
370
    25
100
AcDbPolyline
 90
        2
 70
     0
 43
0.0
 10
2511.756271888739
 20
3740.198284749135
 10
2516.805850199252
 20
3735.392059610213
  0
LWPOLYLINE
  5
2318
102
{ACAD_REACTORS
330
24B1
102
}
330
1F
100
AcDbEntity
  8
0
370
    50
100
AcDbPolyline
 90
      148
 70
     0
 43
0.0
 10
2431.693078435308
 20
3770.00904826903
 42
-0.0478765949387728
 10
2529.581891707778
 20
3729.125715441745
 10
2534.753146604086
 20
3724.197813717029
 10
2534.144763675108
 20
3724.380328595721
 10
2533.475542453234
 20
3724.562843474415
 10
2532.806321231359
 20
3724.806196646006
 10
2532.137100009483
 20
3725.049549817596
 10
2531.467878787608
 20
3725.23206469629
 10
2530.798657565733
 20
3725.47541786788
 10
2530.129436343857
 20
3725.779609332369
 10
2529.460215121982
 20
3726.02296250396
 10
2528.790993900107
 20
3726.266315675551
 10
2528.121772678232
 20
3726.57050714004
 10
2527.452551456357
 20
3726.874698604528
 10
2526.783330234481
 20
3727.11805177612
 10
2526.174947305504
 20
3727.422243240609
 10
2525.505726083629
 20
3727.726434705097
 10
2524.836504861754
 20
3728.030626169586
 10
2524.167283639878
 20
3728.395655926972
 10
2522.585488024537
 20
3729.186553734643
 10
2520.942854116299
 20
3729.977451542313
 10
2519.361058500957
 20
3730.768349349984
 10
2517.718424592718
 20
3731.559247157655
 10
2516.136628977376
 20
3732.350144965326
 10
2514.554833362035
 20
3733.080204480098
 10
2512.912199453797
 20
3733.871102287769
 10
2511.330403838455
 20
3734.662000095439
 10
2509.748608223114
 20
3735.392059610213
 10
2508.166812607772
 20
3736.122119124985
 10
2506.645855285328
 20
3736.913016932657
 10
2505.064059669987
 20
3737.643076447429
 10
2503.482264054646
 20
3738.373135962202
 10
2501.961306732202
 20
3739.103195476975
 10
2500.379511116861
 20
3739.833254991748
 10
2498.858553794417
 20
3740.563314506522
 10
2497.337596471974
 20
3741.293374021295
 10
2495.755800856632
 20
3742.023433536067
 10
2494.234843534189
 20
3742.692654757943
 10
2492.713886211746
 20
3743.422714272715
 10
2491.192928889302
 20
3744.09193549459
 10
2489.732809859756
 20
3744.821995009362
 10
2488.211852537312
 20
3745.491216231239
 10
2486.690895214869
 20
3746.160437453113
 10
2485.230776185323
 20
3746.829658674989
 10
2483.709818862879
 20
3747.498879896863
 10
2482.249699833333
 20
3748.168101118738
 10
2480.789580803787
 20
3748.837322340614
 10
2479.268623481344
 20
3749.506543562489
 10
2477.808504451798
 20
3750.175764784364
 10
2476.348385422252
 20
3750.784147713342
 10
2474.949104685604
 20
3751.453368935216
 10
2473.488985656058
 20
3752.061751864194
 10
2472.028866626512
 20
3752.730973086069
 10
2470.568747596966
 20
3753.339356015047
 10
2469.169466860318
 20
3753.947738944024
 10
2467.709347830772
 20
3754.556121873002
 10
2466.310067094124
 20
3755.164504801979
 10
2464.910786357476
 20
3755.772887730957
 10
2463.511505620828
 20
3756.381270659934
 10
2462.11222488418
 20
3756.928815296014
 10
2460.712944147532
 20
3757.537198224992
 10
2459.313663410883
 20
3758.145581153969
 10
2457.914382674236
 20
3758.693125790049
 10
2456.515101937587
 20
3759.301508719026
 10
2455.176659493837
 20
3759.849053355106
 10
2453.777378757189
 20
3760.396597991185
 10
2452.438936313438
 20
3760.944142627265
 10
2451.039655576791
 20
3761.491687263345
 10
2449.701213133041
 20
3762.039231899425
 10
2448.36277068929
 20
3762.586776535505
 10
2447.024328245539
 20
3763.134321171584
 10
2445.685885801789
 20
3763.621027514766
 10
2444.347443358039
 20
3764.168572150846
 10
2443.069839207186
 20
3764.655278494028
 10
2441.731396763435
 20
3765.202823130107
 10
2440.392954319686
 20
3765.68952947329
 10
2439.115350168832
 20
3766.176235816471
 10
2437.83774601798
 20
3766.662942159653
 10
2436.49930357423
 20
3767.149648502836
 10
2435.221699423377
 20
3767.636354846017
 10
2433.944095272524
 20
3768.123061189199
 10
2432.666491121671
 20
3768.609767532381
 10
2431.388886970819
 20
3769.096473875562
 10
2431.693078435308
 20
3770.00904826903
 10
2433.092359171956
 20
3769.461503632949
 10
2434.491639908604
 20
3768.974797289767
 10
2435.951758938151
 20
3768.427252653687
 10
2437.351039674798
 20
3767.940546310505
 10
2438.750320411447
 20
3767.393001674427
 10
2440.210439440992
 20
3766.845457038347
 10
2441.60972017764
 20
3766.297912402267
 10
2443.069839207186
 20
3765.750367766187
 10
2444.529958236732
 20
3765.141984837209
 10
2445.990077266277
 20
3764.59444020113
 10
2447.450196295824
 20
3763.986057272153
 10
2448.910315325369
 20
3763.438512636072
 10
2450.370434354915
 20
3762.830129707095
 10
2451.891391677359
 20
3762.221746778118
 10
2453.351510706905
 20
3761.613363849141
 10
2454.872468029348
 20
3761.004980920163
 10
2456.393425351792
 20
3760.396597991185
 10
2457.914382674236
 20
3759.788215062207
 10
2459.435339996679
 20
3759.118993840333
 10
2460.956297319123
 20
3758.510610911355
 10
2462.477254641566
 20
3757.84138968948
 10
2463.99821196401
 20
3757.233006760503
 10
2465.580007579351
 20
3756.563785538628
 10
2467.100964901795
 20
3755.894564316752
 10
2468.682760517137
 20
3755.225343094877
 10
2470.264556132477
 20
3754.556121873002
 10
2471.846351747819
 20
3753.886900651127
 10
2473.42814736316
 20
3753.156841136353
 10
2475.009942978501
 20
3752.487619914479
 10
2476.591738593843
 20
3751.757560399706
 10
2478.173534209184
 20
3751.088339177831
 10
2479.816168117424
 20
3750.358279663057
 10
2481.397963732765
 20
3749.628220148285
 10
2483.040597641004
 20
3748.898160633512
 10
2484.683231549242
 20
3748.168101118738
 10
2486.325865457482
 20
3747.438041603966
 10
2487.968499365721
 20
3746.707982089193
 10
2489.61113327396
 20
3745.917084281522
 10
2491.253767182199
 20
3745.18702476675
 10
2492.896401090438
 20
3744.39612695908
 10
2494.599873291575
 20
3743.666067444305
 10
2496.242507199814
 20
3742.875169636636
 10
2497.945979400951
 20
3742.084271828964
 10
2499.649451602088
 20
3741.293374021295
 10
2501.292085510327
 20
3740.502476213624
 10
2502.995557711463
 20
3739.711578405952
 10
2504.759868205499
 20
3738.859842305384
 10
2506.463340406635
 20
3738.068944497714
 10
2508.166812607772
 20
3737.217208397145
 10
2509.870284808908
 20
3736.426310589474
 10
2511.634595302943
 20
3735.574574488906
 10
2513.398905796978
 20
3734.722838388338
 10
2515.102377998115
 20
3733.871102287769
 10
2516.86668849215
 20
3733.019366187201
 10
2518.630998986184
 20
3732.167630086632
 10
2520.395309480218
 20
3731.315893986064
 10
2522.159619974253
 20
3730.464157885496
 10
2523.984768761185
 20
3729.55158349203
 10
2525.74907925522
 20
3728.699847391461
 10
2527.513389749254
 20
3727.787272997995
 10
2529.338538536187
 20
3726.874698604528
 10
2531.163687323119
 20
3726.02296250396
 10
2532.988836110052
 20
3725.110388110494
 10
2534.753146604086
 20
3724.197813717029
  0
LWPOLYLINE
  5
2319
102
{ACAD_REACTORS
330
24B1
102
}
330
1F
100
AcDbEntity
  8
0
370
    25
100
AcDbPolyline
 90
        2
 70
     0
 43
0.0
 10
2524.167283639878
 20
3728.395655926972
 10
2529.216861950391
 20
3723.58943078805
  0
LWPOLYLINE
  5
231A
102
{ACAD_REACTORS
330
24B1
102
}
330
1F
100
AcDbEntity
  8
0
370
    50
100
AcDbPolyline
 90
      149
 70
     0
 43
0.0
 10
2423.479908894113
 20
3765.263661423006
 10
2425.913440610022
 20
3766.662942159653
 42
-0.0367476756061159
 10
2542.053741751816
 20
3717.262248326685
 10
2547.224996648123
 20
3712.334346601968
 10
2546.555775426248
 20
3712.516861480661
 10
2545.886554204373
 20
3712.760214652252
 10
2545.217332982498
 20
3712.942729530946
 10
2544.548111760623
 20
3713.186082702537
 10
2543.878890538747
 20
3713.429435874127
 10
2543.209669316872
 20
3713.672789045718
 10
2542.540448094997
 20
3713.91614221731
 10
2541.871226873122
 20
3714.1594953889
 10
2541.202005651247
 20
3714.463686853388
 10
2540.532784429372
 20
3714.707040024979
 10
2539.863563207497
 20
3715.011231489468
 10
2539.255180278519
 20
3715.315422953957
 10
2538.585959056644
 20
3715.619614418447
 10
2537.916737834769
 20
3715.923805882935
 10
2537.247516612894
 20
3716.227997347424
 10
2536.639133683916
 20
3716.532188811912
 10
2534.570631725393
 20
3717.566439791173
 10
2532.502129766869
 20
3718.539852477537
 10
2530.494466101244
 20
3719.5741034568
 10
2528.425964142721
 20
3720.547516143164
 10
2526.418300477095
 20
3721.520928829527
 10
2524.41063681147
 20
3722.49434151589
 10
2522.402973145844
 20
3723.467754202255
 10
2520.395309480218
 20
3724.380328595721
 10
2518.448484107491
 20
3725.353741282084
 10
2516.440820441865
 20
3726.266315675551
 10
2514.493995069138
 20
3727.239728361915
 10
2512.54716969641
 20
3728.152302755381
 10
2510.600344323682
 20
3729.064877148847
 10
2508.653518950954
 20
3729.977451542313
 10
2506.706693578227
 20
3730.89002593578
 10
2504.759868205499
 20
3731.741762036348
 10
2502.873881125668
 20
3732.654336429814
 10
2500.927055752941
 20
3733.506072530382
 10
2499.04106867311
 20
3734.357808630951
 10
2497.15508159328
 20
3735.20954473152
 10
2495.269094513451
 20
3736.061280832088
 10
2493.443945726518
 20
3736.913016932657
 10
2491.557958646688
 20
3737.764753033224
 10
2489.671971566858
 20
3738.555650840895
 10
2487.846822779925
 20
3739.407386941464
 10
2486.021673992993
 20
3740.198284749135
 10
2484.196525206061
 20
3740.989182556805
 10
2482.371376419129
 20
3741.780080364475
 10
2480.546227632196
 20
3742.570978172147
 10
2478.781917138162
 20
3743.30103768692
 10
2476.956768351229
 20
3744.09193549459
 10
2475.192457857195
 20
3744.821995009362
 10
2473.42814736316
 20
3745.552054524136
 10
2471.663836869126
 20
3746.342952331807
 10
2469.899526375091
 20
3747.012173553681
 10
2468.135215881056
 20
3747.742233068454
 10
2466.431743679919
 20
3748.472292583227
 10
2464.728271478783
 20
3749.202352098001
 10
2462.963960984748
 20
3749.871573319875
 10
2461.260488783611
 20
3750.540794541751
 10
2459.557016582474
 20
3751.210015763626
 10
2457.914382674236
 20
3751.879236985502
 10
2456.210910473099
 20
3752.548458207377
 10
2454.568276564859
 20
3753.217679429252
 10
2452.864804363723
 20
3753.826062358228
 10
2451.222170455484
 20
3754.495283580104
 10
2449.579536547245
 20
3755.103666509081
 10
2447.936902639005
 20
3755.712049438059
 10
2446.355107023664
 20
3756.320432367036
 10
2444.712473115425
 20
3756.928815296014
 10
2443.130677500084
 20
3757.476359932094
 10
2441.548881884743
 20
3758.084742861071
 10
2439.967086269401
 20
3758.632287497152
 10
2438.38529065406
 20
3759.17983213323
 10
2436.803495038719
 20
3759.727376769311
 10
2435.221699423377
 20
3760.27492140539
 10
2433.700742100934
 20
3760.82246604147
 10
2432.17978477849
 20
3761.37001067755
 10
2430.658827456046
 20
3761.856717020731
 10
2429.137870133603
 20
3762.343423363913
 10
2427.616912811159
 20
3762.890967999994
 10
2426.095955488716
 20
3763.377674343175
 10
2424.63583645917
 20
3763.803542393459
 10
2423.175717429624
 20
3764.290248736641
 10
2423.479908894113
 20
3765.263661423006
 10
2425.061704509454
 20
3764.716116786926
 10
2426.643500124795
 20
3764.229410443743
 10
2428.286134033034
 20
3763.681865807664
 10
2429.928767941274
 20
3763.134321171584
 10
2431.510563556615
 20
3762.586776535505
 10
2433.214035757752
 20
3762.039231899425
 10
2434.856669665991
 20
3761.491687263345
 10
2436.49930357423
 20
3760.883304334367
 10
2438.202775775366
 20
3760.27492140539
 10
2439.906247976503
 20
3759.727376769311
 10
2441.60972017764
 20
3759.118993840333
 10
2443.313192378777
 20
3758.449772618457
 10
2445.016664579914
 20
3757.84138968948
 10
2446.780975073949
 20
3757.172168467605
 10
2448.545285567983
 20
3756.563785538628
 10
2450.309596062017
 20
3755.894564316752
 10
2452.073906556052
 20
3755.225343094877
 10
2453.838217050087
 20
3754.495283580104
 10
2455.663365837019
 20
3753.826062358228
 10
2457.427676331054
 20
3753.156841136353
 10
2459.252825117986
 20
3752.426781621581
 10
2461.077973904918
 20
3751.696722106808
 10
2462.903122691851
 20
3750.966662592035
 10
2464.789109771681
 20
3750.236603077262
 10
2466.614258558613
 20
3749.445705269592
 10
2468.500245638443
 20
3748.715645754819
 10
2470.386232718273
 20
3747.924747947148
 10
2472.272219798103
 20
3747.133850139477
 10
2474.158206877933
 20
3746.342952331807
 10
2476.044193957763
 20
3745.552054524136
 10
2477.991019330491
 20
3744.700318423568
 10
2479.937844703219
 20
3743.909420615896
 10
2481.884670075947
 20
3743.057684515328
 10
2483.831495448674
 20
3742.20594841476
 10
2485.778320821402
 20
3741.354212314192
 10
2487.785984487028
 20
3740.502476213624
 10
2489.732809859756
 20
3739.589901820156
 10
2491.740473525381
 20
3738.738165719588
 10
2493.748137191007
 20
3737.825591326122
 10
2495.755800856632
 20
3736.913016932657
 10
2497.763464522258
 20
3736.00044253919
 10
2499.831966480781
 20
3735.087868145723
 10
2501.839630146406
 20
3734.175293752258
 10
2503.90813210493
 20
3733.201881065894
 10
2505.976634063453
 20
3732.289306672428
 10
2508.045136021977
 20
3731.315893986064
 10
2510.174476273398
 20
3730.342481299699
 10
2512.242978231921
 20
3729.369068613336
 10
2514.372318483342
 20
3728.334817634074
 10
2516.501658734763
 20
3727.361404947711
 10
2518.630998986184
 20
3726.32715396845
 10
2520.760339237605
 20
3725.353741282084
 10
2522.889679489026
 20
3724.319490302823
 10
2525.079858033345
 20
3723.285239323561
 10
2527.209198284765
 20
3722.190150051402
 10
2529.399376829084
 20
3721.155899072141
 10
2531.589555373403
 20
3720.060809799981
 10
2533.779733917723
 20
3719.02655882072
 10
2536.030750754939
 20
3717.93146954856
 10
2538.220929299257
 20
3716.836380276401
 10
2540.471946136474
 20
3715.741291004241
 10
2542.72296297369
 20
3714.585363439184
 10
2544.973979810907
 20
3713.490274167025
 10
2547.224996648123
 20
3712.334346601968
  0
LWPOLYLINE
  5
231B
102
{ACAD_REACTORS
330
24B1
102
}
330
1F
100
AcDbEntity
  8
0
370
    25
100
AcDbPolyline
 90
        2
 70
     0
 43
0.0
 10
2536.639133683916
 20
3716.532188811912
 10
2541.627873701531
 20
3711.725963672991
  0
LWPOLYLINE
  5
231C
102
{ACAD_REACTORS
330
24B1
102
}
330
1F
100
AcDbEntity
  8
0
370
    50
100
AcDbPolyline
 90
      242
 70
     0
 43
0.0
 10
2413.684943737576
 20
3759.605700183514
 10
2416.300990332179
 20
3761.126657505958
 42
-0.0558630818405926
 10
2554.464753502955
 20
3705.459619504523
 10
2559.636008399263
 20
3700.531717779806
 10
2558.966787177388
 20
3700.714232658499
 10
2558.297565955513
 20
3700.896747537192
 10
2557.628344733637
 20
3701.140100708784
 10
2556.959123511763
 20
3701.322615587476
 10
2556.289902289887
 20
3701.565968759067
 10
2555.620681068012
 20
3701.809321930659
 10
2554.951459846137
 20
3702.052675102249
 10
2554.282238624262
 20
3702.356866566737
 10
2553.613017402387
 20
3702.600219738329
 10
2553.004634473409
 20
3702.904411202818
 10
2552.335413251535
 20
3703.147764374409
 10
2551.666192029659
 20
3703.451955838897
 10
2550.996970807783
 20
3703.756147303386
 10
2550.327749585908
 20
3704.060338767875
 10
2549.719366656931
 20
3704.364530232363
 10
2549.050145435056
 20
3704.668721696852
 10
2546.494937133351
 20
3705.946325847705
 10
2543.939728831646
 20
3707.223929998558
 10
2541.38452052994
 20
3708.440695856513
 10
2538.890150521133
 20
3709.657461714467
 10
2536.334942219427
 20
3710.874227572422
 10
2533.84057221062
 20
3712.090993430376
 10
2531.346202201812
 20
3713.246920995434
 10
2528.912670485903
 20
3714.463686853388
 10
2526.418300477095
 20
3715.619614418447
 10
2523.984768761185
 20
3716.775541983504
 10
2521.551237045276
 20
3717.870631255663
 10
2519.178543622264
 20
3719.02655882072
 10
2516.745011906353
 20
3720.121648092879
 10
2514.372318483342
 20
3721.216737365038
 10
2511.99962506033
 20
3722.311826637198
 10
2509.626931637318
 20
3723.406915909357
 10
2507.254238214306
 20
3724.441166888619
 10
2504.942383084191
 20
3725.47541786788
 10
2502.630527954078
 20
3726.509668847142
 10
2500.318672823963
 20
3727.543919826403
 10
2498.006817693849
 20
3728.517332512768
 10
2495.755800856632
 20
3729.490745199131
 10
2493.504784019415
 20
3730.524996178393
 10
2491.253767182199
 20
3731.437570571858
 10
2489.002750344983
 20
3732.410983258224
 10
2486.751733507766
 20
3733.323557651689
 10
2484.561554963448
 20
3734.296970338053
 10
2482.371376419129
 20
3735.20954473152
 10
2480.18119787481
 20
3736.061280832088
 10
2478.051857623388
 20
3736.973855225554
 10
2475.922517371968
 20
3737.825591326122
 10
2473.732338827649
 20
3738.677327426691
 10
2471.663836869126
 20
3739.529063527259
 10
2469.534496617705
 20
3740.380799627827
 10
2467.465994659181
 20
3741.171697435499
 10
2466.431743679919
 20
3741.597565485783
 10
2465.397492700658
 20
3741.962595243169
 10
2464.363241721396
 20
3742.388463293453
 10
2463.328990742135
 20
3742.75349305084
 10
2462.294739762873
 20
3743.179361101124
 10
2461.260488783611
 20
3743.544390858511
 10
2460.226237804349
 20
3743.909420615896
 10
2459.252825117986
 20
3744.274450373283
 10
2458.218574138724
 20
3744.700318423568
 10
2457.245161452361
 20
3745.065348180954
 10
2456.210910473099
 20
3745.430377938341
 10
2455.237497786735
 20
3745.795407695727
 10
2454.203246807474
 20
3746.160437453113
 10
2453.229834121109
 20
3746.464628917602
 10
2452.256421434745
 20
3746.829658674989
 10
2451.283008748382
 20
3747.194688432375
 10
2450.24875776912
 20
3747.559718189761
 10
2449.275345082756
 20
3747.86390965425
 10
2448.301932396392
 20
3748.228939411637
 10
2447.328519710028
 20
3748.593969169023
 10
2446.415945316562
 20
3748.898160633512
 10
2445.442532630198
 20
3749.202352098001
 10
2444.469119943834
 20
3749.567381855387
 10
2443.495707257471
 20
3749.871573319875
 10
2442.583132864004
 20
3750.175764784364
 10
2441.60972017764
 20
3750.479956248854
 10
2440.697145784174
 20
3750.84498600624
 10
2439.72373309781
 20
3751.149177470728
 10
2438.811158704344
 20
3751.453368935216
 10
2437.898584310878
 20
3751.757560399706
 10
2436.925171624514
 20
3752.000913571296
 10
2436.012597231048
 20
3752.305105035786
 10
2435.100022837582
 20
3752.609296500275
 10
2434.187448444116
 20
3752.913487964763
 10
2433.27487405065
 20
3753.156841136353
 10
2432.362299657183
 20
3753.461032600843
 10
2431.449725263717
 20
3753.765224065331
 10
2430.537150870251
 20
3754.008577236922
 10
2429.685414769682
 20
3754.251930408514
 10
2428.772840376216
 20
3754.556121873002
 10
2427.86026598275
 20
3754.799475044592
 10
2427.008529882181
 20
3755.042828216184
 10
2426.095955488716
 20
3755.286181387775
 10
2425.244219388147
 20
3755.590372852264
 10
2424.392483287579
 20
3755.833726023855
 10
2423.479908894113
 20
3756.077079195446
 10
2422.628172793544
 20
3756.259594074139
 10
2421.776436692976
 20
3756.50294724573
 10
2420.924700592407
 20
3756.746300417321
 10
2420.072964491839
 20
3756.989653588912
 10
2419.221228391271
 20
3757.233006760503
 10
2418.369492290703
 20
3757.415521639196
 10
2417.517756190134
 20
3757.658874810786
 10
2416.726858382463
 20
3757.84138968948
 10
2415.875122281895
 20
3758.084742861071
 10
2415.023386181326
 20
3758.267257739765
 10
2414.232488373656
 20
3758.449772618457
 10
2413.380752273087
 20
3758.693125790049
 10
2413.684943737576
 20
3759.605700183514
 10
2414.597518131042
 20
3759.423185304822
 10
2415.449254231611
 20
3759.17983213323
 10
2416.361828625077
 20
3758.93647896164
 10
2417.213564725645
 20
3758.753964082945
 10
2418.126139119111
 20
3758.510610911355
 10
2418.97787521968
 20
3758.267257739765
 10
2419.890449613145
 20
3758.023904568173
 10
2420.803024006612
 20
3757.780551396582
 10
2421.715598400078
 20
3757.537198224992
 10
2422.628172793544
 20
3757.2938450534
 10
2423.54074718701
 20
3757.050491881809
 10
2424.453321580477
 20
3756.807138710218
 10
2425.365895973943
 20
3756.563785538628
 10
2426.339308660307
 20
3756.259594074139
 10
2427.251883053772
 20
3756.016240902548
 10
2428.164457447238
 20
3755.712049438059
 10
2429.137870133603
 20
3755.468696266468
 10
2430.111282819967
 20
3755.164504801979
 10
2431.023857213433
 20
3754.921151630389
 10
2431.997269899796
 20
3754.6169601659
 10
2432.970682586161
 20
3754.312768701411
 10
2433.944095272524
 20
3754.008577236922
 10
2434.856669665991
 20
3753.704385772434
 10
2435.830082352354
 20
3753.400194307945
 10
2436.864333331616
 20
3753.096002843456
 10
2437.83774601798
 20
3752.791811378968
 10
2438.811158704344
 20
3752.487619914479
 10
2439.784571390708
 20
3752.122590157092
 10
2440.818822369969
 20
3751.818398692603
 10
2441.792235056334
 20
3751.514207228115
 10
2442.826486035595
 20
3751.149177470728
 10
2443.799898721959
 20
3750.84498600624
 10
2444.834149701221
 20
3750.479956248854
 10
2445.868400680482
 20
3750.114926491467
 10
2446.841813366846
 20
3749.749896734081
 10
2447.876064346108
 20
3749.445705269592
 10
2448.910315325369
 20
3749.080675512205
 10
2449.944566304631
 20
3748.715645754819
 10
2450.978817283893
 20
3748.350615997433
 10
2452.013068263154
 20
3747.985586240046
 10
2453.047319242416
 20
3747.62055648266
 10
2454.142408514575
 20
3747.194688432375
 10
2455.176659493837
 20
3746.829658674989
 10
2456.271748765996
 20
3746.464628917602
 10
2457.305999745258
 20
3746.038760867318
 10
2458.401089017418
 20
3745.673731109932
 10
2459.435339996679
 20
3745.247863059648
 10
2460.530429268839
 20
3744.882833302261
 10
2461.625518540998
 20
3744.456965251977
 10
2462.659769520259
 20
3744.031097201693
 10
2463.754858792419
 20
3743.666067444305
 10
2464.849948064578
 20
3743.240199394021
 10
2465.945037336738
 20
3742.814331343737
 10
2467.040126608897
 20
3742.388463293453
 10
2468.196054173955
 20
3741.962595243169
 10
2469.291143446114
 20
3741.536727192884
 10
2470.386232718273
 20
3741.1108591426
 10
2471.54216028333
 20
3740.624152799418
 10
2472.63724955549
 20
3740.198284749135
 10
2473.732338827649
 20
3739.77241669885
 10
2474.888266392706
 20
3739.285710355668
 10
2476.044193957763
 20
3738.859842305384
 10
2477.139283229923
 20
3738.373135962202
 10
2478.29521079498
 20
3737.947267911919
 10
2479.451138360037
 20
3737.460561568736
 10
2480.607065925094
 20
3736.973855225554
 10
2481.762993490151
 20
3736.487148882372
 10
2482.918921055208
 20
3736.00044253919
 10
2484.074848620265
 20
3735.574574488906
 10
2485.230776185323
 20
3735.087868145723
 10
2486.38670375038
 20
3734.601161802542
 10
2487.603469608334
 20
3734.053617166463
 10
2488.759397173391
 20
3733.56691082328
 10
2489.976163031347
 20
3733.080204480098
 10
2491.132090596404
 20
3732.593498136917
 10
2492.348856454359
 20
3732.045953500837
 10
2493.504784019415
 20
3731.559247157655
 10
2494.72154987737
 20
3731.011702521576
 10
2495.938315735326
 20
3730.524996178393
 10
2497.15508159328
 20
3729.977451542313
 10
2498.371847451235
 20
3729.490745199131
 10
2499.527775016292
 20
3728.943200563052
 10
2500.805379167145
 20
3728.395655926972
 10
2502.0221450251
 20
3727.848111290892
 10
2503.238910883055
 20
3727.300566654812
 10
2504.45567674101
 20
3726.753022018733
 10
2505.672442598965
 20
3726.205477382654
 10
2506.950046749817
 20
3725.657932746574
 10
2508.166812607772
 20
3725.110388110494
 10
2509.444416758624
 20
3724.562843474415
 10
2510.66118261658
 20
3723.954460545437
 10
2511.938786767432
 20
3723.406915909357
 10
2513.155552625387
 20
3722.859371273278
 10
2514.43315677624
 20
3722.2509883443
 10
2515.710760927092
 20
3721.703443708221
 10
2516.988365077944
 20
3721.095060779243
 10
2518.265969228797
 20
3720.486677850266
 10
2519.54357337965
 20
3719.939133214186
 10
2520.821177530502
 20
3719.330750285208
 10
2522.098781681355
 20
3718.72236735623
 10
2523.376385832208
 20
3718.113984427254
 10
2524.653989983061
 20
3717.505601498276
 10
2525.992432426811
 20
3716.897218569299
 10
2527.270036577663
 20
3716.288835640321
 10
2528.547640728516
 20
3715.680452711344
 10
2529.886083172266
 20
3715.072069782367
 10
2531.224525616017
 20
3714.463686853388
 10
2532.502129766869
 20
3713.794465631514
 10
2533.84057221062
 20
3713.186082702537
 10
2535.17901465437
 20
3712.577699773559
 10
2536.456618805223
 20
3711.908478551683
 10
2537.795061248973
 20
3711.300095622706
 10
2539.133503692723
 20
3710.630874400831
 10
2540.471946136474
 20
3709.961653178956
 10
2541.810388580224
 20
3709.353270249978
 10
2543.148831023974
 20
3708.684049028103
 10
2544.548111760623
 20
3708.014827806227
 10
2545.886554204373
 20
3707.345606584353
 10
2547.224996648123
 20
3706.676385362477
 10
2548.624277384771
 20
3706.007164140602
 10
2549.962719828522
 20
3705.337942918728
 10
2551.36200056517
 20
3704.668721696852
 10
2552.70044300892
 20
3703.999500474977
 10
2554.099723745569
 20
3703.269440960204
 10
2555.499004482217
 20
3702.600219738329
 10
2556.837446925967
 20
3701.930998516454
 10
2558.236727662615
 20
3701.20093900168
 10
2559.636008399263
 20
3700.531717779806
  0
LWPOLYLINE
  5
231D
102
{ACAD_REACTORS
330
24B1
102
}
330
1F
100
AcDbEntity
  8
0
370
    25
100
AcDbPolyline
 90
        2
 70
     0
 43
0.0
 10
2549.050145435056
 20
3704.668721696852
 10
2554.099723745569
 20
3699.923334850828
  0
LWPOLYLINE
  5
231E
102
{ACAD_REACTORS
330
24B1
102
}
330
1F
100
AcDbEntity
  8
0
370
    50
100
AcDbPolyline
 90
      149
 70
     0
 43
0.0
 10
2400.90890222905
 20
3752.244266742888
 10
2404.011655166835
 20
3754.008577236922
 42
-0.0760585288311071
 10
2566.875765254094
 20
3693.596152389462
 10
2572.047020150403
 20
3688.668250664746
 10
2571.377798928528
 20
3688.850765543438
 10
2570.708577706652
 20
3689.094118715031
 10
2570.039356484777
 20
3689.276633593723
 10
2569.370135262902
 20
3689.519986765314
 10
2568.700914041027
 20
3689.763339936905
 10
2568.09253111205
 20
3690.006693108496
 10
2567.423309890175
 20
3690.250046280087
 10
2566.754088668299
 20
3690.493399451678
 10
2566.084867446424
 20
3690.797590916167
 10
2565.415646224548
 20
3691.040944087757
 10
2564.746425002673
 20
3691.345135552245
 10
2564.077203780799
 20
3691.649327016735
 10
2563.407982558923
 20
3691.953518481224
 10
2562.799599629946
 20
3692.257709945713
 10
2562.130378408071
 20
3692.561901410201
 10
2561.461157186196
 20
3692.86609287469
 10
2559.818523277956
 20
3693.656990682361
 10
2558.236727662615
 20
3694.447888490032
 10
2556.594093754376
 20
3695.238786297701
 10
2555.012298139035
 20
3696.029684105373
 10
2553.430502523693
 20
3696.820581913043
 10
2551.787868615454
 20
3697.611479720714
 10
2550.206073000113
 20
3698.341539235487
 10
2548.624277384771
 20
3699.132437043157
 10
2547.04248176943
 20
3699.86249655793
 10
2545.460686154089
 20
3700.653394365601
 10
2543.939728831646
 20
3701.383453880374
 10
2542.357933216304
 20
3702.113513395147
 10
2540.776137600963
 20
3702.84357290992
 10
2539.255180278519
 20
3703.573632424693
 10
2537.673384663178
 20
3704.303691939465
 10
2536.152427340735
 20
3705.033751454239
 10
2534.631470018291
 20
3705.763810969012
 10
2533.110512695847
 20
3706.493870483785
 10
2531.589555373403
 20
3707.16309170566
 10
2530.06859805096
 20
3707.893151220433
 10
2528.547640728516
 20
3708.562372442308
 10
2527.026683406072
 20
3709.292431957081
 10
2525.505726083629
 20
3709.961653178956
 10
2524.045607054083
 20
3710.630874400831
 10
2522.52464973164
 20
3711.300095622706
 10
2521.064530702093
 20
3711.969316844581
 10
2519.54357337965
 20
3712.638538066456
 10
2518.083454350104
 20
3713.307759288331
 10
2516.623335320558
 20
3713.976980510207
 10
2515.163216291012
 20
3714.646201732082
 10
2513.703097261467
 20
3715.254584661059
 10
2512.242978231921
 20
3715.923805882935
 10
2510.782859202376
 20
3716.532188811912
 10
2509.383578465727
 20
3717.201410033788
 10
2507.923459436181
 20
3717.809792962765
 10
2506.463340406635
 20
3718.418175891742
 10
2505.064059669987
 20
3719.02655882072
 10
2503.664778933338
 20
3719.634941749697
 10
2502.204659903793
 20
3720.243324678674
 10
2500.805379167145
 20
3720.851707607652
 10
2499.406098430497
 20
3721.399252243732
 10
2498.006817693849
 20
3722.00763517271
 10
2496.607536957201
 20
3722.616018101686
 10
2495.269094513451
 20
3723.163562737767
 10
2493.869813776802
 20
3723.711107373846
 10
2492.470533040154
 20
3724.319490302823
 10
2491.132090596404
 20
3724.867034938903
 10
2489.793648152653
 20
3725.414579574983
 10
2488.394367416005
 20
3725.962124211063
 10
2487.055924972255
 20
3726.509668847142
 10
2485.717482528504
 20
3727.057213483222
 10
2484.379040084754
 20
3727.604758119302
 10
2483.040597641004
 20
3728.091464462484
 10
2481.702155197253
 20
3728.639009098563
 10
2480.363712753503
 20
3729.125715441745
 10
2479.08610860265
 20
3729.673260077824
 10
2477.7476661589
 20
3730.159966421008
 10
2476.470062008047
 20
3730.646672764188
 10
2475.192457857195
 20
3731.13337910737
 10
2473.854015413444
 20
3731.620085450553
 10
2472.576411262592
 20
3732.106791793734
 10
2471.298807111739
 20
3732.593498136917
 10
2470.021202960887
 20
3733.080204480098
 10
2468.743598810034
 20
3733.506072530382
 10
2467.526832952079
 20
3733.992778873564
 10
2466.249228801227
 20
3734.418646923849
 10
2464.971624650374
 20
3734.905353267031
 10
2463.754858792419
 20
3735.331221317314
 10
2462.538092934464
 20
3735.757089367599
 10
2461.260488783611
 20
3736.182957417883
 10
2460.043722925657
 20
3736.608825468169
 10
2458.826957067702
 20
3737.034693518451
 10
2457.610191209747
 20
3737.460561568736
 10
2456.393425351792
 20
3737.886429619019
 10
2455.237497786735
 20
3738.312297669304
 10
2454.020731928781
 20
3738.677327426691
 10
2452.803966070825
 20
3739.103195476975
 10
2451.648038505768
 20
3739.468225234362
 10
2450.431272647813
 20
3739.833254991748
 10
2449.275345082756
 20
3740.198284749135
 10
2448.119417517699
 20
3740.563314506522
 10
2446.963489952642
 20
3740.928344263907
 10
2445.807562387584
 20
3741.293374021295
 10
2444.651634822527
 20
3741.65840377868
 10
2443.495707257471
 20
3742.023433536067
 10
2442.400617985311
 20
3742.327625000556
 10
2441.244690420254
 20
3742.692654757943
 10
2440.149601148094
 20
3742.996846222431
 10
2438.993673583037
 20
3743.361875979817
 10
2437.898584310878
 20
3743.666067444305
 10
2436.803495038719
 20
3743.970258908795
 10
2435.708405766559
 20
3744.274450373283
 10
2434.6133164944
 20
3744.578641837772
 10
2433.51822722224
 20
3744.882833302261
 10
2432.483976242979
 20
3745.126186473852
 10
2431.388886970819
 20
3745.430377938341
 10
2430.354635991557
 20
3745.734569402829
 10
2429.259546719399
 20
3745.97792257442
 10
2428.225295740137
 20
3746.221275746012
 10
2427.191044760875
 20
3746.525467210501
 10
2426.156793781613
 20
3746.768820382091
 10
2425.122542802351
 20
3747.012173553681
 10
2424.088291823089
 20
3747.255526725273
 10
2423.054040843828
 20
3747.498879896863
 10
2422.019789864567
 20
3747.681394775558
 10
2421.046377178202
 20
3747.924747947148
 10
2420.012126198941
 20
3748.168101118738
 10
2419.038713512577
 20
3748.350615997433
 10
2418.065300826214
 20
3748.533130876126
 10
2417.091888139849
 20
3748.776484047716
 10
2416.118475453485
 20
3748.95899892641
 10
2415.145062767122
 20
3749.141513805103
 10
2414.171650080758
 20
3749.324028683797
 10
2413.259075687292
 20
3749.506543562489
 10
2412.285663000928
 20
3749.689058441183
 10
2411.373088607462
 20
3749.810735026978
 10
2410.399675921098
 20
3749.993249905671
 10
2409.487101527632
 20
3750.114926491467
 10
2408.574527134165
 20
3750.29744137016
 10
2407.661952740699
 20
3750.419117955956
 10
2406.749378347233
 20
3750.540794541751
 10
2405.836803953767
 20
3750.662471127546
 10
2404.985067853198
 20
3750.784147713342
 10
2404.072493459732
 20
3750.905824299137
 10
2403.220757359164
 20
3751.027500884934
 10
2402.308182965698
 20
3751.088339177831
 10
2401.456446865129
 20
3751.210015763626
 10
2400.60471076456
 20
3751.270854056524
 10
2381.136457037283
 20
3740.076608163339
  0
LWPOLYLINE
  5
231F
102
{ACAD_REACTORS
330
24B1
102
}
330
1F
100
AcDbEntity
  8
0
370
    25
100
AcDbPolyline
 90
        2
 70
     0
 43
0.0
 10
2561.461157186196
 20
3692.86609287469
 10
2566.510735496709
 20
3688.059867735768
  0
LWPOLYLINE
  5
2320
102
{ACAD_REACTORS
330
24B1
102
}
330
1F
100
AcDbEntity
  8
0
370
    50
100
AcDbPolyline
 90
      532
 70
     0
 43
0.0
 10
2365.501015762562
 20
3655.63305762127
 10
2365.135986005177
 20
3656.910661772123
 10
2364.77095624779
 20
3658.127427630078
 10
2364.405926490403
 20
3659.344193488033
 10
2364.101735025915
 20
3660.560959345988
 10
2363.736705268528
 20
3661.777725203943
 10
2363.43251380404
 20
3662.994491061897
 10
2363.12832233955
 20
3664.150418626955
 10
2362.824130875062
 20
3665.367184484909
 10
2362.519939410573
 20
3666.523112049967
 10
2362.276586238982
 20
3667.679039615024
 10
2361.972394774494
 20
3668.834967180081
 10
2361.729041602903
 20
3669.990894745138
 10
2361.424850138414
 20
3671.146822310195
 10
2361.181496966823
 20
3672.302749875253
 10
2360.938143795232
 20
3673.397839147412
 10
2360.694790623641
 20
3674.553766712469
 10
2360.512275744948
 20
3675.648855984628
 10
2360.268922573357
 20
3676.743945256788
 10
2360.086407694663
 20
3677.839034528947
 10
2359.90389281597
 20
3678.934123801106
 10
2359.660539644379
 20
3680.029213073265
 10
2359.478024765686
 20
3681.063464052527
 10
2359.356348179891
 20
3682.158553324686
 10
2359.173833301197
 20
3683.192804303948
 10
2358.991318422504
 20
3684.22705528321
 10
2358.869641836708
 20
3685.261306262471
 10
2358.747965250913
 20
3686.295557241733
 10
2358.626288665118
 20
3687.329808220995
 10
2358.504612079322
 20
3688.364059200257
 10
2358.382935493526
 20
3689.33747188662
 10
2358.261258907731
 20
3690.310884572984
 10
2358.200420614833
 20
3691.345135552245
 10
2358.078744029038
 20
3692.31854823861
 10
2358.01790573614
 20
3693.291960924974
 10
2357.957067443242
 20
3694.20453531844
 10
2357.896229150345
 20
3695.177948004804
 10
2357.896229150345
 20
3696.09052239827
 10
2357.835390857447
 20
3697.063935084634
 10
2357.774552564549
 20
3697.976509478101
 10
2357.774552564549
 20
3698.889083871566
 10
2357.774552564549
 20
3699.801658265033
 10
2357.774552564549
 20
3700.714232658499
 10
2357.774552564549
 20
3701.565968759067
 10
2357.774552564549
 20
3702.478543152534
 10
2357.835390857447
 20
3703.330279253101
 10
2357.896229150345
 20
3704.182015353671
 10
2357.896229150345
 20
3705.033751454239
 10
2357.957067443242
 20
3705.885487554807
 10
2358.01790573614
 20
3706.737223655376
 10
2358.139582321935
 20
3707.528121463046
 10
2358.200420614833
 20
3708.379857563614
 10
2358.322097200629
 20
3709.170755371285
 10
2358.382935493526
 20
3709.961653178956
 10
2358.504612079322
 20
3710.752550986626
 10
2358.626288665118
 20
3711.543448794297
 10
2358.747965250913
 20
3712.334346601968
 10
2358.930480129607
 20
3713.06440611674
 10
2359.052156715401
 20
3713.855303924411
 10
2359.234671594095
 20
3714.585363439184
 10
2359.417186472788
 20
3715.315422953957
 10
2359.599701351482
 20
3716.045482468731
 10
2359.782216230175
 20
3716.714703690605
 10
2359.964731108867
 20
3717.444763205378
 10
2360.208084280459
 20
3718.174822720152
 10
2360.390599159152
 20
3718.844043942027
 10
2360.633952330743
 20
3719.513265163902
 10
2360.877305502334
 20
3720.182486385777
 10
2361.120658673925
 20
3720.851707607652
 10
2361.364011845516
 20
3721.520928829527
 10
2361.668203310005
 20
3722.129311758505
 10
2361.911556481596
 20
3722.737694687482
 10
2362.215747946084
 20
3723.406915909357
 10
2362.519939410573
 20
3724.015298838335
 10
2362.824130875062
 20
3724.623681767312
 10
2363.12832233955
 20
3725.171226403392
 10
2363.493352096937
 20
3725.779609332369
 10
2363.797543561426
 20
3726.32715396845
 10
2364.162573318812
 20
3726.935536897427
 10
2364.527603076199
 20
3727.483081533506
 10
2364.892632833585
 20
3728.030626169586
 10
2365.257662590972
 20
3728.578170805665
 10
2365.683530641256
 20
3729.064877148847
 10
2366.048560398643
 20
3729.612421784927
 10
2366.474428448927
 20
3730.099128128109
 10
2366.900296499211
 20
3730.585834471291
 10
2367.326164549495
 20
3731.072540814473
 10
2367.75203259978
 20
3731.559247157655
 10
2368.238738942961
 20
3732.045953500837
 10
2368.664606993245
 20
3732.471821551121
 10
2369.151313336427
 20
3732.958527894302
 10
2369.638019679609
 20
3733.384395944588
 10
2370.124726022792
 20
3733.810263994871
 10
2370.611432365973
 20
3734.236132045156
 10
2371.098138709155
 20
3734.662000095439
 10
2371.645683345235
 20
3735.027029852826
 10
2372.193227981314
 20
3735.45289790311
 10
2372.740772617394
 20
3735.817927660497
 10
2373.288317253473
 20
3736.182957417883
 10
2373.835861889554
 20
3736.54798717527
 10
2374.383406525633
 20
3736.913016932657
 10
2374.991789454611
 20
3737.278046690043
 10
2375.600172383588
 20
3737.582238154531
 10
2376.208555312565
 20
3737.886429619019
 10
2376.816938241543
 20
3738.190621083509
 10
2377.42532117052
 20
3738.494812547997
 10
2378.033704099497
 20
3738.799004012486
 10
2378.702925321373
 20
3739.103195476975
 10
2379.372146543248
 20
3739.346548648566
 10
2380.041367765123
 20
3739.650740113055
 10
2380.710588986999
 20
3739.894093284646
 10
2381.379810208874
 20
3740.137446456237
 10
2382.109869723646
 20
3740.380799627827
 10
2382.779090945522
 20
3740.624152799418
 10
2383.509150460294
 20
3740.806667678112
 10
2384.239209975067
 20
3741.050020849703
 10
2384.969269489841
 20
3741.232535728396
 10
2385.699329004614
 20
3741.415050607089
 10
2386.490226812284
 20
3741.597565485783
 10
2387.220286327057
 20
3741.719242071577
 10
2388.011184134728
 20
3741.901756950272
 10
2388.802081942398
 20
3742.084271828964
 10
2389.592979750069
 20
3742.20594841476
 10
2390.38387755774
 20
3742.327625000556
 10
2391.235613658309
 20
3742.449301586351
 10
2392.026511465979
 20
3742.570978172147
 10
2392.878247566547
 20
3742.631816465044
 10
2393.729983667116
 20
3742.75349305084
 10
2394.581719767684
 20
3742.814331343737
 10
2395.433455868252
 20
3742.875169636636
 10
2396.346030261719
 20
3742.936007929533
 10
2397.197766362288
 20
3742.996846222431
 10
2398.110340755753
 20
3743.057684515328
 10
2399.022915149219
 20
3743.118522808226
 10
2399.935489542686
 20
3743.118522808226
 10
2400.848063936152
 20
3743.118522808226
 10
2401.821476622516
 20
3743.118522808226
 10
2402.734051015982
 20
3743.118522808226
 10
2403.707463702346
 20
3743.118522808226
 10
2404.680876388709
 20
3743.118522808226
 10
2405.654289075073
 20
3743.057684515328
 10
2406.627701761437
 20
3742.996846222431
 10
2407.601114447802
 20
3742.996846222431
 10
2408.635365427064
 20
3742.936007929533
 10
2409.669616406324
 20
3742.875169636636
 10
2410.643029092689
 20
3742.75349305084
 10
2411.677280071951
 20
3742.692654757943
 10
2412.711531051213
 20
3742.570978172147
 10
2413.806620323371
 20
3742.510139879249
 10
2414.840871302633
 20
3742.388463293453
 10
2415.935960574792
 20
3742.266786707658
 10
2417.031049846952
 20
3742.084271828964
 10
2418.126139119111
 20
3741.962595243169
 10
2419.221228391271
 20
3741.840918657374
 10
2420.31631766343
 20
3741.65840377868
 10
2421.41140693559
 20
3741.475888899987
 10
2422.567334500646
 20
3741.293374021295
 10
2423.723262065704
 20
3741.1108591426
 10
2424.818351337863
 20
3740.928344263907
 10
2425.97427890292
 20
3740.745829385215
 10
2427.191044760875
 20
3740.502476213624
 10
2428.346972325932
 20
3740.31996133493
 10
2429.502899890989
 20
3740.076608163339
 10
2430.719665748944
 20
3739.833254991748
 10
2431.936431606899
 20
3739.589901820156
 10
2433.153197464854
 20
3739.285710355668
 10
2434.369963322808
 20
3739.042357184078
 10
2435.586729180764
 20
3738.799004012486
 10
2436.803495038719
 20
3738.494812547997
 10
2438.081099189571
 20
3738.190621083509
 10
2439.358703340424
 20
3737.886429619019
 10
2440.636307491276
 20
3737.582238154531
 10
2441.913911642128
 20
3737.278046690043
 10
2443.191515792981
 20
3736.913016932657
 10
2444.469119943834
 20
3736.608825468169
 10
2445.746724094687
 20
3736.243795710782
 10
2447.085166538438
 20
3735.878765953394
 10
2448.423608982188
 20
3735.574574488906
 10
2449.762051425938
 20
3735.148706438622
 10
2451.100493869688
 20
3734.783676681235
 10
2452.438936313438
 20
3734.418646923849
 10
2453.777378757189
 20
3733.992778873564
 10
2455.11582120094
 20
3733.627749116178
 10
2456.515101937587
 20
3733.201881065894
 10
2457.914382674236
 20
3732.776013015609
 10
2459.313663410883
 20
3732.350144965326
 10
2460.712944147532
 20
3731.924276915041
 10
2462.11222488418
 20
3731.498408864757
 10
2463.511505620828
 20
3731.011702521576
 10
2464.971624650374
 20
3730.585834471291
 10
2466.370905387022
 20
3730.099128128109
 10
2467.831024416568
 20
3729.612421784927
 10
2469.291143446114
 20
3729.125715441745
 10
2470.751262475659
 20
3728.639009098563
 10
2472.211381505205
 20
3728.152302755381
 10
2473.671500534751
 20
3727.604758119302
 10
2475.192457857195
 20
3727.11805177612
 10
2476.652576886741
 20
3726.57050714004
 10
2478.173534209184
 20
3726.02296250396
 10
2479.694491531628
 20
3725.47541786788
 10
2481.215448854071
 20
3724.927873231801
 10
2482.736406176515
 20
3724.380328595721
 10
2484.257363498958
 20
3723.832783959642
 10
2485.8391591143
 20
3723.224401030665
 10
2487.360116436744
 20
3722.676856394585
 10
2488.941912052085
 20
3722.068473465607
 10
2490.523707667426
 20
3721.460090536629
 10
2492.105503282768
 20
3720.851707607652
 10
2493.687298898109
 20
3720.243324678674
 10
2495.269094513451
 20
3719.634941749697
 10
2496.850890128792
 20
3719.02655882072
 10
2498.493524037031
 20
3718.357337598845
 10
2500.075319652372
 20
3717.748954669867
 10
2501.717953560611
 20
3717.079733447992
 10
2503.36058746885
 20
3716.410512226117
 10
2505.003221377089
 20
3715.741291004241
 10
2506.645855285328
 20
3715.072069782367
 10
2508.349327486465
 20
3714.402848560491
 10
2509.991961394704
 20
3713.672789045718
 10
2511.695433595841
 20
3713.003567823843
 10
2513.33806750408
 20
3712.27350830907
 10
2515.041539705217
 20
3711.543448794297
 10
2516.745011906353
 20
3710.813389279524
 10
2518.448484107491
 20
3710.083329764751
 10
2520.151956308627
 20
3709.353270249978
 10
2521.916266802662
 20
3708.623210735205
 10
2523.619739003799
 20
3707.893151220433
 10
2525.384049497833
 20
3707.102253412762
 10
2527.148359991868
 20
3706.372193897989
 10
2528.851832193006
 20
3705.581296090318
 10
2530.61614268704
 20
3704.790398282648
 10
2532.441291473972
 20
3703.999500474977
 10
2534.205601968006
 20
3703.208602667306
 10
2535.969912462042
 20
3702.356866566737
 10
2537.795061248973
 20
3701.565968759067
 10
2539.620210035906
 20
3700.775070951396
 10
2541.38452052994
 20
3699.923334850828
 10
2543.209669316872
 20
3699.07159875026
 10
2545.034818103805
 20
3698.219862649691
 10
2546.859966890737
 20
3697.368126549122
 10
2548.745953970567
 20
3696.516390448554
 10
2550.571102757499
 20
3695.664654347986
 10
2552.457089837329
 20
3694.812918247418
 10
2554.34307691716
 20
3693.900343853952
 10
2556.168225704092
 20
3692.987769460486
 10
2558.054212783922
 20
3692.136033359917
 10
2559.940199863752
 20
3691.223458966451
 10
2561.88702523648
 20
3690.310884572984
 10
2563.77301231631
 20
3689.398310179519
 10
2565.65899939614
 20
3688.485735786052
 10
2567.605824768868
 20
3687.512323099688
 10
2569.552650141596
 20
3686.599748706222
 10
2571.499475514324
 20
3685.626336019858
 10
2573.446300887051
 20
3684.652923333494
 10
2575.393126259779
 20
3683.740348940029
 10
2577.339951632507
 20
3682.766936253665
 10
2579.286777005235
 20
3681.7935235673
 10
2584.153840437054
 20
3677.169813307072
 10
2584.032163851258
 20
3677.048136721276
 10
2583.971325558361
 20
3676.987298428379
 10
2583.362942629384
 20
3677.169813307072
 10
2582.693721407508
 20
3677.352328185765
 10
2582.085338478531
 20
3677.595681357356
 10
2581.416117256656
 20
3677.77819623605
 10
2580.807734327678
 20
3678.02154940764
 10
2580.199351398701
 20
3678.264902579231
 10
2579.530130176825
 20
3678.508255750823
 10
2578.921747247848
 20
3678.751608922413
 10
2578.252526025973
 20
3679.055800386902
 10
2577.644143096995
 20
3679.299153558492
 10
2577.035760168018
 20
3679.542506730084
 10
2576.366538946143
 20
3679.846698194573
 10
2575.758156017165
 20
3680.150889659061
 10
2575.149773088188
 20
3680.394242830652
 10
2574.541390159211
 20
3680.69843429514
 10
2573.872168937335
 20
3681.002625759629
 10
2572.472888200687
 20
3681.732685274402
 10
2571.012769171141
 20
3682.401906496278
 10
2569.613488434493
 20
3683.13196601105
 10
2568.214207697846
 20
3683.801187232926
 10
2566.754088668299
 20
3684.531246747699
 10
2565.354807931651
 20
3685.200467969574
 10
2563.955527195003
 20
3685.86968919145
 10
2562.556246458355
 20
3686.538910413325
 10
2561.156965721707
 20
3687.2081316352
 10
2559.757684985058
 20
3687.877352857075
 10
2558.358404248411
 20
3688.54657407895
 10
2557.019961804661
 20
3689.215795300825
 10
2555.620681068012
 20
3689.8850165227
 10
2554.221400331364
 20
3690.554237744576
 10
2552.882957887613
 20
3691.162620673553
 10
2551.483677150966
 20
3691.831841895428
 10
2550.145234707216
 20
3692.501063117303
 10
2548.806792263464
 20
3693.10944604628
 10
2547.407511526817
 20
3693.778667268156
 10
2546.069069083067
 20
3694.387050197133
 10
2544.730626639316
 20
3694.995433126111
 10
2543.392184195565
 20
3695.603816055089
 10
2542.053741751816
 20
3696.273037276963
 10
2540.715299308065
 20
3696.881420205941
 10
2539.376856864315
 20
3697.489803134919
 10
2538.038414420564
 20
3698.098186063896
 10
2536.760810269712
 20
3698.706568992874
 10
2535.422367825961
 20
3699.254113628953
 10
2534.083925382211
 20
3699.86249655793
 10
2532.806321231359
 20
3700.470879486907
 10
2531.528717080505
 20
3701.018424122987
 10
2530.190274636755
 20
3701.626807051964
 10
2528.912670485903
 20
3702.174351688044
 10
2527.63506633505
 20
3702.782734617022
 10
2526.357462184197
 20
3703.330279253101
 10
2525.019019740447
 20
3703.877823889181
 10
2523.741415589594
 20
3704.486206818159
 10
2522.52464973164
 20
3705.033751454239
 10
2521.247045580787
 20
3705.581296090318
 10
2519.969441429934
 20
3706.128840726398
 10
2518.691837279082
 20
3706.676385362477
 10
2517.475071421127
 20
3707.223929998558
 10
2516.197467270274
 20
3707.771474634637
 10
2514.919863119422
 20
3708.25818097782
 10
2513.703097261467
 20
3708.805725613898
 10
2512.486331403512
 20
3709.353270249978
 10
2511.20872725266
 20
3709.839976593161
 10
2509.991961394704
 20
3710.387521229241
 10
2508.775195536749
 20
3710.874227572422
 10
2507.558429678795
 20
3711.360933915603
 10
2506.34166382084
 20
3711.908478551683
 10
2505.124897962885
 20
3712.395184894866
 10
2503.90813210493
 20
3712.881891238048
 10
2502.691366246975
 20
3713.36859758123
 10
2501.535438681918
 20
3713.855303924411
 10
2500.318672823963
 20
3714.342010267593
 10
2499.162745258906
 20
3714.828716610775
 10
2497.945979400951
 20
3715.254584661059
 10
2496.790051835894
 20
3715.741291004241
 10
2495.573285977939
 20
3716.227997347424
 10
2494.417358412882
 20
3716.653865397708
 10
2493.261430847825
 20
3717.14057174089
 10
2492.105503282768
 20
3717.566439791173
 10
2490.94957571771
 20
3718.053146134356
 10
2489.793648152653
 20
3718.47901418464
 10
2488.637720587597
 20
3718.904882234924
 10
2487.481793022539
 20
3719.330750285208
 10
2486.38670375038
 20
3719.756618335492
 10
2485.230776185323
 20
3720.182486385777
 10
2484.074848620265
 20
3720.608354436061
 10
2482.979759348106
 20
3721.034222486345
 10
2481.823831783049
 20
3721.460090536629
 10
2480.728742510889
 20
3721.885958586913
 10
2479.63365323873
 20
3722.2509883443
 10
2478.538563966571
 20
3722.676856394585
 10
2477.443474694412
 20
3723.04188615197
 10
2476.287547129354
 20
3723.467754202255
 10
2475.253296150092
 20
3723.832783959642
 10
2474.158206877933
 20
3724.197813717029
 10
2473.063117605774
 20
3724.623681767312
 10
2471.968028333614
 20
3724.988711524698
 10
2470.872939061455
 20
3725.353741282084
 10
2469.838688082193
 20
3725.718771039471
 10
2468.743598810034
 20
3726.083800796858
 10
2467.709347830772
 20
3726.448830554244
 10
2466.67509685151
 20
3726.753022018733
 10
2465.580007579351
 20
3727.11805177612
 10
2464.54575660009
 20
3727.483081533506
 10
2463.511505620828
 20
3727.787272997995
 10
2462.477254641566
 20
3728.152302755381
 10
2461.443003662305
 20
3728.456494219871
 10
2460.408752683043
 20
3728.821523977256
 10
2459.374501703782
 20
3729.125715441745
 10
2458.401089017418
 20
3729.429906906233
 10
2457.366838038156
 20
3729.734098370722
 10
2456.332587058894
 20
3730.038289835211
 10
2455.35917437253
 20
3730.342481299699
 10
2454.385761686166
 20
3730.646672764188
 10
2453.351510706905
 20
3730.950864228677
 10
2452.37809802054
 20
3731.255055693167
 10
2451.404685334177
 20
3731.498408864757
 10
2450.431272647813
 20
3731.802600329245
 10
2449.457859961449
 20
3732.045953500837
 10
2448.484447275085
 20
3732.350144965326
 10
2447.511034588721
 20
3732.593498136917
 10
2446.537621902358
 20
3732.897689601405
 10
2445.625047508892
 20
3733.141042772996
 10
2444.651634822527
 20
3733.384395944588
 10
2443.678222136164
 20
3733.627749116178
 10
2442.765647742697
 20
3733.871102287769
 10
2441.853073349231
 20
3734.114455459361
 10
2440.879660662868
 20
3734.357808630951
 10
2439.967086269401
 20
3734.601161802542
 10
2439.054511875935
 20
3734.783676681235
 10
2438.141937482469
 20
3735.027029852826
 10
2437.229363089003
 20
3735.20954473152
 10
2436.316788695537
 20
3735.45289790311
 10
2435.465052594968
 20
3735.635412781803
 10
2434.552478201502
 20
3735.878765953394
 10
2433.639903808036
 20
3736.061280832088
 10
2432.788167707468
 20
3736.243795710782
 10
2431.875593314002
 20
3736.426310589474
 10
2431.023857213433
 20
3736.608825468169
 10
2430.172121112864
 20
3736.79134034686
 10
2429.320385012296
 20
3736.973855225554
 10
2428.468648911728
 20
3737.156370104247
 10
2427.616912811159
 20
3737.278046690043
 10
2426.765176710591
 20
3737.460561568736
 10
2425.913440610022
 20
3737.582238154531
 10
2425.061704509454
 20
3737.764753033224
 10
2424.270806701783
 20
3737.886429619019
 10
2423.419070601215
 20
3738.068944497714
 10
2422.567334500646
 20
3738.190621083509
 10
2421.776436692976
 20
3738.312297669304
 10
2420.985538885305
 20
3738.4339742551
 10
2420.194641077634
 20
3738.555650840895
 10
2419.342904977066
 20
3738.677327426691
 10
2418.552007169396
 20
3738.799004012486
 10
2417.761109361725
 20
3738.920680598282
 10
2417.031049846952
 20
3738.98151889118
 10
2416.240152039281
 20
3739.103195476975
 10
2415.449254231611
 20
3739.164033769873
 10
2414.719194716838
 20
3739.285710355668
 10
2413.928296909166
 20
3739.346548648566
 10
2413.198237394394
 20
3739.468225234362
 10
2412.407339586723
 20
3739.529063527259
 10
2411.677280071951
 20
3739.589901820156
 10
2410.947220557177
 20
3739.650740113055
 10
2410.217161042405
 20
3739.711578405952
 10
2409.487101527632
 20
3739.77241669885
 10
2408.757042012859
 20
3739.833254991748
 10
2408.026982498086
 20
3739.833254991748
 10
2407.357761276211
 20
3739.894093284646
 10
2406.627701761437
 20
3739.954931577543
 10
2405.897642246665
 20
3739.954931577543
 10
2405.228421024789
 20
3739.954931577543
 10
2404.559199802914
 20
3740.015769870441
 10
2403.829140288141
 20
3740.015769870441
 10
2403.159919066266
 20
3740.015769870441
 10
2402.49069784439
 20
3740.015769870441
 10
2401.821476622516
 20
3740.015769870441
 10
2401.152255400641
 20
3740.015769870441
 10
2400.543872471663
 20
3740.015769870441
 10
2399.874651249788
 20
3740.015769870441
 10
2399.205430027913
 20
3739.954931577543
 10
2398.597047098935
 20
3739.954931577543
 10
2397.92782587706
 20
3739.954931577543
 10
2397.319442948083
 20
3739.894093284646
 10
2396.711060019105
 20
3739.833254991748
 10
2396.102677090128
 20
3739.833254991748
 10
2395.494294161151
 20
3739.77241669885
 10
2394.885911232173
 20
3739.711578405952
 10
2394.277528303196
 20
3739.650740113055
 10
2393.669145374218
 20
3739.589901820156
 10
2393.060762445241
 20
3739.529063527259
 10
2392.513217809161
 20
3739.468225234362
 10
2391.904834880183
 20
3739.407386941464
 10
2391.357290244103
 20
3739.285710355668
 10
2390.809745608024
 20
3739.22487206277
 10
2390.262200971944
 20
3739.103195476975
 10
2389.653818042967
 20
3739.042357184078
 10
2389.106273406888
 20
3738.920680598282
 10
2388.558728770807
 20
3738.799004012486
 10
2388.072022427626
 20
3738.677327426691
 10
2387.524477791546
 20
3738.555650840895
 10
2386.976933155466
 20
3738.494812547997
 10
2386.490226812284
 20
3738.312297669304
 10
2385.942682176205
 20
3738.190621083509
 10
2385.455975833023
 20
3738.068944497714
 10
2384.908431196943
 20
3737.947267911919
 10
2384.421724853761
 20
3737.764753033224
 10
2383.935018510579
 20
3737.643076447429
 10
2383.448312167397
 20
3737.460561568736
 10
2382.961605824215
 20
3737.338884982941
 10
2382.474899481033
 20
3737.156370104247
 10
2381.988193137852
 20
3736.973855225554
 10
2381.562325087567
 20
3736.79134034686
 10
2381.075618744386
 20
3736.608825468169
 10
2380.649750694101
 20
3736.426310589474
 10
2380.163044350918
 20
3736.243795710782
 10
2379.737176300634
 20
3736.061280832088
 10
2379.31130825035
 20
3735.878765953394
 10
2378.885440200066
 20
3735.696251074701
 10
2378.398733856884
 20
3735.45289790311
 10
2377.9728658066
 20
3735.270383024417
 10
2377.607836049213
 20
3735.027029852826
 10
2377.18196799893
 20
3734.783676681235
 10
2376.756099948645
 20
3734.601161802542
 10
2376.330231898362
 20
3734.357808630951
 10
2375.965202140974
 20
3734.114455459361
 10
2375.53933409069
 20
3733.871102287769
 10
2375.174304333304
 20
3733.627749116178
 10
2374.809274575917
 20
3733.384395944588
 10
2374.383406525633
 20
3733.080204480098
 10
2374.018376768247
 20
3732.836851308507
 10
2373.65334701086
 20
3732.593498136917
 10
2373.288317253473
 20
3732.289306672428
 10
2372.923287496087
 20
3732.045953500837
 10
2372.619096031598
 20
3731.741762036348
 10
2372.254066274213
 20
3731.437570571858
 10
2371.889036516826
 20
3731.13337910737
 10
2371.584845052337
 20
3730.89002593578
 10
2371.219815294951
 20
3730.585834471291
 10
2370.915623830462
 20
3730.281643006803
 10
2370.550594073076
 20
3729.916613249416
 10
2370.246402608586
 20
3729.612421784927
 10
2369.942211144098
 20
3729.308230320439
 10
2369.638019679609
 20
3728.943200563052
 10
2369.33382821512
 20
3728.639009098563
 10
2369.029636750632
 20
3728.273979341177
 10
2368.725445286143
 20
3727.969787876688
 10
2368.482092114552
 20
3727.604758119302
 10
2368.177900650064
 20
3727.239728361915
 10
2367.873709185575
 20
3726.874698604528
 10
2367.630356013984
 20
3726.509668847142
 10
2367.326164549495
 20
3726.144639089755
 10
2367.082811377903
 20
3725.779609332369
 10
2366.839458206313
 20
3725.414579574983
 10
2366.596105034722
 20
3724.988711524698
 10
2366.352751863131
 20
3724.623681767312
 10
2366.10939869154
 20
3724.258652009926
 10
2365.866045519949
 20
3723.832783959642
 10
2365.622692348358
 20
3723.406915909357
 10
2365.379339176767
 20
3723.04188615197
 10
2365.135986005177
 20
3722.616018101686
 10
2364.953471126483
 20
3722.190150051402
 10
2364.710117954892
 20
3721.764282001118
 10
2364.527603076199
 20
3721.338413950834
 10
2364.284249904608
 20
3720.851707607652
 10
2364.101735025915
 20
3720.425839557367
 10
2363.919220147222
 20
3719.999971507084
 10
2363.736705268528
 20
3719.513265163902
 10
2363.554190389835
 20
3719.087397113617
 10
2363.371675511142
 20
3718.600690770435
 10
2363.189160632448
 20
3718.174822720152
 10
2363.006645753754
 20
3717.688116376969
  0
SPLINE
  5
2321
102
{ACAD_REACTORS
330
24B1
102
}
330
1F
100
AcDbEntity
  8
0
370
    25
100
AcDbSpline
210
0.0
220
0.0
230
1.0
 70
     8
 71
     3
 72
     8
 73
     4
 74
     0
 42
0.000000001
 43
0.0000000001
 40
0.0
 40
0.0
 40
0.0
 40
0.0
 40
1.0
 40
1.0
 40
1.0
 40
1.0
 10
2584.199724273007
 20
3677.179901605232
 30
0.0
 10
2585.780628317749
 20
3678.806729683234
 30
0.0
 10
2587.005523468258
 20
3680.630137046047
 30
0.0
 10
2587.505916415917
 20
3682.10157674178
 30
0.0
  0
LWPOLYLINE
  5
2322
102
{ACAD_REACTORS
330
24B1
102
}
330
1F
100
AcDbEntity
  8
0
370
    25
100
AcDbPolyline
 90
        2
 70
     0
 43
0.0
 10
2587.439108253532
 20
3682.036876738891
 10
2484.074848620265
 20
3780.534072940339
  0
SPLINE
  5
2323
102
{ACAD_REACTORS
330
24B1
102
}
330
1F
100
AcDbEntity
  8
0
370
    50
100
AcDbSpline
210
0.0
220
0.0
230
1.0
 70
     8
 71
     3
 72
     8
 73
     4
 74
     0
 42
0.000000001
 43
0.0000000001
 40
0.0
 40
0.0
 40
0.0
 40
0.0
 40
1.0
 40
1.0
 40
1.0
 40
1.0
 10
2484.141896566312
 20
3780.516406312978
 30
0.0
 10
2475.048259388699
 20
3785.766677569136
 30
0.0
 10
2465.399238238201
 20
3788.709718251847
 30
0.0
 10
2462.590204595703
 20
3787.089871755237
 30
0.0
  0
ELLIPSE
  5
2324
102
{ACAD_REACTORS
330
24B1
102
}
330
1F
100
AcDbEntity
  8
0
370
    50
100
AcDbEllipse
 10
2295.988550424262
 20
3689.941795064923
 30
0.0
 11
-10.08797164176772
 21
22.96253778492382
 31
0.0
210
0.0
220
0.0
230
1.0
 40
0.0141505676385424
 41
2.520327128934622
 42
4.165278824213897
  0
LWPOLYLINE
  5
2325
102
{ACAD_REACTORS
330
24B1
102
}
330
1F
100
AcDbEntity
  8
0
370
    50
100
AcDbPolyline
 90
       18
 70
     0
 43
0.0
 10
2308.799726781865
 20
3668.409099129796
 10
2308.069667267092
 20
3669.990894745138
 10
2307.33960775232
 20
3671.572690360479
 10
2306.670386530444
 20
3673.093647682923
 10
2305.940327015671
 20
3674.675443298264
 10
2305.210267500899
 20
3676.196400620708
 10
2304.541046279023
 20
3677.77819623605
 10
2303.81098676425
 20
3679.299153558492
 10
2303.141765542375
 20
3680.820110880937
 10
2302.4725443205
 20
3682.34106820338
 10
2301.803323098625
 20
3683.862025525823
 10
2301.13410187675
 20
3685.32214455537
 10
2300.464880654875
 20
3686.843101877813
 10
2299.856497725897
 20
3688.364059200257
 10
2299.187276504022
 20
3689.824178229803
 10
2298.578893575044
 20
3691.284297259348
 10
2297.970510646067
 20
3692.744416288894
 10
2295.719493808851
 20
3691.466812138042
  0
LWPOLYLINE
  5
2326
102
{ACAD_REACTORS
330
24B1
102
}
330
1F
100
AcDbEntity
  8
0
370
    50
100
AcDbPolyline
 90
       18
 70
     0
 43
0.0
 10
2313.54511362789
 20
3665.671375949399
 10
2312.693377527321
 20
3667.557363029228
 10
2311.90247971965
 20
3669.382511816161
 10
2311.11158191198
 20
3671.207660603093
 10
2310.259845811411
 20
3673.032809390026
 10
2309.529786296638
 20
3674.857958176958
 10
2308.738888488967
 20
3676.622268670993
 10
2307.947990681297
 20
3678.447417457924
 10
2307.217931166524
 20
3680.211727951959
 10
2306.427033358854
 20
3681.976038445994
 10
2305.69697384408
 20
3683.740348940029
 10
2305.027752622205
 20
3685.504659434063
 10
2304.297693107433
 20
3687.268969928098
 10
2303.567633592659
 20
3688.972442129234
 10
2302.898412370784
 20
3690.675914330371
 10
2302.229191148909
 20
3692.379386531508
 10
2301.559969927034
 20
3694.082858732645
 10
2298.213863817657
 20
3692.136033359917
  0
ELLIPSE
  5
2327
102
{ACAD_REACTORS
330
24B1
102
}
330
1F
100
AcDbEntity
  8
0
370
    50
100
AcDbEllipse
 10
2329.903471857857
 20
3684.321492616836
 30
0.0
 11
-12.08952904209112
 21
43.37164161150843
 31
0.0
210
0.0
220
0.0
230
1.0
 40
0.0064314110038493
 41
4.480471775608728
 42
4.639416237349156
  0
LWPOLYLINE
  5
2328
102
{ACAD_REACTORS
330
24B1
102
}
330
1F
100
AcDbEntity
  8
0
370
    50
100
AcDbPolyline
 90
       34
 70
     0
 43
0.0
 10
2337.211209565112
 20
3671.937720117866
 10
2336.785341514828
 20
3673.215324268718
 10
2336.359473464543
 20
3674.492928419571
 10
2335.872767121361
 20
3675.770532570424
 10
2335.446899071077
 20
3676.987298428379
 10
2335.021031020793
 20
3678.264902579231
 10
2334.595162970509
 20
3679.481668437187
 10
2334.230133213123
 20
3680.69843429514
 10
2333.804265162838
 20
3681.915200153096
 10
2333.439235405452
 20
3683.13196601105
 10
2333.013367355167
 20
3684.348731869006
 10
2332.648337597781
 20
3685.565497726961
 10
2332.283307840395
 20
3686.782263584915
 10
2331.918278083008
 20
3687.938191149972
 10
2331.553248325621
 20
3689.154957007927
 10
2331.188218568235
 20
3690.310884572984
 10
2330.823188810848
 20
3691.466812138042
 10
2330.51899734636
 20
3692.622739703099
 10
2330.214805881871
 20
3693.778667268156
 10
2329.849776124484
 20
3694.934594833213
 10
2329.545584659996
 20
3696.09052239827
 10
2329.241393195507
 20
3697.18561167043
 10
2328.937201731019
 20
3698.341539235487
 10
2328.63301026653
 20
3699.436628507646
 10
2328.389657094939
 20
3700.592556072703
 10
2328.08546563045
 20
3701.687645344863
 10
2327.842112458859
 20
3702.782734617022
 10
2327.537920994371
 20
3703.877823889181
 10
2327.29456782278
 20
3704.912074868443
 10
2327.051214651188
 20
3706.007164140602
 10
2326.807861479597
 20
3707.041415119864
 10
2326.564508308006
 20
3708.136504392024
 10
2326.381993429313
 20
3709.170755371285
 10
2323.948461713404
 20
3707.771474634637
  0
LWPOLYLINE
  5
2329
102
{ACAD_REACTORS
330
24B1
102
}
330
1F
100
AcDbEntity
  8
0
370
    50
100
AcDbPolyline
 90
       34
 70
     0
 43
0.0
 10
2343.416715440682
 20
3668.348260836899
 10
2342.9300090975
 20
3669.930056452241
 10
2342.443302754318
 20
3671.451013774684
 10
2341.956596411136
 20
3672.971971097128
 10
2341.469890067954
 20
3674.492928419571
 10
2341.04402201767
 20
3676.013885742015
 10
2340.557315674487
 20
3677.534843064459
 10
2340.131447624203
 20
3678.994962094004
 10
2339.705579573919
 20
3680.455081123549
 10
2339.279711523635
 20
3681.915200153096
 10
2338.914681766248
 20
3683.375319182642
 10
2338.488813715965
 20
3684.835438212188
 10
2338.123783958578
 20
3686.234718948835
 10
2337.758754201191
 20
3687.694837978382
 10
2337.393724443805
 20
3689.094118715031
 10
2337.089532979316
 20
3690.493399451678
 10
2336.72450322193
 20
3691.831841895428
 10
2336.420311757441
 20
3693.231122632076
 10
2336.116120292953
 20
3694.569565075826
 10
2335.811928828464
 20
3695.908007519577
 10
2335.568575656873
 20
3697.246449963329
 10
2335.264384192385
 20
3698.584892407078
 10
2335.021031020793
 20
3699.923334850828
 10
2334.777677849201
 20
3701.20093900168
 10
2334.595162970509
 20
3702.478543152534
 10
2334.351809798917
 20
3703.756147303386
 10
2334.169294920224
 20
3705.033751454239
 10
2333.925941748633
 20
3706.250517312193
 10
2333.804265162838
 20
3707.528121463046
 10
2333.621750284145
 20
3708.744887321001
 10
2333.439235405452
 20
3709.961653178956
 10
2333.317558819656
 20
3711.17841903691
 10
2333.19588223386
 20
3712.334346601968
 10
2326.503670015109
 20
3708.50153414941
  0
ARC
  5
232A
102
{ACAD_REACTORS
330
24B1
102
}
330
1F
100
AcDbEntity
  8
0
370
    50
100
AcDbCircle
 10
2610.478517710496
 20
3757.514116768893
 30
0.0
 40
280.9392666915833
100
AcDbArc
 50
189.254312750042
 51
198.5964558703644
  0
LWPOLYLINE
  5
232B
102
{ACAD_REACTORS
330
24B1
102
}
330
1F
100
AcDbEntity
  8
0
370
    50
100
AcDbPolyline
 90
       66
 70
     0
 43
0.0
 10
2347.614557650626
 20
3665.975567413887
 10
2347.310366186137
 20
3666.827303514455
 10
2347.006174721649
 20
3667.679039615024
 10
2346.762821550058
 20
3668.59161400849
 10
2346.458630085569
 20
3669.443350109058
 10
2346.15443862108
 20
3670.295086209627
 10
2345.911085449489
 20
3671.146822310195
 10
2345.606893985001
 20
3671.998558410763
 10
2345.363540813409
 20
3672.850294511331
 10
2345.05934934892
 20
3673.7020306119
 10
2344.81599617733
 20
3674.553766712469
 10
2344.572643005739
 20
3675.405502813037
 10
2344.26845154125
 20
3676.257238913606
 10
2344.025098369659
 20
3677.108975014174
 10
2343.781745198068
 20
3677.899872821845
 10
2343.538392026477
 20
3678.751608922413
 10
2343.295038854886
 20
3679.542506730084
 10
2343.051685683295
 20
3680.394242830652
 10
2342.808332511705
 20
3681.185140638323
 10
2342.564979340114
 20
3682.036876738891
 10
2342.38246446142
 20
3682.827774546562
 10
2342.139111289829
 20
3683.618672354233
 10
2341.895758118238
 20
3684.470408454802
 10
2341.713243239545
 20
3685.261306262471
 10
2341.469890067954
 20
3686.052204070143
 10
2341.287375189261
 20
3686.843101877813
 10
2341.104860310567
 20
3687.633999685484
 10
2340.861507138977
 20
3688.424897493155
 10
2340.678992260283
 20
3689.215795300825
 10
2340.49647738159
 20
3689.945854815599
 10
2340.313962502897
 20
3690.736752623268
 10
2340.131447624203
 20
3691.52765043094
 10
2339.94893274551
 20
3692.257709945713
 10
2339.766417866817
 20
3693.048607753382
 10
2339.583902988124
 20
3693.778667268156
 10
2339.401388109431
 20
3694.569565075826
 10
2339.218873230737
 20
3695.299624590599
 10
2339.097196644942
 20
3696.029684105373
 10
2338.914681766248
 20
3696.820581913043
 10
2338.732166887556
 20
3697.550641427817
 10
2338.61049030176
 20
3698.280700942589
 10
2338.427975423067
 20
3699.010760457362
 10
2338.306298837272
 20
3699.740819972135
 10
2338.184622251476
 20
3700.470879486907
 10
2338.002107372782
 20
3701.20093900168
 10
2337.880430786987
 20
3701.870160223556
 10
2337.758754201191
 20
3702.600219738329
 10
2337.637077615396
 20
3703.330279253101
 10
2337.5154010296
 20
3703.999500474977
 10
2337.393724443805
 20
3704.72955998975
 10
2337.27204785801
 20
3705.398781211625
 10
2337.211209565112
 20
3706.128840726398
 10
2337.089532979316
 20
3706.798061948273
 10
2336.967856393521
 20
3707.528121463046
 10
2336.907018100623
 20
3708.197342684921
 10
2336.785341514828
 20
3708.866563906796
 10
2336.72450322193
 20
3709.535785128672
 10
2336.602826636135
 20
3710.205006350547
 10
2336.541988343236
 20
3710.874227572422
 10
2336.420311757441
 20
3711.543448794297
 10
2336.359473464543
 20
3712.212670016173
 10
2336.298635171646
 20
3712.881891238048
 10
2336.237796878748
 20
3713.490274167025
 10
2336.17695858585
 20
3714.1594953889
 10
2336.116120292953
 20
3714.828716610775
 10
2333.500073698349
 20
3713.307759288331
  0
LWPOLYLINE
  5
232C
102
{ACAD_REACTORS
330
24B1
102
}
330
1F
100
AcDbEntity
  8
0
370
    50
100
AcDbPolyline
 90
       66
 70
     0
 43
0.0
 10
2354.063416697787
 20
3662.264431547124
 10
2353.698386940401
 20
3663.359520819284
 10
2353.394195475912
 20
3664.393771798546
 10
2353.090004011423
 20
3665.488861070705
 10
2352.724974254037
 20
3666.523112049967
 10
2352.420782789548
 20
3667.618201322126
 10
2352.116591325059
 20
3668.652452301387
 10
2351.81239986057
 20
3669.686703280649
 10
2351.569046688979
 20
3670.781792552809
 10
2351.26485522449
 20
3671.81604353207
 10
2350.960663760002
 20
3672.850294511331
 10
2350.71731058841
 20
3673.823707197697
 10
2350.47395741682
 20
3674.857958176958
 10
2350.169765952331
 20
3675.892209156219
 10
2349.926412780741
 20
3676.865621842583
 10
2349.68305960915
 20
3677.899872821845
 10
2349.439706437558
 20
3678.873285508208
 10
2349.196353265967
 20
3679.907536487471
 10
2348.953000094376
 20
3680.880949173834
 10
2348.770485215683
 20
3681.854361860198
 10
2348.527132044092
 20
3682.827774546562
 10
2348.344617165399
 20
3683.801187232926
 10
2348.101263993807
 20
3684.77459991929
 10
2347.918749115114
 20
3685.687174312756
 10
2347.736234236422
 20
3686.66058699912
 10
2347.553719357728
 20
3687.573161392587
 10
2347.371204479035
 20
3688.54657407895
 10
2347.188689600342
 20
3689.459148472416
 10
2347.067013014546
 20
3690.371722865882
 10
2346.884498135853
 20
3691.284297259348
 10
2346.70198325716
 20
3692.196871652815
 10
2346.580306671365
 20
3693.10944604628
 10
2346.458630085569
 20
3694.022020439748
 10
2346.336953499773
 20
3694.934594833213
 10
2346.215276913977
 20
3695.786330933782
 10
2346.093600328182
 20
3696.698905327247
 10
2345.971923742387
 20
3697.550641427817
 10
2345.850247156592
 20
3698.402377528384
 10
2345.728570570796
 20
3699.254113628953
 10
2345.667732277898
 20
3700.105849729522
 10
2345.546055692103
 20
3700.95758583009
 10
2345.485217399205
 20
3701.809321930659
 10
2345.424379106308
 20
3702.661058031227
 10
2345.363540813409
 20
3703.512794131795
 10
2345.302702520512
 20
3704.303691939465
 10
2345.241864227614
 20
3705.155428040033
 10
2345.181025934716
 20
3705.946325847705
 10
2345.120187641818
 20
3706.737223655376
 10
2345.120187641818
 20
3707.528121463046
 10
2345.05934934892
 20
3708.319019270716
 10
2345.05934934892
 20
3709.109917078387
 10
2345.05934934892
 20
3709.900814886058
 10
2345.05934934892
 20
3710.691712693729
 10
2345.05934934892
 20
3711.482610501399
 10
2345.05934934892
 20
3712.212670016173
 10
2345.05934934892
 20
3712.942729530946
 10
2345.05934934892
 20
3713.733627338616
 10
2345.120187641818
 20
3714.463686853388
 10
2345.120187641818
 20
3715.193746368162
 10
2345.181025934716
 20
3715.923805882935
 10
2345.241864227614
 20
3716.653865397708
 10
2345.302702520512
 20
3717.323086619583
 10
2345.363540813409
 20
3718.053146134356
 10
2345.424379106308
 20
3718.783205649129
 10
2345.485217399205
 20
3719.452426871004
 10
2336.17695858585
 20
3714.098657096002
  0
ARC
  5
232D
102
{ACAD_REACTORS
330
24B1
102
}
330
1F
100
AcDbEntity
  8
0
370
    50
100
AcDbCircle
 10
1727.19685373342
 20
3419.658930555722
 30
0.0
 40
636.5543822798578
100
AcDbArc
 50
22.7531626515705
 51
25.53792126926979
  0
LWPOLYLINE
  5
232E
102
{ACAD_REACTORS
330
24B1
102
}
330
1F
100
AcDbEntity
  8
0
370
    50
100
AcDbPolyline
 90
       18
 70
     0
 43
0.0
 10
2316.404513394084
 20
3667.070656686047
 10
2315.552777293515
 20
3669.017482058773
 10
2314.701041192947
 20
3670.903469138604
 10
2313.849305092378
 20
3672.789456218435
 10
2313.058407284708
 20
3674.675443298264
 10
2312.267509477037
 20
3676.561430378094
 10
2311.476611669366
 20
3678.386579165027
 10
2310.685713861695
 20
3680.272566244857
 10
2309.894816054025
 20
3682.097715031789
 10
2309.103918246354
 20
3683.922863818721
 10
2308.373858731582
 20
3685.687174312756
 10
2307.643799216808
 20
3687.512323099688
 10
2306.913739702036
 20
3689.276633593723
 10
2306.183680187262
 20
3691.040944087757
 10
2305.514458965387
 20
3692.805254581792
 10
2304.784399450614
 20
3694.569565075826
 10
2304.115178228739
 20
3696.333875569861
 10
2301.864161391522
 20
3695.056271419009
  0
LWPOLYLINE
  5
232F
102
{ACAD_REACTORS
330
24B1
102
}
330
1F
100
AcDbEntity
  8
0
370
    50
100
AcDbPolyline
 90
       18
 70
     0
 43
0.0
 10
2319.44642803897
 20
3668.834967180081
 10
2318.6555302313
 20
3670.781792552809
 10
2317.86463242363
 20
3672.667779632639
 10
2317.073734615959
 20
3674.553766712469
 10
2316.282836808287
 20
3676.439753792299
 10
2315.552777293515
 20
3678.264902579231
 10
2314.822717778742
 20
3680.150889659061
 10
2314.092658263969
 20
3681.976038445994
 10
2313.362598749197
 20
3683.801187232926
 10
2312.693377527321
 20
3685.565497726961
 10
2312.024156305446
 20
3687.390646513892
 10
2311.35493508357
 20
3689.154957007927
 10
2310.685713861695
 20
3690.980105794859
 10
2310.016492639821
 20
3692.744416288894
 10
2309.408109710842
 20
3694.447888490032
 10
2308.799726781865
 20
3696.212198984066
 10
2308.191343852888
 20
3697.915671185203
 10
2304.35853140033
 20
3695.725492640883
  0
ARC
  5
2330
102
{ACAD_REACTORS
330
24B1
102
}
330
1F
100
AcDbEntity
  8
0
370
    50
100
AcDbCircle
 10
1548.373847168832
 20
3368.834424416299
 30
0.0
 40
828.0199848084585
100
AcDbArc
 50
21.26927753480649
 51
23.41770869995006
  0
LWPOLYLINE
  5
2331
102
{ACAD_REACTORS
330
24B1
102
}
330
1F
100
AcDbEntity
  8
0
370
    50
100
AcDbPolyline
 90
       18
 70
     0
 43
0.0
 10
2322.244989512267
 20
3670.47760108832
 10
2321.393253411699
 20
3672.424426461049
 10
2320.602355604027
 20
3674.371251833775
 10
2319.811457796357
 20
3676.257238913606
 10
2319.020559988686
 20
3678.204064286333
 10
2318.290500473914
 20
3680.090051366164
 10
2317.499602666242
 20
3681.976038445994
 10
2316.76954315147
 20
3683.862025525823
 10
2316.039483636697
 20
3685.748012605654
 10
2315.370262414822
 20
3687.573161392587
 10
2314.640202900049
 20
3689.459148472416
 10
2313.970981678174
 20
3691.284297259348
 10
2313.301760456298
 20
3693.048607753382
 10
2312.632539234423
 20
3694.873756540316
 10
2312.024156305446
 20
3696.63806703435
 10
2311.415773376469
 20
3698.402377528384
 10
2310.807390447491
 20
3700.166688022419
 10
2308.495535317376
 20
3698.828245578669
  0
LWPOLYLINE
  5
2332
102
{ACAD_REACTORS
330
24B1
102
}
330
1F
100
AcDbEntity
  8
0
370
    50
100
AcDbPolyline
 90
       34
 70
     0
 43
0.0
 10
2325.65193391454
 20
3672.424426461049
 10
2325.226065864256
 20
3673.397839147412
 10
2324.86103610687
 20
3674.371251833775
 10
2324.496006349483
 20
3675.344664520139
 10
2324.130976592097
 20
3676.318077206504
 10
2323.76594683471
 20
3677.291489892868
 10
2323.400917077323
 20
3678.264902579231
 10
2323.035887319937
 20
3679.238315265595
 10
2322.731695855448
 20
3680.211727951959
 10
2322.366666098063
 20
3681.185140638323
 10
2322.001636340676
 20
3682.097715031789
 10
2321.697444876187
 20
3683.071127718154
 10
2321.332415118801
 20
3683.983702111619
 10
2321.028223654312
 20
3684.957114797982
 10
2320.663193896925
 20
3685.86968919145
 10
2320.359002432436
 20
3686.843101877813
 10
2320.054810967948
 20
3687.755676271279
 10
2319.689781210561
 20
3688.668250664746
 10
2319.385589746073
 20
3689.580825058211
 10
2319.081398281584
 20
3690.493399451678
 10
2318.777206817095
 20
3691.405973845144
 10
2318.473015352607
 20
3692.31854823861
 10
2318.168823888118
 20
3693.231122632076
 10
2317.925470716527
 20
3694.143697025542
 10
2317.621279252039
 20
3695.056271419009
 10
2317.31708778755
 20
3695.968845812474
 10
2317.073734615959
 20
3696.820581913043
 10
2316.76954315147
 20
3697.733156306509
 10
2316.526189979879
 20
3698.645730699976
 10
2316.22199851539
 20
3699.497466800544
 10
2315.978645343799
 20
3700.349202901112
 10
2315.735292172208
 20
3701.261777294578
 10
2315.431100707719
 20
3702.113513395147
 10
2310.989905326184
 20
3699.558305093442
  0
ARC
  5
2334
102
{ACAD_REACTORS
330
24B1
102
}
330
1F
100
AcDbEntity
  8
0
370
    50
100
AcDbCircle
 10
2502.447185665281
 20
3715.252780659622
 30
0.0
 40
157.018140704383
100
AcDbArc
 50
178.4673700748611
 51
199.8877580000602
  0
LWPOLYLINE
  5
2335
102
{ACAD_REACTORS
330
24B1
102
}
330
1F
100
AcDbEntity
  8
0
370
    50
100
AcDbPolyline
 90
        3
 70
     0
 43
0.0
 10
2358.139582321935
 20
3659.891738124113
 42
-0.1099081645140374
 10
2348.892161801478
 20
3722.190150051402
 10
2345.789408863694
 20
3720.36500126447
  0
LWPOLYLINE
  5
2336
102
{ACAD_REACTORS
330
24B1
102
}
330
1F
100
AcDbEntity
  8
0
370
    25
100
AcDbPolyline
 90
        2
 70
     0
 43
0.0
 10
2297.970510646067
 20
3674.675443298264
 10
2286.654588167087
 20
3685.504659434063
  0
SPLINE
  5
2337
102
{ACAD_REACTORS
330
24B1
102
}
330
1F
100
AcDbEntity
  8
0
370
    50
100
AcDbSpline
210
0.0
220
0.0
230
1.0
 70
     8
 71
     3
 72
     8
 73
     4
 74
     0
 42
0.000000001
 43
0.0000000001
 40
0.0
 40
0.0
 40
0.0
 40
0.0
 40
1.0
 40
1.0
 40
1.0
 40
1.0
 10
2286.645861535427
 20
3685.489922616006
 30
0.0
 10
2285.253094748844
 20
3684.686776941962
 30
0.0
 10
2285.7701952497
 20
3682.851271068911
 30
0.0
 10
2288.076477414938
 20
3680.411781856964
 30
0.0
  0
LWPOLYLINE
  5
2338
102
{ACAD_REACTORS
330
24B1
102
}
330
1F
100
AcDbEntity
  8
0
370
    50
100
AcDbPolyline
 90
        2
 70
     0
 43
0.0
 10
2318.290500473914
 20
3703.756147303386
 10
2323.644270248915
 20
3706.858900241171
  0
ARC
  5
2339
102
{ACAD_REACTORS
330
24B1
102
}
330
1F
100
AcDbEntity
  8
0
370
    50
100
AcDbCircle
 10
-43176.79786299594
 20
-12985.61729461854
 30
0.0
 40
48456.4057231525
100
AcDbArc
 50
20.10734368194425
 51
20.14434848982009
  0
LWPOLYLINE
  5
233A
102
{ACAD_REACTORS
330
24B1
102
}
330
1F
100
AcDbEntity
  8
0
370
    50
100
AcDbPolyline
 90
       34
 70
     0
 43
0.0
 10
2328.450495387837
 20
3674.00622207639
 10
2328.024627337553
 20
3675.040473055651
 10
2327.659597580165
 20
3676.074724034912
 10
2327.29456782278
 20
3677.048136721276
 10
2326.929538065393
 20
3678.082387700538
 10
2326.564508308006
 20
3679.055800386902
 10
2326.138640257722
 20
3680.029213073265
 10
2325.834448793234
 20
3681.063464052527
 10
2325.469419035847
 20
3682.036876738891
 10
2325.104389278461
 20
3683.010289425255
 10
2324.739359521074
 20
3683.983702111619
 10
2324.374329763688
 20
3684.957114797982
 10
2324.070138299199
 20
3685.930527484347
 10
2323.705108541813
 20
3686.903940170711
 10
2323.400917077323
 20
3687.816514564178
 10
2323.035887319937
 20
3688.789927250542
 10
2322.731695855448
 20
3689.763339936905
 10
2322.42750439096
 20
3690.675914330371
 10
2322.062474633574
 20
3691.649327016735
 10
2321.758283169085
 20
3692.561901410201
 10
2321.454091704596
 20
3693.535314096564
 10
2321.149900240107
 20
3694.447888490032
 10
2320.845708775619
 20
3695.360462883498
 10
2320.602355604027
 20
3696.273037276963
 10
2320.298164139539
 20
3697.18561167043
 10
2319.99397267505
 20
3698.098186063896
 10
2319.689781210561
 20
3699.010760457362
 10
2319.44642803897
 20
3699.923334850828
 10
2319.142236574482
 20
3700.835909244295
 10
2318.898883402891
 20
3701.74848363776
 10
2318.6555302313
 20
3702.661058031227
 10
2318.351338766811
 20
3703.512794131795
 10
2318.10798559522
 20
3704.425368525261
 10
2315.735292172208
 20
3703.026087788612
  0
LWPOLYLINE
  5
233C
102
{ACAD_REACTORS
330
24B1
102
}
330
1F
100
AcDbEntity
  8
0
370
    50
100
AcDbPolyline
 90
        2
 70
     0
 43
0.0
 10
2348.770485215683
 20
3721.338413950834
 10
2369.638019679609
 20
3733.384395944588
  0
LWPOLYLINE
  5
233E
102
{ACAD_REACTORS
330
24B1
102
}
330
1F
100
AcDbEntity
  8
0
370
    50
100
AcDbPolyline
 90
      259
 70
     0
 43
0.0
 10
2572.777079665176
 20
3669.808379866445
 10
2575.028096502392
 20
3671.085984017298
 10
2575.332287966882
 20
3672.059396703661
 10
2573.628815765744
 20
3672.850294511331
 10
2571.986181857505
 20
3673.580354026106
 10
2570.282709656368
 20
3674.371251833775
 10
2568.640075748129
 20
3675.162149641447
 10
2566.99744183989
 20
3675.892209156219
 10
2565.354807931651
 20
3676.683106963891
 10
2563.712174023412
 20
3677.413166478663
 10
2562.069540115173
 20
3678.143225993436
 10
2560.426906206934
 20
3678.873285508208
 10
2558.845110591593
 20
3679.603345022981
 10
2557.202476683353
 20
3680.333404537754
 10
2555.620681068012
 20
3681.063464052527
 10
2554.038885452671
 20
3681.7935235673
 10
2552.396251544431
 20
3682.462744789176
 10
2550.814455929091
 20
3683.192804303948
 10
2549.232660313748
 20
3683.862025525823
 10
2547.711702991306
 20
3684.531246747699
 10
2546.129907375965
 20
3685.200467969574
 10
2544.548111760623
 20
3685.86968919145
 10
2543.027154438179
 20
3686.538910413325
 10
2541.445358822838
 20
3687.2081316352
 10
2539.924401500395
 20
3687.877352857075
 10
2538.403444177951
 20
3688.54657407895
 10
2536.882486855507
 20
3689.154957007927
 10
2535.361529533064
 20
3689.824178229803
 10
2533.84057221062
 20
3690.43256115878
 10
2532.319614888177
 20
3691.040944087757
 10
2530.798657565733
 20
3691.649327016735
 10
2529.338538536187
 20
3692.257709945713
 10
2527.817581213744
 20
3692.86609287469
 10
2526.357462184197
 20
3693.474475803667
 10
2524.897343154651
 20
3694.082858732645
 10
2523.437224125105
 20
3694.630403368724
 10
2521.97710509556
 20
3695.238786297701
 10
2520.516986066014
 20
3695.786330933782
 10
2519.056867036468
 20
3696.394713862759
 10
2517.596748006922
 20
3696.942258498839
 10
2516.197467270274
 20
3697.489803134919
 10
2514.737348240729
 20
3698.037347770998
 10
2513.33806750408
 20
3698.584892407078
 10
2511.938786767432
 20
3699.132437043157
 10
2510.539506030784
 20
3699.619143386339
 10
2509.140225294136
 20
3700.166688022419
 10
2507.740944557487
 20
3700.653394365601
 10
2506.34166382084
 20
3701.20093900168
 10
2504.942383084191
 20
3701.687645344863
 10
2503.603940640441
 20
3702.174351688044
 10
2502.204659903793
 20
3702.661058031227
 10
2500.866217460043
 20
3703.147764374409
 10
2499.527775016292
 20
3703.634470717591
 10
2498.189332572542
 20
3704.060338767875
 10
2496.850890128792
 20
3704.547045111056
 10
2495.512447685042
 20
3704.97291316134
 10
2494.174005241291
 20
3705.459619504523
 10
2492.896401090438
 20
3705.885487554807
 10
2491.557958646688
 20
3706.311355605091
 10
2490.280354495836
 20
3706.737223655376
 10
2488.941912052085
 20
3707.16309170566
 10
2487.664307901232
 20
3707.588959755944
 10
2486.38670375038
 20
3707.95398951333
 10
2485.109099599527
 20
3708.379857563614
 10
2483.831495448674
 20
3708.744887321001
 10
2482.61472959072
 20
3709.170755371285
 10
2481.337125439867
 20
3709.535785128672
 10
2480.120359581912
 20
3709.900814886058
 10
2478.84275543106
 20
3710.265844643445
 10
2477.625989573104
 20
3710.630874400831
 10
2476.40922371515
 20
3710.995904158217
 10
2475.192457857195
 20
3711.360933915603
 10
2473.97569199924
 20
3711.665125380093
 10
2472.758926141285
 20
3712.030155137479
 10
2471.602998576228
 20
3712.334346601968
 10
2470.386232718273
 20
3712.638538066456
 10
2469.230305153216
 20
3712.942729530946
 10
2468.074377588159
 20
3713.246920995434
 10
2466.918450023102
 20
3713.551112459923
 10
2465.762522458045
 20
3713.855303924411
 10
2464.606594892988
 20
3714.098657096002
 10
2463.45066732793
 20
3714.402848560491
 10
2462.294739762873
 20
3714.646201732082
 10
2461.199650490713
 20
3714.950393196571
 10
2460.043722925657
 20
3715.193746368162
 10
2458.948633653498
 20
3715.437099539752
 10
2457.853544381338
 20
3715.680452711344
 10
2456.758455109179
 20
3715.923805882935
 10
2455.663365837019
 20
3716.106320761628
 10
2454.568276564859
 20
3716.349673933219
 10
2453.4731872927
 20
3716.532188811912
 10
2452.438936313438
 20
3716.775541983504
 10
2451.343847041279
 20
3716.958056862196
 10
2450.309596062017
 20
3717.14057174089
 10
2449.275345082756
 20
3717.323086619583
 10
2448.241094103494
 20
3717.505601498276
 10
2447.206843124233
 20
3717.688116376969
 10
2446.172592144971
 20
3717.809792962765
 10
2445.199179458607
 20
3717.992307841458
 10
2444.164928479346
 20
3718.113984427254
 10
2443.191515792981
 20
3718.296499305946
 10
2442.15726481372
 20
3718.418175891742
 10
2441.183852127356
 20
3718.539852477537
 10
2440.210439440992
 20
3718.661529063333
 10
2439.237026754628
 20
3718.72236735623
 10
2438.324452361162
 20
3718.844043942027
 10
2437.351039674798
 20
3718.965720527822
 10
2436.377626988435
 20
3719.02655882072
 10
2435.465052594968
 20
3719.087397113617
 10
2434.552478201502
 20
3719.148235406515
 10
2433.639903808036
 20
3719.209073699413
 10
2432.72732941457
 20
3719.269911992312
 10
2431.814755021104
 20
3719.330750285208
 10
2430.902180627637
 20
3719.391588578105
 10
2430.050444527069
 20
3719.391588578105
 10
2429.137870133603
 20
3719.452426871004
 10
2428.286134033034
 20
3719.452426871004
 10
2427.434397932466
 20
3719.452426871004
 10
2426.582661831897
 20
3719.452426871004
 10
2425.730925731329
 20
3719.452426871004
 10
2424.879189630761
 20
3719.452426871004
 10
2424.027453530192
 20
3719.452426871004
 10
2423.236555722522
 20
3719.391588578105
 10
2422.384819621953
 20
3719.330750285208
 10
2421.593921814283
 20
3719.330750285208
 10
2420.803024006612
 20
3719.269911992312
 10
2420.012126198941
 20
3719.209073699413
 10
2419.221228391271
 20
3719.148235406515
 10
2418.4303305836
 20
3719.087397113617
 10
2417.700271068827
 20
3718.965720527822
 10
2416.909373261156
 20
3718.904882234924
 10
2416.179313746383
 20
3718.783205649129
 10
2415.449254231611
 20
3718.661529063333
 10
2414.719194716838
 20
3718.539852477537
 10
2413.989135202065
 20
3718.418175891742
 10
2413.259075687292
 20
3718.296499305946
 10
2412.529016172519
 20
3718.174822720152
 10
2411.859794950644
 20
3718.053146134356
 10
2411.190573728769
 20
3717.870631255663
 10
2410.460514213995
 20
3717.688116376969
 10
2409.79129299212
 20
3717.566439791173
 10
2409.122071770245
 20
3717.383924912481
 10
2408.45285054837
 20
3717.201410033788
 10
2407.844467619392
 20
3716.958056862196
 10
2407.175246397518
 20
3716.775541983504
 10
2406.566863468539
 20
3716.593027104809
 10
2405.958480539562
 20
3716.349673933219
 10
2405.289259317687
 20
3716.106320761628
 10
2404.680876388709
 20
3715.923805882935
 10
2404.13333175263
 20
3715.680452711344
 10
2403.524948823652
 20
3715.376261246856
 10
2402.916565894675
 20
3715.132908075264
 10
2402.369021258595
 20
3714.889554903674
 10
2401.760638329618
 20
3714.585363439184
 10
2401.213093693538
 20
3714.342010267593
 10
2400.665549057459
 20
3714.037818803105
 10
2400.118004421379
 20
3713.733627338616
 10
2399.631298078197
 20
3713.429435874127
 10
2399.083753442117
 20
3713.125244409638
 10
2398.536208806037
 20
3712.82105294515
 10
2398.049502462856
 20
3712.456023187763
 10
2397.562796119673
 20
3712.151831723275
 10
2397.076089776492
 20
3711.786801965888
 10
2396.58938343331
 20
3711.421772208502
 10
2396.102677090128
 20
3711.056742451115
 10
2395.615970746946
 20
3710.691712693729
 10
2395.190102696662
 20
3710.326682936342
 10
2394.764234646377
 20
3709.961653178956
 10
2394.277528303196
 20
3709.535785128672
 10
2393.851660252911
 20
3709.170755371285
 10
2393.425792202627
 20
3708.744887321001
 10
2392.999924152343
 20
3708.319019270716
 10
2392.634894394956
 20
3707.893151220433
 10
2392.209026344672
 20
3707.467283170148
 10
2391.843996587286
 20
3707.041415119864
 10
2391.418128537002
 20
3706.554708776682
 10
2391.053098779615
 20
3706.128840726398
 10
2390.688069022228
 20
3705.642134383216
 10
2390.323039264842
 20
3705.216266332932
 10
2390.018847800353
 20
3704.72955998975
 10
2389.653818042967
 20
3704.242853646568
 10
2389.349626578478
 20
3703.695309010488
 10
2388.984596821092
 20
3703.208602667306
 10
2388.680405356603
 20
3702.721896324124
 10
2388.376213892115
 20
3702.174351688044
 10
2388.072022427626
 20
3701.687645344863
 10
2387.767830963137
 20
3701.140100708784
 10
2387.524477791546
 20
3700.592556072703
 10
2387.220286327057
 20
3700.045011436623
 10
2386.976933155466
 20
3699.497466800544
 10
2386.672741690977
 20
3698.889083871566
 10
2386.429388519386
 20
3698.341539235487
 10
2386.186035347795
 20
3697.733156306509
 10
2385.942682176205
 20
3697.18561167043
 10
2385.760167297511
 20
3696.577228741452
 10
2385.51681412592
 20
3695.968845812474
 10
2385.334299247227
 20
3695.360462883498
 10
2385.090946075636
 20
3694.752079954521
 10
2384.908431196943
 20
3694.082858732645
 10
2384.725916318249
 20
3693.474475803667
 10
2384.543401439557
 20
3692.805254581792
 10
2384.360886560863
 20
3692.196871652815
 10
2384.239209975067
 20
3691.52765043094
 10
2384.056695096374
 20
3690.858429209065
 10
2383.935018510579
 20
3690.189207987188
 10
2383.752503631886
 20
3689.519986765314
 10
2383.63082704609
 20
3688.789927250542
 10
2383.509150460294
 20
3688.120706028666
 10
2383.387473874499
 20
3687.390646513892
 10
2383.326635581601
 20
3686.721425292018
 10
2383.204958995806
 20
3685.991365777244
 10
2383.144120702908
 20
3685.261306262471
 10
2383.022444117113
 20
3684.531246747699
 10
2382.961605824215
 20
3683.801187232926
 10
2382.900767531317
 20
3683.010289425255
 10
2382.83992923842
 20
3682.280229910482
 10
2382.779090945522
 20
3681.489332102812
 10
2382.718252652624
 20
3680.759272588039
 10
2382.718252652624
 20
3679.968374780368
 10
2382.657414359726
 20
3679.177476972697
 10
2382.657414359726
 20
3678.386579165027
 10
2382.657414359726
 20
3677.595681357356
 10
2382.657414359726
 20
3676.804783549684
 10
2382.657414359726
 20
3675.953047449116
 10
2382.657414359726
 20
3675.162149641447
 10
2382.657414359726
 20
3674.310413540878
 10
2382.657414359726
 20
3673.45867744031
 10
2382.718252652624
 20
3672.606941339741
 10
2382.779090945522
 20
3671.755205239173
 10
2382.779090945522
 20
3670.903469138604
 10
2382.83992923842
 20
3670.051733038036
 10
2382.900767531317
 20
3669.199996937468
 10
2382.961605824215
 20
3668.287422544001
 10
2383.08328241001
 20
3667.435686443433
 10
2383.144120702908
 20
3666.523112049967
 10
2383.265797288704
 20
3665.6105376565
 10
2383.326635581601
 20
3664.697963263034
 10
2383.448312167397
 20
3663.785388869568
 10
2383.569988753192
 20
3662.872814476102
 10
2383.691665338988
 20
3661.960240082636
 10
2383.813341924784
 20
3661.04766568917
 10
2383.935018510579
 20
3660.074253002806
 10
2384.056695096374
 20
3659.161678609339
 10
2384.239209975067
 20
3658.188265922976
 10
2384.421724853761
 20
3657.214853236612
 10
2384.543401439557
 20
3656.241440550248
 10
2384.725916318249
 20
3655.268027863884
 10
2384.908431196943
 20
3654.294615177521
 10
2385.090946075636
 20
3653.321202491156
 10
2385.273460954329
 20
3652.286951511895
 10
2385.51681412592
 20
3651.313538825531
 10
2385.699329004614
 20
3650.279287846269
 10
2385.942682176205
 20
3649.245036867007
 10
2386.125197054898
 20
3648.210785887747
 10
2386.368550226489
 20
3647.237373201382
 10
2386.61190339808
 20
3646.142283929223
 10
2386.855256569671
 20
3645.108032949961
 10
2387.098609741262
 20
3644.0737819707
 10
2387.341962912853
 20
3643.039530991437
  0
LWPOLYLINE
  5
233F
102
{ACAD_REACTORS
330
24B1
102
}
330
1F
100
AcDbEntity
  8
0
370
    50
100
AcDbPolyline
 90
      259
 70
     0
 43
0.0
 10
2387.889507548932
 20
3694.022020439748
 10
2388.011184134728
 20
3694.447888490032
 10
2388.193699013422
 20
3694.873756540316
 10
2388.376213892115
 20
3695.299624590599
 10
2388.558728770807
 20
3695.725492640883
 10
2388.680405356603
 20
3696.151360691168
 10
2388.862920235296
 20
3696.577228741452
 10
2389.04543511399
 20
3697.003096791735
 10
2389.227949992683
 20
3697.368126549122
 10
2389.471303164274
 20
3697.793994599407
 10
2389.653818042967
 20
3698.219862649691
 10
2389.83633292166
 20
3698.584892407078
 10
2390.018847800353
 20
3698.949922164464
 10
2390.262200971944
 20
3699.375790214748
 10
2390.444715850637
 20
3699.740819972135
 10
2390.688069022228
 20
3700.105849729522
 10
2390.870583900922
 20
3700.470879486907
 10
2391.113937072513
 20
3700.835909244295
 10
2391.357290244103
 20
3701.20093900168
 10
2391.600643415695
 20
3701.565968759067
 10
2391.843996587286
 20
3701.930998516454
 10
2392.087349758877
 20
3702.29602827384
 10
2392.330702930468
 20
3702.661058031227
 10
2392.574056102059
 20
3702.965249495715
 10
2392.81740927365
 20
3703.330279253101
 10
2393.060762445241
 20
3703.634470717591
 10
2393.364953909729
 20
3703.93866218208
 10
2393.60830708132
 20
3704.303691939465
 10
2393.851660252911
 20
3704.607883403955
 10
2394.1558517174
 20
3704.912074868443
 10
2394.460043181889
 20
3705.216266332932
 10
2394.70339635348
 20
3705.52045779742
 10
2395.007587817968
 20
3705.824649261909
 10
2395.311779282458
 20
3706.128840726398
 10
2395.615970746946
 20
3706.433032190886
 10
2395.920162211435
 20
3706.737223655376
 10
2396.224353675924
 20
3706.980576826966
 10
2396.528545140412
 20
3707.284768291454
 10
2396.832736604901
 20
3707.528121463046
 10
2397.136928069389
 20
3707.832312927536
 10
2397.501957826776
 20
3708.075666099126
 10
2397.806149291264
 20
3708.379857563614
 10
2398.110340755753
 20
3708.623210735205
 10
2398.475370513139
 20
3708.866563906796
 10
2398.840400270526
 20
3709.109917078387
 10
2399.144591735015
 20
3709.353270249978
 10
2399.509621492401
 20
3709.59662342157
 10
2399.874651249788
 20
3709.839976593161
 10
2400.239681007175
 20
3710.083329764751
 10
2400.60471076456
 20
3710.265844643445
 10
2400.969740521948
 20
3710.509197815035
 10
2401.334770279334
 20
3710.752550986626
 10
2401.69980003672
 20
3710.935065865319
 10
2402.064829794106
 20
3711.17841903691
 10
2402.49069784439
 20
3711.360933915603
 10
2402.855727601778
 20
3711.543448794297
 10
2403.220757359164
 20
3711.786801965888
 10
2403.646625409449
 20
3711.969316844581
 10
2404.072493459732
 20
3712.151831723275
 10
2404.437523217119
 20
3712.334346601968
 10
2404.863391267403
 20
3712.516861480661
 10
2405.289259317687
 20
3712.699376359354
 10
2405.715127367971
 20
3712.881891238048
 10
2406.140995418255
 20
3713.06440611674
 10
2406.566863468539
 20
3713.186082702537
 10
2406.992731518824
 20
3713.36859758123
 10
2407.418599569108
 20
3713.490274167025
 10
2407.90530591229
 20
3713.672789045718
 10
2408.331173962575
 20
3713.794465631514
 10
2408.757042012859
 20
3713.976980510207
 10
2409.243748356041
 20
3714.098657096002
 10
2409.730454699222
 20
3714.220333681798
 10
2410.156322749507
 20
3714.342010267593
 10
2410.643029092689
 20
3714.524525146287
 10
2411.129735435871
 20
3714.646201732082
 10
2411.616441779053
 20
3714.707040024979
 10
2412.103148122235
 20
3714.828716610775
 10
2412.589854465416
 20
3714.950393196571
 10
2413.076560808598
 20
3715.072069782367
 10
2413.563267151781
 20
3715.193746368162
 10
2414.11081178786
 20
3715.254584661059
 10
2414.597518131042
 20
3715.376261246856
 10
2415.084224474224
 20
3715.437099539752
 10
2415.631769110303
 20
3715.558776125548
 10
2416.179313746383
 20
3715.619614418447
 10
2416.666020089565
 20
3715.680452711344
 10
2417.213564725645
 20
3715.741291004241
 10
2417.761109361725
 20
3715.802129297139
 10
2418.308653997805
 20
3715.923805882935
 10
2418.856198633884
 20
3715.984644175833
 10
2419.403743269964
 20
3715.984644175833
 10
2419.951287906043
 20
3716.045482468731
 10
2420.498832542123
 20
3716.106320761628
 10
2421.107215471101
 20
3716.167159054525
 10
2421.65476010718
 20
3716.167159054525
 10
2422.20230474326
 20
3716.227997347424
 10
2422.810687672238
 20
3716.227997347424
 10
2423.419070601215
 20
3716.288835640321
 10
2423.966615237294
 20
3716.288835640321
 10
2424.574998166272
 20
3716.349673933219
 10
2425.18338109525
 20
3716.349673933219
 10
2425.791764024226
 20
3716.349673933219
 10
2426.400146953204
 20
3716.349673933219
 10
2427.008529882181
 20
3716.349673933219
 10
2427.616912811159
 20
3716.349673933219
 10
2428.286134033034
 20
3716.349673933219
 10
2428.894516962012
 20
3716.349673933219
 10
2429.563738183887
 20
3716.349673933219
 10
2430.172121112864
 20
3716.288835640321
 10
2430.84134233474
 20
3716.288835640321
 10
2431.449725263717
 20
3716.227997347424
 10
2432.118946485592
 20
3716.227997347424
 10
2432.788167707468
 20
3716.167159054525
 10
2433.457388929343
 20
3716.167159054525
 10
2434.126610151218
 20
3716.106320761628
 10
2434.795831373092
 20
3716.045482468731
 10
2435.465052594968
 20
3715.984644175833
 10
2436.134273816843
 20
3715.923805882935
 10
2436.864333331616
 20
3715.862967590036
 10
2437.533554553491
 20
3715.802129297139
 10
2438.202775775366
 20
3715.741291004241
 10
2438.93283529014
 20
3715.680452711344
 10
2439.662894804913
 20
3715.619614418447
 10
2440.332116026788
 20
3715.49793783265
 10
2441.06217554156
 20
3715.437099539752
 10
2441.792235056334
 20
3715.315422953957
 10
2442.522294571106
 20
3715.254584661059
 10
2443.252354085879
 20
3715.132908075264
 10
2443.982413600652
 20
3715.011231489468
 10
2444.712473115425
 20
3714.950393196571
 10
2445.442532630198
 20
3714.828716610775
 10
2446.233430437869
 20
3714.707040024979
 10
2446.963489952642
 20
3714.585363439184
 10
2447.693549467415
 20
3714.463686853388
 10
2448.484447275085
 20
3714.342010267593
 10
2449.214506789858
 20
3714.220333681798
 10
2450.005404597529
 20
3714.098657096002
 10
2450.7963024052
 20
3713.91614221731
 10
2451.58720021287
 20
3713.794465631514
 10
2452.37809802054
 20
3713.672789045718
 10
2453.168995828212
 20
3713.490274167025
 10
2453.959893635882
 20
3713.307759288331
 10
2454.750791443553
 20
3713.186082702537
 10
2455.541689251223
 20
3713.003567823843
 10
2456.332587058894
 20
3712.82105294515
 10
2457.123484866565
 20
3712.699376359354
 10
2457.975220967134
 20
3712.516861480661
 10
2458.766118774804
 20
3712.334346601968
 10
2459.617854875372
 20
3712.151831723275
 10
2460.469590975941
 20
3711.969316844581
 10
2461.260488783611
 20
3711.725963672991
 10
2462.11222488418
 20
3711.543448794297
 10
2462.963960984748
 20
3711.360933915603
 10
2463.815697085317
 20
3711.17841903691
 10
2464.667433185885
 20
3710.935065865319
 10
2465.519169286454
 20
3710.752550986626
 10
2466.370905387022
 20
3710.509197815035
 10
2467.22264148759
 20
3710.326682936342
 10
2468.074377588159
 20
3710.083329764751
 10
2468.986951981625
 20
3709.839976593161
 10
2469.838688082193
 20
3709.59662342157
 10
2470.751262475659
 20
3709.353270249978
 10
2471.602998576228
 20
3709.170755371285
 10
2472.515572969694
 20
3708.927402199694
 10
2473.367309070263
 20
3708.623210735205
 10
2474.279883463729
 20
3708.379857563614
 10
2475.192457857195
 20
3708.136504392024
 10
2476.105032250661
 20
3707.893151220433
 10
2477.017606644127
 20
3707.649798048841
 10
2477.930181037593
 20
3707.345606584353
 10
2478.84275543106
 20
3707.102253412762
 10
2479.755329824525
 20
3706.798061948273
 10
2480.667904217992
 20
3706.554708776682
 10
2481.641316904355
 20
3706.250517312193
 10
2482.553891297822
 20
3705.946325847705
 10
2483.527303984186
 20
3705.702972676114
 10
2484.439878377652
 20
3705.398781211625
 10
2485.413291064016
 20
3705.094589747137
 10
2486.325865457482
 20
3704.790398282648
 10
2487.299278143846
 20
3704.486206818159
 10
2488.27269083021
 20
3704.182015353671
 10
2489.246103516574
 20
3703.877823889181
 10
2490.219516202938
 20
3703.512794131795
 10
2491.192928889302
 20
3703.208602667306
 10
2492.166341575666
 20
3702.904411202818
 10
2493.139754262029
 20
3702.539381445431
 10
2494.113166948393
 20
3702.235189980943
 10
2495.086579634757
 20
3701.870160223556
 10
2496.120830614018
 20
3701.565968759067
 10
2497.094243300383
 20
3701.20093900168
 10
2498.128494279644
 20
3700.835909244295
 10
2499.101906966008
 20
3700.531717779806
 10
2500.13615794527
 20
3700.166688022419
 10
2501.109570631634
 20
3699.801658265033
 10
2502.143821610895
 20
3699.436628507646
 10
2503.178072590157
 20
3699.07159875026
 10
2504.212323569419
 20
3698.706568992874
 10
2505.24657454868
 20
3698.341539235487
 10
2506.280825527942
 20
3697.915671185203
 10
2507.315076507204
 20
3697.550641427817
 10
2508.349327486465
 20
3697.18561167043
 10
2509.383578465727
 20
3696.759743620145
 10
2510.417829444989
 20
3696.394713862759
 10
2511.452080424251
 20
3696.029684105373
 10
2512.54716969641
 20
3695.603816055089
 10
2513.581420675671
 20
3695.177948004804
 10
2514.676509947831
 20
3694.812918247418
 10
2515.710760927092
 20
3694.387050197133
 10
2516.805850199252
 20
3693.961182146849
 10
2517.900939471412
 20
3693.535314096564
 10
2518.935190450672
 20
3693.10944604628
 10
2520.030279722833
 20
3692.683577995997
 10
2521.125368994991
 20
3692.257709945713
 10
2522.220458267151
 20
3691.831841895428
 10
2523.31554753931
 20
3691.405973845144
 10
2524.41063681147
 20
3690.980105794859
 10
2525.505726083629
 20
3690.493399451678
 10
2526.661653648686
 20
3690.067531401393
 10
2527.756742920845
 20
3689.641663351109
 10
2528.851832193006
 20
3689.154957007927
 10
2530.007759758062
 20
3688.729088957643
 10
2531.102849030221
 20
3688.242382614462
 10
2532.258776595278
 20
3687.755676271279
 10
2533.353865867438
 20
3687.329808220995
 10
2534.509793432495
 20
3686.843101877813
 10
2535.604882704654
 20
3686.356395534631
 10
2536.760810269712
 20
3685.86968919145
 10
2537.916737834769
 20
3685.382982848267
 10
2539.072665399826
 20
3684.896276505086
 10
2540.228592964883
 20
3684.409570161903
 10
2541.38452052994
 20
3683.922863818721
 10
2542.540448094997
 20
3683.43615747554
 10
2543.696375660055
 20
3682.949451132357
 10
2544.852303225111
 20
3682.401906496278
 10
2546.069069083067
 20
3681.915200153096
 10
2547.224996648123
 20
3681.428493809914
 10
2548.38092421318
 20
3680.880949173834
 10
2549.597690071136
 20
3680.394242830652
 10
2550.753617636193
 20
3679.846698194573
 10
2551.970383494147
 20
3679.299153558492
 10
2553.187149352103
 20
3678.812447215312
 10
2554.34307691716
 20
3678.264902579231
 10
2555.559842775114
 20
3677.717357943152
 10
2556.776608633069
 20
3677.169813307072
 10
2557.993374491025
 20
3676.622268670993
 10
2559.210140348979
 20
3676.074724034912
 10
2560.426906206934
 20
3675.527179398834
 10
2561.643672064889
 20
3674.979634762753
 10
2562.860437922844
 20
3674.432090126674
 10
2564.077203780799
 20
3673.884545490594
 10
2565.293969638754
 20
3673.276162561616
 10
2566.571573789606
 20
3672.728617925537
 10
2567.788339647561
 20
3672.181073289457
 10
2569.065943798414
 20
3671.572690360479
 10
2570.282709656368
 20
3671.025145724399
 10
2571.560313807221
 20
3670.416762795422
 10
2572.777079665176
 20
3669.808379866445
 10
2573.081271129665
 20
3670.781792552809
 10
2575.332287966882
 20
3672.059396703661
  0
LWPOLYLINE
  5
2340
102
{ACAD_REACTORS
330
24B1
102
}
330
1F
100
AcDbEntity
  8
0
370
    50
100
AcDbPolyline
 90
      257
 70
     0
 43
0.0
 10
2390.566392436433
 20
3641.153543911608
 10
2390.262200971944
 20
3642.248633183768
 10
2390.018847800353
 20
3643.282884163029
 10
2389.775494628763
 20
3644.31713514229
 10
2389.532141457172
 20
3645.41222441445
 10
2389.288788285581
 20
3646.446475393711
 10
2389.04543511399
 20
3647.480726372973
 10
2388.802081942398
 20
3648.514977352235
 10
2388.619567063706
 20
3649.488390038598
 10
2388.376213892115
 20
3650.52264101786
 10
2388.193699013422
 20
3651.496053704224
 10
2388.011184134728
 20
3652.530304683486
 10
2387.767830963137
 20
3653.503717369849
 10
2387.585316084444
 20
3654.477130056213
 10
2387.463639498648
 20
3655.450542742578
 10
2387.281124619955
 20
3656.423955428941
 10
2387.098609741262
 20
3657.397368115305
 10
2386.976933155466
 20
3658.370780801669
 10
2386.794418276773
 20
3659.283355195135
 10
2386.672741690977
 20
3660.256767881499
 10
2386.551065105182
 20
3661.169342274965
 10
2386.429388519386
 20
3662.081916668431
 10
2386.307711933591
 20
3662.994491061897
 10
2386.186035347795
 20
3663.907065455364
 10
2386.064358762
 20
3664.81963984883
 10
2386.003520469103
 20
3665.732214242296
 10
2385.881843883307
 20
3666.583950342864
 10
2385.821005590409
 20
3667.496524736331
 10
2385.760167297511
 20
3668.348260836899
 10
2385.699329004614
 20
3669.199996937468
 10
2385.638490711716
 20
3670.112571330933
 10
2385.577652418818
 20
3670.964307431502
 10
2385.51681412592
 20
3671.755205239173
 10
2385.51681412592
 20
3672.606941339741
 10
2385.455975833023
 20
3673.45867744031
 10
2385.455975833023
 20
3674.24957524798
 10
2385.395137540125
 20
3675.101311348548
 10
2385.395137540125
 20
3675.892209156219
 10
2385.395137540125
 20
3676.683106963891
 10
2385.455975833023
 20
3677.474004771561
 10
2385.455975833023
 20
3678.264902579231
 10
2385.455975833023
 20
3679.055800386902
 10
2385.51681412592
 20
3679.785859901675
 10
2385.51681412592
 20
3680.576757709346
 10
2385.577652418818
 20
3681.306817224118
 10
2385.638490711716
 20
3682.097715031789
 10
2385.699329004614
 20
3682.827774546562
 10
2385.760167297511
 20
3683.557834061335
 10
2385.821005590409
 20
3684.287893576107
 10
2385.942682176205
 20
3684.957114797982
 10
2386.003520469103
 20
3685.687174312756
 10
2386.125197054898
 20
3686.356395534631
 10
2386.246873640693
 20
3687.086455049403
 10
2386.368550226489
 20
3687.755676271279
 10
2386.490226812284
 20
3688.424897493155
 10
2386.61190339808
 20
3689.094118715031
 10
2386.733579983875
 20
3689.763339936905
 10
2386.916094862569
 20
3690.43256115878
 10
2387.037771448364
 20
3691.040944087757
 10
2387.220286327057
 20
3691.710165309633
 10
2387.40280120575
 20
3692.31854823861
 10
2387.524477791546
 20
3692.926931167587
 10
2387.706992670239
 20
3693.535314096564
 10
2387.95034584183
 20
3694.143697025542
 10
2388.132860720523
 20
3694.752079954521
 10
2388.315375599216
 20
3695.360462883498
 10
2388.558728770807
 20
3695.908007519577
 10
2388.802081942398
 20
3696.455552155657
 10
2388.984596821092
 20
3697.063935084634
 10
2389.227949992683
 20
3697.611479720714
 10
2389.471303164274
 20
3698.159024356794
 10
2389.714656335865
 20
3698.706568992874
 10
2390.018847800353
 20
3699.254113628953
 10
2390.262200971944
 20
3699.740819972135
 10
2390.566392436433
 20
3700.288364608215
 10
2390.809745608024
 20
3700.775070951396
 10
2391.113937072513
 20
3701.261777294578
 10
2391.418128537002
 20
3701.74848363776
 10
2391.72232000149
 20
3702.235189980943
 10
2392.026511465979
 20
3702.721896324124
 10
2392.330702930468
 20
3703.208602667306
 10
2392.695732687855
 20
3703.634470717591
 10
2392.999924152343
 20
3704.121177060772
 10
2393.364953909729
 20
3704.547045111056
 10
2393.729983667116
 20
3704.97291316134
 10
2394.095013424502
 20
3705.398781211625
 10
2394.460043181889
 20
3705.824649261909
 10
2394.825072939275
 20
3706.250517312193
 10
2395.190102696662
 20
3706.676385362477
 10
2395.615970746946
 20
3707.041415119864
 10
2395.981000504332
 20
3707.467283170148
 10
2396.406868554617
 20
3707.832312927536
 10
2396.832736604901
 20
3708.197342684921
 10
2397.258604655185
 20
3708.562372442308
 10
2397.684472705469
 20
3708.927402199694
 10
2398.110340755753
 20
3709.292431957081
 10
2398.536208806037
 20
3709.59662342157
 10
2399.022915149219
 20
3709.961653178956
 10
2399.448783199503
 20
3710.265844643445
 10
2399.935489542686
 20
3710.630874400831
 10
2400.422195885868
 20
3710.935065865319
 10
2400.90890222905
 20
3711.239257329808
 10
2401.395608572232
 20
3711.543448794297
 10
2401.882314915413
 20
3711.786801965888
 10
2402.369021258595
 20
3712.090993430376
 10
2402.916565894675
 20
3712.395184894866
 10
2403.403272237857
 20
3712.638538066456
 10
2403.950816873937
 20
3712.881891238048
 10
2404.498361510017
 20
3713.125244409638
 10
2405.045906146096
 20
3713.36859758123
 10
2405.593450782176
 20
3713.61195075282
 10
2406.140995418255
 20
3713.855303924411
 10
2406.749378347233
 20
3714.098657096002
 10
2407.296922983312
 20
3714.281171974696
 10
2407.90530591229
 20
3714.524525146287
 10
2408.513688841268
 20
3714.707040024979
 10
2409.122071770245
 20
3714.889554903674
 10
2409.730454699222
 20
3715.072069782367
 10
2410.3388376282
 20
3715.254584661059
 10
2410.947220557177
 20
3715.437099539752
 10
2411.616441779053
 20
3715.619614418447
 10
2412.22482470803
 20
3715.741291004241
 10
2412.894045929905
 20
3715.923805882935
 10
2413.563267151781
 20
3716.045482468731
 10
2414.232488373656
 20
3716.167159054525
 10
2414.901709595531
 20
3716.288835640321
 10
2415.631769110303
 20
3716.410512226117
 10
2416.300990332179
 20
3716.532188811912
 10
2417.031049846952
 20
3716.653865397708
 10
2417.700271068827
 20
3716.714703690605
 10
2418.4303305836
 20
3716.836380276401
 10
2419.160390098373
 20
3716.897218569299
 10
2419.951287906043
 20
3716.958056862196
 10
2420.681347420817
 20
3717.018895155093
 10
2421.41140693559
 20
3717.079733447992
 10
2422.20230474326
 20
3717.14057174089
 10
2422.993202550931
 20
3717.201410033788
 10
2423.723262065704
 20
3717.201410033788
 10
2424.514159873375
 20
3717.262248326685
 10
2425.365895973943
 20
3717.262248326685
 10
2426.156793781613
 20
3717.262248326685
 10
2426.947691589284
 20
3717.262248326685
 10
2427.799427689853
 20
3717.262248326685
 10
2428.651163790421
 20
3717.262248326685
 10
2429.502899890989
 20
3717.262248326685
 10
2430.354635991557
 20
3717.262248326685
 10
2431.206372092126
 20
3717.201410033788
 10
2432.058108192695
 20
3717.201410033788
 10
2432.909844293262
 20
3717.14057174089
 10
2433.822418686729
 20
3717.079733447992
 10
2434.734993080196
 20
3717.018895155093
 10
2435.647567473661
 20
3716.958056862196
 10
2436.560141867128
 20
3716.897218569299
 10
2437.472716260594
 20
3716.775541983504
 10
2438.38529065406
 20
3716.714703690605
 10
2439.297865047526
 20
3716.593027104809
 10
2440.27127773389
 20
3716.471350519015
 10
2441.244690420254
 20
3716.349673933219
 10
2442.15726481372
 20
3716.288835640321
 10
2443.130677500084
 20
3716.106320761628
 10
2444.104090186448
 20
3715.984644175833
 10
2445.138341165709
 20
3715.862967590036
 10
2446.111753852073
 20
3715.680452711344
 10
2447.085166538438
 20
3715.558776125548
 10
2448.119417517699
 20
3715.376261246856
 10
2449.15366849696
 20
3715.193746368162
 10
2450.187919476222
 20
3715.011231489468
 10
2451.222170455484
 20
3714.828716610775
 10
2452.256421434745
 20
3714.646201732082
 10
2453.290672414007
 20
3714.463686853388
 10
2454.385761686166
 20
3714.220333681798
 10
2455.420012665428
 20
3714.037818803105
 10
2456.515101937587
 20
3713.794465631514
 10
2457.610191209747
 20
3713.61195075282
 10
2458.644442189009
 20
3713.36859758123
 10
2459.800369754066
 20
3713.125244409638
 10
2460.895459026225
 20
3712.881891238048
 10
2461.990548298385
 20
3712.577699773559
 10
2463.146475863442
 20
3712.334346601968
 10
2464.2415651356
 20
3712.030155137479
 10
2465.397492700658
 20
3711.786801965888
 10
2466.553420265715
 20
3711.482610501399
 10
2467.709347830772
 20
3711.17841903691
 10
2468.86527539583
 20
3710.874227572422
 10
2470.021202960887
 20
3710.570036107933
 10
2471.177130525944
 20
3710.265844643445
 10
2472.393896383898
 20
3709.961653178956
 10
2473.549823948956
 20
3709.59662342157
 10
2474.766589806911
 20
3709.292431957081
 10
2475.983355664866
 20
3708.927402199694
 10
2477.20012152282
 20
3708.623210735205
 10
2478.416887380775
 20
3708.25818097782
 10
2479.63365323873
 20
3707.893151220433
 10
2480.850419096685
 20
3707.528121463046
 10
2482.128023247538
 20
3707.102253412762
 10
2483.344789105493
 20
3706.737223655376
 10
2484.622393256345
 20
3706.372193897989
 10
2485.899997407198
 20
3705.946325847705
 10
2487.17760155805
 20
3705.52045779742
 10
2488.455205708903
 20
3705.155428040033
 10
2489.732809859756
 20
3704.72955998975
 10
2491.071252303506
 20
3704.303691939465
 10
2492.348856454359
 20
3703.877823889181
 10
2493.626460605212
 20
3703.451955838897
 10
2494.964903048961
 20
3702.965249495715
 10
2496.303345492712
 20
3702.539381445431
 10
2497.641787936462
 20
3702.052675102249
 10
2498.980230380213
 20
3701.626807051964
 10
2500.318672823963
 20
3701.140100708784
 10
2501.657115267713
 20
3700.653394365601
 10
2503.056396004362
 20
3700.166688022419
 10
2504.394838448112
 20
3699.679981679238
 10
2505.79411918476
 20
3699.193275336055
 10
2507.132561628511
 20
3698.645730699976
 10
2508.531842365159
 20
3698.159024356794
 10
2509.931123101807
 20
3697.611479720714
 10
2511.330403838455
 20
3697.124773377532
 10
2512.729684575103
 20
3696.577228741452
 10
2514.189803604649
 20
3696.029684105373
 10
2515.589084341297
 20
3695.482139469293
 10
2517.049203370842
 20
3694.934594833213
 10
2518.448484107491
 20
3694.387050197133
 10
2519.908603137036
 20
3693.778667268156
 10
2521.368722166582
 20
3693.231122632076
 10
2522.828841196128
 20
3692.683577995997
 10
2524.288960225674
 20
3692.075195067019
 10
2525.74907925522
 20
3691.466812138042
 10
2527.270036577663
 20
3690.858429209065
 10
2528.73015560721
 20
3690.250046280087
 10
2530.251112929653
 20
3689.641663351109
 10
2531.711231959199
 20
3689.033280422132
 10
2533.232189281643
 20
3688.424897493155
 10
2534.753146604086
 20
3687.816514564178
 10
2536.27410392653
 20
3687.147293342301
 10
2537.795061248973
 20
3686.538910413325
 10
2539.316018571417
 20
3685.86968919145
 10
2540.897814186758
 20
3685.200467969574
 10
2542.418771509202
 20
3684.531246747699
 10
2544.000567124543
 20
3683.862025525823
 10
2545.521524446987
 20
3683.192804303948
 10
2547.103320062328
 20
3682.523583082073
 10
2548.685115677669
 20
3681.854361860198
 10
2550.26691129301
 20
3681.124302345426
 10
2551.848706908352
 20
3680.455081123549
 10
2553.430502523693
 20
3679.725021608777
 10
2555.073136431933
 20
3679.055800386902
 10
2556.654932047274
 20
3678.325740872129
 10
2558.297565955513
 20
3677.595681357356
 10
2559.879361570854
 20
3676.865621842583
 10
2561.521995479093
 20
3676.13556232781
 10
2563.164629387332
 20
3675.344664520139
 10
2564.807263295572
 20
3674.614605005367
 10
2566.44989720381
 20
3673.884545490594
 10
2568.09253111205
 20
3673.093647682923
 10
2569.735165020289
 20
3672.302749875253
 10
2571.438637221426
 20
3671.572690360479
 10
2573.081271129665
 20
3670.781792552809
  0
LWPOLYLINE
  5
2341
102
{ACAD_REACTORS
330
24B1
102
}
330
1F
100
AcDbEntity
  8
0
370
    25
100
AcDbPolyline
 90
        2
 70
     0
 43
0.0
 10
2578.374202611769
 20
3673.093647682923
 10
2575.028096502392
 20
3671.085984017298
  0
LWPOLYLINE
  5
2342
102
{ACAD_REACTORS
330
24B1
102
}
330
1F
100
AcDbEntity
  8
0
370
    50
100
AcDbPolyline
 90
      515
 70
     0
 43
0.0
 10
2376.330231898362
 20
3649.366713452803
 10
2376.026040433872
 20
3650.52264101786
 10
2375.721848969384
 20
3651.678568582917
 10
2375.417657504895
 20
3652.834496147975
 10
2375.174304333304
 20
3653.990423713032
 10
2374.870112868816
 20
3655.085512985191
 10
2374.626759697224
 20
3656.18060225735
 10
2374.322568232735
 20
3657.336529822407
 10
2374.079215061145
 20
3658.431619094566
 10
2373.835861889554
 20
3659.526708366726
 10
2373.592508717963
 20
3660.621797638885
 10
2373.349155546371
 20
3661.716886911045
 10
2373.105802374781
 20
3662.751137890307
 10
2372.923287496087
 20
3663.846227162466
 10
2372.740772617394
 20
3664.880478141728
 10
2372.497419445803
 20
3665.975567413887
 10
2372.31490456711
 20
3667.009818393149
 10
2372.132389688417
 20
3668.04406937241
 10
2371.949874809724
 20
3669.078320351673
 10
2371.76735993103
 20
3670.112571330933
 10
2371.645683345235
 20
3671.085984017298
 10
2371.463168466542
 20
3672.120234996559
 10
2371.341491880746
 20
3673.093647682923
 10
2371.219815294951
 20
3674.067060369287
 10
2371.098138709155
 20
3675.101311348548
 10
2370.97646212336
 20
3676.074724034912
 10
2370.854785537564
 20
3676.987298428379
 10
2370.733108951769
 20
3677.960711114743
 10
2370.672270658871
 20
3678.934123801106
 10
2370.550594073076
 20
3679.846698194573
 10
2370.489755780178
 20
3680.820110880937
 10
2370.42891748728
 20
3681.732685274402
 10
2370.368079194382
 20
3682.645259667869
 10
2370.307240901484
 20
3683.557834061335
 10
2370.307240901484
 20
3684.470408454802
 10
2370.246402608586
 20
3685.382982848267
 10
2370.246402608586
 20
3686.234718948835
 10
2370.185564315689
 20
3687.147293342301
 10
2370.185564315689
 20
3687.99902944287
 10
2370.185564315689
 20
3688.850765543438
 10
2370.185564315689
 20
3689.702501644007
 10
2370.246402608586
 20
3690.554237744576
 10
2370.246402608586
 20
3691.405973845144
 10
2370.307240901484
 20
3692.196871652815
 10
2370.307240901484
 20
3693.048607753382
 10
2370.368079194382
 20
3693.839505561054
 10
2370.42891748728
 20
3694.630403368724
 10
2370.489755780178
 20
3695.421301176395
 10
2370.611432365973
 20
3696.212198984066
 10
2370.672270658871
 20
3697.003096791735
 10
2370.793947244667
 20
3697.793994599407
 10
2370.854785537564
 20
3698.524054114179
 10
2370.97646212336
 20
3699.314951921851
 10
2371.098138709155
 20
3700.045011436623
 10
2371.280653587848
 20
3700.775070951396
 10
2371.402330173644
 20
3701.50513046617
 10
2371.524006759439
 20
3702.235189980943
 10
2371.706521638133
 20
3702.965249495715
 10
2371.889036516826
 20
3703.634470717591
 10
2372.071551395519
 20
3704.364530232363
 10
2372.254066274213
 20
3705.033751454239
 10
2372.436581152905
 20
3705.702972676114
 10
2372.619096031598
 20
3706.372193897989
 10
2372.862449203189
 20
3707.041415119864
 10
2373.044964081882
 20
3707.710636341739
 10
2373.288317253473
 20
3708.319019270716
 10
2373.531670425065
 20
3708.988240492593
 10
2373.775023596656
 20
3709.59662342157
 10
2374.018376768247
 20
3710.205006350547
 10
2374.322568232735
 20
3710.813389279524
 10
2374.565921404326
 20
3711.421772208502
 10
2374.870112868816
 20
3712.030155137479
 10
2375.174304333304
 20
3712.577699773559
 10
2375.478495797793
 20
3713.186082702537
 10
2375.782687262281
 20
3713.733627338616
 10
2376.08687872677
 20
3714.281171974696
 10
2376.451908484156
 20
3714.828716610775
 10
2376.756099948645
 20
3715.376261246856
 10
2377.121129706031
 20
3715.862967590036
 10
2377.486159463418
 20
3716.410512226117
 10
2377.851189220805
 20
3716.897218569299
 10
2378.216218978191
 20
3717.444763205378
 10
2378.642087028475
 20
3717.93146954856
 10
2379.007116785862
 20
3718.418175891742
 10
2379.432984836146
 20
3718.904882234924
 10
2379.85885288643
 20
3719.330750285208
 10
2380.223882643817
 20
3719.81745662839
 10
2380.710588986999
 20
3720.243324678674
 10
2381.136457037283
 20
3720.669192728959
 10
2381.562325087567
 20
3721.155899072141
 10
2382.049031430749
 20
3721.520928829527
 10
2382.535737773931
 20
3721.946796879811
 10
2383.022444117113
 20
3722.372664930095
 10
2383.509150460294
 20
3722.737694687482
 10
2383.995856803477
 20
3723.163562737767
 10
2384.482563146658
 20
3723.528592495153
 10
2385.030107782739
 20
3723.893622252539
 10
2385.51681412592
 20
3724.258652009926
 10
2386.064358762
 20
3724.623681767312
 10
2386.61190339808
 20
3724.927873231801
 10
2387.15944803416
 20
3725.292902989187
 10
2387.767830963137
 20
3725.597094453676
 10
2388.315375599216
 20
3725.901285918165
 10
2388.923758528194
 20
3726.205477382654
 10
2389.532141457172
 20
3726.509668847142
 10
2390.079686093251
 20
3726.813860311631
 10
2390.748907315126
 20
3727.057213483222
 10
2391.357290244103
 20
3727.361404947711
 10
2391.965673173081
 20
3727.604758119302
 10
2392.634894394956
 20
3727.848111290892
 10
2393.243277323934
 20
3728.091464462484
 10
2393.912498545809
 20
3728.334817634074
 10
2394.581719767684
 20
3728.578170805665
 10
2395.250940989559
 20
3728.760685684359
 10
2395.981000504332
 20
3729.004038855949
 10
2396.650221726208
 20
3729.186553734643
 10
2397.38028124098
 20
3729.369068613336
 10
2398.110340755753
 20
3729.55158349203
 10
2398.779561977629
 20
3729.734098370722
 10
2399.5704597853
 20
3729.916613249416
 10
2400.300519300072
 20
3730.038289835211
 10
2401.030578814845
 20
3730.159966421008
 10
2401.821476622516
 20
3730.342481299699
 10
2402.551536137288
 20
3730.464157885496
 10
2403.34243394496
 20
3730.585834471291
 10
2404.13333175263
 20
3730.646672764188
 10
2404.924229560301
 20
3730.768349349984
 10
2405.775965660869
 20
3730.89002593578
 10
2406.566863468539
 20
3730.950864228677
 10
2407.418599569108
 20
3731.011702521576
 10
2408.209497376779
 20
3731.072540814473
 10
2409.061233477348
 20
3731.13337910737
 10
2409.912969577916
 20
3731.194217400268
 10
2410.825543971382
 20
3731.255055693167
 10
2411.677280071951
 20
3731.255055693167
 10
2412.589854465416
 20
3731.255055693167
 10
2413.441590565985
 20
3731.315893986064
 10
2414.354164959451
 20
3731.315893986064
 10
2415.266739352917
 20
3731.315893986064
 10
2416.179313746383
 20
3731.255055693167
 10
2417.091888139849
 20
3731.255055693167
 10
2418.065300826214
 20
3731.255055693167
 10
2418.97787521968
 20
3731.194217400268
 10
2419.951287906043
 20
3731.13337910737
 10
2420.924700592407
 20
3731.072540814473
 10
2421.898113278771
 20
3731.011702521576
 10
2422.871525965135
 20
3730.950864228677
 10
2423.844938651499
 20
3730.89002593578
 10
2424.879189630761
 20
3730.768349349984
 10
2425.852602317125
 20
3730.707511057086
 10
2426.886853296386
 20
3730.585834471291
 10
2427.921104275648
 20
3730.464157885496
 10
2428.955355254909
 20
3730.342481299699
 10
2429.989606234171
 20
3730.220804713905
 10
2431.023857213433
 20
3730.038289835211
 10
2432.118946485592
 20
3729.916613249416
 10
2433.153197464854
 20
3729.734098370722
 10
2434.248286737013
 20
3729.612421784927
 10
2435.343376009173
 20
3729.429906906233
 10
2436.438465281332
 20
3729.247392027541
 10
2437.533554553491
 20
3729.064877148847
 10
2438.628643825651
 20
3728.821523977256
 10
2439.784571390708
 20
3728.639009098563
 10
2440.879660662868
 20
3728.456494219871
 10
2442.035588227924
 20
3728.213141048279
 10
2443.191515792981
 20
3727.969787876688
 10
2444.347443358039
 20
3727.726434705097
 10
2445.503370923096
 20
3727.483081533506
 10
2446.659298488153
 20
3727.239728361915
 10
2447.876064346108
 20
3726.996375190324
 10
2449.031991911164
 20
3726.692183725835
 10
2450.24875776912
 20
3726.448830554244
 10
2451.465523627075
 20
3726.144639089755
 10
2452.68228948503
 20
3725.840447625266
 10
2453.899055342985
 20
3725.536256160778
 10
2455.11582120094
 20
3725.23206469629
 10
2456.393425351792
 20
3724.927873231801
 10
2457.610191209747
 20
3724.562843474415
 10
2458.887795360599
 20
3724.258652009926
 10
2460.165399511452
 20
3723.893622252539
 10
2461.443003662305
 20
3723.528592495153
 10
2462.720607813157
 20
3723.163562737767
 10
2463.99821196401
 20
3722.798532980379
 10
2465.275816114862
 20
3722.433503222994
 10
2466.614258558613
 20
3722.068473465607
 10
2467.891862709465
 20
3721.703443708221
 10
2469.230305153216
 20
3721.277575657936
 10
2470.568747596966
 20
3720.851707607652
 10
2471.907190040717
 20
3720.486677850266
 10
2473.245632484467
 20
3720.060809799981
 10
2474.584074928217
 20
3719.634941749697
 10
2475.983355664866
 20
3719.209073699413
 10
2477.321798108616
 20
3718.72236735623
 10
2478.721078845264
 20
3718.296499305946
 10
2480.120359581912
 20
3717.809792962765
 10
2481.458802025662
 20
3717.383924912481
 10
2482.918921055208
 20
3716.897218569299
 10
2484.318201791856
 20
3716.410512226117
 10
2485.717482528504
 20
3715.923805882935
 10
2487.116763265153
 20
3715.437099539752
 10
2488.576882294698
 20
3714.950393196571
 10
2490.037001324244
 20
3714.402848560491
 10
2491.49712035379
 20
3713.91614221731
 10
2492.896401090438
 20
3713.36859758123
 10
2494.417358412882
 20
3712.82105294515
 10
2495.877477442427
 20
3712.27350830907
 10
2497.337596471974
 20
3711.725963672991
 10
2498.858553794417
 20
3711.17841903691
 10
2500.318672823963
 20
3710.630874400831
 10
2501.839630146406
 20
3710.083329764751
 10
2503.36058746885
 20
3709.474946835773
 10
2504.881544791294
 20
3708.927402199694
 10
2506.402502113737
 20
3708.319019270716
 10
2507.923459436181
 20
3707.710636341739
 10
2509.444416758624
 20
3707.102253412762
 10
2511.026212373966
 20
3706.493870483785
 10
2512.54716969641
 20
3705.885487554807
 10
2514.128965311751
 20
3705.216266332932
 10
2515.710760927092
 20
3704.607883403955
 10
2517.292556542434
 20
3703.93866218208
 10
2518.874352157775
 20
3703.330279253101
 10
2520.456147773116
 20
3702.661058031227
 10
2522.037943388458
 20
3701.991836809352
 10
2523.680577296696
 20
3701.322615587476
 10
2525.262372912038
 20
3700.653394365601
 10
2526.905006820277
 20
3699.984173143726
 10
2528.547640728516
 20
3699.254113628953
 10
2530.190274636755
 20
3698.584892407078
 10
2531.832908544994
 20
3697.854832892305
 10
2533.475542453234
 20
3697.124773377532
 10
2535.118176361473
 20
3696.455552155657
 10
2536.82164856261
 20
3695.725492640883
 10
2538.464282470848
 20
3694.995433126111
 10
2540.167754671985
 20
3694.20453531844
 10
2541.871226873122
 20
3693.474475803667
 10
2543.574699074259
 20
3692.744416288894
 10
2545.278171275395
 20
3691.953518481224
 10
2546.981643476533
 20
3691.223458966451
 10
2548.685115677669
 20
3690.43256115878
 10
2550.449426171704
 20
3689.641663351109
 10
2552.152898372841
 20
3688.850765543438
 10
2553.917208866876
 20
3688.059867735768
 10
2555.620681068012
 20
3687.268969928098
 10
2557.384991562047
 20
3686.417233827529
 10
2559.149302056081
 20
3685.626336019858
 10
2560.913612550116
 20
3684.77459991929
 10
2562.738761337048
 20
3683.983702111619
 10
2564.503071831083
 20
3683.13196601105
 10
2566.267382325117
 20
3682.280229910482
 10
2568.09253111205
 20
3681.428493809914
 10
2569.917679898982
 20
3680.576757709346
 10
2571.742828685914
 20
3679.725021608777
 10
2573.567977472846
 20
3678.812447215312
 10
2575.393126259779
 20
3677.960711114743
 10
2577.218275046711
 20
3677.048136721276
 10
2579.043423833644
 20
3676.196400620708
 10
2580.868572620576
 20
3675.283826227242
 10
2580.564381156087
 20
3674.310413540878
 10
2578.374202611769
 20
3673.093647682923
 10
2577.035760168018
 20
3673.762868904798
 10
2575.63647943137
 20
3674.432090126674
 10
2574.29803698762
 20
3675.040473055651
 10
2572.898756250971
 20
3675.709694277526
 10
2571.560313807221
 20
3676.378915499401
 10
2570.221871363471
 20
3677.048136721276
 10
2568.822590626822
 20
3677.656519650253
 10
2567.484148183072
 20
3678.325740872129
 10
2566.145705739322
 20
3678.934123801106
 10
2564.807263295572
 20
3679.603345022981
 10
2563.468820851821
 20
3680.211727951959
 10
2562.130378408071
 20
3680.820110880937
 10
2560.79193596432
 20
3681.489332102812
 10
2559.514331813467
 20
3682.097715031789
 10
2558.175889369718
 20
3682.706097960767
 10
2556.837446925967
 20
3683.314480889745
 10
2555.559842775114
 20
3683.922863818721
 10
2554.221400331364
 20
3684.531246747699
 10
2552.943796180512
 20
3685.139629676676
 10
2551.605353736761
 20
3685.748012605654
 10
2550.327749585908
 20
3686.295557241733
 10
2549.050145435056
 20
3686.903940170711
 10
2547.772541284203
 20
3687.512323099688
 10
2546.494937133351
 20
3688.059867735768
 10
2545.1564946896
 20
3688.668250664746
 10
2543.939728831646
 20
3689.215795300825
 10
2542.662124680793
 20
3689.763339936905
 10
2541.38452052994
 20
3690.371722865882
 10
2540.106916379088
 20
3690.919267501963
 10
2538.829312228235
 20
3691.466812138042
 10
2537.61254637028
 20
3692.014356774121
 10
2536.334942219427
 20
3692.561901410201
 10
2535.118176361473
 20
3693.10944604628
 10
2533.84057221062
 20
3693.656990682361
 10
2532.623806352665
 20
3694.20453531844
 10
2531.40704049471
 20
3694.691241661622
 10
2530.129436343857
 20
3695.238786297701
 10
2528.912670485903
 20
3695.786330933782
 10
2527.695904627948
 20
3696.273037276963
 10
2526.479138769993
 20
3696.820581913043
 10
2525.262372912038
 20
3697.307288256225
 10
2524.045607054083
 20
3697.854832892305
 10
2522.889679489026
 20
3698.341539235487
 10
2521.672913631071
 20
3698.828245578669
 10
2520.456147773116
 20
3699.314951921851
 10
2519.300220208059
 20
3699.801658265033
 10
2518.083454350104
 20
3700.349202901112
 10
2516.927526785047
 20
3700.775070951396
 10
2515.710760927092
 20
3701.261777294578
 10
2514.554833362035
 20
3701.74848363776
 10
2513.398905796978
 20
3702.235189980943
 10
2512.242978231921
 20
3702.721896324124
 10
2511.087050666864
 20
3703.147764374409
 10
2509.931123101807
 20
3703.634470717591
 10
2508.775195536749
 20
3704.060338767875
 10
2507.619267971693
 20
3704.547045111056
 10
2506.463340406635
 20
3704.97291316134
 10
2505.307412841578
 20
3705.459619504523
 10
2504.212323569419
 20
3705.885487554807
 10
2503.056396004362
 20
3706.311355605091
 10
2501.961306732202
 20
3706.737223655376
 10
2500.805379167145
 20
3707.16309170566
 10
2499.710289894985
 20
3707.588959755944
 10
2498.554362329929
 20
3708.014827806227
 10
2497.459273057769
 20
3708.440695856513
 10
2496.364183785609
 20
3708.866563906796
 10
2495.269094513451
 20
3709.231593664183
 10
2494.174005241291
 20
3709.657461714467
 10
2493.078915969131
 20
3710.083329764751
 10
2491.983826696972
 20
3710.448359522138
 10
2490.888737424813
 20
3710.813389279524
 10
2489.854486445551
 20
3711.239257329808
 10
2488.759397173391
 20
3711.604287087194
 10
2487.664307901232
 20
3711.969316844581
 10
2486.630056921971
 20
3712.334346601968
 10
2485.534967649811
 20
3712.760214652252
 10
2484.500716670549
 20
3713.125244409638
 10
2483.466465691288
 20
3713.490274167025
 10
2482.432214712027
 20
3713.794465631514
 10
2481.337125439867
 20
3714.1594953889
 10
2480.302874460605
 20
3714.524525146287
 10
2479.268623481344
 20
3714.889554903674
 10
2478.29521079498
 20
3715.193746368162
 10
2477.260959815718
 20
3715.558776125548
 10
2476.226708836457
 20
3715.862967590036
 10
2475.192457857195
 20
3716.227997347424
 10
2474.219045170831
 20
3716.532188811912
 10
2473.18479419157
 20
3716.836380276401
 10
2472.211381505205
 20
3717.14057174089
 10
2471.177130525944
 20
3717.444763205378
 10
2470.20371783958
 20
3717.809792962765
 10
2469.230305153216
 20
3718.053146134356
 10
2468.256892466853
 20
3718.357337598845
 10
2467.22264148759
 20
3718.661529063333
 10
2466.249228801227
 20
3718.965720527822
 10
2465.33665440776
 20
3719.269911992312
 10
2464.363241721396
 20
3719.513265163902
 10
2463.389829035032
 20
3719.81745662839
 10
2462.416416348669
 20
3720.060809799981
 10
2461.503841955203
 20
3720.36500126447
 10
2460.530429268839
 20
3720.608354436061
 10
2459.617854875372
 20
3720.851707607652
 10
2458.644442189009
 20
3721.095060779243
 10
2457.731867795542
 20
3721.399252243732
 10
2456.819293402077
 20
3721.642605415322
 10
2455.906719008611
 20
3721.885958586913
 10
2454.933306322246
 20
3722.068473465607
 10
2454.081570221678
 20
3722.311826637198
 10
2453.168995828212
 20
3722.555179808789
 10
2452.256421434745
 20
3722.798532980379
 10
2451.343847041279
 20
3722.981047859073
 10
2450.431272647813
 20
3723.224401030665
 10
2449.579536547245
 20
3723.406915909357
 10
2448.666962153779
 20
3723.650269080947
 10
2447.81522605321
 20
3723.832783959642
 10
2446.902651659744
 20
3724.015298838335
 10
2446.050915559176
 20
3724.197813717029
 10
2445.199179458607
 20
3724.380328595721
 10
2444.347443358039
 20
3724.562843474415
 10
2443.495707257471
 20
3724.745358353107
 10
2442.643971156902
 20
3724.927873231801
 10
2441.792235056334
 20
3725.110388110494
 10
2440.940498955765
 20
3725.292902989187
 10
2440.149601148094
 20
3725.414579574983
 10
2439.297865047526
 20
3725.597094453676
 10
2438.446128946957
 20
3725.779609332369
 10
2437.655231139287
 20
3725.901285918165
 10
2436.864333331616
 20
3726.02296250396
 10
2436.012597231048
 20
3726.205477382654
 10
2435.221699423377
 20
3726.32715396845
 10
2434.430801615707
 20
3726.448830554244
 10
2433.639903808036
 20
3726.57050714004
 10
2432.849006000365
 20
3726.692183725835
 10
2432.058108192695
 20
3726.813860311631
 10
2431.267210385024
 20
3726.935536897427
 10
2430.537150870251
 20
3726.996375190324
 10
2429.74625306258
 20
3727.11805177612
 10
2429.016193547807
 20
3727.239728361915
 10
2428.225295740137
 20
3727.300566654812
 10
2427.495236225364
 20
3727.422243240609
 10
2426.704338417693
 20
3727.483081533506
 10
2425.97427890292
 20
3727.543919826403
 10
2425.244219388147
 20
3727.6655964122
 10
2424.514159873375
 20
3727.726434705097
 10
2423.784100358601
 20
3727.787272997995
 10
2423.054040843828
 20
3727.848111290892
 10
2422.384819621953
 20
3727.90894958379
 10
2421.65476010718
 20
3727.90894958379
 10
2420.924700592407
 20
3727.969787876688
 10
2420.255479370532
 20
3728.030626169586
 10
2419.525419855759
 20
3728.091464462484
 10
2418.856198633884
 20
3728.091464462484
 10
2418.186977412009
 20
3728.152302755381
 10
2417.517756190134
 20
3728.152302755381
 10
2416.848534968258
 20
3728.152302755381
 10
2416.179313746383
 20
3728.152302755381
 10
2415.510092524508
 20
3728.213141048279
 10
2414.840871302633
 20
3728.213141048279
 10
2414.171650080758
 20
3728.213141048279
 10
2413.563267151781
 20
3728.213141048279
 10
2412.894045929905
 20
3728.152302755381
 10
2412.285663000928
 20
3728.152302755381
 10
2411.616441779053
 20
3728.152302755381
 10
2411.008058850075
 20
3728.152302755381
 10
2410.399675921098
 20
3728.091464462484
 10
2409.79129299212
 20
3728.091464462484
 10
2409.182910063143
 20
3728.030626169586
 10
2408.574527134165
 20
3727.969787876688
 10
2407.966144205188
 20
3727.90894958379
 10
2407.357761276211
 20
3727.90894958379
 10
2406.81021664013
 20
3727.848111290892
 10
2406.201833711153
 20
3727.787272997995
 10
2405.654289075073
 20
3727.726434705097
 10
2405.045906146096
 20
3727.604758119302
 10
2404.498361510017
 20
3727.543919826403
 10
2403.950816873937
 20
3727.483081533506
 10
2403.403272237857
 20
3727.422243240609
 10
2402.855727601778
 20
3727.300566654812
 10
2402.308182965698
 20
3727.239728361915
 10
2401.760638329618
 20
3727.11805177612
 10
2401.213093693538
 20
3726.996375190324
 10
2400.665549057459
 20
3726.935536897427
 10
2400.178842714277
 20
3726.813860311631
 10
2399.631298078197
 20
3726.692183725835
 10
2399.144591735015
 20
3726.57050714004
 10
2398.597047098935
 20
3726.448830554244
 10
2398.110340755753
 20
3726.32715396845
 10
2397.623634412571
 20
3726.144639089755
 10
2397.136928069389
 20
3726.02296250396
 10
2396.650221726208
 20
3725.901285918165
 10
2396.163515383026
 20
3725.718771039471
 10
2395.676809039844
 20
3725.597094453676
 10
2395.190102696662
 20
3725.414579574983
 10
2394.764234646377
 20
3725.292902989187
 10
2394.277528303196
 20
3725.110388110494
 10
2393.851660252911
 20
3724.927873231801
 10
2393.364953909729
 20
3724.745358353107
 10
2392.939085859445
 20
3724.562843474415
 10
2392.513217809161
 20
3724.380328595721
 10
2392.087349758877
 20
3724.197813717029
 10
2391.600643415695
 20
3724.015298838335
 10
2391.235613658309
 20
3723.771945666744
 10
2390.809745608024
 20
3723.58943078805
 10
2390.38387755774
 20
3723.406915909357
 10
2389.958009507456
 20
3723.163562737767
 10
2389.532141457172
 20
3722.920209566175
 10
2389.167111699785
 20
3722.737694687482
 10
2388.741243649501
 20
3722.49434151589
 10
2388.376213892115
 20
3722.2509883443
 10
2388.011184134728
 20
3722.00763517271
 10
2387.585316084444
 20
3721.764282001118
 10
2387.220286327057
 20
3721.520928829527
 10
2386.855256569671
 20
3721.277575657936
 10
2386.490226812284
 20
3721.034222486345
 10
2386.125197054898
 20
3720.790869314754
 10
2385.760167297511
 20
3720.486677850266
 10
2385.395137540125
 20
3720.243324678674
 10
2385.090946075636
 20
3719.939133214186
 10
2384.725916318249
 20
3719.695780042594
 10
2384.421724853761
 20
3719.391588578105
 10
2384.056695096374
 20
3719.087397113617
 10
2383.752503631886
 20
3718.783205649129
 10
2383.448312167397
 20
3718.47901418464
 10
2383.08328241001
 20
3718.174822720152
 10
2382.779090945522
 20
3717.870631255663
 10
2382.474899481033
 20
3717.566439791173
 10
2382.170708016545
 20
3717.262248326685
 10
2381.866516552056
 20
3716.958056862196
 10
2381.562325087567
 20
3716.593027104809
 10
2381.318971915976
 20
3716.288835640321
 10
2381.014780451487
 20
3715.923805882935
 10
2380.710588986999
 20
3715.558776125548
 10
2380.467235815407
 20
3715.254584661059
 10
2380.163044350918
 20
3714.889554903674
 10
2379.919691179328
 20
3714.524525146287
 10
2379.676338007737
 20
3714.1594953889
 10
2379.432984836146
 20
3713.794465631514
 10
2379.128793371657
 20
3713.429435874127
 10
2378.885440200066
 20
3713.06440611674
 10
2378.642087028475
 20
3712.638538066456
 10
2378.459572149782
 20
3712.27350830907
 10
2378.216218978191
 20
3711.847640258786
 10
2377.9728658066
 20
3711.482610501399
 10
2377.729512635009
 20
3711.056742451115
 10
2377.546997756316
 20
3710.630874400831
 10
2377.303644584725
 20
3710.265844643445
 10
2377.121129706031
 20
3709.839976593161
 10
2376.877776534441
 20
3709.414108542875
 10
2376.695261655747
 20
3708.988240492593
 10
2376.512746777054
 20
3708.562372442308
 10
2376.330231898362
 20
3708.136504392024
 10
2376.147717019668
 20
3707.649798048841
 10
2375.965202140974
 20
3707.223929998558
 10
2375.782687262281
 20
3706.737223655376
 10
2375.600172383588
 20
3706.311355605091
 10
2375.478495797793
 20
3705.824649261909
  0
LWPOLYLINE
  5
2344
102
{ACAD_REACTORS
330
24B1
102
}
330
1F
100
AcDbEntity
  8
0
370
    25
100
AcDbPolyline
 90
        2
 70
     0
 43
0.0
 10
2572.777079665176
 20
3669.808379866445
 10
2569.065943798414
 20
3667.679039615024
  0
LWPOLYLINE
  5
2348
102
{ACAD_REACTORS
330
24B1
102
}
330
1F
100
AcDbEntity
  8
0
370
    50
100
AcDbPolyline
 90
        2
 70
     0
 43
0.0
 10
2417.213564725645
 20
3760.883304334367
 10
2423.175717429624
 20
3764.290248736641
  0
LWPOLYLINE
  5
234A
102
{ACAD_REACTORS
330
24B1
102
}
330
1F
100
AcDbEntity
  8
0
370
    50
100
AcDbPolyline
 90
      259
 70
     0
 43
0.0
 10
2560.426906206934
 20
3662.690299597409
 10
2562.67792304415
 20
3664.028742041159
 10
2563.042952801537
 20
3664.941316434625
 10
2561.704510357786
 20
3665.488861070705
 10
2560.366067914036
 20
3666.036405706785
 10
2559.027625470286
 20
3666.583950342864
 10
2557.750021319433
 20
3667.131494978944
 10
2556.411578875683
 20
3667.679039615024
 10
2555.13397472483
 20
3668.226584251104
 10
2553.856370573978
 20
3668.774128887184
 10
2552.517928130227
 20
3669.260835230365
 10
2551.240323979375
 20
3669.808379866445
 10
2549.962719828522
 20
3670.295086209627
 10
2548.685115677669
 20
3670.842630845707
 10
2547.407511526817
 20
3671.329337188889
 10
2546.190745668861
 20
3671.81604353207
 10
2544.913141518009
 20
3672.302749875253
 10
2543.635537367157
 20
3672.789456218435
 10
2542.418771509202
 20
3673.276162561616
 10
2541.141167358349
 20
3673.762868904798
 10
2539.924401500395
 20
3674.24957524798
 10
2538.707635642439
 20
3674.736281591162
 10
2537.430031491587
 20
3675.162149641447
 10
2536.213265633632
 20
3675.648855984628
 10
2534.996499775677
 20
3676.074724034912
 10
2533.779733917723
 20
3676.561430378094
 10
2532.562968059767
 20
3676.987298428379
 10
2531.346202201812
 20
3677.413166478663
 10
2530.190274636755
 20
3677.839034528947
 10
2528.9735087788
 20
3678.325740872129
 10
2527.817581213744
 20
3678.751608922413
 10
2526.600815355788
 20
3679.1166386798
 10
2525.444887790731
 20
3679.542506730084
 10
2524.288960225674
 20
3679.968374780368
 10
2523.072194367719
 20
3680.394242830652
 10
2521.916266802662
 20
3680.759272588039
 10
2520.760339237605
 20
3681.185140638323
 10
2519.604411672548
 20
3681.550170395709
 10
2518.448484107491
 20
3681.976038445994
 10
2517.353394835331
 20
3682.34106820338
 10
2516.197467270274
 20
3682.706097960767
 10
2515.041539705217
 20
3683.071127718154
 10
2513.946450433057
 20
3683.43615747554
 10
2512.851361160898
 20
3683.801187232926
 10
2511.695433595841
 20
3684.166216990313
 10
2510.600344323682
 20
3684.531246747699
 10
2509.505255051522
 20
3684.835438212188
 10
2508.410165779363
 20
3685.200467969574
 10
2507.315076507204
 20
3685.504659434063
 10
2506.219987235044
 20
3685.86968919145
 10
2505.124897962885
 20
3686.173880655938
 10
2504.029808690726
 20
3686.478072120426
 10
2502.995557711463
 20
3686.843101877813
 10
2501.900468439304
 20
3687.147293342301
 10
2500.866217460043
 20
3687.45148480679
 10
2499.831966480781
 20
3687.755676271279
 10
2498.736877208622
 20
3687.99902944287
 10
2497.70262622936
 20
3688.303220907359
 10
2496.668375250098
 20
3688.607412371847
 10
2495.634124270836
 20
3688.850765543438
 10
2494.599873291575
 20
3689.154957007927
 10
2493.565622312314
 20
3689.398310179519
 10
2492.592209625949
 20
3689.641663351109
 10
2491.557958646688
 20
3689.945854815599
 10
2490.584545960324
 20
3690.189207987188
 10
2489.550294981063
 20
3690.43256115878
 10
2488.576882294698
 20
3690.675914330371
 10
2487.603469608334
 20
3690.919267501963
 10
2486.569218629073
 20
3691.101782380656
 10
2485.59580594271
 20
3691.345135552245
 10
2484.622393256345
 20
3691.588488723837
 10
2483.709818862879
 20
3691.771003602531
 10
2482.736406176515
 20
3692.014356774121
 10
2481.762993490151
 20
3692.196871652815
 10
2480.789580803787
 20
3692.379386531508
 10
2479.877006410321
 20
3692.561901410201
 10
2478.964432016855
 20
3692.744416288894
 10
2477.991019330491
 20
3692.926931167587
 10
2477.078444937025
 20
3693.10944604628
 10
2476.165870543559
 20
3693.291960924974
 10
2475.253296150092
 20
3693.474475803667
 10
2474.340721756626
 20
3693.596152389462
 10
2473.42814736316
 20
3693.778667268156
 10
2472.515572969694
 20
3693.900343853952
 10
2471.663836869126
 20
3694.082858732645
 10
2470.751262475659
 20
3694.20453531844
 10
2469.899526375091
 20
3694.326211904236
 10
2468.986951981625
 20
3694.447888490032
 10
2468.135215881056
 20
3694.569565075826
 10
2467.283479780488
 20
3694.691241661622
 10
2466.431743679919
 20
3694.812918247418
 10
2465.580007579351
 20
3694.873756540316
 10
2464.728271478783
 20
3694.995433126111
 10
2463.876535378215
 20
3695.117109711907
 10
2463.085637570544
 20
3695.177948004804
 10
2462.233901469975
 20
3695.238786297701
 10
2461.443003662305
 20
3695.360462883498
 10
2460.591267561736
 20
3695.421301176395
 10
2459.800369754066
 20
3695.482139469293
 10
2459.009471946395
 20
3695.54297776219
 10
2458.218574138724
 20
3695.603816055089
 10
2457.427676331054
 20
3695.603816055089
 10
2456.636778523383
 20
3695.664654347986
 10
2455.845880715712
 20
3695.725492640883
 10
2455.054982908042
 20
3695.725492640883
 10
2454.324923393269
 20
3695.725492640883
 10
2453.534025585598
 20
3695.786330933782
 10
2452.803966070825
 20
3695.786330933782
 10
2452.073906556052
 20
3695.786330933782
 10
2451.283008748382
 20
3695.786330933782
 10
2450.552949233609
 20
3695.786330933782
 10
2449.822889718836
 20
3695.786330933782
 10
2449.092830204063
 20
3695.725492640883
 10
2448.423608982188
 20
3695.725492640883
 10
2447.693549467415
 20
3695.725492640883
 10
2446.963489952642
 20
3695.664654347986
 10
2446.294268730766
 20
3695.603816055089
 10
2445.564209215993
 20
3695.603816055089
 10
2444.894987994118
 20
3695.54297776219
 10
2444.225766772243
 20
3695.482139469293
 10
2443.556545550368
 20
3695.421301176395
 10
2442.887324328493
 20
3695.360462883498
 10
2442.218103106617
 20
3695.238786297701
 10
2441.548881884743
 20
3695.177948004804
 10
2440.879660662868
 20
3695.117109711907
 10
2440.27127773389
 20
3694.995433126111
 10
2439.602056512015
 20
3694.873756540316
 10
2438.993673583037
 20
3694.812918247418
 10
2438.38529065406
 20
3694.691241661622
 10
2437.776907725083
 20
3694.569565075826
 10
2437.168524796105
 20
3694.447888490032
 10
2436.560141867128
 20
3694.326211904236
 10
2435.951758938151
 20
3694.20453531844
 10
2435.343376009173
 20
3694.022020439748
 10
2434.734993080196
 20
3693.900343853952
 10
2434.187448444116
 20
3693.717828975258
 10
2433.579065515138
 20
3693.596152389462
 10
2433.031520879058
 20
3693.413637510769
 10
2432.483976242979
 20
3693.231122632076
 10
2431.936431606899
 20
3693.048607753382
 10
2431.388886970819
 20
3692.86609287469
 10
2430.84134233474
 20
3692.683577995997
 10
2430.29379769866
 20
3692.501063117303
 10
2429.74625306258
 20
3692.31854823861
 10
2429.259546719399
 20
3692.075195067019
 10
2428.712002083319
 20
3691.892680188327
 10
2428.225295740137
 20
3691.649327016735
 10
2427.677751104056
 20
3691.405973845144
 10
2427.191044760875
 20
3691.223458966451
 10
2426.704338417693
 20
3690.980105794859
 10
2426.217632074511
 20
3690.736752623268
 10
2425.730925731329
 20
3690.493399451678
 10
2425.244219388147
 20
3690.250046280087
 10
2424.818351337863
 20
3689.945854815599
 10
2424.331644994681
 20
3689.702501644007
 10
2423.905776944397
 20
3689.398310179519
 10
2423.419070601215
 20
3689.154957007927
 10
2422.993202550931
 20
3688.850765543438
 10
2422.567334500646
 20
3688.54657407895
 10
2422.141466450363
 20
3688.242382614462
 10
2421.715598400078
 20
3687.938191149972
 10
2421.289730349794
 20
3687.633999685484
 10
2420.863862299509
 20
3687.329808220995
 10
2420.498832542123
 20
3687.025616756506
 10
2420.072964491839
 20
3686.66058699912
 10
2419.707934734452
 20
3686.356395534631
 10
2419.282066684168
 20
3685.991365777244
 10
2418.917036926782
 20
3685.687174312756
 10
2418.552007169396
 20
3685.32214455537
 10
2418.186977412009
 20
3684.957114797982
 10
2417.821947654622
 20
3684.592085040597
 10
2417.456917897236
 20
3684.22705528321
 10
2417.091888139849
 20
3683.862025525823
 10
2416.787696675361
 20
3683.496995768437
 10
2416.422666917974
 20
3683.071127718154
 10
2416.118475453485
 20
3682.706097960767
 10
2415.814283988997
 20
3682.280229910482
 10
2415.449254231611
 20
3681.854361860198
 10
2415.145062767122
 20
3681.489332102812
 10
2414.840871302633
 20
3681.063464052527
 10
2414.597518131042
 20
3680.637596002244
 10
2414.293326666554
 20
3680.211727951959
 10
2413.989135202065
 20
3679.785859901675
 10
2413.684943737576
 20
3679.299153558492
 10
2413.441590565985
 20
3678.873285508208
 10
2413.198237394394
 20
3678.447417457924
 10
2412.894045929905
 20
3677.960711114743
 10
2412.650692758314
 20
3677.474004771561
 10
2412.407339586723
 20
3677.048136721276
 10
2412.163986415132
 20
3676.561430378094
 10
2411.920633243541
 20
3676.074724034912
 10
2411.738118364848
 20
3675.588017691731
 10
2411.494765193257
 20
3675.101311348548
 10
2411.251412021667
 20
3674.614605005367
 10
2411.068897142973
 20
3674.067060369287
 10
2410.825543971382
 20
3673.580354026106
 10
2410.643029092689
 20
3673.032809390026
 10
2410.460514213995
 20
3672.546103046843
 10
2410.277999335302
 20
3671.998558410763
 10
2410.095484456609
 20
3671.451013774684
 10
2409.912969577916
 20
3670.903469138604
 10
2409.730454699222
 20
3670.355924502525
 10
2409.608778113426
 20
3669.808379866445
 10
2409.426263234733
 20
3669.260835230365
 10
2409.304586648938
 20
3668.713290594285
 10
2409.122071770245
 20
3668.165745958205
 10
2409.000395184449
 20
3667.557363029228
 10
2408.878718598654
 20
3667.009818393149
 10
2408.757042012859
 20
3666.401435464172
 10
2408.635365427064
 20
3665.793052535193
 10
2408.513688841268
 20
3665.184669606216
 10
2408.392012255472
 20
3664.57628667724
 10
2408.331173962575
 20
3663.967903748261
 10
2408.209497376779
 20
3663.359520819284
 10
2408.148659083881
 20
3662.751137890307
 10
2408.026982498086
 20
3662.14275496133
 10
2407.966144205188
 20
3661.473533739454
 10
2407.90530591229
 20
3660.865150810476
 10
2407.844467619392
 20
3660.195929588601
 10
2407.783629326495
 20
3659.587546659623
 10
2407.722791033597
 20
3658.918325437749
 10
2407.661952740699
 20
3658.249104215874
 10
2407.601114447802
 20
3657.579882993998
 10
2407.601114447802
 20
3656.910661772123
 10
2407.540276154904
 20
3656.241440550248
 10
2407.540276154904
 20
3655.572219328373
 10
2407.479437862006
 20
3654.902998106498
 10
2407.479437862006
 20
3654.172938591724
 10
2407.479437862006
 20
3653.503717369849
 10
2407.479437862006
 20
3652.773657855077
 10
2407.479437862006
 20
3652.043598340303
 10
2407.479437862006
 20
3651.374377118428
 10
2407.479437862006
 20
3650.644317603656
 10
2407.540276154904
 20
3649.914258088883
 10
2407.540276154904
 20
3649.18419857411
 10
2407.601114447802
 20
3648.454139059337
 10
2407.601114447802
 20
3647.724079544563
 10
2407.661952740699
 20
3646.933181736893
 10
2407.722791033597
 20
3646.203122222121
 10
2407.783629326495
 20
3645.41222441445
 10
2407.844467619392
 20
3644.682164899677
 10
2407.90530591229
 20
3643.891267092005
 10
2407.966144205188
 20
3643.100369284336
 10
2408.026982498086
 20
3642.370309769562
 10
2408.148659083881
 20
3641.579411961892
 10
2408.209497376779
 20
3640.788514154221
 10
2408.331173962575
 20
3639.99761634655
 10
2408.392012255472
 20
3639.145880245982
 10
2408.513688841268
 20
3638.354982438312
 10
2408.635365427064
 20
3637.56408463064
 10
2408.757042012859
 20
3636.712348530072
 10
2408.878718598654
 20
3635.921450722402
 10
2409.000395184449
 20
3635.069714621833
 10
2409.122071770245
 20
3634.278816814163
 10
2409.243748356041
 20
3633.427080713594
 10
2409.426263234733
 20
3632.575344613026
 10
2409.54793982053
 20
3631.723608512457
 10
2409.730454699222
 20
3630.871872411889
 10
2409.852131285018
 20
3630.02013631132
  0
LWPOLYLINE
  5
234B
102
{ACAD_REACTORS
330
24B1
102
}
330
1F
100
AcDbEntity
  8
0
370
    50
100
AcDbPolyline
 90
      131
 70
     0
 43
0.0
 10
2412.711531051213
 20
3670.355924502525
 10
2413.015722515701
 20
3671.085984017298
 10
2413.31991398019
 20
3671.876881824967
 10
2413.624105444678
 20
3672.606941339741
 10
2413.928296909166
 20
3673.337000854514
 10
2414.232488373656
 20
3674.00622207639
 10
2414.597518131042
 20
3674.736281591162
 10
2414.962547888428
 20
3675.405502813037
 10
2415.327577645815
 20
3676.074724034912
 10
2415.692607403202
 20
3676.743945256788
 10
2416.118475453485
 20
3677.413166478663
 10
2416.54434350377
 20
3678.02154940764
 10
2416.909373261156
 20
3678.629932336618
 10
2417.396079604338
 20
3679.238315265595
 10
2417.821947654622
 20
3679.846698194573
 10
2418.308653997805
 20
3680.394242830652
 10
2418.734522048089
 20
3681.002625759629
 10
2419.282066684168
 20
3681.550170395709
 10
2419.768773027351
 20
3682.036876738891
 10
2420.255479370532
 20
3682.584421374971
 10
2420.803024006612
 20
3683.071127718154
 10
2421.350568642692
 20
3683.557834061335
 10
2421.898113278771
 20
3684.044540404517
 10
2422.445657914851
 20
3684.531246747699
 10
2423.054040843828
 20
3684.957114797982
 10
2423.662423772806
 20
3685.443821141165
 10
2424.270806701783
 20
3685.86968919145
 10
2424.879189630761
 20
3686.295557241733
 10
2425.487572559738
 20
3686.66058699912
 10
2426.156793781613
 20
3687.086455049403
 10
2426.826015003488
 20
3687.45148480679
 10
2427.495236225364
 20
3687.816514564178
 10
2428.164457447238
 20
3688.120706028666
 10
2428.894516962012
 20
3688.485735786052
 10
2429.624576476785
 20
3688.789927250542
 10
2430.354635991557
 20
3689.094118715031
 10
2431.08469550633
 20
3689.398310179519
 10
2431.875593314002
 20
3689.702501644007
 10
2432.666491121671
 20
3689.945854815599
 10
2433.457388929343
 20
3690.250046280087
 10
2434.248286737013
 20
3690.493399451678
 10
2435.039184544685
 20
3690.675914330371
 10
2435.890920645252
 20
3690.919267501963
 10
2436.742656745821
 20
3691.101782380656
 10
2437.594392846389
 20
3691.345135552245
 10
2438.446128946957
 20
3691.52765043094
 10
2439.358703340424
 20
3691.649327016735
 10
2440.27127773389
 20
3691.831841895428
 10
2441.183852127356
 20
3691.953518481224
 10
2442.096426520822
 20
3692.075195067019
 10
2443.069839207186
 20
3692.196871652815
 10
2444.04325189355
 20
3692.31854823861
 10
2445.016664579914
 20
3692.379386531508
 10
2445.990077266277
 20
3692.501063117303
 10
2447.024328245539
 20
3692.561901410201
 10
2448.058579224801
 20
3692.622739703099
 10
2449.092830204063
 20
3692.622739703099
 10
2450.127081183325
 20
3692.683577995997
 10
2451.222170455484
 20
3692.683577995997
 10
2452.317259727643
 20
3692.683577995997
 10
2453.412348999802
 20
3692.683577995997
 10
2454.507438271962
 20
3692.622739703099
 10
2455.663365837019
 20
3692.622739703099
 10
2456.819293402077
 20
3692.561901410201
 10
2457.975220967134
 20
3692.501063117303
 10
2459.131148532191
 20
3692.440224824405
 10
2460.347914390145
 20
3692.31854823861
 10
2461.503841955203
 20
3692.196871652815
 10
2462.720607813157
 20
3692.136033359917
 10
2463.99821196401
 20
3691.953518481224
 10
2465.214977821965
 20
3691.831841895428
 10
2466.492581972818
 20
3691.710165309633
 10
2467.77018612367
 20
3691.52765043094
 10
2469.047790274522
 20
3691.345135552245
 10
2470.325394425376
 20
3691.162620673553
 10
2471.663836869126
 20
3690.919267501963
 10
2473.002279312876
 20
3690.736752623268
 10
2474.340721756626
 20
3690.493399451678
 10
2475.679164200377
 20
3690.250046280087
 10
2477.078444937025
 20
3690.006693108496
 10
2478.477725673672
 20
3689.702501644007
 10
2479.877006410321
 20
3689.459148472416
 10
2481.276287146969
 20
3689.154957007927
 10
2482.736406176515
 20
3688.850765543438
 10
2484.135686913163
 20
3688.54657407895
 10
2485.59580594271
 20
3688.181544321563
 10
2487.055924972255
 20
3687.877352857075
 10
2488.576882294698
 20
3687.512323099688
 10
2490.037001324244
 20
3687.147293342301
 10
2491.557958646688
 20
3686.782263584915
 10
2493.078915969131
 20
3686.356395534631
 10
2494.660711584473
 20
3685.930527484347
 10
2496.181668906917
 20
3685.565497726961
 10
2497.763464522258
 20
3685.139629676676
 10
2499.345260137599
 20
3684.652923333494
 10
2500.927055752941
 20
3684.22705528321
 10
2502.508851368282
 20
3683.740348940029
 10
2504.151485276521
 20
3683.253642596846
 10
2505.79411918476
 20
3682.766936253665
 10
2507.436753092999
 20
3682.280229910482
 10
2509.079387001238
 20
3681.7935235673
 10
2510.722020909477
 20
3681.245978931221
 10
2512.425493110614
 20
3680.69843429514
 10
2514.128965311751
 20
3680.150889659061
 10
2515.832437512888
 20
3679.603345022981
 10
2517.535909714025
 20
3679.055800386902
 10
2519.239381915161
 20
3678.447417457924
 10
2521.003692409196
 20
3677.839034528947
 10
2522.768002903231
 20
3677.230651599969
 10
2524.532313397265
 20
3676.622268670993
 10
2526.2966238913
 20
3676.013885742015
 10
2528.121772678232
 20
3675.344664520139
 10
2529.886083172266
 20
3674.736281591162
 10
2531.711231959199
 20
3674.067060369287
 10
2533.536380746131
 20
3673.337000854514
 10
2535.422367825961
 20
3672.667779632639
 10
2537.247516612894
 20
3671.998558410763
 10
2539.133503692723
 20
3671.268498895991
 10
2541.019490772554
 20
3670.538439381218
 10
2542.905477852384
 20
3669.808379866445
 10
2544.791464932214
 20
3669.078320351673
 10
2546.677452012044
 20
3668.287422544001
 10
2548.624277384771
 20
3667.557363029228
 10
2550.571102757499
 20
3666.766465221559
 10
2552.517928130227
 20
3665.975567413887
 10
2554.464753502955
 20
3665.184669606216
 10
2556.47241716858
 20
3664.393771798546
 10
2558.419242541308
 20
3663.542035697978
 10
2560.426906206934
 20
3662.690299597409
 10
2560.731097671423
 20
3663.663712283772
 10
2563.042952801537
 20
3664.941316434625
  0
LWPOLYLINE
  5
234C
102
{ACAD_REACTORS
330
24B1
102
}
330
1F
100
AcDbEntity
  8
0
370
    50
100
AcDbPolyline
 90
      257
 70
     0
 43
0.0
 10
2412.954884222803
 20
3628.255825817286
 10
2412.772369344109
 20
3629.107561917855
 10
2412.650692758314
 20
3629.959298018422
 10
2412.468177879621
 20
3630.811034118992
 10
2412.285663000928
 20
3631.66277021956
 10
2412.163986415132
 20
3632.514506320127
 10
2412.042309829337
 20
3633.305404127798
 10
2411.859794950644
 20
3634.157140228367
 10
2411.738118364848
 20
3635.008876328935
 10
2411.616441779053
 20
3635.799774136606
 10
2411.494765193257
 20
3636.651510237174
 10
2411.373088607462
 20
3637.442408044844
 10
2411.312250314564
 20
3638.233305852516
 10
2411.190573728769
 20
3639.024203660187
 10
2411.068897142973
 20
3639.815101467857
 10
2411.008058850075
 20
3640.605999275527
 10
2410.886382264279
 20
3641.396897083199
 10
2410.825543971382
 20
3642.187794890869
 10
2410.764705678484
 20
3642.97869269854
 10
2410.703867385586
 20
3643.708752213313
 10
2410.643029092689
 20
3644.499650020982
 10
2410.582190799791
 20
3645.229709535757
 10
2410.521352506893
 20
3645.959769050529
 10
2410.460514213995
 20
3646.750666858201
 10
2410.399675921098
 20
3647.480726372973
 10
2410.399675921098
 20
3648.210785887747
 10
2410.3388376282
 20
3648.940845402519
 10
2410.3388376282
 20
3649.610066624394
 10
2410.277999335302
 20
3650.340126139167
 10
2410.277999335302
 20
3651.07018565394
 10
2410.277999335302
 20
3651.739406875815
 10
2410.277999335302
 20
3652.469466390588
 10
2410.277999335302
 20
3653.138687612463
 10
2410.277999335302
 20
3653.868747127236
 10
2410.277999335302
 20
3654.537968349111
 10
2410.3388376282
 20
3655.207189570986
 10
2410.3388376282
 20
3655.876410792861
 10
2410.399675921098
 20
3656.545632014736
 10
2410.399675921098
 20
3657.214853236612
 10
2410.460514213995
 20
3657.823236165589
 10
2410.521352506893
 20
3658.492457387465
 10
2410.582190799791
 20
3659.161678609339
 10
2410.643029092689
 20
3659.770061538317
 10
2410.703867385586
 20
3660.378444467295
 10
2410.764705678484
 20
3661.04766568917
 10
2410.825543971382
 20
3661.656048618147
 10
2410.886382264279
 20
3662.264431547124
 10
2411.008058850075
 20
3662.872814476102
 10
2411.068897142973
 20
3663.48119740508
 10
2411.190573728769
 20
3664.028742041159
 10
2411.312250314564
 20
3664.637124970137
 10
2411.43392690036
 20
3665.245507899115
 10
2411.555603486155
 20
3665.793052535193
 10
2411.677280071951
 20
3666.340597171274
 10
2411.798956657746
 20
3666.948980100251
 10
2411.920633243541
 20
3667.496524736331
 10
2412.042309829337
 20
3668.04406937241
 10
2412.22482470803
 20
3668.59161400849
 10
2412.346501293825
 20
3669.13915864457
 10
2412.529016172519
 20
3669.625864987752
 10
2412.711531051213
 20
3670.173409623832
 10
2412.833207637007
 20
3670.72095425991
 10
2413.015722515701
 20
3671.207660603093
 10
2413.198237394394
 20
3671.755205239173
 10
2413.380752273087
 20
3672.241911582354
 10
2413.563267151781
 20
3672.728617925537
 10
2413.806620323371
 20
3673.215324268718
 10
2413.989135202065
 20
3673.7020306119
 10
2414.232488373656
 20
3674.188736955083
 10
2414.415003252348
 20
3674.675443298264
 10
2414.65835642394
 20
3675.101311348548
 10
2414.840871302633
 20
3675.588017691731
 10
2415.084224474224
 20
3676.013885742015
 10
2415.327577645815
 20
3676.500592085196
 10
2415.570930817406
 20
3676.926460135481
 10
2415.814283988997
 20
3677.352328185765
 10
2416.118475453485
 20
3677.77819623605
 10
2416.361828625077
 20
3678.204064286333
 10
2416.605181796668
 20
3678.629932336618
 10
2416.909373261156
 20
3679.055800386902
 10
2417.152726432747
 20
3679.481668437187
 10
2417.456917897236
 20
3679.846698194573
 10
2417.761109361725
 20
3680.272566244857
 10
2418.065300826214
 20
3680.637596002244
 10
2418.369492290703
 20
3681.063464052527
 10
2418.673683755191
 20
3681.428493809914
 10
2418.97787521968
 20
3681.7935235673
 10
2419.282066684168
 20
3682.158553324686
 10
2419.586258148657
 20
3682.523583082073
 10
2419.951287906043
 20
3682.88861283946
 10
2420.255479370532
 20
3683.192804303948
 10
2420.620509127918
 20
3683.557834061335
 10
2420.985538885305
 20
3683.922863818721
 10
2421.350568642692
 20
3684.22705528321
 10
2421.715598400078
 20
3684.531246747699
 10
2422.080628157464
 20
3684.835438212188
 10
2422.445657914851
 20
3685.200467969574
 10
2422.810687672238
 20
3685.504659434063
 10
2423.175717429624
 20
3685.808850898551
 10
2423.601585479908
 20
3686.052204070143
 10
2423.966615237294
 20
3686.356395534631
 10
2424.392483287579
 20
3686.66058699912
 10
2424.757513044966
 20
3686.903940170711
 10
2425.18338109525
 20
3687.2081316352
 10
2425.609249145534
 20
3687.45148480679
 10
2426.035117195818
 20
3687.755676271279
 10
2426.460985246102
 20
3687.99902944287
 10
2426.886853296386
 20
3688.242382614462
 10
2427.31272134667
 20
3688.485735786052
 10
2427.799427689853
 20
3688.729088957643
 10
2428.225295740137
 20
3688.972442129234
 10
2428.712002083319
 20
3689.154957007927
 10
2429.1987084265
 20
3689.398310179519
 10
2429.624576476785
 20
3689.580825058211
 10
2430.111282819967
 20
3689.824178229803
 10
2430.597989163149
 20
3690.006693108496
 10
2431.08469550633
 20
3690.250046280087
 10
2431.571401849513
 20
3690.43256115878
 10
2432.118946485592
 20
3690.615076037473
 10
2432.605652828774
 20
3690.797590916167
 10
2433.153197464854
 20
3690.980105794859
 10
2433.639903808036
 20
3691.101782380656
 10
2434.187448444116
 20
3691.284297259348
 10
2434.734993080196
 20
3691.466812138042
 10
2435.282537716275
 20
3691.588488723837
 10
2435.830082352354
 20
3691.771003602531
 10
2436.377626988435
 20
3691.892680188327
 10
2436.925171624514
 20
3692.014356774121
 10
2437.472716260594
 20
3692.136033359917
 10
2438.081099189571
 20
3692.257709945713
 10
2438.628643825651
 20
3692.379386531508
 10
2439.237026754628
 20
3692.501063117303
 10
2439.784571390708
 20
3692.622739703099
 10
2440.392954319686
 20
3692.744416288894
 10
2441.001337248663
 20
3692.805254581792
 10
2441.60972017764
 20
3692.926931167587
 10
2442.218103106617
 20
3692.987769460486
 10
2442.887324328493
 20
3693.10944604628
 10
2443.495707257471
 20
3693.170284339179
 10
2444.104090186448
 20
3693.231122632076
 10
2444.773311408323
 20
3693.291960924974
 10
2445.442532630198
 20
3693.352799217872
 10
2446.050915559176
 20
3693.413637510769
 10
2446.720136781051
 20
3693.474475803667
 10
2447.389358002926
 20
3693.474475803667
 10
2448.058579224801
 20
3693.535314096564
 10
2448.788638739574
 20
3693.535314096564
 10
2449.457859961449
 20
3693.596152389462
 10
2450.127081183325
 20
3693.596152389462
 10
2450.857140698098
 20
3693.596152389462
 10
2451.58720021287
 20
3693.596152389462
 10
2452.256421434745
 20
3693.596152389462
 10
2452.986480949518
 20
3693.596152389462
 10
2453.716540464291
 20
3693.596152389462
 10
2454.446599979065
 20
3693.596152389462
 10
2455.176659493837
 20
3693.596152389462
 10
2455.967557301508
 20
3693.535314096564
 10
2456.697616816281
 20
3693.535314096564
 10
2457.488514623952
 20
3693.474475803667
 10
2458.218574138724
 20
3693.413637510769
 10
2459.009471946395
 20
3693.352799217872
 10
2459.800369754066
 20
3693.352799217872
 10
2460.591267561736
 20
3693.291960924974
 10
2461.382165369407
 20
3693.170284339179
 10
2462.173063177078
 20
3693.10944604628
 10
2462.963960984748
 20
3693.048607753382
 10
2463.754858792419
 20
3692.987769460486
 10
2464.606594892988
 20
3692.86609287469
 10
2465.397492700658
 20
3692.805254581792
 10
2466.249228801227
 20
3692.683577995997
 10
2467.100964901795
 20
3692.561901410201
 10
2467.952701002364
 20
3692.440224824405
 10
2468.804437102932
 20
3692.379386531508
 10
2469.6561732035
 20
3692.257709945713
 10
2470.507909304068
 20
3692.075195067019
 10
2471.359645404636
 20
3691.953518481224
 10
2472.211381505205
 20
3691.831841895428
 10
2473.123955898671
 20
3691.710165309633
 10
2473.97569199924
 20
3691.52765043094
 10
2474.888266392706
 20
3691.405973845144
 10
2475.800840786173
 20
3691.223458966451
 10
2476.713415179638
 20
3691.040944087757
 10
2477.625989573104
 20
3690.858429209065
 10
2478.538563966571
 20
3690.736752623268
 10
2479.451138360037
 20
3690.554237744576
 10
2480.363712753503
 20
3690.371722865882
 10
2481.276287146969
 20
3690.128369694291
 10
2482.249699833333
 20
3689.945854815599
 10
2483.1622742268
 20
3689.763339936905
 10
2484.135686913163
 20
3689.519986765314
 10
2485.109099599527
 20
3689.33747188662
 10
2486.082512285891
 20
3689.094118715031
 10
2487.055924972255
 20
3688.850765543438
 10
2488.029337658619
 20
3688.668250664746
 10
2489.002750344983
 20
3688.424897493155
 10
2489.976163031347
 20
3688.181544321563
 10
2490.94957571771
 20
3687.938191149972
 10
2491.983826696972
 20
3687.694837978382
 10
2492.957239383336
 20
3687.390646513892
 10
2493.991490362597
 20
3687.147293342301
 10
2495.025741341859
 20
3686.903940170711
 10
2495.999154028223
 20
3686.599748706222
 10
2497.033405007485
 20
3686.356395534631
 10
2498.067655986746
 20
3686.052204070143
 10
2499.101906966008
 20
3685.748012605654
 10
2500.196996238167
 20
3685.443821141165
 10
2501.231247217429
 20
3685.139629676676
 10
2502.265498196691
 20
3684.835438212188
 10
2503.36058746885
 20
3684.531246747699
 10
2504.394838448112
 20
3684.22705528321
 10
2505.489927720271
 20
3683.922863818721
 10
2506.585016992431
 20
3683.557834061335
 10
2507.619267971693
 20
3683.253642596846
 10
2508.714357243852
 20
3682.88861283946
 10
2509.809446516011
 20
3682.584421374971
 10
2510.965374081068
 20
3682.219391617585
 10
2512.060463353228
 20
3681.854361860198
 10
2513.155552625387
 20
3681.489332102812
 10
2514.250641897547
 20
3681.124302345426
 10
2515.406569462604
 20
3680.759272588039
 10
2516.501658734763
 20
3680.394242830652
 10
2517.65758629982
 20
3680.029213073265
 10
2518.813513864877
 20
3679.66418331588
 10
2519.969441429934
 20
3679.238315265595
 10
2521.125368994991
 20
3678.873285508208
 10
2522.281296560048
 20
3678.447417457924
 10
2523.437224125105
 20
3678.082387700538
 10
2524.593151690163
 20
3677.656519650253
 10
2525.74907925522
 20
3677.230651599969
 10
2526.965845113175
 20
3676.804783549684
 10
2528.121772678232
 20
3676.378915499401
 10
2529.338538536187
 20
3675.953047449116
 10
2530.494466101244
 20
3675.527179398834
 10
2531.711231959199
 20
3675.101311348548
 10
2532.927997817154
 20
3674.675443298264
 10
2534.144763675108
 20
3674.188736955083
 10
2535.361529533064
 20
3673.762868904798
 10
2536.578295391018
 20
3673.276162561616
 10
2537.795061248973
 20
3672.850294511331
 10
2539.011827106929
 20
3672.36358816815
 10
2540.228592964883
 20
3671.876881824967
 10
2541.506197115735
 20
3671.390175481786
 10
2542.72296297369
 20
3670.903469138604
 10
2544.000567124543
 20
3670.416762795422
 10
2545.278171275395
 20
3669.930056452241
 10
2546.494937133351
 20
3669.443350109058
 10
2547.772541284203
 20
3668.956643765876
 10
2549.050145435056
 20
3668.409099129796
 10
2550.327749585908
 20
3667.922392786614
 10
2551.605353736761
 20
3667.374848150536
 10
2552.882957887613
 20
3666.888141807353
 10
2554.221400331364
 20
3666.340597171274
 10
2555.499004482217
 20
3665.793052535193
 10
2556.837446925967
 20
3665.306346192012
 10
2558.11505107682
 20
3664.758801555932
 10
2559.45349352057
 20
3664.211256919852
 10
2560.731097671423
 20
3663.663712283772
  0
LWPOLYLINE
  5
234D
102
{ACAD_REACTORS
330
24B1
102
}
330
1F
100
AcDbEntity
  8
0
370
    25
100
AcDbPolyline
 90
        2
 70
     0
 43
0.0
 10
2566.814926961197
 20
3666.401435464172
 10
2562.67792304415
 20
3664.028742041159
  0
LWPOLYLINE
  5
234E
102
{ACAD_REACTORS
330
24B1
102
}
330
1F
100
AcDbEntity
  8
0
370
    50
100
AcDbPolyline
 90
      481
 70
     0
 43
0.0
 10
2398.536208806037
 20
3636.590671944276
 10
2398.292855634447
 20
3637.503246337743
 10
2398.110340755753
 20
3638.476659024107
 10
2397.92782587706
 20
3639.450071710471
 10
2397.745310998367
 20
3640.362646103937
 10
2397.562796119673
 20
3641.275220497404
 10
2397.38028124098
 20
3642.248633183768
 10
2397.197766362288
 20
3643.161207577233
 10
2397.015251483594
 20
3644.0737819707
 10
2396.893574897799
 20
3644.986356364166
 10
2396.711060019105
 20
3645.898930757631
 10
2396.58938343331
 20
3646.750666858201
 10
2396.467706847514
 20
3647.663241251666
 10
2396.346030261719
 20
3648.575815645132
 10
2396.224353675924
 20
3649.4275517457
 10
2396.102677090128
 20
3650.340126139167
 10
2395.981000504332
 20
3651.191862239735
 10
2395.859323918537
 20
3652.043598340303
 10
2395.737647332742
 20
3652.895334440872
 10
2395.676809039844
 20
3653.74707054144
 10
2395.555132454048
 20
3654.598806642009
 10
2395.494294161151
 20
3655.450542742578
 10
2395.433455868252
 20
3656.241440550248
 10
2395.372617575354
 20
3657.093176650817
 10
2395.311779282458
 20
3657.884074458487
 10
2395.250940989559
 20
3658.735810559056
 10
2395.190102696662
 20
3659.526708366726
 10
2395.129264403764
 20
3660.317606174397
 10
2395.129264403764
 20
3661.108503982067
 10
2395.068426110866
 20
3661.899401789738
 10
2395.068426110866
 20
3662.690299597409
 10
2395.068426110866
 20
3663.48119740508
 10
2395.068426110866
 20
3664.211256919852
 10
2395.068426110866
 20
3665.002154727523
 10
2395.068426110866
 20
3665.732214242296
 10
2395.068426110866
 20
3666.462273757069
 10
2395.068426110866
 20
3667.25317156474
 10
2395.129264403764
 20
3667.983231079512
 10
2395.129264403764
 20
3668.713290594285
 10
2395.190102696662
 20
3669.443350109058
 10
2395.250940989559
 20
3670.112571330933
 10
2395.311779282458
 20
3670.842630845707
 10
2395.372617575354
 20
3671.572690360479
 10
2395.433455868252
 20
3672.241911582354
 10
2395.494294161151
 20
3672.911132804229
 10
2395.555132454048
 20
3673.641192319003
 10
2395.676809039844
 20
3674.310413540878
 10
2395.737647332742
 20
3674.979634762753
 10
2395.859323918537
 20
3675.648855984628
 10
2395.981000504332
 20
3676.318077206504
 10
2396.102677090128
 20
3676.926460135481
 10
2396.224353675924
 20
3677.595681357356
 10
2396.346030261719
 20
3678.204064286333
 10
2396.467706847514
 20
3678.873285508208
 10
2396.58938343331
 20
3679.481668437187
 10
2396.771898312003
 20
3680.090051366164
 10
2396.893574897799
 20
3680.69843429514
 10
2397.076089776492
 20
3681.306817224118
 10
2397.258604655185
 20
3681.915200153096
 10
2397.441119533878
 20
3682.523583082073
 10
2397.623634412571
 20
3683.071127718154
 10
2397.806149291264
 20
3683.67951064713
 10
2397.988664169958
 20
3684.22705528321
 10
2398.232017341549
 20
3684.835438212188
 10
2398.414532220241
 20
3685.382982848267
 10
2398.657885391833
 20
3685.930527484347
 10
2398.840400270526
 20
3686.478072120426
 10
2399.083753442117
 20
3687.025616756506
 10
2399.327106613708
 20
3687.512323099688
 10
2399.5704597853
 20
3688.059867735768
 10
2399.81381295689
 20
3688.607412371847
 10
2400.118004421379
 20
3689.094118715031
 10
2400.36135759297
 20
3689.580825058211
 10
2400.665549057459
 20
3690.067531401393
 10
2400.90890222905
 20
3690.554237744576
 10
2401.213093693538
 20
3691.040944087757
 10
2401.517285158027
 20
3691.52765043094
 10
2401.821476622516
 20
3692.014356774121
 10
2402.125668087004
 20
3692.501063117303
 10
2402.49069784439
 20
3692.926931167587
 10
2402.79488930888
 20
3693.352799217872
 10
2403.099080773368
 20
3693.839505561054
 10
2403.464110530755
 20
3694.265373611338
 10
2403.829140288141
 20
3694.691241661622
 10
2404.194170045528
 20
3695.117109711907
 10
2404.559199802914
 20
3695.54297776219
 10
2404.924229560301
 20
3695.908007519577
 10
2405.289259317687
 20
3696.333875569861
 10
2405.654289075073
 20
3696.698905327247
 10
2406.080157125358
 20
3697.124773377532
 10
2406.445186882744
 20
3697.489803134919
 10
2406.871054933029
 20
3697.854832892305
 10
2407.296922983312
 20
3698.219862649691
 10
2407.722791033597
 20
3698.584892407078
 10
2408.148659083881
 20
3698.949922164464
 10
2408.574527134165
 20
3699.254113628953
 10
2409.000395184449
 20
3699.619143386339
 10
2409.487101527632
 20
3699.923334850828
 10
2409.912969577916
 20
3700.288364608215
 10
2410.399675921098
 20
3700.592556072703
 10
2410.886382264279
 20
3700.896747537192
 10
2411.373088607462
 20
3701.20093900168
 10
2411.859794950644
 20
3701.50513046617
 10
2412.346501293825
 20
3701.809321930659
 10
2412.833207637007
 20
3702.052675102249
 10
2413.380752273087
 20
3702.356866566737
 10
2413.867458616269
 20
3702.600219738329
 10
2414.415003252348
 20
3702.84357290992
 10
2414.962547888428
 20
3703.147764374409
 10
2415.449254231611
 20
3703.391117545999
 10
2415.99679886769
 20
3703.634470717591
 10
2416.605181796668
 20
3703.816985596283
 10
2417.152726432747
 20
3704.060338767875
 10
2417.700271068827
 20
3704.303691939465
 10
2418.308653997805
 20
3704.486206818159
 10
2418.856198633884
 20
3704.668721696852
 10
2419.464581562861
 20
3704.912074868443
 10
2420.072964491839
 20
3705.094589747137
 10
2420.681347420817
 20
3705.277104625829
 10
2421.289730349794
 20
3705.459619504523
 10
2421.898113278771
 20
3705.642134383216
 10
2422.506496207749
 20
3705.763810969012
 10
2423.175717429624
 20
3705.946325847705
 10
2423.784100358601
 20
3706.068002433501
 10
2424.453321580477
 20
3706.250517312193
 10
2425.122542802351
 20
3706.372193897989
 10
2425.791764024226
 20
3706.493870483785
 10
2426.460985246102
 20
3706.61554706958
 10
2427.130206467977
 20
3706.737223655376
 10
2427.799427689853
 20
3706.858900241171
 10
2428.529487204625
 20
3706.919738534069
 10
2429.1987084265
 20
3707.041415119864
 10
2429.928767941274
 20
3707.102253412762
 10
2430.597989163149
 20
3707.223929998558
 10
2431.328048677921
 20
3707.284768291454
 10
2432.058108192695
 20
3707.345606584353
 10
2432.788167707468
 20
3707.40644487725
 10
2433.579065515138
 20
3707.467283170148
 10
2434.309125029911
 20
3707.467283170148
 10
2435.039184544685
 20
3707.528121463046
 10
2435.830082352354
 20
3707.588959755944
 10
2436.620980160026
 20
3707.588959755944
 10
2437.411877967696
 20
3707.588959755944
 10
2438.141937482469
 20
3707.649798048841
 10
2438.93283529014
 20
3707.649798048841
 10
2439.784571390708
 20
3707.649798048841
 10
2440.575469198379
 20
3707.588959755944
 10
2441.366367006049
 20
3707.588959755944
 10
2442.218103106617
 20
3707.588959755944
 10
2443.009000914289
 20
3707.528121463046
 10
2443.860737014857
 20
3707.528121463046
 10
2444.712473115425
 20
3707.467283170148
 10
2445.564209215993
 20
3707.40644487725
 10
2446.415945316562
 20
3707.345606584353
 10
2447.26768141713
 20
3707.284768291454
 10
2448.180255810596
 20
3707.223929998558
 10
2449.031991911164
 20
3707.16309170566
 10
2449.883728011733
 20
3707.102253412762
 10
2450.7963024052
 20
3706.980576826966
 10
2451.708876798666
 20
3706.919738534069
 10
2452.621451192132
 20
3706.798061948273
 10
2453.534025585598
 20
3706.676385362477
 10
2454.446599979065
 20
3706.554708776682
 10
2455.35917437253
 20
3706.433032190886
 10
2456.271748765996
 20
3706.311355605091
 10
2457.245161452361
 20
3706.189679019296
 10
2458.157735845827
 20
3706.068002433501
 10
2459.131148532191
 20
3705.885487554807
 10
2460.104561218555
 20
3705.763810969012
 10
2461.077973904918
 20
3705.581296090318
 10
2462.051386591282
 20
3705.459619504523
 10
2463.024799277647
 20
3705.277104625829
 10
2463.99821196401
 20
3705.094589747137
 10
2464.971624650374
 20
3704.912074868443
 10
2466.005875629635
 20
3704.72955998975
 10
2466.979288316
 20
3704.486206818159
 10
2468.013539295261
 20
3704.303691939465
 10
2469.047790274522
 20
3704.121177060772
 10
2470.082041253784
 20
3703.877823889181
 10
2471.116292233046
 20
3703.634470717591
 10
2472.150543212308
 20
3703.451955838897
 10
2473.18479419157
 20
3703.208602667306
 10
2474.219045170831
 20
3702.965249495715
 10
2475.314134442991
 20
3702.721896324124
 10
2476.348385422252
 20
3702.478543152534
 10
2477.443474694412
 20
3702.174351688044
 10
2478.477725673672
 20
3701.930998516454
 10
2479.572814945832
 20
3701.626807051964
 10
2480.667904217992
 20
3701.383453880374
 10
2481.762993490151
 20
3701.079262415885
 10
2482.858082762311
 20
3700.775070951396
 10
2484.014010327368
 20
3700.470879486907
 10
2485.109099599527
 20
3700.166688022419
 10
2486.204188871687
 20
3699.86249655793
 10
2487.360116436744
 20
3699.558305093442
 10
2488.516044001801
 20
3699.254113628953
 10
2489.671971566858
 20
3698.949922164464
 10
2490.767060839017
 20
3698.584892407078
 10
2491.922988404074
 20
3698.219862649691
 10
2493.139754262029
 20
3697.915671185203
 10
2494.295681827086
 20
3697.550641427817
 10
2495.451609392143
 20
3697.18561167043
 10
2496.607536957201
 20
3696.820581913043
 10
2497.824302815156
 20
3696.455552155657
 10
2499.04106867311
 20
3696.09052239827
 10
2500.196996238167
 20
3695.725492640883
 10
2501.413762096122
 20
3695.299624590599
 10
2502.630527954078
 20
3694.934594833213
 10
2503.847293812032
 20
3694.508726782929
 10
2505.064059669987
 20
3694.143697025542
 10
2506.280825527942
 20
3693.717828975258
 10
2507.558429678795
 20
3693.291960924974
 10
2508.775195536749
 20
3692.86609287469
 10
2510.052799687602
 20
3692.440224824405
 10
2511.269565545557
 20
3692.014356774121
 10
2512.54716969641
 20
3691.588488723837
 10
2513.824773847263
 20
3691.101782380656
 10
2515.102377998115
 20
3690.675914330371
 10
2516.379982148968
 20
3690.189207987188
 10
2517.65758629982
 20
3689.763339936905
 10
2518.935190450672
 20
3689.276633593723
 10
2520.273632894423
 20
3688.789927250542
 10
2521.551237045276
 20
3688.303220907359
 10
2522.828841196128
 20
3687.816514564178
 10
2524.167283639878
 20
3687.329808220995
 10
2525.505726083629
 20
3686.843101877813
 10
2526.844168527379
 20
3686.356395534631
 10
2528.18261097113
 20
3685.808850898551
 10
2529.52105341488
 20
3685.32214455537
 10
2530.859495858631
 20
3684.77459991929
 10
2532.197938302381
 20
3684.287893576107
 10
2533.536380746131
 20
3683.740348940029
 10
2534.93566148278
 20
3683.192804303948
 10
2536.27410392653
 20
3682.645259667869
 10
2537.673384663178
 20
3682.097715031789
 10
2539.011827106929
 20
3681.550170395709
 10
2540.411107843576
 20
3681.002625759629
 10
2541.810388580224
 20
3680.394242830652
 10
2543.209669316872
 20
3679.846698194573
 10
2544.60895005352
 20
3679.299153558492
 10
2546.008230790169
 20
3678.690770629515
 10
2547.468349819714
 20
3678.082387700538
 10
2548.867630556363
 20
3677.534843064459
 10
2550.26691129301
 20
3676.926460135481
 10
2551.727030322556
 20
3676.318077206504
 10
2553.187149352103
 20
3675.709694277526
 10
2554.58643008875
 20
3675.101311348548
 10
2556.046549118296
 20
3674.432090126674
 10
2557.506668147842
 20
3673.823707197697
 10
2558.966787177388
 20
3673.215324268718
 10
2560.426906206934
 20
3672.546103046843
 10
2561.947863529378
 20
3671.937720117866
 10
2563.407982558923
 20
3671.268498895991
 10
2564.868101588469
 20
3670.599277674116
 10
2566.389058910913
 20
3669.930056452241
 10
2567.849177940459
 20
3669.321673523262
 10
2569.370135262902
 20
3668.59161400849
 10
2569.065943798414
 20
3667.679039615024
 10
2566.814926961197
 20
3666.401435464172
 10
2564.563910123981
 20
3667.374848150536
 10
2562.312893286764
 20
3668.409099129796
 10
2560.122714742445
 20
3669.382511816161
 10
2557.871697905229
 20
3670.355924502525
 10
2555.68151936091
 20
3671.268498895991
 10
2553.491340816591
 20
3672.241911582354
 10
2551.36200056517
 20
3673.154485975821
 10
2549.171822020852
 20
3674.067060369287
 10
2547.04248176943
 20
3674.979634762753
 10
2544.913141518009
 20
3675.831370863322
 10
2542.783801266588
 20
3676.743945256788
 10
2540.654461015167
 20
3677.595681357356
 10
2538.585959056644
 20
3678.447417457924
 10
2536.517457098121
 20
3679.238315265595
 10
2534.448955139597
 20
3680.090051366164
 10
2532.380453181074
 20
3680.880949173834
 10
2530.311951222551
 20
3681.671846981505
 10
2528.304287556925
 20
3682.462744789176
 10
2526.2966238913
 20
3683.253642596846
 10
2524.288960225674
 20
3683.983702111619
 10
2522.342134852946
 20
3684.77459991929
 10
2520.334471187321
 20
3685.504659434063
 10
2518.387645814593
 20
3686.234718948835
 10
2516.440820441865
 20
3686.903940170711
 10
2514.554833362035
 20
3687.633999685484
 10
2512.608007989307
 20
3688.303220907359
 10
2510.722020909477
 20
3688.972442129234
 10
2508.836033829648
 20
3689.580825058211
 10
2506.950046749817
 20
3690.250046280087
 10
2505.124897962885
 20
3690.858429209065
 10
2503.299749175952
 20
3691.466812138042
 10
2501.413762096122
 20
3692.075195067019
 10
2499.649451602088
 20
3692.683577995997
 10
2497.824302815156
 20
3693.231122632076
 10
2496.911728421689
 20
3693.535314096564
 10
2496.059992321121
 20
3693.778667268156
 10
2495.147417927655
 20
3694.082858732645
 10
2494.295681827086
 20
3694.326211904236
 10
2493.383107433621
 20
3694.630403368724
 10
2492.531371333052
 20
3694.873756540316
 10
2491.679635232483
 20
3695.117109711907
 10
2490.767060839017
 20
3695.360462883498
 10
2489.915324738448
 20
3695.664654347986
 10
2489.063588637881
 20
3695.908007519577
 10
2488.211852537312
 20
3696.151360691168
 10
2487.360116436744
 20
3696.394713862759
 10
2486.508380336176
 20
3696.63806703435
 10
2485.656644235607
 20
3696.881420205941
 10
2484.804908135038
 20
3697.063935084634
 10
2484.014010327368
 20
3697.307288256225
 10
2483.1622742268
 20
3697.550641427817
 10
2482.310538126231
 20
3697.793994599407
 10
2481.519640318561
 20
3697.976509478101
 10
2480.667904217992
 20
3698.219862649691
 10
2479.877006410321
 20
3698.402377528384
 10
2479.025270309753
 20
3698.645730699976
 10
2478.234372502082
 20
3698.828245578669
 10
2477.443474694412
 20
3699.010760457362
 10
2476.652576886741
 20
3699.193275336055
 10
2475.800840786173
 20
3699.436628507646
 10
2475.009942978501
 20
3699.619143386339
 10
2474.219045170831
 20
3699.801658265033
 10
2473.42814736316
 20
3699.984173143726
 10
2472.698087848387
 20
3700.166688022419
 10
2471.907190040717
 20
3700.349202901112
 10
2471.116292233046
 20
3700.531717779806
 10
2470.325394425376
 20
3700.653394365601
 10
2469.595334910602
 20
3700.835909244295
 10
2468.804437102932
 20
3701.018424122987
 10
2468.074377588159
 20
3701.140100708784
 10
2467.283479780488
 20
3701.322615587476
 10
2466.553420265715
 20
3701.444292173272
 10
2465.823360750942
 20
3701.626807051964
 10
2465.032462943272
 20
3701.74848363776
 10
2464.302403428498
 20
3701.870160223556
 10
2463.572343913726
 20
3702.052675102249
 10
2462.842284398953
 20
3702.174351688044
 10
2462.11222488418
 20
3702.29602827384
 10
2461.382165369407
 20
3702.417704859635
 10
2460.652105854634
 20
3702.539381445431
 10
2459.982884632759
 20
3702.661058031227
 10
2459.252825117986
 20
3702.782734617022
 10
2458.522765603213
 20
3702.904411202818
 10
2457.853544381338
 20
3702.965249495715
 10
2457.123484866565
 20
3703.086926081511
 10
2456.454263644689
 20
3703.208602667306
 10
2455.724204129917
 20
3703.269440960204
 10
2455.054982908042
 20
3703.391117545999
 10
2454.385761686166
 20
3703.451955838897
 10
2453.716540464291
 20
3703.573632424693
 10
2453.047319242416
 20
3703.634470717591
 10
2452.37809802054
 20
3703.695309010488
 10
2451.708876798666
 20
3703.816985596283
 10
2451.039655576791
 20
3703.877823889181
 10
2450.370434354915
 20
3703.93866218208
 10
2449.701213133041
 20
3703.999500474977
 10
2449.031991911164
 20
3704.060338767875
 10
2448.423608982188
 20
3704.121177060772
 10
2447.754387760312
 20
3704.182015353671
 10
2447.146004831335
 20
3704.242853646568
 10
2446.47678360946
 20
3704.242853646568
 10
2445.868400680482
 20
3704.303691939465
 10
2445.260017751505
 20
3704.364530232363
 10
2444.651634822527
 20
3704.364530232363
 10
2443.982413600652
 20
3704.425368525261
 10
2443.374030671675
 20
3704.425368525261
 10
2442.765647742697
 20
3704.486206818159
 10
2442.15726481372
 20
3704.486206818159
 10
2441.60972017764
 20
3704.486206818159
 10
2441.001337248663
 20
3704.486206818159
 10
2440.392954319686
 20
3704.486206818159
 10
2439.784571390708
 20
3704.547045111056
 10
2439.237026754628
 20
3704.547045111056
 10
2438.628643825651
 20
3704.547045111056
 10
2438.081099189571
 20
3704.486206818159
 10
2437.472716260594
 20
3704.486206818159
 10
2436.925171624514
 20
3704.486206818159
 10
2436.377626988435
 20
3704.486206818159
 10
2435.830082352354
 20
3704.425368525261
 10
2435.282537716275
 20
3704.425368525261
 10
2434.734993080196
 20
3704.364530232363
 10
2434.187448444116
 20
3704.364530232363
 10
2433.639903808036
 20
3704.303691939465
 10
2433.092359171956
 20
3704.303691939465
 10
2432.544814535877
 20
3704.242853646568
 10
2432.058108192695
 20
3704.182015353671
 10
2431.510563556615
 20
3704.121177060772
 10
2431.023857213433
 20
3704.060338767875
 10
2430.476312577353
 20
3704.060338767875
 10
2429.989606234171
 20
3703.93866218208
 10
2429.442061598091
 20
3703.877823889181
 10
2428.955355254909
 20
3703.816985596283
 10
2428.468648911728
 20
3703.756147303386
 10
2427.981942568546
 20
3703.695309010488
 10
2427.495236225364
 20
3703.573632424693
 10
2427.008529882181
 20
3703.512794131795
 10
2426.521823539
 20
3703.451955838897
 10
2426.035117195818
 20
3703.330279253101
 10
2425.548410852636
 20
3703.269440960204
 10
2425.122542802351
 20
3703.147764374409
 10
2424.63583645917
 20
3703.026087788612
 10
2424.209968408885
 20
3702.965249495715
 10
2423.723262065704
 20
3702.84357290992
 10
2423.297394015419
 20
3702.721896324124
 10
2422.810687672238
 20
3702.600219738329
 10
2422.384819621953
 20
3702.478543152534
 10
2421.958951571669
 20
3702.356866566737
 10
2421.533083521385
 20
3702.235189980943
 10
2421.107215471101
 20
3702.113513395147
 10
2420.681347420817
 20
3701.930998516454
 10
2420.255479370532
 20
3701.809321930659
 10
2419.829611320248
 20
3701.687645344863
 10
2419.403743269964
 20
3701.50513046617
 10
2418.97787521968
 20
3701.383453880374
 10
2418.612845462293
 20
3701.20093900168
 10
2418.186977412009
 20
3701.079262415885
 10
2417.821947654622
 20
3700.896747537192
 10
2417.396079604338
 20
3700.714232658499
 10
2417.031049846952
 20
3700.531717779806
 10
2416.605181796668
 20
3700.41004119401
 10
2416.240152039281
 20
3700.227526315316
 10
2415.875122281895
 20
3700.045011436623
 10
2415.510092524508
 20
3699.86249655793
 10
2415.145062767122
 20
3699.679981679238
 10
2414.780033009735
 20
3699.436628507646
 10
2414.415003252348
 20
3699.254113628953
 10
2414.049973494962
 20
3699.07159875026
 10
2413.684943737576
 20
3698.889083871566
 10
2413.31991398019
 20
3698.645730699976
 10
2413.015722515701
 20
3698.463215821282
 10
2412.650692758314
 20
3698.219862649691
 10
2412.285663000928
 20
3698.037347770998
 10
2411.981471536439
 20
3697.793994599407
 10
2411.677280071951
 20
3697.550641427817
 10
2411.312250314564
 20
3697.368126549122
 10
2411.008058850075
 20
3697.124773377532
 10
2410.703867385586
 20
3696.881420205941
 10
2410.399675921098
 20
3696.63806703435
 10
2410.034646163711
 20
3696.394713862759
 10
2409.730454699222
 20
3696.151360691168
 10
2409.426263234733
 20
3695.908007519577
 10
2409.122071770245
 20
3695.603816055089
 10
2408.878718598654
 20
3695.360462883498
 10
2408.574527134165
 20
3695.117109711907
 10
2408.270335669677
 20
3694.812918247418
 10
2407.966144205188
 20
3694.569565075826
 10
2407.722791033597
 20
3694.265373611338
 10
2407.418599569108
 20
3694.022020439748
 10
2407.175246397518
 20
3693.717828975258
 10
2406.871054933029
 20
3693.413637510769
 10
2406.627701761437
 20
3693.170284339179
 10
2406.384348589847
 20
3692.86609287469
 10
2406.140995418255
 20
3692.561901410201
 10
2405.836803953767
 20
3692.257709945713
 10
2405.593450782176
 20
3691.953518481224
 10
2405.350097610585
 20
3691.649327016735
 10
2405.106744438994
 20
3691.345135552245
 10
2404.863391267403
 20
3690.980105794859
 10
2404.680876388709
 20
3690.675914330371
 10
2404.437523217119
 20
3690.371722865882
 10
2404.194170045528
 20
3690.006693108496
 10
2403.950816873937
 20
3689.702501644007
 10
2403.768301995243
 20
3689.33747188662
 10
2403.524948823652
 20
3689.033280422132
 10
2403.34243394496
 20
3688.668250664746
 10
2403.099080773368
 20
3688.303220907359
 10
2402.916565894675
 20
3687.938191149972
 10
2402.734051015982
 20
3687.573161392587
 10
2402.49069784439
 20
3687.2081316352
 10
2402.308182965698
 20
3686.843101877813
 10
2402.125668087004
 20
3686.478072120426
 10
2401.943153208311
 20
3686.113042363041
 10
2401.760638329618
 20
3685.748012605654
 10
2401.578123450925
 20
3685.382982848267
 10
2401.395608572232
 20
3684.957114797982
 10
2401.273931986436
 20
3684.592085040597
 10
2401.091417107743
 20
3684.166216990313
 10
2400.90890222905
 20
3683.801187232926
 10
2400.787225643254
 20
3683.375319182642
 10
2400.60471076456
 20
3683.010289425255
 10
2400.483034178766
 20
3682.584421374971
 10
2400.300519300072
 20
3682.158553324686
  0
LWPOLYLINE
  5
2350
102
{ACAD_REACTORS
330
24B1
102
}
330
1F
100
AcDbEntity
  8
0
370
    25
100
AcDbPolyline
 90
        2
 70
     0
 43
0.0
 10
2560.426906206934
 20
3662.690299597409
 10
2555.803195946706
 20
3660.013414709908
  0
LWPOLYLINE
  5
2353
102
{ACAD_REACTORS
330
24B1
102
}
330
1F
100
AcDbEntity
  8
0
370
    50
100
AcDbPolyline
 90
        2
 70
     0
 43
0.0
 10
2426.765176710591
 20
3766.358750695165
 10
2431.388886970819
 20
3769.096473875562
  0
LWPOLYLINE
  5
2356
102
{ACAD_REACTORS
330
24B1
102
}
330
1F
100
AcDbEntity
  8
0
370
    50
100
AcDbPolyline
 90
      259
 70
     0
 43
0.0
 10
2545.764877618577
 20
3654.233776884622
 10
2548.13757104159
 20
3655.572219328373
 10
2548.441762506078
 20
3656.545632014736
 10
2547.346673233919
 20
3656.910661772123
 10
2546.251583961759
 20
3657.275691529509
 10
2545.217332982498
 20
3657.640721286895
 10
2544.122243710339
 20
3658.005751044282
 10
2543.087992731077
 20
3658.370780801669
 10
2541.992903458918
 20
3658.735810559056
 10
2540.958652479656
 20
3659.040002023544
 10
2539.924401500395
 20
3659.405031780931
 10
2538.829312228235
 20
3659.770061538317
 10
2537.795061248973
 20
3660.074253002806
 10
2536.760810269712
 20
3660.439282760193
 10
2535.72655929045
 20
3660.743474224681
 10
2534.692308311188
 20
3661.04766568917
 10
2533.718895624824
 20
3661.412695446557
 10
2532.684644645563
 20
3661.716886911045
 10
2531.650393666301
 20
3662.021078375534
 10
2530.676980979937
 20
3662.325269840022
 10
2529.642730000676
 20
3662.629461304511
 10
2528.669317314312
 20
3662.933652768999
 10
2527.63506633505
 20
3663.177005940591
 10
2526.661653648686
 20
3663.48119740508
 10
2525.688240962323
 20
3663.785388869568
 10
2524.714828275958
 20
3664.028742041159
 10
2523.741415589594
 20
3664.332933505648
 10
2522.768002903231
 20
3664.57628667724
 10
2521.794590216867
 20
3664.81963984883
 10
2520.821177530502
 20
3665.123831313318
 10
2519.847764844139
 20
3665.367184484909
 10
2518.935190450672
 20
3665.6105376565
 10
2517.961777764309
 20
3665.853890828092
 10
2517.049203370842
 20
3666.097243999683
 10
2516.075790684479
 20
3666.340597171274
 10
2515.163216291012
 20
3666.583950342864
 10
2514.250641897547
 20
3666.766465221559
 10
2513.277229211182
 20
3667.009818393149
 10
2512.364654817716
 20
3667.25317156474
 10
2511.452080424251
 20
3667.435686443433
 10
2510.539506030784
 20
3667.679039615024
 10
2509.687769930216
 20
3667.861554493717
 10
2508.775195536749
 20
3668.04406937241
 10
2507.862621143283
 20
3668.226584251104
 10
2506.950046749817
 20
3668.469937422695
 10
2506.098310649249
 20
3668.652452301387
 10
2505.185736255783
 20
3668.834967180081
 10
2504.334000155215
 20
3669.017482058773
 10
2503.482264054646
 20
3669.13915864457
 10
2502.630527954078
 20
3669.321673523262
 10
2501.717953560611
 20
3669.504188401956
 10
2500.866217460043
 20
3669.625864987752
 10
2500.014481359475
 20
3669.808379866445
 10
2499.223583551804
 20
3669.930056452241
 10
2498.371847451235
 20
3670.112571330933
 10
2497.520111350667
 20
3670.23424791673
 10
2496.668375250098
 20
3670.355924502525
 10
2495.877477442427
 20
3670.47760108832
 10
2495.025741341859
 20
3670.599277674116
 10
2494.234843534189
 20
3670.72095425991
 10
2493.443945726518
 20
3670.842630845707
 10
2492.653047918847
 20
3670.964307431502
 10
2491.801311818278
 20
3671.085984017298
 10
2491.010414010608
 20
3671.146822310195
 10
2490.219516202938
 20
3671.268498895991
 10
2489.489456688165
 20
3671.329337188889
 10
2488.698558880494
 20
3671.451013774684
 10
2487.907661072823
 20
3671.511852067582
 10
2487.116763265153
 20
3671.572690360479
 10
2486.38670375038
 20
3671.633528653377
 10
2485.59580594271
 20
3671.694366946275
 10
2484.865746427936
 20
3671.755205239173
 10
2484.135686913163
 20
3671.81604353207
 10
2483.40562739839
 20
3671.876881824967
 10
2482.61472959072
 20
3671.937720117866
 10
2481.884670075947
 20
3671.998558410763
 10
2481.154610561174
 20
3671.998558410763
 10
2480.485389339299
 20
3672.059396703661
 10
2479.755329824525
 20
3672.059396703661
 10
2479.025270309753
 20
3672.059396703661
 10
2478.29521079498
 20
3672.120234996559
 10
2477.625989573104
 20
3672.120234996559
 10
2476.956768351229
 20
3672.120234996559
 10
2476.226708836457
 20
3672.120234996559
 10
2475.557487614581
 20
3672.120234996559
 10
2474.888266392706
 20
3672.120234996559
 10
2474.219045170831
 20
3672.059396703661
 10
2473.549823948956
 20
3672.059396703661
 10
2472.880602727081
 20
3672.059396703661
 10
2472.211381505205
 20
3671.998558410763
 10
2471.54216028333
 20
3671.998558410763
 10
2470.933777354352
 20
3671.937720117866
 10
2470.264556132477
 20
3671.876881824967
 10
2469.6561732035
 20
3671.876881824967
 10
2468.986951981625
 20
3671.81604353207
 10
2468.378569052647
 20
3671.755205239173
 10
2467.77018612367
 20
3671.694366946275
 10
2467.100964901795
 20
3671.572690360479
 10
2466.492581972818
 20
3671.511852067582
 10
2465.945037336738
 20
3671.451013774684
 10
2465.33665440776
 20
3671.329337188889
 10
2464.728271478783
 20
3671.268498895991
 10
2464.119888549806
 20
3671.146822310195
 10
2463.572343913726
 20
3671.085984017298
 10
2462.963960984748
 20
3670.964307431502
 10
2462.416416348669
 20
3670.842630845707
 10
2461.808033419691
 20
3670.72095425991
 10
2461.260488783611
 20
3670.599277674116
 10
2460.712944147532
 20
3670.47760108832
 10
2460.165399511452
 20
3670.355924502525
 10
2459.617854875372
 20
3670.23424791673
 10
2459.070310239293
 20
3670.051733038036
 10
2458.522765603213
 20
3669.930056452241
 10
2458.03605926003
 20
3669.808379866445
 10
2457.488514623952
 20
3669.625864987752
 10
2456.940969987872
 20
3669.443350109058
 10
2456.454263644689
 20
3669.260835230365
 10
2455.967557301508
 20
3669.13915864457
 10
2455.420012665428
 20
3668.956643765876
 10
2454.933306322246
 20
3668.774128887184
 10
2454.446599979065
 20
3668.59161400849
 10
2453.959893635882
 20
3668.348260836899
 10
2453.4731872927
 20
3668.165745958205
 10
2452.986480949518
 20
3667.983231079512
 10
2452.560612899234
 20
3667.739877907921
 10
2452.073906556052
 20
3667.557363029228
 10
2451.648038505768
 20
3667.314009857637
 10
2451.161332162586
 20
3667.131494978944
 10
2450.735464112302
 20
3666.888141807353
 10
2450.24875776912
 20
3666.644788635762
 10
2449.822889718836
 20
3666.401435464172
 10
2449.397021668551
 20
3666.15808229258
 10
2448.971153618267
 20
3665.914729120989
 10
2448.545285567983
 20
3665.671375949399
 10
2448.119417517699
 20
3665.367184484909
 10
2447.754387760312
 20
3665.123831313318
 10
2447.328519710028
 20
3664.81963984883
 10
2446.963489952642
 20
3664.57628667724
 10
2446.537621902358
 20
3664.27209521275
 10
2446.172592144971
 20
3663.967903748261
 10
2445.746724094687
 20
3663.724550576671
 10
2445.3816943373
 20
3663.420359112182
 10
2445.016664579914
 20
3663.116167647693
 10
2444.651634822527
 20
3662.811976183204
 10
2444.286605065141
 20
3662.446946425819
 10
2443.921575307755
 20
3662.14275496133
 10
2443.617383843266
 20
3661.83856349684
 10
2443.252354085879
 20
3661.534372032351
 10
2442.887324328493
 20
3661.169342274965
 10
2442.583132864004
 20
3660.804312517579
 10
2442.278941399515
 20
3660.50012105309
 10
2441.913911642128
 20
3660.135091295703
 10
2441.60972017764
 20
3659.770061538317
 10
2441.305528713152
 20
3659.405031780931
 10
2441.001337248663
 20
3659.040002023544
 10
2440.697145784174
 20
3658.674972266157
 10
2440.392954319686
 20
3658.309942508771
 10
2440.088762855197
 20
3657.944912751385
 10
2439.845409683606
 20
3657.519044701101
 10
2439.541218219117
 20
3657.154014943714
 10
2439.297865047526
 20
3656.72814689343
 10
2438.993673583037
 20
3656.363117136044
 10
2438.750320411447
 20
3655.937249085758
 10
2438.506967239855
 20
3655.511381035476
 10
2438.263614068264
 20
3655.146351278089
 10
2438.020260896673
 20
3654.720483227804
 10
2437.776907725083
 20
3654.294615177521
 10
2437.533554553491
 20
3653.807908834339
 10
2437.2902013819
 20
3653.382040784053
 10
2437.04684821031
 20
3652.95617273377
 10
2436.864333331616
 20
3652.530304683486
 10
2436.620980160026
 20
3652.043598340303
 10
2436.438465281332
 20
3651.617730290019
 10
2436.195112109741
 20
3651.131023946838
 10
2436.012597231048
 20
3650.644317603656
 10
2435.830082352354
 20
3650.218449553371
 10
2435.647567473661
 20
3649.731743210189
 10
2435.465052594968
 20
3649.245036867007
 10
2435.282537716275
 20
3648.758330523826
 10
2435.100022837582
 20
3648.271624180644
 10
2434.917507958888
 20
3647.784917837461
 10
2434.795831373092
 20
3647.237373201382
 10
2434.6133164944
 20
3646.750666858201
 10
2434.491639908604
 20
3646.203122222121
 10
2434.309125029911
 20
3645.716415878939
 10
2434.187448444116
 20
3645.168871242859
 10
2434.06577185832
 20
3644.682164899677
 10
2433.944095272524
 20
3644.134620263597
 10
2433.822418686729
 20
3643.587075627517
 10
2433.700742100934
 20
3643.039530991437
 10
2433.579065515138
 20
3642.491986355358
 10
2433.457388929343
 20
3641.944441719278
 10
2433.335712343547
 20
3641.396897083199
 10
2433.27487405065
 20
3640.849352447119
 10
2433.153197464854
 20
3640.240969518141
 10
2433.092359171956
 20
3639.693424882062
 10
2432.970682586161
 20
3639.085041953084
 10
2432.909844293262
 20
3638.537497317005
 10
2432.849006000365
 20
3637.929114388028
 10
2432.788167707468
 20
3637.381569751947
 10
2432.666491121671
 20
3636.77318682297
 10
2432.666491121671
 20
3636.164803893993
 10
2432.605652828774
 20
3635.556420965015
 10
2432.544814535877
 20
3634.948038036038
 10
2432.483976242979
 20
3634.339655107061
 10
2432.483976242979
 20
3633.731272178083
 10
2432.423137950081
 20
3633.062050956208
 10
2432.423137950081
 20
3632.45366802723
 10
2432.362299657183
 20
3631.784446805355
 10
2432.362299657183
 20
3631.176063876377
 10
2432.362299657183
 20
3630.506842654502
 10
2432.362299657183
 20
3629.898459725525
 10
2432.301461364286
 20
3629.229238503649
 10
2432.362299657183
 20
3628.560017281774
 10
2432.362299657183
 20
3627.8907960599
 10
2432.362299657183
 20
3627.221574838024
 10
2432.362299657183
 20
3626.552353616149
 10
2432.362299657183
 20
3625.883132394275
 10
2432.423137950081
 20
3625.213911172399
 10
2432.423137950081
 20
3624.483851657626
 10
2432.483976242979
 20
3623.814630435751
 10
2432.544814535877
 20
3623.145409213876
 10
2432.605652828774
 20
3622.415349699102
 10
2432.605652828774
 20
3621.746128477227
 10
2432.666491121671
 20
3621.016068962454
 10
2432.72732941457
 20
3620.286009447681
 10
2432.788167707468
 20
3619.555949932909
 10
2432.909844293262
 20
3618.825890418136
 10
2432.970682586161
 20
3618.095830903362
 10
2433.031520879058
 20
3617.36577138859
 10
2433.153197464854
 20
3616.635711873817
 10
2433.214035757752
 20
3615.905652359044
 10
2433.335712343547
 20
3615.175592844271
 10
2433.396550636445
 20
3614.3846950366
 10
2433.51822722224
 20
3613.654635521827
 10
2433.639903808036
 20
3612.863737714157
 10
2433.761580393831
 20
3612.133678199384
 10
2433.883256979627
 20
3611.342780391713
 10
2434.004933565423
 20
3610.551882584043
 10
2434.126610151218
 20
3609.82182306927
 10
2434.248286737013
 20
3609.030925261598
 10
2434.369963322808
 20
3608.240027453927
 10
2434.491639908604
 20
3607.449129646258
 10
2434.674154787298
 20
3606.658231838586
 10
2434.795831373092
 20
3605.806495738018
 10
2434.978346251786
 20
3605.015597930349
 10
2435.160861130479
 20
3604.224700122677
 10
2435.282537716275
 20
3603.433802315006
 10
2435.465052594968
 20
3602.582066214438
 10
2435.647567473661
 20
3601.791168406768
 10
2435.830082352354
 20
3600.939432306199
 10
2436.012597231048
 20
3600.08769620563
 10
2436.195112109741
 20
3599.235960105062
 10
2436.377626988435
 20
3598.445062297391
 10
2436.620980160026
 20
3597.593326196823
 10
2436.803495038719
 20
3596.741590096254
 10
2436.986009917411
 20
3595.889853995686
 10
2437.229363089003
 20
3595.038117895118
 10
2437.411877967696
 20
3594.125543501651
  0
LWPOLYLINE
  5
2357
102
{ACAD_REACTORS
330
24B1
102
}
330
1F
100
AcDbEntity
  8
0
370
    50
100
AcDbPolyline
 90
      131
 70
     0
 43
0.0
 10
2437.594392846389
 20
3646.628990272404
 10
2437.83774601798
 20
3647.29821149428
 10
2438.081099189571
 20
3647.906594423258
 10
2438.324452361162
 20
3648.575815645132
 10
2438.567805532753
 20
3649.18419857411
 10
2438.811158704344
 20
3649.792581503087
 10
2439.115350168832
 20
3650.400964432066
 10
2439.419541633322
 20
3650.948509068144
 10
2439.662894804913
 20
3651.556891997121
 10
2439.967086269401
 20
3652.104436633202
 10
2440.332116026788
 20
3652.651981269281
 10
2440.636307491276
 20
3653.199525905361
 10
2440.940498955765
 20
3653.74707054144
 10
2441.305528713152
 20
3654.294615177521
 10
2441.670558470538
 20
3654.781321520701
 10
2442.035588227924
 20
3655.268027863884
 10
2442.400617985311
 20
3655.815572499964
 10
2442.765647742697
 20
3656.302278843146
 10
2443.130677500084
 20
3656.788985186328
 10
2443.556545550368
 20
3657.214853236612
 10
2443.982413600652
 20
3657.701559579794
 10
2444.347443358039
 20
3658.127427630078
 10
2444.773311408323
 20
3658.614133973261
 10
2445.260017751505
 20
3659.040002023544
 10
2445.685885801789
 20
3659.465870073829
 10
2446.111753852073
 20
3659.830899831214
 10
2446.598460195255
 20
3660.256767881499
 10
2447.085166538438
 20
3660.682635931783
 10
2447.571872881619
 20
3661.04766568917
 10
2448.058579224801
 20
3661.412695446557
 10
2448.545285567983
 20
3661.777725203943
 10
2449.031991911164
 20
3662.14275496133
 10
2449.579536547245
 20
3662.507784718716
 10
2450.066242890426
 20
3662.811976183204
 10
2450.613787526507
 20
3663.177005940591
 10
2451.161332162586
 20
3663.48119740508
 10
2451.708876798666
 20
3663.785388869568
 10
2452.317259727643
 20
3664.089580334056
 10
2452.864804363723
 20
3664.393771798546
 10
2453.4731872927
 20
3664.637124970137
 10
2454.020731928781
 20
3664.941316434625
 10
2454.629114857757
 20
3665.184669606216
 10
2455.298336079632
 20
3665.488861070705
 10
2455.906719008611
 20
3665.732214242296
 10
2456.515101937587
 20
3665.975567413887
 10
2457.184323159462
 20
3666.15808229258
 10
2457.853544381338
 20
3666.401435464172
 10
2458.522765603213
 20
3666.644788635762
 10
2459.191986825088
 20
3666.827303514455
 10
2459.861208046964
 20
3667.009818393149
 10
2460.530429268839
 20
3667.192333271842
 10
2461.260488783611
 20
3667.374848150536
 10
2461.990548298385
 20
3667.557363029228
 10
2462.720607813157
 20
3667.679039615024
 10
2463.45066732793
 20
3667.861554493717
 10
2464.180726842704
 20
3667.983231079512
 10
2464.910786357476
 20
3668.104907665308
 10
2465.701684165147
 20
3668.226584251104
 10
2466.492581972818
 20
3668.348260836899
 10
2467.283479780488
 20
3668.469937422695
 10
2468.074377588159
 20
3668.530775715593
 10
2468.86527539583
 20
3668.652452301387
 10
2469.6561732035
 20
3668.713290594285
 10
2470.507909304068
 20
3668.774128887184
 10
2471.359645404636
 20
3668.834967180081
 10
2472.211381505205
 20
3668.895805472978
 10
2473.063117605774
 20
3668.956643765876
 10
2473.914853706342
 20
3668.956643765876
 10
2474.827428099808
 20
3669.017482058773
 10
2475.679164200377
 20
3669.017482058773
 10
2476.591738593843
 20
3669.017482058773
 10
2477.504312987309
 20
3669.017482058773
 10
2478.416887380775
 20
3669.017482058773
 10
2479.39030006714
 20
3668.956643765876
 10
2480.302874460605
 20
3668.956643765876
 10
2481.276287146969
 20
3668.895805472978
 10
2482.249699833333
 20
3668.834967180081
 10
2483.223112519697
 20
3668.774128887184
 10
2484.196525206061
 20
3668.713290594285
 10
2485.169937892425
 20
3668.652452301387
 10
2486.204188871687
 20
3668.59161400849
 10
2487.17760155805
 20
3668.469937422695
 10
2488.211852537312
 20
3668.348260836899
 10
2489.246103516574
 20
3668.226584251104
 10
2490.280354495836
 20
3668.165745958205
 10
2491.375443767994
 20
3667.983231079512
 10
2492.409694747256
 20
3667.861554493717
 10
2493.504784019415
 20
3667.739877907921
 10
2494.599873291575
 20
3667.557363029228
 10
2495.694962563734
 20
3667.374848150536
 10
2496.790051835894
 20
3667.25317156474
 10
2497.885141108053
 20
3667.070656686047
 10
2498.980230380213
 20
3666.827303514455
 10
2500.13615794527
 20
3666.644788635762
 10
2501.292085510327
 20
3666.462273757069
 10
2502.448013075384
 20
3666.218920585477
 10
2503.603940640441
 20
3665.975567413887
 10
2504.759868205499
 20
3665.732214242296
 10
2505.976634063453
 20
3665.488861070705
 10
2507.132561628511
 20
3665.245507899115
 10
2508.349327486465
 20
3665.002154727523
 10
2509.56609334442
 20
3664.758801555932
 10
2510.782859202376
 20
3664.454610091443
 10
2511.99962506033
 20
3664.150418626955
 10
2513.277229211182
 20
3663.846227162466
 10
2514.493995069138
 20
3663.542035697978
 10
2515.77159921999
 20
3663.237844233488
 10
2517.049203370842
 20
3662.933652768999
 10
2518.326807521695
 20
3662.629461304511
 10
2519.604411672548
 20
3662.264431547124
 10
2520.882015823401
 20
3661.899401789738
 10
2522.159619974253
 20
3661.534372032351
 10
2523.498062418004
 20
3661.169342274965
 10
2524.836504861754
 20
3660.804312517579
 10
2526.174947305504
 20
3660.439282760193
 10
2527.513389749254
 20
3660.074253002806
 10
2528.851832193006
 20
3659.648384952522
 10
2530.190274636755
 20
3659.222516902238
 10
2531.589555373403
 20
3658.857487144851
 10
2532.927997817154
 20
3658.431619094566
 10
2534.327278553802
 20
3657.944912751385
 10
2535.72655929045
 20
3657.519044701101
 10
2537.125840027098
 20
3657.093176650817
 10
2538.525120763746
 20
3656.606470307634
 10
2539.985239793292
 20
3656.18060225735
 10
2541.38452052994
 20
3655.693895914168
 10
2542.844639559486
 20
3655.207189570986
 10
2544.304758589031
 20
3654.720483227804
 10
2545.764877618577
 20
3654.233776884622
 10
2546.069069083067
 20
3655.146351278089
 10
2548.441762506078
 20
3656.545632014736
  0
LWPOLYLINE
  5
2358
102
{ACAD_REACTORS
330
24B1
102
}
330
1F
100
AcDbEntity
  8
0
370
    50
100
AcDbPolyline
 90
      259
 70
     0
 43
0.0
 10
2439.541218219117
 20
3592.908777643696
 10
2439.906247976503
 20
3593.09129252239
 10
2440.210439440992
 20
3594.064705208753
 10
2439.967086269401
 20
3594.916441309322
 10
2439.784571390708
 20
3595.707339116993
 10
2439.602056512015
 20
3596.559075217562
 10
2439.358703340424
 20
3597.41081131813
 10
2439.17618846173
 20
3598.262547418698
 10
2438.993673583037
 20
3599.114283519266
 10
2438.811158704344
 20
3599.905181326937
 10
2438.628643825651
 20
3600.756917427506
 10
2438.446128946957
 20
3601.547815235176
 10
2438.263614068264
 20
3602.338713042847
 10
2438.081099189571
 20
3603.190449143415
 10
2437.959422603775
 20
3603.981346951087
 10
2437.776907725083
 20
3604.772244758757
 10
2437.594392846389
 20
3605.563142566427
 10
2437.472716260594
 20
3606.354040374098
 10
2437.2902013819
 20
3607.144938181769
 10
2437.168524796105
 20
3607.935835989439
 10
2437.04684821031
 20
3608.72673379711
 10
2436.925171624514
 20
3609.456793311883
 10
2436.803495038719
 20
3610.247691119554
 10
2436.681818452923
 20
3610.977750634326
 10
2436.560141867128
 20
3611.768648441998
 10
2436.438465281332
 20
3612.49870795677
 10
2436.316788695537
 20
3613.28960576444
 10
2436.195112109741
 20
3614.019665279214
 10
2436.134273816843
 20
3614.749724793987
 10
2436.012597231048
 20
3615.479784308759
 10
2435.951758938151
 20
3616.209843823533
 10
2435.830082352354
 20
3616.939903338305
 10
2435.769244059457
 20
3617.669962853079
 10
2435.708405766559
 20
3618.400022367852
 10
2435.647567473661
 20
3619.069243589726
 10
2435.525890887866
 20
3619.799303104499
 10
2435.465052594968
 20
3620.468524326374
 10
2435.465052594968
 20
3621.198583841148
 10
2435.40421430207
 20
3621.867805063022
 10
2435.343376009173
 20
3622.597864577796
 10
2435.282537716275
 20
3623.267085799671
 10
2435.282537716275
 20
3623.936307021546
 10
2435.221699423377
 20
3624.605528243421
 10
2435.221699423377
 20
3625.274749465296
 10
2435.160861130479
 20
3625.943970687172
 10
2435.160861130479
 20
3626.613191909047
 10
2435.160861130479
 20
3627.282413130922
 10
2435.100022837582
 20
3627.8907960599
 10
2435.100022837582
 20
3628.560017281774
 10
2435.100022837582
 20
3629.168400210752
 10
2435.100022837582
 20
3629.837621432628
 10
2435.160861130479
 20
3630.446004361605
 10
2435.160861130479
 20
3631.054387290582
 10
2435.160861130479
 20
3631.723608512457
 10
2435.221699423377
 20
3632.331991441435
 10
2435.221699423377
 20
3632.940374370413
 10
2435.282537716275
 20
3633.548757299389
 10
2435.282537716275
 20
3634.157140228367
 10
2435.343376009173
 20
3634.704684864447
 10
2435.40421430207
 20
3635.313067793424
 10
2435.465052594968
 20
3635.921450722402
 10
2435.525890887866
 20
3636.468995358482
 10
2435.586729180764
 20
3637.077378287459
 10
2435.647567473661
 20
3637.624922923539
 10
2435.708405766559
 20
3638.172467559618
 10
2435.769244059457
 20
3638.780850488596
 10
2435.890920645252
 20
3639.328395124675
 10
2435.951758938151
 20
3639.875939760755
 10
2436.073435523945
 20
3640.423484396835
 10
2436.134273816843
 20
3640.971029032914
 10
2436.255950402639
 20
3641.518573668994
 10
2436.377626988435
 20
3642.005280012176
 10
2436.49930357423
 20
3642.552824648256
 10
2436.620980160026
 20
3643.100369284336
 10
2436.742656745821
 20
3643.587075627517
 10
2436.864333331616
 20
3644.0737819707
 10
2436.986009917411
 20
3644.621326606779
 10
2437.107686503207
 20
3645.108032949961
 10
2437.229363089003
 20
3645.594739293142
 10
2437.411877967696
 20
3646.081445636325
 10
2437.533554553491
 20
3646.568151979507
 10
2437.716069432185
 20
3647.054858322689
 10
2437.898584310878
 20
3647.54156466587
 10
2438.020260896673
 20
3647.967432716155
 10
2438.202775775366
 20
3648.454139059337
 10
2438.38529065406
 20
3648.940845402519
 10
2438.567805532753
 20
3649.366713452803
 10
2438.750320411447
 20
3649.792581503087
 10
2438.93283529014
 20
3650.279287846269
 10
2439.115350168832
 20
3650.705155896554
 10
2439.358703340424
 20
3651.131023946838
 10
2439.541218219117
 20
3651.556891997121
 10
2439.784571390708
 20
3651.982760047405
 10
2439.967086269401
 20
3652.408628097691
 10
2440.210439440992
 20
3652.834496147975
 10
2440.392954319686
 20
3653.260364198259
 10
2440.636307491276
 20
3653.625393955645
 10
2440.879660662868
 20
3654.051262005929
 10
2441.123013834458
 20
3654.416291763315
 10
2441.366367006049
 20
3654.8421598136
 10
2441.60972017764
 20
3655.207189570986
 10
2441.853073349231
 20
3655.572219328373
 10
2442.15726481372
 20
3655.937249085758
 10
2442.400617985311
 20
3656.302278843146
 10
2442.643971156902
 20
3656.667308600532
 10
2442.94816262139
 20
3657.032338357919
 10
2443.252354085879
 20
3657.397368115305
 10
2443.495707257471
 20
3657.762397872692
 10
2443.799898721959
 20
3658.06658933718
 10
2444.104090186448
 20
3658.431619094566
 10
2444.408281650936
 20
3658.735810559056
 10
2444.712473115425
 20
3659.100840316442
 10
2445.016664579914
 20
3659.405031780931
 10
2445.320856044402
 20
3659.709223245419
 10
2445.625047508892
 20
3660.013414709908
 10
2445.92923897338
 20
3660.317606174397
 10
2446.294268730766
 20
3660.621797638885
 10
2446.598460195255
 20
3660.925989103374
 10
2446.963489952642
 20
3661.230180567863
 10
2447.26768141713
 20
3661.534372032351
 10
2447.632711174517
 20
3661.777725203943
 10
2447.997740931904
 20
3662.081916668431
 10
2448.36277068929
 20
3662.325269840022
 10
2448.727800446676
 20
3662.629461304511
 10
2449.092830204063
 20
3662.872814476102
 10
2449.457859961449
 20
3663.116167647693
 10
2449.822889718836
 20
3663.420359112182
 10
2450.187919476222
 20
3663.663712283772
 10
2450.613787526507
 20
3663.907065455364
 10
2450.978817283893
 20
3664.150418626955
 10
2451.404685334177
 20
3664.332933505648
 10
2451.769715091563
 20
3664.57628667724
 10
2452.195583141847
 20
3664.81963984883
 10
2452.621451192132
 20
3665.002154727523
 10
2453.047319242416
 20
3665.245507899115
 10
2453.4731872927
 20
3665.428022777807
 10
2453.899055342985
 20
3665.671375949399
 10
2454.324923393269
 20
3665.853890828092
 10
2454.750791443553
 20
3666.036405706785
 10
2455.176659493837
 20
3666.218920585477
 10
2455.663365837019
 20
3666.401435464172
 10
2456.089233887303
 20
3666.583950342864
 10
2456.575940230485
 20
3666.766465221559
 10
2457.062646573668
 20
3666.948980100251
 10
2457.488514623952
 20
3667.131494978944
 10
2457.975220967134
 20
3667.314009857637
 10
2458.461927310315
 20
3667.435686443433
 10
2458.948633653498
 20
3667.618201322126
 10
2459.435339996679
 20
3667.739877907921
 10
2459.922046339861
 20
3667.861554493717
 10
2460.408752683043
 20
3668.04406937241
 10
2460.956297319123
 20
3668.165745958205
 10
2461.443003662305
 20
3668.287422544001
 10
2461.990548298385
 20
3668.409099129796
 10
2462.477254641566
 20
3668.530775715593
 10
2463.024799277647
 20
3668.652452301387
 10
2463.572343913726
 20
3668.774128887184
 10
2464.119888549806
 20
3668.834967180081
 10
2464.667433185885
 20
3668.956643765876
 10
2465.214977821965
 20
3669.017482058773
 10
2465.762522458045
 20
3669.13915864457
 10
2466.310067094124
 20
3669.199996937468
 10
2466.857611730204
 20
3669.321673523262
 10
2467.465994659181
 20
3669.382511816161
 10
2468.013539295261
 20
3669.443350109058
 10
2468.621922224239
 20
3669.504188401956
 10
2469.230305153216
 20
3669.565026694854
 10
2469.777849789295
 20
3669.625864987752
 10
2470.386232718273
 20
3669.686703280649
 10
2470.994615647251
 20
3669.747541573548
 10
2471.602998576228
 20
3669.747541573548
 10
2472.211381505205
 20
3669.808379866445
 10
2472.880602727081
 20
3669.869218159342
 10
2473.488985656058
 20
3669.869218159342
 10
2474.097368585035
 20
3669.869218159342
 10
2474.766589806911
 20
3669.930056452241
 10
2475.374972735888
 20
3669.930056452241
 10
2476.044193957763
 20
3669.930056452241
 10
2476.713415179638
 20
3669.930056452241
 10
2477.382636401513
 20
3669.930056452241
 10
2478.051857623388
 20
3669.930056452241
 10
2478.721078845264
 20
3669.930056452241
 10
2479.39030006714
 20
3669.930056452241
 10
2480.059521289014
 20
3669.869218159342
 10
2480.728742510889
 20
3669.869218159342
 10
2481.458802025662
 20
3669.869218159342
 10
2482.128023247538
 20
3669.808379866445
 10
2482.858082762311
 20
3669.747541573548
 10
2483.527303984186
 20
3669.747541573548
 10
2484.257363498958
 20
3669.686703280649
 10
2484.987423013732
 20
3669.625864987752
 10
2485.717482528504
 20
3669.565026694854
 10
2486.447542043277
 20
3669.504188401956
 10
2487.17760155805
 20
3669.443350109058
 10
2487.907661072823
 20
3669.382511816161
 10
2488.698558880494
 20
3669.260835230365
 10
2489.428618395266
 20
3669.199996937468
 10
2490.219516202938
 20
3669.13915864457
 10
2490.94957571771
 20
3669.017482058773
 10
2491.740473525381
 20
3668.956643765876
 10
2492.470533040154
 20
3668.834967180081
 10
2493.261430847825
 20
3668.713290594285
 10
2494.052328655496
 20
3668.59161400849
 10
2494.843226463166
 20
3668.530775715593
 10
2495.634124270836
 20
3668.409099129796
 10
2496.425022078508
 20
3668.287422544001
 10
2497.276758179076
 20
3668.104907665308
 10
2498.067655986746
 20
3667.983231079512
 10
2498.858553794417
 20
3667.861554493717
 10
2499.710289894985
 20
3667.739877907921
 10
2500.501187702657
 20
3667.557363029228
 10
2501.352923803225
 20
3667.435686443433
 10
2502.204659903793
 20
3667.25317156474
 10
2503.056396004362
 20
3667.131494978944
 10
2503.90813210493
 20
3666.948980100251
 10
2504.759868205499
 20
3666.766465221559
 10
2505.611604306067
 20
3666.583950342864
 10
2506.463340406635
 20
3666.401435464172
 10
2507.315076507204
 20
3666.218920585477
 10
2508.22765090067
 20
3666.036405706785
 10
2509.079387001238
 20
3665.853890828092
 10
2509.931123101807
 20
3665.671375949399
 10
2510.843697495273
 20
3665.428022777807
 10
2511.756271888739
 20
3665.245507899115
 10
2512.608007989307
 20
3665.002154727523
 10
2513.520582382773
 20
3664.81963984883
 10
2514.43315677624
 20
3664.57628667724
 10
2515.345731169706
 20
3664.393771798546
 10
2516.258305563172
 20
3664.150418626955
 10
2517.170879956638
 20
3663.907065455364
 10
2518.144292643002
 20
3663.663712283772
 10
2519.056867036468
 20
3663.420359112182
 10
2519.969441429934
 20
3663.177005940591
 10
2520.942854116299
 20
3662.933652768999
 10
2521.916266802662
 20
3662.690299597409
 10
2522.828841196128
 20
3662.38610813292
 10
2523.802253882492
 20
3662.14275496133
 10
2524.775666568856
 20
3661.83856349684
 10
2525.74907925522
 20
3661.59521032525
 10
2526.722491941584
 20
3661.29101886076
 10
2527.695904627948
 20
3661.04766568917
 10
2528.669317314312
 20
3660.743474224681
 10
2529.642730000676
 20
3660.439282760193
 10
2530.61614268704
 20
3660.135091295703
 10
2531.650393666301
 20
3659.830899831214
 10
2532.623806352665
 20
3659.526708366726
 10
2533.658057331927
 20
3659.222516902238
 10
2534.631470018291
 20
3658.918325437749
 10
2535.665720997552
 20
3658.614133973261
 10
2536.699971976814
 20
3658.249104215874
 10
2537.673384663178
 20
3657.944912751385
 10
2538.707635642439
 20
3657.579882993998
 10
2539.741886621701
 20
3657.275691529509
 10
2540.776137600963
 20
3656.910661772123
 10
2541.871226873122
 20
3656.606470307634
 10
2542.905477852384
 20
3656.241440550248
 10
2543.939728831646
 20
3655.876410792861
 10
2544.973979810907
 20
3655.511381035476
 10
2546.069069083067
 20
3655.146351278089
  0
LWPOLYLINE
  5
2359
102
{ACAD_REACTORS
330
24B1
102
}
330
1F
100
AcDbEntity
  8
0
370
    50
100
AcDbPolyline
 90
        2
 70
     0
 43
0.0
 10
2438.93283529014
 20
3593.273807401084
 10
2440.210439440992
 20
3594.064705208753
  0
LWPOLYLINE
  5
235A
102
{ACAD_REACTORS
330
24B1
102
}
330
1F
100
AcDbEntity
  8
0
370
    25
100
AcDbPolyline
 90
        2
 70
     0
 43
0.0
 10
2553.491340816591
 20
3658.674972266157
 10
2548.13757104159
 20
3655.572219328373
  0
LWPOLYLINE
  5
235B
102
{ACAD_REACTORS
330
24B1
102
}
330
1F
100
AcDbEntity
  8
0
370
    50
100
AcDbPolyline
 90
      387
 70
     0
 43
0.0
 10
2422.932364258033
 20
3614.871401379782
 10
2422.749849379339
 20
3615.723137480351
 10
2422.628172793544
 20
3616.574873580918
 10
2422.445657914851
 20
3617.36577138859
 10
2422.263143036158
 20
3618.217507489158
 10
2422.141466450363
 20
3619.069243589726
 10
2422.019789864567
 20
3619.860141397398
 10
2421.837274985873
 20
3620.651039205068
 10
2421.715598400078
 20
3621.502775305636
 10
2421.593921814283
 20
3622.293673113307
 10
2421.472245228487
 20
3623.084570920978
 10
2421.350568642692
 20
3623.875468728648
 10
2421.228892056896
 20
3624.666366536319
 10
2421.107215471101
 20
3625.45726434399
 10
2420.985538885305
 20
3626.187323858763
 10
2420.863862299509
 20
3626.978221666433
 10
2420.803024006612
 20
3627.769119474104
 10
2420.681347420817
 20
3628.499178988877
 10
2420.620509127918
 20
3629.290076796547
 10
2420.498832542123
 20
3630.02013631132
 10
2420.437994249226
 20
3630.811034118992
 10
2420.377155956328
 20
3631.541093633764
 10
2420.31631766343
 20
3632.271153148537
 10
2420.255479370532
 20
3633.00121266331
 10
2420.194641077634
 20
3633.731272178083
 10
2420.133802784736
 20
3634.461331692857
 10
2420.072964491839
 20
3635.191391207629
 10
2420.072964491839
 20
3635.860612429504
 10
2420.012126198941
 20
3636.590671944276
 10
2420.012126198941
 20
3637.32073145905
 10
2419.951287906043
 20
3637.989952680925
 10
2419.951287906043
 20
3638.720012195698
 10
2419.890449613145
 20
3639.389233417574
 10
2419.890449613145
 20
3640.058454639448
 10
2419.890449613145
 20
3640.727675861324
 10
2419.890449613145
 20
3641.457735376096
 10
2419.890449613145
 20
3642.126956597972
 10
2419.951287906043
 20
3642.735339526949
 10
2419.951287906043
 20
3643.404560748824
 10
2419.951287906043
 20
3644.0737819707
 10
2420.012126198941
 20
3644.743003192574
 10
2420.012126198941
 20
3645.351386121552
 10
2420.072964491839
 20
3646.020607343427
 10
2420.072964491839
 20
3646.628990272404
 10
2420.133802784736
 20
3647.29821149428
 10
2420.194641077634
 20
3647.906594423258
 10
2420.255479370532
 20
3648.514977352235
 10
2420.31631766343
 20
3649.123360281212
 10
2420.377155956328
 20
3649.731743210189
 10
2420.498832542123
 20
3650.340126139167
 10
2420.559670835021
 20
3650.948509068144
 10
2420.620509127918
 20
3651.556891997121
 10
2420.742185713714
 20
3652.104436633202
 10
2420.803024006612
 20
3652.712819562179
 10
2420.924700592407
 20
3653.260364198259
 10
2421.046377178202
 20
3653.868747127236
 10
2421.168053763998
 20
3654.416291763315
 10
2421.289730349794
 20
3654.963836399396
 10
2421.41140693559
 20
3655.572219328373
 10
2421.533083521385
 20
3656.119763964453
 10
2421.65476010718
 20
3656.667308600532
 10
2421.776436692976
 20
3657.214853236612
 10
2421.958951571669
 20
3657.701559579794
 10
2422.080628157464
 20
3658.249104215874
 10
2422.263143036158
 20
3658.796648851954
 10
2422.445657914851
 20
3659.283355195135
 10
2422.567334500646
 20
3659.830899831214
 10
2422.749849379339
 20
3660.317606174397
 10
2422.932364258033
 20
3660.804312517579
 10
2423.114879136726
 20
3661.351857153659
 10
2423.297394015419
 20
3661.83856349684
 10
2423.54074718701
 20
3662.325269840022
 10
2423.723262065704
 20
3662.811976183204
 10
2423.905776944397
 20
3663.298682526387
 10
2424.149130115988
 20
3663.724550576671
 10
2424.331644994681
 20
3664.211256919852
 10
2424.574998166272
 20
3664.697963263034
 10
2424.818351337863
 20
3665.123831313318
 10
2425.061704509454
 20
3665.549699363603
 10
2425.305057681045
 20
3666.036405706785
 10
2425.548410852636
 20
3666.462273757069
 10
2425.791764024226
 20
3666.888141807353
 10
2426.035117195818
 20
3667.314009857637
 10
2426.278470367409
 20
3667.739877907921
 10
2426.582661831897
 20
3668.165745958205
 10
2426.826015003488
 20
3668.59161400849
 10
2427.130206467977
 20
3669.017482058773
 10
2427.434397932466
 20
3669.382511816161
 10
2427.738589396955
 20
3669.808379866445
 10
2427.981942568546
 20
3670.173409623832
 10
2428.286134033034
 20
3670.538439381218
 10
2428.651163790421
 20
3670.964307431502
 10
2428.955355254909
 20
3671.329337188889
 10
2429.259546719399
 20
3671.694366946275
 10
2429.563738183887
 20
3672.059396703661
 10
2429.928767941274
 20
3672.424426461049
 10
2430.232959405762
 20
3672.789456218435
 10
2430.597989163149
 20
3673.093647682923
 10
2430.963018920536
 20
3673.45867744031
 10
2431.328048677921
 20
3673.823707197697
 10
2431.693078435308
 20
3674.127898662185
 10
2432.058108192695
 20
3674.432090126674
 10
2432.423137950081
 20
3674.79711988406
 10
2432.788167707468
 20
3675.101311348548
 10
2433.153197464854
 20
3675.405502813037
 10
2433.579065515138
 20
3675.709694277526
 10
2433.944095272524
 20
3676.013885742015
 10
2434.369963322808
 20
3676.318077206504
 10
2434.795831373092
 20
3676.561430378094
 10
2435.160861130479
 20
3676.865621842583
 10
2435.586729180764
 20
3677.108975014174
 10
2436.012597231048
 20
3677.413166478663
 10
2436.438465281332
 20
3677.656519650253
 10
2436.864333331616
 20
3677.960711114743
 10
2437.351039674798
 20
3678.204064286333
 10
2437.776907725083
 20
3678.447417457924
 10
2438.263614068264
 20
3678.690770629515
 10
2438.689482118548
 20
3678.934123801106
 10
2439.17618846173
 20
3679.1166386798
 10
2439.602056512015
 20
3679.35999185139
 10
2440.088762855197
 20
3679.603345022981
 10
2440.575469198379
 20
3679.785859901675
 10
2441.06217554156
 20
3680.029213073265
 10
2441.548881884743
 20
3680.211727951959
 10
2442.096426520822
 20
3680.394242830652
 10
2442.583132864004
 20
3680.637596002244
 10
2443.069839207186
 20
3680.820110880937
 10
2443.617383843266
 20
3681.002625759629
 10
2444.104090186448
 20
3681.185140638323
 10
2444.651634822527
 20
3681.306817224118
 10
2445.199179458607
 20
3681.489332102812
 10
2445.746724094687
 20
3681.671846981505
 10
2446.294268730766
 20
3681.7935235673
 10
2446.841813366846
 20
3681.976038445994
 10
2447.389358002926
 20
3682.097715031789
 10
2447.936902639005
 20
3682.219391617585
 10
2448.545285567983
 20
3682.401906496278
 10
2449.092830204063
 20
3682.523583082073
 10
2449.701213133041
 20
3682.645259667869
 10
2450.24875776912
 20
3682.766936253665
 10
2450.857140698098
 20
3682.88861283946
 10
2451.465523627075
 20
3682.949451132357
 10
2452.073906556052
 20
3683.071127718154
 10
2452.68228948503
 20
3683.13196601105
 10
2453.290672414007
 20
3683.253642596846
 10
2453.899055342985
 20
3683.314480889745
 10
2454.507438271962
 20
3683.43615747554
 10
2455.176659493837
 20
3683.496995768437
 10
2455.785042422815
 20
3683.557834061335
 10
2456.454263644689
 20
3683.618672354233
 10
2457.123484866565
 20
3683.67951064713
 10
2457.731867795542
 20
3683.740348940029
 10
2458.401089017418
 20
3683.801187232926
 10
2459.070310239293
 20
3683.801187232926
 10
2459.739531461168
 20
3683.862025525823
 10
2460.408752683043
 20
3683.862025525823
 10
2461.077973904918
 20
3683.922863818721
 10
2461.808033419691
 20
3683.922863818721
 10
2462.477254641566
 20
3683.922863818721
 10
2463.207314156339
 20
3683.922863818721
 10
2463.876535378215
 20
3683.922863818721
 10
2464.606594892988
 20
3683.922863818721
 10
2465.33665440776
 20
3683.922863818721
 10
2466.066713922534
 20
3683.922863818721
 10
2466.796773437306
 20
3683.922863818721
 10
2467.526832952079
 20
3683.862025525823
 10
2468.256892466853
 20
3683.862025525823
 10
2468.986951981625
 20
3683.801187232926
 10
2469.717011496398
 20
3683.801187232926
 10
2470.507909304068
 20
3683.740348940029
 10
2471.237968818842
 20
3683.67951064713
 10
2472.028866626512
 20
3683.618672354233
 10
2472.758926141285
 20
3683.557834061335
 10
2473.549823948956
 20
3683.496995768437
 10
2474.340721756626
 20
3683.43615747554
 10
2475.131619564297
 20
3683.375319182642
 10
2475.922517371968
 20
3683.314480889745
 10
2476.713415179638
 20
3683.192804303948
 10
2477.504312987309
 20
3683.13196601105
 10
2478.356049087878
 20
3683.010289425255
 10
2479.146946895549
 20
3682.949451132357
 10
2479.998682996117
 20
3682.827774546562
 10
2480.789580803787
 20
3682.706097960767
 10
2481.641316904355
 20
3682.584421374971
 10
2482.493053004924
 20
3682.462744789176
 10
2483.283950812595
 20
3682.34106820338
 10
2484.135686913163
 20
3682.219391617585
 10
2484.987423013732
 20
3682.097715031789
 10
2485.8391591143
 20
3681.915200153096
 10
2486.751733507766
 20
3681.7935235673
 10
2487.603469608334
 20
3681.611008688608
 10
2488.455205708903
 20
3681.489332102812
 10
2489.367780102369
 20
3681.306817224118
 10
2490.219516202938
 20
3681.124302345426
 10
2491.132090596404
 20
3681.002625759629
 10
2491.983826696972
 20
3680.820110880937
 10
2492.896401090438
 20
3680.637596002244
 10
2493.808975483905
 20
3680.455081123549
 10
2494.72154987737
 20
3680.272566244857
 10
2495.634124270836
 20
3680.029213073265
 10
2496.546698664302
 20
3679.846698194573
 10
2497.459273057769
 20
3679.66418331588
 10
2498.432685744133
 20
3679.420830144289
 10
2499.345260137599
 20
3679.238315265595
 10
2500.318672823963
 20
3678.994962094004
 10
2501.231247217429
 20
3678.751608922413
 10
2502.204659903793
 20
3678.508255750823
 10
2503.178072590157
 20
3678.325740872129
 10
2504.090646983624
 20
3678.082387700538
 10
2505.064059669987
 20
3677.839034528947
 10
2506.03747235635
 20
3677.534843064459
 10
2507.010885042715
 20
3677.291489892868
 10
2507.984297729079
 20
3677.048136721276
 10
2509.01854870834
 20
3676.804783549684
 10
2509.991961394704
 20
3676.500592085196
 10
2510.965374081068
 20
3676.257238913606
 10
2511.99962506033
 20
3675.953047449116
 10
2512.973037746693
 20
3675.648855984628
 10
2514.007288725955
 20
3675.405502813037
 10
2515.041539705217
 20
3675.101311348548
 10
2516.075790684479
 20
3674.79711988406
 10
2517.049203370842
 20
3674.492928419571
 10
2518.083454350104
 20
3674.188736955083
 10
2519.117705329366
 20
3673.884545490594
 10
2520.212794601525
 20
3673.580354026106
 10
2521.247045580787
 20
3673.215324268718
 10
2522.281296560048
 20
3672.911132804229
 10
2523.31554753931
 20
3672.546103046843
 10
2524.41063681147
 20
3672.241911582354
 10
2525.444887790731
 20
3671.876881824967
 10
2526.539977062891
 20
3671.572690360479
 10
2527.63506633505
 20
3671.207660603093
 10
2528.73015560721
 20
3670.842630845707
 10
2529.764406586471
 20
3670.47760108832
 10
2530.859495858631
 20
3670.112571330933
 10
2531.95458513079
 20
3669.747541573548
 10
2533.049674402949
 20
3669.382511816161
 10
2534.205601968006
 20
3669.017482058773
 10
2535.300691240166
 20
3668.59161400849
 10
2536.395780512325
 20
3668.226584251104
 10
2537.551708077382
 20
3667.861554493717
 10
2538.646797349541
 20
3667.435686443433
 10
2539.802724914599
 20
3667.070656686047
 10
2540.897814186758
 20
3666.644788635762
 10
2542.053741751816
 20
3666.218920585477
 10
2543.209669316872
 20
3665.793052535193
 10
2544.36559688193
 20
3665.367184484909
 10
2545.521524446987
 20
3664.941316434625
 10
2546.677452012044
 20
3664.515448384341
 10
2547.833379577101
 20
3664.089580334056
 10
2548.989307142158
 20
3663.663712283772
 10
2550.145234707216
 20
3663.237844233488
 10
2551.36200056517
 20
3662.811976183204
 10
2552.517928130227
 20
3662.325269840022
 10
2553.734693988182
 20
3661.899401789738
 10
2554.890621553239
 20
3661.412695446557
 10
2556.107387411194
 20
3660.925989103374
 10
2555.803195946706
 20
3660.013414709908
 10
2553.491340816591
 20
3658.674972266157
 10
2551.727030322556
 20
3659.344193488033
 10
2550.02355812142
 20
3660.013414709908
 10
2548.320085920283
 20
3660.682635931783
 10
2546.616613719146
 20
3661.29101886076
 10
2544.913141518009
 20
3661.899401789738
 10
2543.209669316872
 20
3662.568623011612
 10
2541.567035408633
 20
3663.177005940591
 10
2539.924401500395
 20
3663.724550576671
 10
2538.281767592155
 20
3664.332933505648
 10
2536.639133683916
 20
3664.941316434625
 10
2534.996499775677
 20
3665.488861070705
 10
2533.353865867438
 20
3666.036405706785
 10
2531.772070252097
 20
3666.583950342864
 10
2530.190274636755
 20
3667.131494978944
 10
2528.608479021414
 20
3667.679039615024
 10
2527.026683406072
 20
3668.165745958205
 10
2525.444887790731
 20
3668.713290594285
 10
2523.863092175389
 20
3669.199996937468
 10
2522.342134852946
 20
3669.686703280649
 10
2520.821177530502
 20
3670.173409623832
 10
2519.300220208059
 20
3670.599277674116
 10
2517.779262885616
 20
3671.085984017298
 10
2516.258305563172
 20
3671.511852067582
 10
2514.798186533626
 20
3671.998558410763
 10
2513.33806750408
 20
3672.424426461049
 10
2511.817110181636
 20
3672.789456218435
 10
2510.356991152091
 20
3673.215324268718
 10
2508.957710415443
 20
3673.641192319003
 10
2507.497591385897
 20
3674.00622207639
 10
2506.098310649249
 20
3674.371251833775
 10
2504.6990299126
 20
3674.736281591162
 10
2503.299749175952
 20
3675.101311348548
 10
2501.900468439304
 20
3675.466341105935
 10
2500.501187702657
 20
3675.770532570424
 10
2499.162745258906
 20
3676.074724034912
 10
2497.824302815156
 20
3676.439753792299
 10
2496.485860371405
 20
3676.743945256788
 10
2495.147417927655
 20
3676.987298428379
 10
2493.808975483905
 20
3677.291489892868
 10
2492.531371333052
 20
3677.595681357356
 10
2491.192928889302
 20
3677.839034528947
 10
2489.915324738448
 20
3678.082387700538
 10
2488.637720587597
 20
3678.325740872129
 10
2487.420954729641
 20
3678.56909404372
 10
2486.143350578789
 20
3678.751608922413
 10
2484.926584720834
 20
3678.994962094004
 10
2483.709818862879
 20
3679.177476972697
 10
2482.493053004924
 20
3679.35999185139
 10
2481.276287146969
 20
3679.542506730084
 10
2480.059521289014
 20
3679.66418331588
 10
2478.903593723957
 20
3679.846698194573
 10
2477.7476661589
 20
3679.968374780368
 10
2476.591738593843
 20
3680.090051366164
 10
2475.435811028785
 20
3680.211727951959
 10
2474.340721756626
 20
3680.333404537754
 10
2473.245632484467
 20
3680.455081123549
 10
2472.08970491941
 20
3680.515919416448
 10
2471.055453940148
 20
3680.637596002244
 10
2469.960364667989
 20
3680.69843429514
 10
2468.86527539583
 20
3680.759272588039
 10
2467.831024416568
 20
3680.759272588039
 10
2466.796773437306
 20
3680.820110880937
 10
2465.762522458045
 20
3680.820110880937
 10
2464.728271478783
 20
3680.820110880937
 10
2463.754858792419
 20
3680.820110880937
 10
2462.781446106055
 20
3680.820110880937
 10
2461.808033419691
 20
3680.820110880937
 10
2460.834620733327
 20
3680.759272588039
 10
2459.861208046964
 20
3680.759272588039
 10
2458.948633653498
 20
3680.69843429514
 10
2457.975220967134
 20
3680.637596002244
 10
2457.062646573668
 20
3680.515919416448
 10
2456.210910473099
 20
3680.455081123549
 10
2455.298336079632
 20
3680.333404537754
 10
2454.446599979065
 20
3680.272566244857
 10
2453.594863878496
 20
3680.150889659061
 10
2452.743127777928
 20
3679.968374780368
 10
2451.891391677359
 20
3679.846698194573
 10
2451.039655576791
 20
3679.725021608777
 10
2450.24875776912
 20
3679.542506730084
 10
2449.457859961449
 20
3679.35999185139
 10
2448.666962153779
 20
3679.177476972697
 10
2447.876064346108
 20
3678.994962094004
 10
2447.146004831335
 20
3678.751608922413
 10
2446.355107023664
 20
3678.56909404372
 10
2445.625047508892
 20
3678.325740872129
 10
2444.894987994118
 20
3678.082387700538
 10
2444.225766772243
 20
3677.839034528947
 10
2443.495707257471
 20
3677.534843064459
 10
2442.826486035595
 20
3677.291489892868
 10
2442.15726481372
 20
3676.987298428379
 10
2441.488043591844
 20
3676.683106963891
 10
2440.818822369969
 20
3676.378915499401
 10
2440.149601148094
 20
3676.074724034912
 10
2439.541218219117
 20
3675.770532570424
 10
2438.93283529014
 20
3675.405502813037
 10
2438.324452361162
 20
3675.040473055651
 10
2437.716069432185
 20
3674.675443298264
 10
2437.168524796105
 20
3674.310413540878
 10
2436.560141867128
 20
3673.945383783491
 10
2436.012597231048
 20
3673.519515733207
 10
2435.465052594968
 20
3673.154485975821
 10
2434.917507958888
 20
3672.728617925537
 10
2434.369963322808
 20
3672.302749875253
 10
2433.883256979627
 20
3671.876881824967
 10
2433.396550636445
 20
3671.390175481786
 10
2432.909844293262
 20
3670.903469138604
 10
2432.423137950081
 20
3670.47760108832
 10
2431.936431606899
 20
3669.990894745138
 10
2431.449725263717
 20
3669.443350109058
 10
2431.023857213433
 20
3668.956643765876
 10
2430.597989163149
 20
3668.409099129796
 10
2430.172121112864
 20
3667.922392786614
 10
2429.74625306258
 20
3667.374848150536
 10
2429.381223305194
 20
3666.827303514455
 10
2428.955355254909
 20
3666.218920585477
 10
2428.590325497524
 20
3665.671375949399
 10
2428.225295740137
 20
3665.06299302042
 10
2427.86026598275
 20
3664.454610091443
 10
2427.495236225364
 20
3663.846227162466
 10
2427.191044760875
 20
3663.237844233488
 10
2426.886853296386
 20
3662.568623011612
 10
2426.521823539
 20
3661.899401789738
 10
2426.278470367409
 20
3661.230180567863
 10
2425.97427890292
 20
3660.560959345988
 10
2425.670087438432
 20
3659.891738124113
 10
2425.426734266841
 20
3659.222516902238
 10
2425.18338109525
 20
3658.492457387465
  0
LWPOLYLINE
  5
235C
102
{ACAD_REACTORS
330
24B1
102
}
330
1F
100
AcDbEntity
  8
0
370
    25
100
AcDbPolyline
 90
        2
 70
     0
 43
0.0
 10
2446.233430437869
 20
3596.802428389153
 10
2439.906247976503
 20
3593.09129252239
  0
LWPOLYLINE
  5
235E
102
{ACAD_REACTORS
330
24B1
102
}
330
1F
100
AcDbEntity
  8
0
370
    25
100
AcDbPolyline
 90
        2
 70
     0
 43
0.0
 10
2545.764877618577
 20
3654.233776884622
 10
2539.376856864315
 20
3650.52264101786
  0
LWPOLYLINE
  5
2360
102
{ACAD_REACTORS
330
24B1
102
}
330
1F
100
AcDbEntity
  8
0
370
    50
100
AcDbPolyline
 90
      257
 70
     0
 43
0.0
 10
2368.786283579041
 20
3653.74707054144
 10
2368.421253821654
 20
3655.024674692293
 10
2368.056224064268
 20
3656.241440550248
 10
2367.691194306881
 20
3657.519044701101
 10
2367.326164549495
 20
3658.735810559056
 10
2366.961134792109
 20
3660.013414709908
 10
2366.65694332762
 20
3661.230180567863
 10
2366.352751863131
 20
3662.446946425819
 10
2365.987722105744
 20
3663.663712283772
 10
2365.683530641256
 20
3664.81963984883
 10
2365.379339176767
 20
3666.036405706785
 10
2365.135986005177
 20
3667.25317156474
 10
2364.831794540688
 20
3668.409099129796
 10
2364.527603076199
 20
3669.565026694854
 10
2364.284249904608
 20
3670.72095425991
 10
2364.040896733016
 20
3671.876881824967
 10
2363.797543561426
 20
3673.032809390026
 10
2363.554190389835
 20
3674.127898662185
 10
2363.310837218244
 20
3675.283826227242
 10
2363.067484046653
 20
3676.378915499401
 10
2362.88496916796
 20
3677.474004771561
 10
2362.702454289266
 20
3678.56909404372
 10
2362.519939410573
 20
3679.66418331588
 10
2362.33742453188
 20
3680.759272588039
 10
2362.154909653187
 20
3681.7935235673
 10
2361.972394774494
 20
3682.88861283946
 10
2361.789879895801
 20
3683.922863818721
 10
2361.668203310005
 20
3684.957114797982
 10
2361.546526724209
 20
3685.991365777244
 10
2361.424850138414
 20
3687.025616756506
 10
2361.303173552618
 20
3688.059867735768
 10
2361.181496966823
 20
3689.033280422132
 10
2361.059820381028
 20
3690.067531401393
 10
2360.998982088129
 20
3691.040944087757
 10
2360.877305502334
 20
3692.014356774121
 10
2360.816467209436
 20
3692.987769460486
 10
2360.755628916539
 20
3693.961182146849
 10
2360.694790623641
 20
3694.873756540316
 10
2360.633952330743
 20
3695.84716922668
 10
2360.633952330743
 20
3696.759743620145
 10
2360.573114037845
 20
3697.672318013611
 10
2360.573114037845
 20
3698.584892407078
 10
2360.573114037845
 20
3699.497466800544
 10
2360.573114037845
 20
3700.41004119401
 10
2360.573114037845
 20
3701.322615587476
 10
2360.573114037845
 20
3702.174351688044
 10
2360.633952330743
 20
3703.026087788612
 10
2360.694790623641
 20
3703.877823889181
 10
2360.694790623641
 20
3704.72955998975
 10
2360.755628916539
 20
3705.581296090318
 10
2360.816467209436
 20
3706.433032190886
 10
2360.938143795232
 20
3707.223929998558
 10
2360.998982088129
 20
3708.014827806227
 10
2361.120658673925
 20
3708.805725613898
 10
2361.181496966823
 20
3709.59662342157
 10
2361.303173552618
 20
3710.387521229241
 10
2361.424850138414
 20
3711.17841903691
 10
2361.607365017107
 20
3711.908478551683
 10
2361.729041602903
 20
3712.699376359354
 10
2361.911556481596
 20
3713.429435874127
 10
2362.033233067391
 20
3714.1594953889
 10
2362.215747946084
 20
3714.889554903674
 10
2362.398262824778
 20
3715.558776125548
 10
2362.580777703471
 20
3716.288835640321
 10
2362.824130875062
 20
3716.958056862196
 10
2363.006645753754
 20
3717.627278084072
 10
2363.249998925346
 20
3718.296499305946
 10
2363.493352096937
 20
3718.965720527822
 10
2363.736705268528
 20
3719.634941749697
 10
2363.980058440119
 20
3720.243324678674
 10
2364.22341161171
 20
3720.912545900549
 10
2364.466764783301
 20
3721.520928829527
 10
2364.77095624779
 20
3722.129311758505
 10
2365.075147712278
 20
3722.737694687482
 10
2365.379339176767
 20
3723.285239323561
 10
2365.683530641256
 20
3723.893622252539
 10
2365.987722105744
 20
3724.441166888619
 10
2366.291913570233
 20
3724.988711524698
 10
2366.65694332762
 20
3725.536256160778
 10
2366.961134792109
 20
3726.083800796858
 10
2367.326164549495
 20
3726.631345432938
 10
2367.691194306881
 20
3727.178890069018
 10
2368.056224064268
 20
3727.6655964122
 10
2368.482092114552
 20
3728.152302755381
 10
2368.847121871939
 20
3728.639009098563
 10
2369.272989922222
 20
3729.125715441745
 10
2369.698857972507
 20
3729.612421784927
 10
2370.124726022792
 20
3730.038289835211
 10
2370.550594073076
 20
3730.524996178393
 10
2370.97646212336
 20
3730.950864228677
 10
2371.402330173644
 20
3731.376732278962
 10
2371.889036516826
 20
3731.802600329245
 10
2372.375742860008
 20
3732.22846837953
 10
2372.862449203189
 20
3732.593498136917
 10
2373.349155546371
 20
3733.019366187201
 10
2373.835861889554
 20
3733.384395944588
 10
2374.322568232735
 20
3733.749425701974
 10
2374.870112868816
 20
3734.114455459361
 10
2375.356819211997
 20
3734.479485216747
 10
2375.904363848077
 20
3734.844514974133
 10
2376.451908484156
 20
3735.148706438622
 10
2376.999453120236
 20
3735.45289790311
 10
2377.607836049213
 20
3735.817927660497
 10
2378.155380685294
 20
3736.122119124985
 10
2378.763763614271
 20
3736.426310589474
 10
2379.372146543248
 20
3736.669663761065
 10
2379.980529472225
 20
3736.973855225554
 10
2380.588912401203
 20
3737.217208397145
 10
2381.19729533018
 20
3737.521399861634
 10
2381.866516552056
 20
3737.764753033224
 10
2382.474899481033
 20
3738.008106204816
 10
2383.144120702908
 20
3738.190621083509
 10
2383.813341924784
 20
3738.4339742551
 10
2384.482563146658
 20
3738.677327426691
 10
2385.212622661432
 20
3738.859842305384
 10
2385.881843883307
 20
3739.042357184078
 10
2386.61190339808
 20
3739.22487206277
 10
2387.341962912853
 20
3739.407386941464
 10
2388.072022427626
 20
3739.589901820156
 10
2388.802081942398
 20
3739.711578405952
 10
2389.592979750069
 20
3739.894093284646
 10
2390.323039264842
 20
3740.015769870441
 10
2391.113937072513
 20
3740.137446456237
 10
2391.904834880183
 20
3740.259123042032
 10
2392.695732687855
 20
3740.380799627827
 10
2393.486630495525
 20
3740.502476213624
 10
2394.338366596093
 20
3740.563314506522
 10
2395.129264403764
 20
3740.624152799418
 10
2395.981000504332
 20
3740.745829385215
 10
2396.832736604901
 20
3740.806667678112
 10
2397.684472705469
 20
3740.806667678112
 10
2398.536208806037
 20
3740.86750597101
 10
2399.448783199503
 20
3740.928344263907
 10
2400.36135759297
 20
3740.928344263907
 10
2401.273931986436
 20
3740.989182556805
 10
2402.186506379902
 20
3740.989182556805
 10
2403.099080773368
 20
3740.989182556805
 10
2404.011655166835
 20
3740.928344263907
 10
2404.985067853198
 20
3740.928344263907
 10
2405.958480539562
 20
3740.928344263907
 10
2406.931893225926
 20
3740.86750597101
 10
2407.90530591229
 20
3740.806667678112
 10
2408.878718598654
 20
3740.745829385215
 10
2409.852131285018
 20
3740.684991092316
 10
2410.886382264279
 20
3740.624152799418
 10
2411.920633243541
 20
3740.502476213624
 10
2412.954884222803
 20
3740.441637920725
 10
2413.989135202065
 20
3740.31996133493
 10
2415.023386181326
 20
3740.198284749135
 10
2416.118475453485
 20
3740.076608163339
 10
2417.152726432747
 20
3739.954931577543
 10
2418.247815704907
 20
3739.833254991748
 10
2419.342904977066
 20
3739.650740113055
 10
2420.437994249226
 20
3739.529063527259
 10
2421.593921814283
 20
3739.346548648566
 10
2422.689011086442
 20
3739.164033769873
 10
2423.844938651499
 20
3738.98151889118
 10
2425.000866216556
 20
3738.738165719588
 10
2426.156793781613
 20
3738.555650840895
 10
2427.31272134667
 20
3738.373135962202
 10
2428.468648911728
 20
3738.129782790611
 10
2429.685414769682
 20
3737.886429619019
 10
2430.84134233474
 20
3737.643076447429
 10
2432.058108192695
 20
3737.399723275839
 10
2433.27487405065
 20
3737.156370104247
 10
2434.491639908604
 20
3736.852178639759
 10
2435.769244059457
 20
3736.608825468169
 10
2436.986009917411
 20
3736.304634003679
 10
2438.263614068264
 20
3736.00044253919
 10
2439.541218219117
 20
3735.696251074701
 10
2440.818822369969
 20
3735.392059610213
 10
2442.096426520822
 20
3735.087868145723
 10
2443.374030671675
 20
3734.722838388338
 10
2444.712473115425
 20
3734.418646923849
 10
2445.990077266277
 20
3734.053617166463
 10
2447.328519710028
 20
3733.688587409076
 10
2448.666962153779
 20
3733.323557651689
 10
2450.005404597529
 20
3732.958527894302
 10
2451.343847041279
 20
3732.532659844019
 10
2452.68228948503
 20
3732.167630086632
 10
2454.081570221678
 20
3731.741762036348
 10
2455.480850958326
 20
3731.376732278962
 10
2456.880131694974
 20
3730.950864228677
 10
2458.279412431622
 20
3730.524996178393
 10
2459.67869316827
 20
3730.038289835211
 10
2461.077973904918
 20
3729.612421784927
 10
2462.477254641566
 20
3729.186553734643
 10
2463.937373671112
 20
3728.699847391461
 10
2465.397492700658
 20
3728.213141048279
 10
2466.857611730204
 20
3727.726434705097
 10
2468.317730759749
 20
3727.239728361915
 10
2469.777849789295
 20
3726.753022018733
 10
2471.237968818842
 20
3726.266315675551
 10
2472.758926141285
 20
3725.718771039471
 10
2474.279883463729
 20
3725.23206469629
 10
2475.740002493275
 20
3724.68452006021
 10
2477.260959815718
 20
3724.13697542413
 10
2478.781917138162
 20
3723.58943078805
 10
2480.363712753503
 20
3723.04188615197
 10
2481.884670075947
 20
3722.49434151589
 10
2483.466465691288
 20
3721.946796879811
 10
2484.987423013732
 20
3721.338413950834
 10
2486.569218629073
 20
3720.730031021857
 10
2488.151014244414
 20
3720.121648092879
 10
2489.732809859756
 20
3719.5741034568
 10
2491.314605475097
 20
3718.904882234924
 10
2492.957239383336
 20
3718.296499305946
 10
2494.539034998677
 20
3717.688116376969
 10
2496.181668906917
 20
3717.018895155093
 10
2497.824302815156
 20
3716.410512226117
 10
2499.466936723395
 20
3715.741291004241
 10
2501.109570631634
 20
3715.072069782367
 10
2502.752204539872
 20
3714.402848560491
 10
2504.45567674101
 20
3713.733627338616
 10
2506.098310649249
 20
3713.06440611674
 10
2507.801782850386
 20
3712.334346601968
 10
2509.505255051522
 20
3711.665125380093
 10
2511.20872725266
 20
3710.935065865319
 10
2512.912199453797
 20
3710.205006350547
 10
2514.615671654933
 20
3709.474946835773
 10
2516.319143856069
 20
3708.744887321001
 10
2518.083454350104
 20
3708.014827806227
 10
2519.786926551241
 20
3707.284768291454
 10
2521.551237045276
 20
3706.493870483785
 10
2523.31554753931
 20
3705.702972676114
 10
2525.079858033345
 20
3704.97291316134
 10
2526.844168527379
 20
3704.182015353671
 10
2528.669317314312
 20
3703.391117545999
 10
2530.433627808346
 20
3702.600219738329
 10
2532.258776595278
 20
3701.74848363776
 10
2534.083925382211
 20
3700.95758583009
 10
2535.909074169143
 20
3700.166688022419
 10
2537.734222956075
 20
3699.314951921851
 10
2539.559371743008
 20
3698.463215821282
 10
2541.38452052994
 20
3697.611479720714
 10
2543.270507609771
 20
3696.759743620145
 10
2545.095656396703
 20
3695.908007519577
 10
2546.981643476533
 20
3695.056271419009
 10
2548.867630556363
 20
3694.143697025542
 10
2550.753617636193
 20
3693.291960924974
 10
2552.639604716023
 20
3692.379386531508
 10
2554.525591795853
 20
3691.466812138042
 10
2556.411578875683
 20
3690.615076037473
 10
2558.358404248411
 20
3689.641663351109
 10
2560.305229621139
 20
3688.729088957643
 10
2562.191216700969
 20
3687.816514564178
 10
2564.138042073697
 20
3686.903940170711
 10
2566.084867446424
 20
3685.930527484347
 10
2568.031692819152
 20
3684.957114797982
 10
2570.039356484777
 20
3684.044540404517
 10
2571.986181857505
 20
3683.071127718154
 10
2573.993845523131
 20
3682.097715031789
 10
2576.001509188757
 20
3681.063464052527
 10
2577.948334561484
 20
3680.090051366164
 10
2579.95599822711
 20
3679.1166386798
 10
2581.963661892735
 20
3678.082387700538
 10
2584.032163851258
 20
3677.048136721276
  0
ARC
  5
2361
102
{ACAD_REACTORS
330
24B1
102
}
330
1F
100
AcDbEntity
  8
0
370
    50
100
AcDbCircle
 10
2570.153933232431
 20
3690.829073128612
 30
0.0
 40
19.58530390956956
100
AcDbArc
 50
315.1093535791642
 51
315.820476684448
  0
LWPOLYLINE
  5
2366
102
{ACAD_REACTORS
330
24B1
102
}
330
1F
100
AcDbEntity
  8
0
370
    25
100
AcDbPolyline
 90
        3
 70
     0
 43
0.0
 10
2580.686057741882
 20
3674.553766712469
 10
2580.807734327678
 20
3674.432090126674
 10
2580.564381156087
 20
3674.310413540878
  0
LWPOLYLINE
  5
2367
102
{ACAD_REACTORS
330
24B1
102
}
330
1F
100
AcDbEntity
  8
0
370
    25
100
AcDbPolyline
 90
        2
 70
     0
 43
0.0
 10
2573.872168937335
 20
3681.002625759629
 10
2578.921747247848
 20
3676.196400620708
  0
LWPOLYLINE
  5
2369
102
{ACAD_REACTORS
330
24B1
102
}
330
1F
100
AcDbEntity
  8
0
370
    50
100
AcDbPolyline
 90
        2
 70
     0
 43
0.0
 10
2286.654588167087
 20
3685.504659434063
 10
2295.415302344361
 20
3690.554237744576
  0
SPLINE
  5
236A
102
{ACAD_REACTORS
330
24B1
102
}
330
1F
100
AcDbEntity
  8
0
370
    25
100
AcDbSpline
210
0.0
220
0.0
230
1.0
 70
     8
 71
     3
 72
     8
 73
     4
 74
     0
 42
0.000000001
 43
0.0000000001
 40
0.0
 40
0.0
 40
0.0
 40
0.0
 40
1.0
 40
1.0
 40
1.0
 40
1.0
 10
2580.83016855779
 20
3674.472197927602
 30
0.0
 10
2581.871986044216
 20
3675.077406315837
 30
0.0
 10
2582.988681561687
 20
3675.962096103245
 30
0.0
 10
2584.029240934842
 20
3677.006628865979
 30
0.0
  0
LWPOLYLINE
  5
236C
102
{ACAD_REACTORS
330
24B1
102
}
330
1F
100
AcDbEntity
  8
0
370
    50
100
AcDbPolyline
 90
        3
 70
     0
 43
0.0
 10
2566.814926961197
 20
3666.401435464172
 10
2567.179956718584
 20
3667.314009857637
 10
2569.370135262902
 20
3668.59161400849
  0
LWPOLYLINE
  5
236D
102
{ACAD_REACTORS
330
24B1
102
}
330
1F
100
AcDbEntity
  8
0
370
    50
100
AcDbPolyline
 90
      257
 70
     0
 43
0.0
 10
2401.69980003672
 20
3634.765523157345
 10
2401.456446865129
 20
3635.738935843708
 10
2401.213093693538
 20
3636.651510237174
 10
2401.030578814845
 20
3637.624922923539
 10
2400.848063936152
 20
3638.598335609902
 10
2400.665549057459
 20
3639.510910003368
 10
2400.483034178766
 20
3640.423484396835
 10
2400.300519300072
 20
3641.396897083199
 10
2400.118004421379
 20
3642.309471476665
 10
2399.935489542686
 20
3643.22204587013
 10
2399.752974663992
 20
3644.134620263597
 10
2399.631298078197
 20
3645.047194657064
 10
2399.448783199503
 20
3645.898930757631
 10
2399.327106613708
 20
3646.811505151098
 10
2399.205430027913
 20
3647.724079544563
 10
2399.083753442117
 20
3648.575815645132
 10
2398.962076856322
 20
3649.4275517457
 10
2398.840400270526
 20
3650.340126139167
 10
2398.718723684731
 20
3651.191862239735
 10
2398.597047098935
 20
3652.043598340303
 10
2398.536208806037
 20
3652.895334440872
 10
2398.414532220241
 20
3653.686232248543
 10
2398.353693927345
 20
3654.537968349111
 10
2398.292855634447
 20
3655.38970444968
 10
2398.171179048651
 20
3656.18060225735
 10
2398.110340755753
 20
3656.971500065021
 10
2398.049502462856
 20
3657.823236165589
 10
2398.049502462856
 20
3658.614133973261
 10
2397.988664169958
 20
3659.405031780931
 10
2397.92782587706
 20
3660.195929588601
 10
2397.92782587706
 20
3660.986827396272
 10
2397.866987584162
 20
3661.777725203943
 10
2397.866987584162
 20
3662.507784718716
 10
2397.866987584162
 20
3663.298682526387
 10
2397.866987584162
 20
3664.028742041159
 10
2397.866987584162
 20
3664.758801555932
 10
2397.866987584162
 20
3665.549699363603
 10
2397.866987584162
 20
3666.279758878375
 10
2397.866987584162
 20
3667.009818393149
 10
2397.92782587706
 20
3667.739877907921
 10
2397.92782587706
 20
3668.409099129796
 10
2397.988664169958
 20
3669.13915864457
 10
2398.049502462856
 20
3669.808379866445
 10
2398.110340755753
 20
3670.538439381218
 10
2398.171179048651
 20
3671.207660603093
 10
2398.232017341549
 20
3671.876881824967
 10
2398.292855634447
 20
3672.546103046843
 10
2398.353693927345
 20
3673.215324268718
 10
2398.475370513139
 20
3673.884545490594
 10
2398.536208806037
 20
3674.553766712469
 10
2398.657885391833
 20
3675.222987934344
 10
2398.779561977629
 20
3675.831370863322
 10
2398.901238563424
 20
3676.500592085196
 10
2399.022915149219
 20
3677.108975014174
 10
2399.144591735015
 20
3677.717357943152
 10
2399.266268320811
 20
3678.325740872129
 10
2399.387944906607
 20
3678.934123801106
 10
2399.5704597853
 20
3679.542506730084
 10
2399.692136371095
 20
3680.150889659061
 10
2399.874651249788
 20
3680.69843429514
 10
2400.057166128481
 20
3681.306817224118
 10
2400.239681007175
 20
3681.854361860198
 10
2400.36135759297
 20
3682.401906496278
 10
2400.60471076456
 20
3683.010289425255
 10
2400.787225643254
 20
3683.557834061335
 10
2400.969740521948
 20
3684.105378697414
 10
2401.213093693538
 20
3684.592085040597
 10
2401.395608572232
 20
3685.139629676676
 10
2401.638961743822
 20
3685.687174312756
 10
2401.821476622516
 20
3686.173880655938
 10
2402.064829794106
 20
3686.66058699912
 10
2402.308182965698
 20
3687.2081316352
 10
2402.551536137288
 20
3687.694837978382
 10
2402.855727601778
 20
3688.181544321563
 10
2403.099080773368
 20
3688.668250664746
 10
2403.34243394496
 20
3689.094118715031
 10
2403.646625409449
 20
3689.580825058211
 10
2403.889978581039
 20
3690.067531401393
 10
2404.194170045528
 20
3690.493399451678
 10
2404.498361510017
 20
3690.919267501963
 10
2404.802552974505
 20
3691.405973845144
 10
2405.106744438994
 20
3691.831841895428
 10
2405.410935903483
 20
3692.257709945713
 10
2405.775965660869
 20
3692.622739703099
 10
2406.080157125358
 20
3693.048607753382
 10
2406.384348589847
 20
3693.474475803667
 10
2406.749378347233
 20
3693.839505561054
 10
2407.11440810462
 20
3694.265373611338
 10
2407.479437862006
 20
3694.630403368724
 10
2407.844467619392
 20
3694.995433126111
 10
2408.209497376779
 20
3695.360462883498
 10
2408.574527134165
 20
3695.725492640883
 10
2408.939556891552
 20
3696.09052239827
 10
2409.304586648938
 20
3696.455552155657
 10
2409.730454699222
 20
3696.759743620145
 10
2410.156322749507
 20
3697.124773377532
 10
2410.521352506893
 20
3697.42896484202
 10
2410.947220557177
 20
3697.793994599407
 10
2411.373088607462
 20
3698.098186063896
 10
2411.798956657746
 20
3698.402377528384
 10
2412.22482470803
 20
3698.706568992874
 10
2412.711531051213
 20
3699.010760457362
 10
2413.137399101496
 20
3699.254113628953
 10
2413.624105444678
 20
3699.558305093442
 10
2414.049973494962
 20
3699.86249655793
 10
2414.536679838144
 20
3700.105849729522
 10
2415.023386181326
 20
3700.349202901112
 10
2415.510092524508
 20
3700.592556072703
 10
2415.99679886769
 20
3700.896747537192
 10
2416.483505210872
 20
3701.079262415885
 10
2416.970211554053
 20
3701.322615587476
 10
2417.517756190134
 20
3701.565968759067
 10
2418.004462533315
 20
3701.809321930659
 10
2418.552007169396
 20
3701.991836809352
 10
2419.099551805475
 20
3702.235189980943
 10
2419.647096441555
 20
3702.417704859635
 10
2420.194641077634
 20
3702.600219738329
 10
2420.742185713714
 20
3702.782734617022
 10
2421.289730349794
 20
3702.965249495715
 10
2421.837274985873
 20
3703.147764374409
 10
2422.445657914851
 20
3703.330279253101
 10
2423.054040843828
 20
3703.512794131795
 10
2423.601585479908
 20
3703.634470717591
 10
2424.209968408885
 20
3703.816985596283
 10
2424.818351337863
 20
3703.93866218208
 10
2425.426734266841
 20
3704.060338767875
 10
2426.095955488716
 20
3704.242853646568
 10
2426.704338417693
 20
3704.364530232363
 10
2427.31272134667
 20
3704.486206818159
 10
2427.981942568546
 20
3704.547045111056
 10
2428.651163790421
 20
3704.668721696852
 10
2429.259546719399
 20
3704.790398282648
 10
2429.928767941274
 20
3704.851236575545
 10
2430.597989163149
 20
3704.97291316134
 10
2431.328048677921
 20
3705.033751454239
 10
2431.997269899796
 20
3705.094589747137
 10
2432.666491121671
 20
3705.155428040033
 10
2433.396550636445
 20
3705.216266332932
 10
2434.126610151218
 20
3705.277104625829
 10
2434.856669665991
 20
3705.337942918728
 10
2435.525890887866
 20
3705.337942918728
 10
2436.316788695537
 20
3705.398781211625
 10
2437.04684821031
 20
3705.398781211625
 10
2437.776907725083
 20
3705.459619504523
 10
2438.567805532753
 20
3705.459619504523
 10
2439.297865047526
 20
3705.459619504523
 10
2440.088762855197
 20
3705.459619504523
 10
2440.879660662868
 20
3705.459619504523
 10
2441.670558470538
 20
3705.459619504523
 10
2442.461456278209
 20
3705.398781211625
 10
2443.252354085879
 20
3705.398781211625
 10
2444.04325189355
 20
3705.337942918728
 10
2444.894987994118
 20
3705.337942918728
 10
2445.685885801789
 20
3705.277104625829
 10
2446.537621902358
 20
3705.216266332932
 10
2447.389358002926
 20
3705.155428040033
 10
2448.241094103494
 20
3705.094589747137
 10
2449.092830204063
 20
3705.033751454239
 10
2449.944566304631
 20
3704.97291316134
 10
2450.7963024052
 20
3704.851236575545
 10
2451.708876798666
 20
3704.790398282648
 10
2452.560612899234
 20
3704.668721696852
 10
2453.4731872927
 20
3704.547045111056
 10
2454.324923393269
 20
3704.425368525261
 10
2455.237497786735
 20
3704.364530232363
 10
2456.150072180201
 20
3704.242853646568
 10
2457.062646573668
 20
3704.060338767875
 10
2458.03605926003
 20
3703.93866218208
 10
2458.948633653498
 20
3703.816985596283
 10
2459.922046339861
 20
3703.634470717591
 10
2460.834620733327
 20
3703.512794131795
 10
2461.808033419691
 20
3703.330279253101
 10
2462.781446106055
 20
3703.147764374409
 10
2463.754858792419
 20
3702.965249495715
 10
2464.728271478783
 20
3702.782734617022
 10
2465.701684165147
 20
3702.600219738329
 10
2466.67509685151
 20
3702.417704859635
 10
2467.709347830772
 20
3702.235189980943
 10
2468.682760517137
 20
3702.052675102249
 10
2469.717011496398
 20
3701.809321930659
 10
2470.690424182762
 20
3701.565968759067
 10
2471.724675162024
 20
3701.383453880374
 10
2472.758926141285
 20
3701.140100708784
 10
2473.793177120547
 20
3700.896747537192
 10
2474.888266392706
 20
3700.653394365601
 10
2475.922517371968
 20
3700.41004119401
 10
2476.956768351229
 20
3700.166688022419
 10
2478.051857623388
 20
3699.86249655793
 10
2479.146946895549
 20
3699.619143386339
 10
2480.18119787481
 20
3699.314951921851
 10
2481.276287146969
 20
3699.07159875026
 10
2482.371376419129
 20
3698.767407285771
 10
2483.466465691288
 20
3698.463215821282
 10
2484.561554963448
 20
3698.159024356794
 10
2485.717482528504
 20
3697.854832892305
 10
2486.812571800664
 20
3697.550641427817
 10
2487.968499365721
 20
3697.246449963329
 10
2489.063588637881
 20
3696.942258498839
 10
2490.219516202938
 20
3696.577228741452
 10
2491.375443767994
 20
3696.273037276963
 10
2492.531371333052
 20
3695.908007519577
 10
2493.687298898109
 20
3695.54297776219
 10
2494.843226463166
 20
3695.177948004804
 10
2496.059992321121
 20
3694.812918247418
 10
2497.215919886178
 20
3694.447888490032
 10
2498.371847451235
 20
3694.082858732645
 10
2499.588613309189
 20
3693.717828975258
 10
2500.805379167145
 20
3693.352799217872
 10
2502.0221450251
 20
3692.926931167587
 10
2503.178072590157
 20
3692.561901410201
 10
2504.45567674101
 20
3692.136033359917
 10
2505.672442598965
 20
3691.710165309633
 10
2506.889208456919
 20
3691.345135552245
 10
2508.105974314874
 20
3690.919267501963
 10
2509.383578465727
 20
3690.493399451678
 10
2510.600344323682
 20
3690.006693108496
 10
2511.877948474535
 20
3689.580825058211
 10
2513.155552625387
 20
3689.154957007927
 10
2514.43315677624
 20
3688.729088957643
 10
2515.649922634195
 20
3688.242382614462
 10
2516.988365077944
 20
3687.755676271279
 10
2518.265969228797
 20
3687.329808220995
 10
2519.54357337965
 20
3686.843101877813
 10
2520.821177530502
 20
3686.356395534631
 10
2522.159619974253
 20
3685.86968919145
 10
2523.437224125105
 20
3685.382982848267
 10
2524.775666568856
 20
3684.896276505086
 10
2526.114109012607
 20
3684.409570161903
 10
2527.452551456357
 20
3683.862025525823
 10
2528.790993900107
 20
3683.375319182642
 10
2530.129436343857
 20
3682.827774546562
 10
2531.467878787608
 20
3682.34106820338
 10
2532.806321231359
 20
3681.7935235673
 10
2534.205601968006
 20
3681.245978931221
 10
2535.544044411757
 20
3680.69843429514
 10
2536.943325148405
 20
3680.150889659061
 10
2538.281767592155
 20
3679.603345022981
 10
2539.681048328803
 20
3679.055800386902
 10
2541.080329065451
 20
3678.447417457924
 10
2542.4796098021
 20
3677.899872821845
 10
2543.878890538747
 20
3677.352328185765
 10
2545.278171275395
 20
3676.743945256788
 10
2546.677452012044
 20
3676.13556232781
 10
2548.13757104159
 20
3675.588017691731
 10
2549.536851778238
 20
3674.979634762753
 10
2550.996970807783
 20
3674.371251833775
 10
2552.457089837329
 20
3673.762868904798
 10
2553.856370573978
 20
3673.154485975821
 10
2555.316489603524
 20
3672.485264753946
 10
2556.776608633069
 20
3671.876881824967
 10
2558.236727662615
 20
3671.268498895991
 10
2559.696846692161
 20
3670.599277674116
 10
2561.217804014605
 20
3669.990894745138
 10
2562.67792304415
 20
3669.321673523262
 10
2564.138042073697
 20
3668.652452301387
 10
2565.65899939614
 20
3667.983231079512
 10
2567.179956718584
 20
3667.314009857637
  0
LWPOLYLINE
  5
2370
102
{ACAD_REACTORS
330
24B1
102
}
330
1F
100
AcDbEntity
  8
0
370
    50
100
AcDbPolyline
 90
        2
 70
     0
 43
0.0
 10
2442.096426520822
 20
3775.241141458235
 10
2445.3816943373
 20
3777.127128538064
  0
LWPOLYLINE
  5
2371
102
{ACAD_REACTORS
330
24B1
102
}
330
1F
100
AcDbEntity
  8
0
370
    50
100
AcDbPolyline
 90
      363
 70
     0
 43
0.0
 10
2537.186678319995
 20
3650.035934674678
 10
2535.544044411757
 20
3650.461802724963
 10
2533.962248796415
 20
3650.887670775246
 10
2532.380453181074
 20
3651.313538825531
 10
2530.859495858631
 20
3651.739406875815
 10
2529.277700243289
 20
3652.1652749261
 10
2527.756742920845
 20
3652.530304683486
 10
2526.235785598402
 20
3652.895334440872
 10
2524.714828275958
 20
3653.260364198259
 10
2523.254709246412
 20
3653.625393955645
 10
2521.733751923969
 20
3653.929585420133
 10
2520.273632894423
 20
3654.294615177521
 10
2518.813513864877
 20
3654.598806642009
 10
2517.414233128229
 20
3654.902998106498
 10
2515.954114098684
 20
3655.146351278089
 10
2514.554833362035
 20
3655.450542742578
 10
2513.155552625387
 20
3655.693895914168
 10
2511.756271888739
 20
3655.937249085758
 10
2510.417829444989
 20
3656.18060225735
 10
2509.079387001238
 20
3656.423955428941
 10
2507.740944557487
 20
3656.606470307634
 10
2506.402502113737
 20
3656.788985186328
 10
2505.064059669987
 20
3656.971500065021
 10
2503.786455519134
 20
3657.154014943714
 10
2502.508851368282
 20
3657.275691529509
 10
2501.231247217429
 20
3657.458206408203
 10
2500.014481359475
 20
3657.579882993998
 10
2498.797715501519
 20
3657.701559579794
 10
2497.580949643564
 20
3657.762397872692
 10
2496.364183785609
 20
3657.884074458487
 10
2495.147417927655
 20
3657.944912751385
 10
2493.991490362597
 20
3658.005751044282
 10
2492.83556279754
 20
3658.06658933718
 10
2492.227179868563
 20
3658.06658933718
 10
2491.679635232483
 20
3658.06658933718
 10
2491.132090596404
 20
3658.06658933718
 10
2490.584545960324
 20
3658.127427630078
 10
2489.976163031347
 20
3658.127427630078
 10
2489.428618395266
 20
3658.127427630078
 10
2488.881073759187
 20
3658.127427630078
 10
2488.333529123107
 20
3658.127427630078
 10
2487.785984487028
 20
3658.06658933718
 10
2487.238439850948
 20
3658.06658933718
 10
2486.751733507766
 20
3658.06658933718
 10
2486.204188871687
 20
3658.06658933718
 10
2485.656644235607
 20
3658.005751044282
 10
2485.169937892425
 20
3658.005751044282
 10
2484.622393256345
 20
3658.005751044282
 10
2484.135686913163
 20
3657.944912751385
 10
2483.588142277084
 20
3657.884074458487
 10
2483.101435933902
 20
3657.884074458487
 10
2482.61472959072
 20
3657.823236165589
 10
2482.06718495464
 20
3657.762397872692
 10
2481.093772268275
 20
3657.701559579794
 10
2480.120359581912
 20
3657.579882993998
 10
2479.146946895549
 20
3657.458206408203
 10
2478.234372502082
 20
3657.336529822407
 10
2477.321798108616
 20
3657.154014943714
 10
2476.40922371515
 20
3656.971500065021
 10
2475.496649321683
 20
3656.788985186328
 10
2474.584074928217
 20
3656.606470307634
 10
2473.732338827649
 20
3656.423955428941
 10
2472.880602727081
 20
3656.18060225735
 10
2472.028866626512
 20
3655.937249085758
 10
2471.237968818842
 20
3655.693895914168
 10
2470.447071011171
 20
3655.450542742578
 10
2469.6561732035
 20
3655.207189570986
 10
2468.86527539583
 20
3654.902998106498
 10
2468.074377588159
 20
3654.598806642009
 10
2467.344318073386
 20
3654.294615177521
 10
2466.614258558613
 20
3653.929585420133
 10
2465.88419904384
 20
3653.625393955645
 10
2465.214977821965
 20
3653.260364198259
 10
2464.484918307192
 20
3652.895334440872
 10
2463.815697085317
 20
3652.530304683486
 10
2463.146475863442
 20
3652.104436633202
 10
2462.538092934464
 20
3651.739406875815
 10
2461.868871712589
 20
3651.313538825531
 10
2461.260488783611
 20
3650.887670775246
 10
2460.652105854634
 20
3650.400964432066
 10
2460.043722925657
 20
3649.97509638178
 10
2459.496178289577
 20
3649.488390038598
 10
2458.887795360599
 20
3649.001683695416
 10
2458.34025072452
 20
3648.514977352235
 10
2457.853544381338
 20
3647.967432716155
 10
2457.305999745258
 20
3647.419888080075
 10
2456.819293402077
 20
3646.872343443995
 10
2456.271748765996
 20
3646.324798807916
 10
2455.845880715712
 20
3645.777254171836
 10
2455.35917437253
 20
3645.168871242859
 10
2454.872468029348
 20
3644.560488313881
 10
2454.446599979065
 20
3643.952105384904
 10
2454.020731928781
 20
3643.343722455926
 10
2453.594863878496
 20
3642.674501234051
 10
2453.229834121109
 20
3642.005280012176
 10
2452.803966070825
 20
3641.3360587903
 10
2452.438936313438
 20
3640.666837568425
 10
2452.073906556052
 20
3639.936778053652
 10
2451.769715091563
 20
3639.267556831777
 10
2451.404685334177
 20
3638.537497317005
 10
2451.100493869688
 20
3637.746599509334
 10
2450.7963024052
 20
3637.016539994561
 10
2450.492110940711
 20
3636.225642186891
 10
2450.24875776912
 20
3635.43474437922
 10
2449.944566304631
 20
3634.643846571549
 10
2449.701213133041
 20
3633.852948763878
 10
2449.579536547245
 20
3633.427080713594
 10
2449.457859961449
 20
3633.00121266331
 10
2449.336183375653
 20
3632.575344613026
 10
2449.275345082756
 20
3632.149476562741
 10
2449.15366849696
 20
3631.723608512457
 10
2449.031991911164
 20
3631.297740462173
 10
2448.971153618267
 20
3630.871872411889
 10
2448.849477032472
 20
3630.446004361605
 10
2448.727800446676
 20
3630.02013631132
 10
2448.666962153779
 20
3629.533429968138
 10
2448.484447275085
 20
3628.681693867571
 10
2448.36277068929
 20
3627.769119474104
 10
2448.180255810596
 20
3626.79570678774
 10
2448.058579224801
 20
3625.883132394275
 10
2447.936902639005
 20
3624.90971970791
 10
2447.876064346108
 20
3623.936307021546
 10
2447.754387760312
 20
3622.962894335182
 10
2447.693549467415
 20
3621.989481648819
 10
2447.632711174517
 20
3620.955230669557
 10
2447.632711174517
 20
3619.920979690295
 10
2447.571872881619
 20
3618.886728711034
 10
2447.571872881619
 20
3617.852477731772
 10
2447.571872881619
 20
3616.757388459613
 10
2447.571872881619
 20
3615.662299187453
 10
2447.571872881619
 20
3614.567209915293
 10
2447.632711174517
 20
3613.472120643134
 10
2447.693549467415
 20
3612.377031370975
 10
2447.754387760312
 20
3611.221103805918
 10
2447.81522605321
 20
3610.06517624086
 10
2447.876064346108
 20
3608.909248675804
 10
2447.997740931904
 20
3607.753321110746
 10
2448.119417517699
 20
3606.536555252791
 10
2448.241094103494
 20
3605.380627687734
 10
2448.36277068929
 20
3604.16386182978
 10
2448.545285567983
 20
3602.947095971824
 10
2448.727800446676
 20
3601.669491820972
 10
2448.910315325369
 20
3600.452725963017
 10
2449.092830204063
 20
3599.175121812165
 10
2448.788638739574
 20
3598.2017091258
 10
2446.233430437869
 20
3596.802428389153
 10
2446.598460195255
 20
3597.715002782619
 10
2446.355107023664
 20
3599.053445226368
 10
2446.172592144971
 20
3600.331049377222
 10
2445.990077266277
 20
3601.608653528074
 10
2445.807562387584
 20
3602.947095971824
 10
2445.625047508892
 20
3604.16386182978
 10
2445.503370923096
 20
3605.441465980632
 10
2445.320856044402
 20
3606.658231838586
 10
2445.199179458607
 20
3607.935835989439
 10
2445.138341165709
 20
3609.152601847394
 10
2445.016664579914
 20
3610.308529412451
 10
2444.955826287016
 20
3611.525295270406
 10
2444.894987994118
 20
3612.681222835463
 10
2444.834149701221
 20
3613.837150400521
 10
2444.773311408323
 20
3614.993077965579
 10
2444.773311408323
 20
3616.149005530636
 10
2444.773311408323
 20
3617.244094802793
 10
2444.773311408323
 20
3618.339184074954
 10
2444.773311408323
 20
3619.434273347113
 10
2444.834149701221
 20
3620.529362619273
 10
2444.894987994118
 20
3621.624451891432
 10
2444.955826287016
 20
3622.658702870694
 10
2444.955826287016
 20
3623.145409213876
 10
2445.016664579914
 20
3623.692953849955
 10
2445.077502872811
 20
3624.179660193138
 10
2445.077502872811
 20
3624.727204829216
 10
2445.138341165709
 20
3625.213911172399
 10
2445.199179458607
 20
3625.70061751558
 10
2445.260017751505
 20
3626.24816215166
 10
2445.320856044402
 20
3626.734868494843
 10
2445.3816943373
 20
3627.221574838024
 10
2445.442532630198
 20
3627.708281181206
 10
2445.564209215993
 20
3628.194987524388
 10
2445.625047508892
 20
3628.681693867571
 10
2445.685885801789
 20
3629.168400210752
 10
2445.807562387584
 20
3629.655106553933
 10
2445.868400680482
 20
3630.080974604218
 10
2445.990077266277
 20
3630.5676809474
 10
2446.050915559176
 20
3631.054387290582
 10
2446.172592144971
 20
3631.480255340866
 10
2446.294268730766
 20
3631.966961684049
 10
2446.355107023664
 20
3632.392829734332
 10
2446.47678360946
 20
3632.879536077514
 10
2446.598460195255
 20
3633.305404127798
 10
2446.720136781051
 20
3633.731272178083
 10
2446.841813366846
 20
3634.217978521264
 10
2446.963489952642
 20
3634.643846571549
 10
2447.085166538438
 20
3635.069714621833
 10
2447.206843124233
 20
3635.495582672117
 10
2447.389358002926
 20
3635.921450722402
 10
2447.511034588721
 20
3636.347318772685
 10
2447.632711174517
 20
3636.77318682297
 10
2447.81522605321
 20
3637.199054873254
 10
2447.936902639005
 20
3637.56408463064
 10
2448.119417517699
 20
3637.989952680925
 10
2448.241094103494
 20
3638.415820731208
 10
2448.423608982188
 20
3638.780850488596
 10
2448.606123860881
 20
3639.20671853888
 10
2448.788638739574
 20
3639.571748296265
 10
2448.971153618267
 20
3639.99761634655
 10
2449.092830204063
 20
3640.362646103937
 10
2449.275345082756
 20
3640.727675861324
 10
2449.518698254347
 20
3641.153543911608
 10
2449.701213133041
 20
3641.518573668994
 10
2449.883728011733
 20
3641.883603426381
 10
2450.066242890426
 20
3642.248633183768
 10
2450.24875776912
 20
3642.613662941154
 10
2450.492110940711
 20
3642.97869269854
 10
2450.674625819404
 20
3643.343722455926
 10
2450.917978990995
 20
3643.647913920414
 10
2451.100493869688
 20
3644.012943677802
 10
2451.343847041279
 20
3644.377973435189
 10
2451.58720021287
 20
3644.682164899677
 10
2451.769715091563
 20
3645.047194657064
 10
2452.013068263154
 20
3645.41222441445
 10
2452.256421434745
 20
3645.716415878939
 10
2452.499774606336
 20
3646.020607343427
 10
2452.743127777928
 20
3646.385637100813
 10
2452.986480949518
 20
3646.689828565302
 10
2453.229834121109
 20
3646.994020029791
 10
2453.534025585598
 20
3647.29821149428
 10
2453.777378757189
 20
3647.602402958769
 10
2454.020731928781
 20
3647.906594423258
 10
2454.324923393269
 20
3648.210785887747
 10
2454.568276564859
 20
3648.514977352235
 10
2454.872468029348
 20
3648.819168816723
 10
2455.11582120094
 20
3649.123360281212
 10
2455.420012665428
 20
3649.4275517457
 10
2455.724204129917
 20
3649.670904917292
 10
2455.967557301508
 20
3649.97509638178
 10
2456.271748765996
 20
3650.218449553371
 10
2456.575940230485
 20
3650.52264101786
 10
2456.880131694974
 20
3650.765994189451
 10
2457.184323159462
 20
3651.07018565394
 10
2457.488514623952
 20
3651.313538825531
 10
2457.79270608844
 20
3651.556891997121
 10
2458.157735845827
 20
3651.800245168713
 10
2458.461927310315
 20
3652.043598340303
 10
2458.766118774804
 20
3652.286951511895
 10
2459.131148532191
 20
3652.530304683486
 10
2459.435339996679
 20
3652.773657855077
 10
2459.800369754066
 20
3653.017011026668
 10
2460.104561218555
 20
3653.260364198259
 10
2460.469590975941
 20
3653.503717369849
 10
2460.834620733327
 20
3653.686232248543
 10
2461.199650490713
 20
3653.929585420133
 10
2461.564680248101
 20
3654.112100298827
 10
2461.868871712589
 20
3654.355453470418
 10
2462.233901469975
 20
3654.537968349111
 10
2462.659769520259
 20
3654.781321520701
 10
2463.024799277647
 20
3654.963836399396
 10
2463.389829035032
 20
3655.146351278089
 10
2463.754858792419
 20
3655.328866156782
 10
2464.180726842704
 20
3655.511381035476
 10
2464.54575660009
 20
3655.754734207067
 10
2464.910786357476
 20
3655.937249085758
 10
2465.33665440776
 20
3656.058925671555
 10
2465.701684165147
 20
3656.241440550248
 10
2466.127552215431
 20
3656.423955428941
 10
2466.553420265715
 20
3656.606470307634
 10
2466.979288316
 20
3656.788985186328
 10
2467.344318073386
 20
3656.910661772123
 10
2467.77018612367
 20
3657.093176650817
 10
2468.196054173955
 20
3657.214853236612
 10
2468.621922224239
 20
3657.397368115305
 10
2469.108628567421
 20
3657.519044701101
 10
2469.534496617705
 20
3657.640721286895
 10
2469.960364667989
 20
3657.823236165589
 10
2470.386232718273
 20
3657.944912751385
 10
2470.872939061455
 20
3658.06658933718
 10
2471.298807111739
 20
3658.188265922976
 10
2471.785513454921
 20
3658.309942508771
 10
2472.211381505205
 20
3658.431619094566
 10
2472.698087848387
 20
3658.553295680363
 10
2473.123955898671
 20
3658.674972266157
 10
2473.610662241853
 20
3658.735810559056
 10
2474.097368585035
 20
3658.857487144851
 10
2474.584074928217
 20
3658.979163730646
 10
2475.0707812714
 20
3659.040002023544
 10
2475.557487614581
 20
3659.161678609339
 10
2476.044193957763
 20
3659.222516902238
 10
2476.530900300945
 20
3659.344193488033
 10
2477.017606644127
 20
3659.405031780931
 10
2477.504312987309
 20
3659.465870073829
 10
2478.051857623388
 20
3659.587546659623
 10
2478.538563966571
 20
3659.648384952522
 10
2479.08610860265
 20
3659.709223245419
 10
2479.572814945832
 20
3659.770061538317
 10
2480.120359581912
 20
3659.830899831214
 10
2480.607065925094
 20
3659.891738124113
 10
2481.154610561174
 20
3659.952576417011
 10
2481.702155197253
 20
3659.952576417011
 10
2482.249699833333
 20
3660.013414709908
 10
2482.736406176515
 20
3660.074253002806
 10
2483.283950812595
 20
3660.074253002806
 10
2483.831495448674
 20
3660.135091295703
 10
2484.439878377652
 20
3660.195929588601
 10
2484.987423013732
 20
3660.195929588601
 10
2485.534967649811
 20
3660.195929588601
 10
2486.082512285891
 20
3660.256767881499
 10
2486.630056921971
 20
3660.256767881499
 10
2487.238439850948
 20
3660.256767881499
 10
2487.785984487028
 20
3660.256767881499
 10
2488.394367416005
 20
3660.256767881499
 10
2488.941912052085
 20
3660.256767881499
 10
2489.550294981063
 20
3660.256767881499
 10
2490.15867791004
 20
3660.256767881499
 10
2490.767060839017
 20
3660.256767881499
 10
2491.314605475097
 20
3660.256767881499
 10
2491.922988404074
 20
3660.256767881499
 10
2492.531371333052
 20
3660.195929588601
 10
2493.139754262029
 20
3660.195929588601
 10
2493.748137191007
 20
3660.135091295703
 10
2494.356520119984
 20
3660.135091295703
 10
2495.025741341859
 20
3660.074253002806
 10
2495.634124270836
 20
3660.074253002806
 10
2496.242507199814
 20
3660.013414709908
 10
2496.911728421689
 20
3659.952576417011
 10
2497.520111350667
 20
3659.952576417011
 10
2498.128494279644
 20
3659.891738124113
 10
2498.797715501519
 20
3659.830899831214
 10
2499.466936723395
 20
3659.770061538317
 10
2500.075319652372
 20
3659.709223245419
 10
2500.744540874247
 20
3659.648384952522
 10
2501.413762096122
 20
3659.587546659623
 10
2502.082983317997
 20
3659.465870073829
 10
2502.752204539872
 20
3659.405031780931
 10
2503.421425761748
 20
3659.344193488033
 10
2504.090646983624
 20
3659.222516902238
 10
2504.759868205499
 20
3659.161678609339
 10
2505.429089427374
 20
3659.040002023544
 10
2506.098310649249
 20
3658.979163730646
 10
2506.828370164021
 20
3658.857487144851
 10
2507.497591385897
 20
3658.796648851954
 10
2508.896872122545
 20
3658.553295680363
 10
2510.296152859193
 20
3658.309942508771
 10
2511.695433595841
 20
3658.06658933718
 10
2513.155552625387
 20
3657.823236165589
 10
2514.615671654933
 20
3657.579882993998
 10
2516.075790684479
 20
3657.275691529509
 10
2517.535909714025
 20
3656.971500065021
 10
2518.996028743571
 20
3656.667308600532
 10
2520.516986066014
 20
3656.363117136044
 10
2522.037943388458
 20
3656.058925671555
 10
2523.558900710901
 20
3655.693895914168
 10
2525.140696326242
 20
3655.328866156782
 10
2526.661653648686
 20
3654.963836399396
 10
2528.243449264027
 20
3654.537968349111
 10
2529.886083172266
 20
3654.172938591724
 10
2531.467878787608
 20
3653.74707054144
 10
2533.049674402949
 20
3653.321202491156
 10
2534.692308311188
 20
3652.895334440872
 10
2536.334942219427
 20
3652.408628097691
 10
2538.038414420564
 20
3651.982760047405
 10
2539.681048328803
 20
3651.496053704224
 10
2539.376856864315
 20
3650.52264101786
 10
2536.882486855507
 20
3649.123360281212
  0
LWPOLYLINE
  5
2372
102
{ACAD_REACTORS
330
24B1
102
}
330
1F
100
AcDbEntity
  8
0
370
    50
100
AcDbPolyline
 90
      131
 70
     0
 43
0.0
 10
2450.005404597529
 20
3634.826361450242
 10
2450.187919476222
 20
3635.373906086322
 10
2450.431272647813
 20
3635.921450722402
 10
2450.613787526507
 20
3636.468995358482
 10
2450.857140698098
 20
3637.016539994561
 10
2451.100493869688
 20
3637.56408463064
 10
2451.343847041279
 20
3638.11162926672
 10
2451.58720021287
 20
3638.6591739028
 10
2451.830553384461
 20
3639.145880245982
 10
2452.073906556052
 20
3639.632586589164
 10
2452.37809802054
 20
3640.180131225244
 10
2452.621451192132
 20
3640.666837568425
 10
2452.925642656621
 20
3641.153543911608
 10
2453.229834121109
 20
3641.579411961892
 10
2453.534025585598
 20
3642.066118305073
 10
2453.777378757189
 20
3642.552824648256
 10
2454.142408514575
 20
3642.97869269854
 10
2454.446599979065
 20
3643.465399041722
 10
2454.750791443553
 20
3643.891267092005
 10
2455.11582120094
 20
3644.31713514229
 10
2455.420012665428
 20
3644.743003192574
 10
2455.785042422815
 20
3645.168871242859
 10
2456.150072180201
 20
3645.594739293142
 10
2456.515101937587
 20
3645.959769050529
 10
2456.880131694974
 20
3646.385637100813
 10
2457.245161452361
 20
3646.750666858201
 10
2457.610191209747
 20
3647.115696615586
 10
2457.975220967134
 20
3647.480726372973
 10
2458.401089017418
 20
3647.845756130359
 10
2458.826957067702
 20
3648.210785887747
 10
2459.191986825088
 20
3648.575815645132
 10
2459.617854875372
 20
3648.940845402519
 10
2460.043722925657
 20
3649.245036867007
 10
2460.469590975941
 20
3649.610066624394
 10
2460.956297319123
 20
3649.914258088883
 10
2461.382165369407
 20
3650.218449553371
 10
2461.808033419691
 20
3650.52264101786
 10
2462.294739762873
 20
3650.826832482348
 10
2462.781446106055
 20
3651.131023946838
 10
2463.207314156339
 20
3651.435215411327
 10
2463.694020499521
 20
3651.678568582917
 10
2464.2415651356
 20
3651.982760047405
 10
2464.728271478783
 20
3652.226113218997
 10
2465.214977821965
 20
3652.530304683486
 10
2465.701684165147
 20
3652.773657855077
 10
2466.249228801227
 20
3653.017011026668
 10
2466.796773437306
 20
3653.260364198259
 10
2467.344318073386
 20
3653.442879076952
 10
2467.891862709465
 20
3653.686232248543
 10
2468.439407345545
 20
3653.929585420133
 10
2468.986951981625
 20
3654.112100298827
 10
2469.534496617705
 20
3654.355453470418
 10
2470.142879546683
 20
3654.537968349111
 10
2470.690424182762
 20
3654.720483227804
 10
2471.298807111739
 20
3654.902998106498
 10
2471.907190040717
 20
3655.085512985191
 10
2472.515572969694
 20
3655.207189570986
 10
2473.123955898671
 20
3655.38970444968
 10
2473.732338827649
 20
3655.572219328373
 10
2474.340721756626
 20
3655.693895914168
 10
2475.009942978501
 20
3655.815572499964
 10
2475.618325907479
 20
3655.998087378657
 10
2476.287547129354
 20
3656.119763964453
 10
2476.956768351229
 20
3656.241440550248
 10
2477.625989573104
 20
3656.302278843146
 10
2478.29521079498
 20
3656.423955428941
 10
2478.964432016855
 20
3656.545632014736
 10
2479.694491531628
 20
3656.606470307634
 10
2480.363712753503
 20
3656.72814689343
 10
2481.093772268275
 20
3656.788985186328
 10
2481.823831783049
 20
3656.849823479225
 10
2482.553891297822
 20
3656.910661772123
 10
2483.283950812595
 20
3656.971500065021
 10
2484.014010327368
 20
3657.032338357919
 10
2484.744069842141
 20
3657.093176650817
 10
2485.534967649811
 20
3657.093176650817
 10
2486.265027164585
 20
3657.154014943714
 10
2487.055924972255
 20
3657.154014943714
 10
2487.846822779925
 20
3657.154014943714
 10
2488.637720587597
 20
3657.154014943714
 10
2489.428618395266
 20
3657.154014943714
 10
2490.219516202938
 20
3657.154014943714
 10
2491.071252303506
 20
3657.154014943714
 10
2491.862150111177
 20
3657.154014943714
 10
2492.713886211746
 20
3657.093176650817
 10
2493.565622312314
 20
3657.093176650817
 10
2494.356520119984
 20
3657.032338357919
 10
2495.208256220553
 20
3656.971500065021
 10
2496.120830614018
 20
3656.910661772123
 10
2496.972566714587
 20
3656.849823479225
 10
2497.824302815156
 20
3656.788985186328
 10
2498.736877208622
 20
3656.72814689343
 10
2499.649451602088
 20
3656.606470307634
 10
2500.501187702657
 20
3656.545632014736
 10
2501.413762096122
 20
3656.423955428941
 10
2502.326336489588
 20
3656.363117136044
 10
2503.299749175952
 20
3656.241440550248
 10
2504.212323569419
 20
3656.119763964453
 10
2505.124897962885
 20
3655.998087378657
 10
2506.098310649249
 20
3655.876410792861
 10
2507.071723335613
 20
3655.693895914168
 10
2508.045136021977
 20
3655.572219328373
 10
2509.01854870834
 20
3655.450542742578
 10
2509.991961394704
 20
3655.268027863884
 10
2510.965374081068
 20
3655.085512985191
 10
2511.938786767432
 20
3654.902998106498
 10
2512.973037746693
 20
3654.720483227804
 10
2513.946450433057
 20
3654.537968349111
 10
2514.980701412319
 20
3654.355453470418
 10
2516.014952391581
 20
3654.172938591724
 10
2517.049203370842
 20
3653.929585420133
 10
2518.083454350104
 20
3653.74707054144
 10
2519.117705329366
 20
3653.503717369849
 10
2520.151956308627
 20
3653.321202491156
 10
2521.247045580787
 20
3653.077849319565
 10
2522.281296560048
 20
3652.834496147975
 10
2523.376385832208
 20
3652.591142976383
 10
2524.471475104367
 20
3652.347789804792
 10
2525.566564376527
 20
3652.043598340303
 10
2526.661653648686
 20
3651.800245168713
 10
2527.756742920845
 20
3651.496053704224
 10
2528.851832193006
 20
3651.252700532633
 10
2530.007759758062
 20
3650.948509068144
 10
2531.102849030221
 20
3650.644317603656
 10
2532.258776595278
 20
3650.340126139167
 10
2533.414704160336
 20
3650.035934674678
 10
2534.570631725393
 20
3649.731743210189
 10
2535.72655929045
 20
3649.4275517457
 10
2536.882486855507
 20
3649.123360281212
 10
2537.186678319995
 20
3650.035934674678
 10
2539.681048328803
 20
3651.496053704224
  0
LWPOLYLINE
  5
2374
102
{ACAD_REACTORS
330
24B1
102
}
330
1F
100
AcDbEntity
  8
0
370
    50
100
AcDbPolyline
 90
        2
 70
     0
 43
0.0
 10
2446.598460195255
 20
3597.715002782619
 10
2449.092830204063
 20
3599.175121812165
  0
LWPOLYLINE
  5
2375
102
{ACAD_REACTORS
330
24B1
102
}
330
1F
100
AcDbEntity
  8
0
370
    25
100
AcDbPolyline
 90
        2
 70
     0
 43
0.0
 10
2536.882486855507
 20
3649.123360281212
 10
2448.788638739574
 20
3598.2017091258
  0
LWPOLYLINE
  5
2379
102
{ACAD_REACTORS
330
24B1
102
}
330
1F
100
AcDbEntity
  8
0
370
    50
100
AcDbPolyline
 90
        2
 70
     0
 43
0.0
 10
2405.106744438994
 20
3753.886900651127
 10
2413.380752273087
 20
3758.693125790049
  0
ARC
  5
237A
102
{ACAD_REACTORS
330
24B1
102
}
330
1F
100
AcDbEntity
  8
0
370
    50
100
AcDbCircle
 10
2197.263185134836
 20
3119.686693518918
 30
0.0
 40
696.7919063689336
100
AcDbArc
 50
62.19028430864927
 51
69.72233923170586
  0
ARC
  5
237D
102
{ACAD_REACTORS
330
24B1
102
}
330
1F
100
AcDbEntity
  8
0
370
    50
100
AcDbCircle
 10
2309.833371451256
 20
3236.630535733283
 30
0.0
 40
522.5840537985995
100
AcDbArc
 50
59.88325335267251
 51
79.99715318380097
  0
LWPOLYLINE
  5
2380
102
{ACAD_REACTORS
330
24B1
102
}
330
1F
100
AcDbEntity
  8
0
370
    50
100
AcDbPolyline
 90
        3
 70
     0
 43
0.0
 10
2578.374202611769
 20
3673.093647682923
 10
2578.739232369156
 20
3674.00622207639
 10
2580.868572620576
 20
3675.283826227242
  0
LWPOLYLINE
  5
2381
102
{ACAD_REACTORS
330
24B1
102
}
330
1F
100
AcDbEntity
  8
0
370
    50
100
AcDbPolyline
 90
      257
 70
     0
 43
0.0
 10
2379.615499714839
 20
3647.480726372973
 10
2379.250469957453
 20
3648.63665393803
 10
2378.946278492964
 20
3649.792581503087
 10
2378.642087028475
 20
3650.948509068144
 10
2378.337895563987
 20
3652.104436633202
 10
2378.033704099497
 20
3653.260364198259
 10
2377.790350927907
 20
3654.355453470418
 10
2377.486159463418
 20
3655.511381035476
 10
2377.242806291828
 20
3656.606470307634
 10
2376.999453120236
 20
3657.701559579794
 10
2376.756099948645
 20
3658.796648851954
 10
2376.512746777054
 20
3659.891738124113
 10
2376.269393605463
 20
3660.986827396272
 10
2376.026040433872
 20
3662.081916668431
 10
2375.782687262281
 20
3663.116167647693
 10
2375.600172383588
 20
3664.211256919852
 10
2375.417657504895
 20
3665.245507899115
 10
2375.174304333304
 20
3666.279758878375
 10
2374.991789454611
 20
3667.314009857637
 10
2374.809274575917
 20
3668.348260836899
 10
2374.687597990122
 20
3669.382511816161
 10
2374.505083111429
 20
3670.355924502525
 10
2374.322568232735
 20
3671.390175481786
 10
2374.200891646941
 20
3672.36358816815
 10
2374.079215061145
 20
3673.337000854514
 10
2373.957538475349
 20
3674.310413540878
 10
2373.835861889554
 20
3675.283826227242
 10
2373.714185303758
 20
3676.257238913606
 10
2373.592508717963
 20
3677.230651599969
 10
2373.470832132167
 20
3678.143225993436
 10
2373.409993839269
 20
3679.1166386798
 10
2373.349155546371
 20
3680.029213073265
 10
2373.288317253473
 20
3680.941787466732
 10
2373.227478960576
 20
3681.854361860198
 10
2373.166640667679
 20
3682.766936253665
 10
2373.105802374781
 20
3683.67951064713
 10
2373.044964081882
 20
3684.531246747699
 10
2373.044964081882
 20
3685.443821141165
 10
2372.984125788985
 20
3686.295557241733
 10
2372.984125788985
 20
3687.147293342301
 10
2372.984125788985
 20
3687.99902944287
 10
2372.984125788985
 20
3688.850765543438
 10
2372.984125788985
 20
3689.702501644007
 10
2373.044964081882
 20
3690.554237744576
 10
2373.044964081882
 20
3691.345135552245
 10
2373.105802374781
 20
3692.136033359917
 10
2373.166640667679
 20
3692.926931167587
 10
2373.227478960576
 20
3693.778667268156
 10
2373.288317253473
 20
3694.508726782929
 10
2373.349155546371
 20
3695.299624590599
 10
2373.409993839269
 20
3696.09052239827
 10
2373.531670425065
 20
3696.820581913043
 10
2373.592508717963
 20
3697.611479720714
 10
2373.714185303758
 20
3698.341539235487
 10
2373.835861889554
 20
3699.07159875026
 10
2373.957538475349
 20
3699.801658265033
 10
2374.079215061145
 20
3700.470879486907
 10
2374.261729939838
 20
3701.20093900168
 10
2374.383406525633
 20
3701.870160223556
 10
2374.565921404326
 20
3702.600219738329
 10
2374.687597990122
 20
3703.269440960204
 10
2374.870112868816
 20
3703.93866218208
 10
2375.052627747508
 20
3704.607883403955
 10
2375.235142626201
 20
3705.216266332932
 10
2375.478495797793
 20
3705.885487554807
 10
2375.661010676486
 20
3706.493870483785
 10
2375.904363848077
 20
3707.16309170566
 10
2376.147717019668
 20
3707.771474634637
 10
2376.391070191258
 20
3708.379857563614
 10
2376.63442336285
 20
3708.988240492593
 10
2376.877776534441
 20
3709.535785128672
 10
2377.121129706031
 20
3710.144168057649
 10
2377.364482877622
 20
3710.691712693729
 10
2377.668674342112
 20
3711.239257329808
 10
2377.9728658066
 20
3711.786801965888
 10
2378.277057271088
 20
3712.334346601968
 10
2378.581248735577
 20
3712.881891238048
 10
2378.885440200066
 20
3713.429435874127
 10
2379.189631664555
 20
3713.91614221731
 10
2379.554661421941
 20
3714.463686853388
 10
2379.85885288643
 20
3714.950393196571
 10
2380.223882643817
 20
3715.437099539752
 10
2380.588912401203
 20
3715.923805882935
 10
2380.95394215859
 20
3716.410512226117
 10
2381.318971915976
 20
3716.836380276401
 10
2381.684001673362
 20
3717.323086619583
 10
2382.109869723646
 20
3717.748954669867
 10
2382.474899481033
 20
3718.174822720152
 10
2382.900767531317
 20
3718.600690770435
 10
2383.326635581601
 20
3719.02655882072
 10
2383.752503631886
 20
3719.452426871004
 10
2384.17837168217
 20
3719.81745662839
 10
2384.604239732454
 20
3720.243324678674
 10
2385.090946075636
 20
3720.608354436061
 10
2385.51681412592
 20
3720.973384193448
 10
2386.003520469103
 20
3721.338413950834
 10
2386.490226812284
 20
3721.703443708221
 10
2386.976933155466
 20
3722.068473465607
 10
2387.463639498648
 20
3722.433503222994
 10
2387.95034584183
 20
3722.737694687482
 10
2388.49789047791
 20
3723.04188615197
 10
2388.984596821092
 20
3723.406915909357
 10
2389.532141457172
 20
3723.711107373846
 10
2390.079686093251
 20
3724.015298838335
 10
2390.627230729331
 20
3724.258652009926
 10
2391.17477536541
 20
3724.562843474415
 10
2391.72232000149
 20
3724.806196646006
 10
2392.330702930468
 20
3725.110388110494
 10
2392.878247566547
 20
3725.353741282084
 10
2393.486630495525
 20
3725.597094453676
 10
2394.095013424502
 20
3725.840447625266
 10
2394.70339635348
 20
3726.083800796858
 10
2395.311779282458
 20
3726.266315675551
 10
2395.981000504332
 20
3726.509668847142
 10
2396.58938343331
 20
3726.692183725835
 10
2397.258604655185
 20
3726.935536897427
 10
2397.92782587706
 20
3727.11805177612
 10
2398.597047098935
 20
3727.300566654812
 10
2399.266268320811
 20
3727.422243240609
 10
2399.935489542686
 20
3727.604758119302
 10
2400.665549057459
 20
3727.787272997995
 10
2401.334770279334
 20
3727.90894958379
 10
2402.064829794106
 20
3728.030626169586
 10
2402.79488930888
 20
3728.213141048279
 10
2403.524948823652
 20
3728.334817634074
 10
2404.255008338425
 20
3728.395655926972
 10
2405.045906146096
 20
3728.517332512768
 10
2405.775965660869
 20
3728.639009098563
 10
2406.566863468539
 20
3728.699847391461
 10
2407.357761276211
 20
3728.760685684359
 10
2408.148659083881
 20
3728.882362270154
 10
2408.939556891552
 20
3728.943200563052
 10
2409.730454699222
 20
3729.004038855949
 10
2410.582190799791
 20
3729.004038855949
 10
2411.373088607462
 20
3729.064877148847
 10
2412.22482470803
 20
3729.064877148847
 10
2413.076560808598
 20
3729.125715441745
 10
2413.928296909166
 20
3729.125715441745
 10
2414.840871302633
 20
3729.125715441745
 10
2415.692607403202
 20
3729.125715441745
 10
2416.605181796668
 20
3729.125715441745
 10
2417.517756190134
 20
3729.064877148847
 10
2418.4303305836
 20
3729.064877148847
 10
2419.342904977066
 20
3729.004038855949
 10
2420.255479370532
 20
3729.004038855949
 10
2421.168053763998
 20
3728.943200563052
 10
2422.141466450363
 20
3728.882362270154
 10
2423.114879136726
 20
3728.760685684359
 10
2424.088291823089
 20
3728.699847391461
 10
2425.061704509454
 20
3728.639009098563
 10
2426.035117195818
 20
3728.517332512768
 10
2427.008529882181
 20
3728.395655926972
 10
2428.042780861443
 20
3728.334817634074
 10
2429.016193547807
 20
3728.213141048279
 10
2430.050444527069
 20
3728.030626169586
 10
2431.08469550633
 20
3727.90894958379
 10
2432.118946485592
 20
3727.787272997995
 10
2433.153197464854
 20
3727.604758119302
 10
2434.248286737013
 20
3727.483081533506
 10
2435.282537716275
 20
3727.300566654812
 10
2436.377626988435
 20
3727.11805177612
 10
2437.472716260594
 20
3726.935536897427
 10
2438.567805532753
 20
3726.753022018733
 10
2439.662894804913
 20
3726.509668847142
 10
2440.818822369969
 20
3726.32715396845
 10
2441.913911642128
 20
3726.083800796858
 10
2443.069839207186
 20
3725.840447625266
 10
2444.164928479346
 20
3725.597094453676
 10
2445.320856044402
 20
3725.353741282084
 10
2446.47678360946
 20
3725.110388110494
 10
2447.693549467415
 20
3724.867034938903
 10
2448.849477032472
 20
3724.623681767312
 10
2450.005404597529
 20
3724.319490302823
 10
2451.222170455484
 20
3724.015298838335
 10
2452.438936313438
 20
3723.771945666744
 10
2453.655702171394
 20
3723.467754202255
 10
2454.872468029348
 20
3723.163562737767
 10
2456.089233887303
 20
3722.798532980379
 10
2457.305999745258
 20
3722.49434151589
 10
2458.583603896111
 20
3722.190150051402
 10
2459.800369754066
 20
3721.825120294016
 10
2461.077973904918
 20
3721.460090536629
 10
2462.355578055771
 20
3721.095060779243
 10
2463.633182206623
 20
3720.730031021857
 10
2464.910786357476
 20
3720.36500126447
 10
2466.249228801227
 20
3719.999971507084
 10
2467.526832952079
 20
3719.634941749697
 10
2468.86527539583
 20
3719.209073699413
 10
2470.20371783958
 20
3718.844043942027
 10
2471.481321990432
 20
3718.418175891742
 10
2472.880602727081
 20
3717.992307841458
 10
2474.219045170831
 20
3717.566439791173
 10
2475.557487614581
 20
3717.14057174089
 10
2476.895930058331
 20
3716.714703690605
 10
2478.29521079498
 20
3716.227997347424
 10
2479.694491531628
 20
3715.802129297139
 10
2481.093772268275
 20
3715.315422953957
 10
2482.493053004924
 20
3714.828716610775
 10
2483.892333741572
 20
3714.342010267593
 10
2485.29161447822
 20
3713.855303924411
 10
2486.690895214869
 20
3713.36859758123
 10
2488.151014244414
 20
3712.881891238048
 10
2489.550294981063
 20
3712.395184894866
 10
2491.010414010608
 20
3711.847640258786
 10
2492.470533040154
 20
3711.300095622706
 10
2493.9306520697
 20
3710.813389279524
 10
2495.390771099246
 20
3710.265844643445
 10
2496.850890128792
 20
3709.718300007365
 10
2498.371847451235
 20
3709.170755371285
 10
2499.831966480781
 20
3708.562372442308
 10
2501.352923803225
 20
3708.014827806227
 10
2502.873881125668
 20
3707.467283170148
 10
2504.394838448112
 20
3706.858900241171
 10
2505.915795770555
 20
3706.250517312193
 10
2507.436753092999
 20
3705.642134383216
 10
2509.01854870834
 20
3705.033751454239
 10
2510.539506030784
 20
3704.425368525261
 10
2512.121301646125
 20
3703.816985596283
 10
2513.642258968569
 20
3703.208602667306
 10
2515.22405458391
 20
3702.539381445431
 10
2516.805850199252
 20
3701.930998516454
 10
2518.387645814593
 20
3701.261777294578
 10
2519.969441429934
 20
3700.592556072703
 10
2521.612075338174
 20
3699.923334850828
 10
2523.193870953515
 20
3699.254113628953
 10
2524.836504861754
 20
3698.584892407078
 10
2526.479138769993
 20
3697.915671185203
 10
2528.060934385334
 20
3697.18561167043
 10
2529.703568293574
 20
3696.516390448554
 10
2531.346202201812
 20
3695.786330933782
 10
2533.049674402949
 20
3695.056271419009
 10
2534.692308311188
 20
3694.387050197133
 10
2536.395780512325
 20
3693.656990682361
 10
2538.038414420564
 20
3692.86609287469
 10
2539.741886621701
 20
3692.136033359917
 10
2541.445358822838
 20
3691.405973845144
 10
2543.148831023974
 20
3690.615076037473
 10
2544.852303225111
 20
3689.8850165227
 10
2546.555775426248
 20
3689.094118715031
 10
2548.259247627385
 20
3688.303220907359
 10
2550.02355812142
 20
3687.512323099688
 10
2551.727030322556
 20
3686.721425292018
 10
2553.491340816591
 20
3685.930527484347
 10
2555.255651310626
 20
3685.139629676676
 10
2557.019961804661
 20
3684.348731869006
 10
2558.784272298695
 20
3683.496995768437
 10
2560.548582792729
 20
3682.645259667869
 10
2562.312893286764
 20
3681.854361860198
 10
2564.138042073697
 20
3681.002625759629
 10
2565.902352567731
 20
3680.150889659061
 10
2567.727501354663
 20
3679.299153558492
 10
2569.552650141596
 20
3678.447417457924
 10
2571.377798928528
 20
3677.534843064459
 10
2573.20294771546
 20
3676.683106963891
 10
2575.028096502392
 20
3675.770532570424
 10
2576.853245289325
 20
3674.918796469856
 10
2578.739232369156
 20
3674.00622207639
  0
LWPOLYLINE
  5
2383
102
{ACAD_REACTORS
330
24B1
102
}
330
1F
100
AcDbEntity
  8
0
370
    50
100
AcDbPolyline
 90
        3
 70
     0
 43
0.0
 10
2553.491340816591
 20
3658.674972266157
 10
2553.79553228108
 20
3659.648384952522
 10
2556.107387411194
 20
3660.925989103374
  0
LWPOLYLINE
  5
2384
102
{ACAD_REACTORS
330
24B1
102
}
330
1F
100
AcDbEntity
  8
0
370
    50
100
AcDbPolyline
 90
      257
 70
     0
 43
0.0
 10
2427.495236225364
 20
3607.023261595973
 10
2427.251883053772
 20
3607.935835989439
 10
2427.069368175079
 20
3608.848410382906
 10
2426.826015003488
 20
3609.700146483474
 10
2426.643500124795
 20
3610.61272087694
 10
2426.400146953204
 20
3611.525295270406
 10
2426.217632074511
 20
3612.377031370975
 10
2426.035117195818
 20
3613.228767471543
 10
2425.852602317125
 20
3614.141341865009
 10
2425.670087438432
 20
3614.993077965579
 10
2425.487572559738
 20
3615.844814066146
 10
2425.305057681045
 20
3616.696550166715
 10
2425.18338109525
 20
3617.548286267282
 10
2425.000866216556
 20
3618.400022367852
 10
2424.879189630761
 20
3619.190920175523
 10
2424.696674752067
 20
3620.042656276091
 10
2424.574998166272
 20
3620.833554083761
 10
2424.392483287579
 20
3621.68529018433
 10
2424.270806701783
 20
3622.476187991999
 10
2424.149130115988
 20
3623.327924092569
 10
2424.027453530192
 20
3624.11882190024
 10
2423.905776944397
 20
3624.90971970791
 10
2423.784100358601
 20
3625.70061751558
 10
2423.723262065704
 20
3626.491515323252
 10
2423.601585479908
 20
3627.282413130922
 10
2423.479908894113
 20
3628.073310938593
 10
2423.419070601215
 20
3628.803370453365
 10
2423.358232308317
 20
3629.594268261036
 10
2423.236555722522
 20
3630.385166068708
 10
2423.175717429624
 20
3631.11522558348
 10
2423.114879136726
 20
3631.845285098253
 10
2423.054040843828
 20
3632.636182905923
 10
2422.993202550931
 20
3633.366242420696
 10
2422.932364258033
 20
3634.09630193547
 10
2422.871525965135
 20
3634.826361450242
 10
2422.810687672238
 20
3635.556420965015
 10
2422.810687672238
 20
3636.286480479788
 10
2422.749849379339
 20
3636.955701701663
 10
2422.749849379339
 20
3637.685761216436
 10
2422.749849379339
 20
3638.415820731208
 10
2422.689011086442
 20
3639.085041953084
 10
2422.689011086442
 20
3639.815101467857
 10
2422.689011086442
 20
3640.484322689733
 10
2422.689011086442
 20
3641.153543911608
 10
2422.689011086442
 20
3641.822765133483
 10
2422.689011086442
 20
3642.491986355358
 10
2422.749849379339
 20
3643.161207577233
 10
2422.749849379339
 20
3643.830428799108
 10
2422.810687672238
 20
3644.499650020982
 10
2422.810687672238
 20
3645.108032949961
 10
2422.871525965135
 20
3645.777254171836
 10
2422.932364258033
 20
3646.385637100813
 10
2422.932364258033
 20
3647.054858322689
 10
2422.993202550931
 20
3647.663241251666
 10
2423.054040843828
 20
3648.271624180644
 10
2423.114879136726
 20
3648.880007109621
 10
2423.236555722522
 20
3649.488390038598
 10
2423.297394015419
 20
3650.096772967576
 10
2423.358232308317
 20
3650.705155896554
 10
2423.479908894113
 20
3651.313538825531
 10
2423.54074718701
 20
3651.861083461611
 10
2423.662423772806
 20
3652.469466390588
 10
2423.784100358601
 20
3653.017011026668
 10
2423.905776944397
 20
3653.625393955645
 10
2424.027453530192
 20
3654.172938591724
 10
2424.149130115988
 20
3654.720483227804
 10
2424.270806701783
 20
3655.268027863884
 10
2424.392483287579
 20
3655.815572499964
 10
2424.514159873375
 20
3656.363117136044
 10
2424.696674752067
 20
3656.910661772123
 10
2424.818351337863
 20
3657.397368115305
 10
2425.000866216556
 20
3657.944912751385
 10
2425.122542802351
 20
3658.492457387465
 10
2425.305057681045
 20
3658.979163730646
 10
2425.487572559738
 20
3659.465870073829
 10
2425.670087438432
 20
3659.952576417011
 10
2425.852602317125
 20
3660.50012105309
 10
2426.035117195818
 20
3660.986827396272
 10
2426.217632074511
 20
3661.412695446557
 10
2426.460985246102
 20
3661.899401789738
 10
2426.643500124795
 20
3662.38610813292
 10
2426.886853296386
 20
3662.872814476102
 10
2427.069368175079
 20
3663.298682526387
 10
2427.31272134667
 20
3663.785388869568
 10
2427.556074518262
 20
3664.211256919852
 10
2427.738589396955
 20
3664.637124970137
 10
2427.981942568546
 20
3665.06299302042
 10
2428.225295740137
 20
3665.488861070705
 10
2428.529487204625
 20
3665.914729120989
 10
2428.772840376216
 20
3666.340597171274
 10
2429.016193547807
 20
3666.766465221559
 10
2429.259546719399
 20
3667.192333271842
 10
2429.563738183887
 20
3667.557363029228
 10
2429.867929648375
 20
3667.983231079512
 10
2430.111282819967
 20
3668.348260836899
 10
2430.415474284455
 20
3668.774128887184
 10
2430.719665748944
 20
3669.13915864457
 10
2431.023857213433
 20
3669.504188401956
 10
2431.328048677921
 20
3669.869218159342
 10
2431.632240142411
 20
3670.23424791673
 10
2431.936431606899
 20
3670.599277674116
 10
2432.301461364286
 20
3670.903469138604
 10
2432.605652828774
 20
3671.268498895991
 10
2432.909844293262
 20
3671.633528653377
 10
2433.27487405065
 20
3671.937720117866
 10
2433.639903808036
 20
3672.241911582354
 10
2434.004933565423
 20
3672.606941339741
 10
2434.309125029911
 20
3672.911132804229
 10
2434.674154787298
 20
3673.215324268718
 10
2435.039184544685
 20
3673.519515733207
 10
2435.465052594968
 20
3673.823707197697
 10
2435.830082352354
 20
3674.127898662185
 10
2436.195112109741
 20
3674.371251833775
 10
2436.560141867128
 20
3674.675443298264
 10
2436.986009917411
 20
3674.918796469856
 10
2437.411877967696
 20
3675.222987934344
 10
2437.776907725083
 20
3675.466341105935
 10
2438.202775775366
 20
3675.770532570424
 10
2438.628643825651
 20
3676.013885742015
 10
2439.054511875935
 20
3676.257238913606
 10
2439.480379926219
 20
3676.500592085196
 10
2439.906247976503
 20
3676.743945256788
 10
2440.392954319686
 20
3676.926460135481
 10
2440.818822369969
 20
3677.169813307072
 10
2441.244690420254
 20
3677.413166478663
 10
2441.731396763435
 20
3677.595681357356
 10
2442.218103106617
 20
3677.839034528947
 10
2442.643971156902
 20
3678.02154940764
 10
2443.130677500084
 20
3678.204064286333
 10
2443.617383843266
 20
3678.447417457924
 10
2444.104090186448
 20
3678.629932336618
 10
2444.59079652963
 20
3678.812447215312
 10
2445.138341165709
 20
3678.994962094004
 10
2445.625047508892
 20
3679.1166386798
 10
2446.111753852073
 20
3679.299153558492
 10
2446.659298488153
 20
3679.481668437187
 10
2447.206843124233
 20
3679.603345022981
 10
2447.693549467415
 20
3679.785859901675
 10
2448.241094103494
 20
3679.907536487471
 10
2448.788638739574
 20
3680.090051366164
 10
2449.336183375653
 20
3680.211727951959
 10
2449.883728011733
 20
3680.333404537754
 10
2450.431272647813
 20
3680.455081123549
 10
2451.039655576791
 20
3680.576757709346
 10
2451.58720021287
 20
3680.69843429514
 10
2452.195583141847
 20
3680.759272588039
 10
2452.743127777928
 20
3680.880949173834
 10
2453.351510706905
 20
3681.002625759629
 10
2453.959893635882
 20
3681.063464052527
 10
2454.568276564859
 20
3681.124302345426
 10
2455.176659493837
 20
3681.245978931221
 10
2455.785042422815
 20
3681.306817224118
 10
2456.393425351792
 20
3681.367655517016
 10
2457.062646573668
 20
3681.428493809914
 10
2457.671029502645
 20
3681.489332102812
 10
2458.34025072452
 20
3681.550170395709
 10
2458.948633653498
 20
3681.611008688608
 10
2459.617854875372
 20
3681.611008688608
 10
2460.287076097248
 20
3681.671846981505
 10
2460.956297319123
 20
3681.732685274402
 10
2461.625518540998
 20
3681.732685274402
 10
2462.294739762873
 20
3681.732685274402
 10
2463.024799277647
 20
3681.7935235673
 10
2463.694020499521
 20
3681.7935235673
 10
2464.363241721396
 20
3681.7935235673
 10
2465.09330123617
 20
3681.7935235673
 10
2465.823360750942
 20
3681.7935235673
 10
2466.553420265715
 20
3681.732685274402
 10
2467.283479780488
 20
3681.732685274402
 10
2468.013539295261
 20
3681.732685274402
 10
2468.743598810034
 20
3681.671846981505
 10
2469.473658324807
 20
3681.671846981505
 10
2470.20371783958
 20
3681.611008688608
 10
2470.994615647251
 20
3681.550170395709
 10
2471.724675162024
 20
3681.550170395709
 10
2472.515572969694
 20
3681.489332102812
 10
2473.245632484467
 20
3681.428493809914
 10
2474.036530292138
 20
3681.367655517016
 10
2474.827428099808
 20
3681.245978931221
 10
2475.618325907479
 20
3681.185140638323
 10
2476.40922371515
 20
3681.124302345426
 10
2477.260959815718
 20
3681.002625759629
 10
2478.051857623388
 20
3680.941787466732
 10
2478.84275543106
 20
3680.820110880937
 10
2479.694491531628
 20
3680.69843429514
 10
2480.485389339299
 20
3680.637596002244
 10
2481.337125439867
 20
3680.515919416448
 10
2482.188861540436
 20
3680.394242830652
 10
2483.040597641004
 20
3680.272566244857
 10
2483.892333741572
 20
3680.090051366164
 10
2484.744069842141
 20
3679.968374780368
 10
2485.59580594271
 20
3679.846698194573
 10
2486.447542043277
 20
3679.66418331588
 10
2487.360116436744
 20
3679.542506730084
 10
2488.211852537312
 20
3679.35999185139
 10
2489.124426930778
 20
3679.238315265595
 10
2490.037001324244
 20
3679.055800386902
 10
2490.888737424813
 20
3678.873285508208
 10
2491.801311818278
 20
3678.690770629515
 10
2492.713886211746
 20
3678.508255750823
 10
2493.626460605212
 20
3678.325740872129
 10
2494.539034998677
 20
3678.143225993436
 10
2495.512447685042
 20
3677.960711114743
 10
2496.425022078508
 20
3677.717357943152
 10
2497.398434764872
 20
3677.534843064459
 10
2498.311009158338
 20
3677.291489892868
 10
2499.284421844701
 20
3677.108975014174
 10
2500.196996238167
 20
3676.865621842583
 10
2501.170408924532
 20
3676.622268670993
 10
2502.143821610895
 20
3676.378915499401
 10
2503.117234297259
 20
3676.13556232781
 10
2504.090646983624
 20
3675.892209156219
 10
2505.064059669987
 20
3675.648855984628
 10
2506.098310649249
 20
3675.405502813037
 10
2507.071723335613
 20
3675.162149641447
 10
2508.105974314874
 20
3674.857958176958
 10
2509.079387001238
 20
3674.614605005367
 10
2510.1136379805
 20
3674.310413540878
 10
2511.147888959761
 20
3674.067060369287
 10
2512.121301646125
 20
3673.762868904798
 10
2513.155552625387
 20
3673.45867744031
 10
2514.189803604649
 20
3673.154485975821
 10
2515.22405458391
 20
3672.850294511331
 10
2516.319143856069
 20
3672.546103046843
 10
2517.353394835331
 20
3672.241911582354
 10
2518.387645814593
 20
3671.937720117866
 10
2519.482735086752
 20
3671.572690360479
 10
2520.516986066014
 20
3671.268498895991
 10
2521.612075338174
 20
3670.964307431502
 10
2522.707164610333
 20
3670.599277674116
 10
2523.741415589594
 20
3670.23424791673
 10
2524.836504861754
 20
3669.930056452241
 10
2525.931594133913
 20
3669.565026694854
 10
2527.026683406072
 20
3669.199996937468
 10
2528.18261097113
 20
3668.834967180081
 10
2529.277700243289
 20
3668.469937422695
 10
2530.372789515448
 20
3668.104907665308
 10
2531.528717080505
 20
3667.739877907921
 10
2532.623806352665
 20
3667.314009857637
 10
2533.779733917723
 20
3666.948980100251
 10
2534.874823189882
 20
3666.583950342864
 10
2536.030750754939
 20
3666.15808229258
 10
2537.186678319995
 20
3665.732214242296
 10
2538.342605885053
 20
3665.367184484909
 10
2539.49853345011
 20
3664.941316434625
 10
2540.654461015167
 20
3664.515448384341
 10
2541.810388580224
 20
3664.089580334056
 10
2543.027154438179
 20
3663.663712283772
 10
2544.183082003236
 20
3663.237844233488
 10
2545.339009568293
 20
3662.811976183204
 10
2546.555775426248
 20
3662.38610813292
 10
2547.772541284203
 20
3661.899401789738
 10
2548.92846884926
 20
3661.473533739454
 10
2550.145234707216
 20
3660.986827396272
 10
2551.36200056517
 20
3660.560959345988
 10
2552.578766423125
 20
3660.074253002806
 10
2553.79553228108
 20
3659.648384952522
  0
SPLINE
  5
2385
102
{ACAD_REACTORS
330
24B1
102
}
330
1F
100
AcDbEntity
  8
0
370
    25
100
AcDbSpline
210
0.0
220
0.0
230
1.0
 70
     8
 71
     3
 72
     8
 73
     4
 74
     0
 42
0.000000001
 43
0.0000000001
 40
0.0
 40
0.0
 40
0.0
 40
0.0
 40
1.0
 40
1.0
 40
1.0
 40
1.0
 10
2594.955962464024
 20
3663.707253916502
 30
0.0
 10
2597.773051840498
 20
3665.33183030108
 30
0.0
 10
2600.055264674337
 20
3669.285042699057
 30
0.0
 10
2600.053427961973
 20
3672.537001741061
 30
0.0
  0
ARC
  5
2386
102
{ACAD_REACTORS
330
24B1
102
}
330
1F
100
AcDbEntity
  8
0
370
    25
100
AcDbCircle
 10
2634.001856900079
 20
3730.256837569871
 30
0.0
 40
66.94169451769011
100
AcDbArc
 50
225.9951799091567
 51
239.527746512082
  0
ARC
  5
2387
102
{ACAD_REACTORS
330
24B1
102
}
330
1F
100
AcDbEntity
  8
0
370
    25
100
AcDbCircle
 10
2633.253063583956
 20
3728.731563923108
 30
0.0
 40
75.42431640617028
100
AcDbArc
 50
225.976489873846
 51
239.4979069541711
  0
LWPOLYLINE
  5
2388
102
{ACAD_REACTORS
330
24B1
102
}
330
1F
100
AcDbEntity
  8
0
370
    25
100
AcDbPolyline
 90
        2
 70
     0
 43
0.0
 10
2662.270208517757
 20
3636.590671944276
 10
2600.032634883365
 20
3672.485264753946
  0
LWPOLYLINE
  5
2389
102
{ACAD_REACTORS
330
24B1
102
}
330
1F
100
AcDbEntity
  8
0
370
    25
100
AcDbPolyline
 90
        3
 70
     0
 43
0.0
 10
2455.967557301508
 20
3583.478842244546
 10
2594.922218279954
 20
3663.724550576671
 10
2652.110213603834
 20
3630.689357533196
  0
LWPOLYLINE
  5
238A
102
{ACAD_REACTORS
330
24B1
102
}
330
1F
100
AcDbEntity
  8
0
370
    50
100
AcDbPolyline
 90
        2
 70
     0
 43
0.0
 10
2462.538092934464
 20
3797.629633244605
 10
2273.756870072765
 20
3688.668250664746
  0
LWPOLYLINE
  5
238B
102
{ACAD_REACTORS
330
24B1
102
}
330
1F
100
AcDbEntity
  8
0
370
    50
100
AcDbPolyline
 90
        2
 70
     0
 43
0.0
 10
2484.074848620265
 20
3780.534072940339
 10
2697.860609862937
 20
3657.093176650817
  0
LWPOLYLINE
  5
238C
102
{ACAD_REACTORS
330
24B1
102
}
330
1F
100
AcDbEntity
  8
0
370
    50
100
AcDbPolyline
 90
        2
 70
     0
 43
0.0
 10
2712.096770401009
 20
3665.306346192012
 10
2482.858082762311
 20
3797.629633244605
  0
SPLINE
  5
238D
102
{ACAD_REACTORS
330
24B1
102
}
330
1F
100
AcDbEntity
  8
0
370
    50
100
AcDbSpline
210
0.0
220
0.0
230
1.0
 70
     8
 71
     3
 72
     8
 73
     4
 74
     0
 42
0.000000001
 43
0.0000000001
 40
0.0
 40
0.0
 40
0.0
 40
0.0
 40
1.0
 40
1.0
 40
1.0
 40
1.0
 10
2482.902540953228
 20
3797.691692562041
 30
0.0
 10
2477.283577059486
 20
3800.934773281074
 30
0.0
 10
2468.173436930187
 20
3800.934773281074
 30
0.0
 10
2462.554473036444
 20
3797.691692562041
 30
0.0
  0
LWPOLYLINE
  5
238E
102
{ACAD_REACTORS
330
24B1
102
}
330
1F
100
AcDbEntity
  8
0
370
    50
100
AcDbPolyline
 90
        3
 70
     0
 43
0.0
 10
2386.733579983875
 20
3643.404560748824
 42
-0.1361904847738906
 10
2385.030107782739
 20
3694.447888490032
 10
2385.334299247227
 20
3695.421301176395
  0
LWPOLYLINE
  5
238F
102
{ACAD_REACTORS
330
24B1
102
}
330
1F
100
AcDbEntity
  8
0
370
    50
100
AcDbPolyline
 90
        3
 70
     0
 43
0.0
 10
2409.304586648938
 20
3630.324327775809
 42
-0.1219078406089411
 10
2409.852131285018
 20
3670.781792552809
 10
2410.156322749507
 20
3671.694366946275
  0
LWPOLYLINE
  5
2390
102
{ACAD_REACTORS
330
24B1
102
}
330
1F
100
AcDbEntity
  8
0
370
    50
100
AcDbPolyline
 90
        3
 70
     0
 43
0.0
 10
2436.803495038719
 20
3594.551411551935
 42
-0.1360042938220701
 10
2434.734993080196
 20
3647.115696615586
 10
2435.039184544685
 20
3648.028271009053
  0
LWPOLYLINE
  5
2391
102
{ACAD_REACTORS
330
24B1
102
}
330
1F
100
AcDbEntity
  8
0
370
    50
100
AcDbPolyline
 90
        3
 70
     0
 43
0.0
 10
2364.77095624779
 20
3656.058925671555
 42
-0.142779678030215
 10
2360.147245987561
 20
3718.113984427254
 10
2360.45143745205
 20
3719.087397113617
  0
LWPOLYLINE
  5
2392
102
{ACAD_REACTORS
330
24B1
102
}
330
1F
100
AcDbEntity
  8
0
370
    50
100
AcDbPolyline
 90
        3
 70
     0
 43
0.0
 10
2397.92782587706
 20
3636.894863408766
 42
-0.1282748159544758
 10
2397.441119533878
 20
3682.645259667869
 10
2397.745310998367
 20
3683.557834061335
  0
LWPOLYLINE
  5
2393
102
{ACAD_REACTORS
330
24B1
102
}
330
1F
100
AcDbEntity
  8
0
370
    50
100
AcDbPolyline
 90
        3
 70
     0
 43
0.0
 10
2446.233430437869
 20
3596.802428389153
 42
-0.119441307241122
 10
2447.146004831335
 20
3635.252229500526
 10
2447.450196295824
 20
3636.225642186891
  0
LWPOLYLINE
  5
2394
102
{ACAD_REACTORS
330
24B1
102
}
330
1F
100
AcDbEntity
  8
0
370
    50
100
AcDbPolyline
 90
        3
 70
     0
 43
0.0
 10
2375.661010676486
 20
3649.731743210189
 42
-0.1391622868498714
 10
2372.619096031598
 20
3706.311355605091
 10
2372.923287496087
 20
3707.223929998558
  0
LWPOLYLINE
  5
2395
102
{ACAD_REACTORS
330
24B1
102
}
330
1F
100
AcDbEntity
  8
0
370
    50
100
AcDbPolyline
 90
        3
 70
     0
 43
0.0
 10
2422.20230474326
 20
3616.209843823533
 42
-0.1258710970844006
 10
2422.263143036158
 20
3658.918325437749
 10
2422.628172793544
 20
3659.891738124113
  0
LWPOLYLINE
  5
2396
102
{ACAD_REACTORS
330
24B1
102
}
330
1F
100
AcDbEntity
  8
0
370
    50
100
AcDbPolyline
 90
        5
 70
     0
 43
0.0
 10
2262.197594422194
 20
3583.113812487159
 10
2264.874479309694
 20
3584.634769809603
 10
2264.874479309694
 20
3594.064705208753
 10
2261.832564664807
 20
3595.829015702789
 10
2262.684300765376
 20
3596.31572204597
  0
LWPOLYLINE
  5
2397
102
{ACAD_REACTORS
330
24B1
102
}
330
1F
100
AcDbEntity
  8
0
370
    50
100
AcDbPolyline
 90
        4
 70
     0
 43
0.0
 10
2250.151612428441
 20
3582.140399800795
 10
2262.197594422194
 20
3583.113812487159
 10
2262.197594422194
 20
3592.482909593412
 10
2264.874479309694
 20
3594.064705208753
  0
LWPOLYLINE
  5
2398
102
{ACAD_REACTORS
330
24B1
102
}
330
1F
100
AcDbEntity
  8
0
370
    50
100
AcDbPolyline
 90
        2
 70
     0
 43
0.0
 10
2250.151612428441
 20
3591.509496907049
 10
2262.197594422194
 20
3592.482909593412
  0
LWPOLYLINE
  5
2399
102
{ACAD_REACTORS
330
24B1
102
}
330
1F
100
AcDbEntity
  8
0
370
    25
100
AcDbPolyline
 90
        2
 70
     0
 43
0.0
 10
2250.151612428441
 20
3582.140399800795
 10
2250.151612428441
 20
3591.509496907049
  0
SPLINE
  5
239A
102
{ACAD_REACTORS
330
24B1
102
}
330
1F
100
AcDbEntity
  8
0
370
    50
100
AcDbSpline
210
0.0
220
0.0
230
1.0
 70
     8
 71
     3
 72
     8
 73
     4
 74
     0
 42
0.000000001
 43
0.0000000001
 40
0.0
 40
0.0
 40
0.0
 40
0.0
 40
1.0
 40
1.0
 40
1.0
 40
1.0
 10
2245.284548996621
 20
3584.665188956053
 30
0.0
 10
2245.284548996621
 20
3583.952863803659
 30
0.0
 10
2245.821191410613
 20
3583.275384391906
 30
0.0
 10
2246.756134827612
 20
3582.807422935149
 30
0.0
  0
SPLINE
  5
239B
102
{ACAD_REACTORS
330
24B1
102
}
330
1F
100
AcDbEntity
  8
0
370
    50
100
AcDbSpline
210
0.0
220
0.0
230
1.0
 70
     8
 71
     3
 72
     8
 73
     4
 74
     0
 42
0.000000001
 43
0.0000000001
 40
0.0
 40
0.0
 40
0.0
 40
0.0
 40
1.0
 40
1.0
 40
1.0
 40
1.0
 10
2246.756134827612
 20
3582.807422935149
 30
0.0
 10
2247.691047825464
 20
3582.339490680773
 30
0.0
 10
2248.932737306871
 20
3582.126883357263
 30
0.0
 10
2250.161058790179
 20
3582.224468587454
 30
0.0
  0
SPLINE
  5
239C
102
{ACAD_REACTORS
330
24B1
102
}
330
1F
100
AcDbEntity
  8
0
370
    50
100
AcDbSpline
210
0.0
220
0.0
230
1.0
 70
     8
 71
     3
 72
     8
 73
     4
 74
     0
 42
0.000000001
 43
0.0000000001
 40
0.0
 40
0.0
 40
0.0
 40
0.0
 40
1.0
 40
1.0
 40
1.0
 40
1.0
 10
2246.540794647986
 20
3595.776554842823
 30
0.0
 10
2245.237880550522
 20
3595.028077143258
 30
0.0
 10
2244.912716301322
 20
3593.885161063904
 30
0.0
 10
2245.733053150543
 20
3592.937355215019
 30
0.0
  0
SPLINE
  5
239D
102
{ACAD_REACTORS
330
24B1
102
}
330
1F
100
AcDbEntity
  8
0
370
    50
100
AcDbSpline
210
0.0
220
0.0
230
1.0
 70
     8
 71
     3
 72
     8
 73
     4
 74
     0
 42
0.000000001
 43
0.0000000001
 40
0.0
 40
0.0
 40
0.0
 40
0.0
 40
1.0
 40
1.0
 40
1.0
 40
1.0
 10
2245.733053150543
 20
3592.937355215019
 30
0.0
 10
2246.553360189
 20
3591.989519555373
 30
0.0
 10
2248.335821179338
 20
3591.448569790244
 30
0.0
 10
2250.161058790179
 20
3591.593565693707
 30
0.0
  0
LWPOLYLINE
  5
239E
102
{ACAD_REACTORS
330
24B1
102
}
330
1F
100
AcDbEntity
  8
0
370
    50
100
AcDbPolyline
 90
        2
 70
     0
 43
0.0
 10
2254.47113122418
 20
3600.331049377222
 10
2246.501314854576
 20
3595.768177409891
  0
LWPOLYLINE
  5
239F
102
{ACAD_REACTORS
330
24B1
102
}
330
1F
100
AcDbEntity
  8
0
370
    50
100
AcDbPolyline
 90
        2
 70
     0
 43
0.0
 10
2245.223710703723
 20
3591.509496907049
 10
2241.451736544062
 20
3589.31931836273
  0
LWPOLYLINE
  5
23A0
102
{ACAD_REACTORS
330
24B1
102
}
330
1F
100
AcDbEntity
  8
0
370
    50
100
AcDbPolyline
 90
        2
 70
     0
 43
0.0
 10
2241.451736544062
 20
3598.688415468983
 10
2249.36071462077
 20
3603.251287436313
  0
LWPOLYLINE
  5
23A1
102
{ACAD_REACTORS
330
24B1
102
}
330
1F
100
AcDbEntity
  8
0
370
    25
100
AcDbPolyline
 90
        2
 70
     0
 43
0.0
 10
2241.451736544062
 20
3589.31931836273
 10
2241.451736544062
 20
3598.688415468983
  0
SPLINE
  5
23A2
102
{ACAD_REACTORS
330
24B1
102
}
330
1F
100
AcDbEntity
  8
0
370
    50
100
AcDbSpline
210
0.0
220
0.0
230
1.0
 70
     8
 71
     3
 72
     8
 73
     4
 74
     0
 42
0.000000001
 43
0.0000000001
 40
0.0
 40
0.0
 40
0.0
 40
0.0
 40
1.0
 40
1.0
 40
1.0
 40
1.0
 10
2234.090303103436
 20
3591.114048003214
 30
0.0
 10
2234.090303103436
 20
3590.117464444617
 30
0.0
 10
2235.13530785935
 20
3589.219030087186
 30
0.0
 10
2236.738046448639
 20
3588.837662206241
 30
0.0
  0
SPLINE
  5
23A3
102
{ACAD_REACTORS
330
24B1
102
}
330
1F
100
AcDbEntity
  8
0
370
    50
100
AcDbSpline
210
0.0
220
0.0
230
1.0
 70
     8
 71
     3
 72
     8
 73
     4
 74
     0
 42
0.000000001
 43
0.0000000001
 40
0.0
 40
0.0
 40
0.0
 40
0.0
 40
1.0
 40
1.0
 40
1.0
 40
1.0
 10
2236.738046448639
 20
3588.837662206241
 30
0.0
 10
2238.340755227164
 20
3588.456293716915
 30
0.0
 10
2240.185569383893
 20
3588.667089276061
 30
0.0
 10
2241.412256750653
 20
3589.371779222695
 30
0.0
  0
SPLINE
  5
23A4
102
{ACAD_REACTORS
330
24B1
102
}
330
1F
100
AcDbEntity
  8
0
370
    50
100
AcDbSpline
210
0.0
220
0.0
230
1.0
 70
     8
 71
     3
 72
     8
 73
     4
 74
     0
 42
0.000000001
 43
0.0000000001
 40
0.0
 40
0.0
 40
0.0
 40
0.0
 40
1.0
 40
1.0
 40
1.0
 40
1.0
 10
2234.130703380218
 20
3600.820607819573
 30
0.0
 10
2233.878378993956
 20
3599.77206775046
 30
0.0
 10
2234.819976295049
 20
3598.748095400782
 30
0.0
 10
2236.469918099031
 20
3598.276835900168
 30
0.0
  0
SPLINE
  5
23A5
102
{ACAD_REACTORS
330
24B1
102
}
330
1F
100
AcDbEntity
  8
0
370
    50
100
AcDbSpline
210
0.0
220
0.0
230
1.0
 70
     8
 71
     3
 72
     8
 73
     4
 74
     0
 42
0.000000001
 43
0.0000000001
 40
0.0
 40
0.0
 40
0.0
 40
0.0
 40
1.0
 40
1.0
 40
1.0
 40
1.0
 10
2236.469918099031
 20
3598.276835900168
 30
0.0
 10
2238.11983009225
 20
3597.805606818699
 30
0.0
 10
2240.109343261572
 20
3597.992399237766
 30
0.0
 10
2241.412256750653
 20
3598.740876328948
 30
0.0
  0
LWPOLYLINE
  5
23A6
102
{ACAD_REACTORS
330
24B1
102
}
330
1F
100
AcDbEntity
  8
0
370
    50
100
AcDbPolyline
 90
        5
 70
     0
 43
0.0
 10
2242.972693866507
 20
3608.361704039723
 10
2241.512574836961
 20
3607.509967939155
 10
2238.470660192074
 20
3609.27427843319
 10
2235.793775304573
 20
3607.753321110746
 10
2234.090303103436
 20
3600.817755720404
  0
LWPOLYLINE
  5
23A7
102
{ACAD_REACTORS
330
24B1
102
}
330
1F
100
AcDbEntity
  8
0
370
    50
100
AcDbPolyline
 90
        4
 70
     1
 43
0.0
 10
2523.31554753931
 20
3454.197469836842
 10
2523.31554753931
 20
3444.828372730588
 10
2761.497464233977
 20
3582.383752972387
 10
2761.497464233977
 20
3591.75285007864
  0
LWPOLYLINE
  5
23A8
102
{ACAD_REACTORS
330
24B1
102
}
330
1F
100
AcDbEntity
  8
0
370
    50
100
AcDbPolyline
 90
        5
 70
     0
 43
0.0
 10
2490.037001324244
 20
3451.581423242237
 10
2492.713886211746
 20
3453.102380564681
 10
2492.713886211746
 20
3462.471477670933
 10
2489.671971566858
 20
3464.235788164968
 10
2490.523707667426
 20
3464.783332801049
  0
LWPOLYLINE
  5
23A9
102
{ACAD_REACTORS
330
24B1
102
}
330
1F
100
AcDbEntity
  8
0
370
    50
100
AcDbPolyline
 90
        4
 70
     0
 43
0.0
 10
2477.991019330491
 20
3450.608010555874
 10
2490.037001324244
 20
3451.581423242237
 10
2490.037001324244
 20
3460.950520348491
 10
2492.713886211746
 20
3462.471477670933
  0
LWPOLYLINE
  5
23AA
102
{ACAD_REACTORS
330
24B1
102
}
330
1F
100
AcDbEntity
  8
0
370
    50
100
AcDbPolyline
 90
        2
 70
     0
 43
0.0
 10
2477.991019330491
 20
3459.977107662127
 10
2490.037001324244
 20
3460.950520348491
  0
LWPOLYLINE
  5
23AB
102
{ACAD_REACTORS
330
24B1
102
}
330
1F
100
AcDbEntity
  8
0
370
    25
100
AcDbPolyline
 90
        2
 70
     0
 43
0.0
 10
2477.991019330491
 20
3450.608010555874
 10
2477.991019330491
 20
3459.977107662127
  0
SPLINE
  5
23AC
102
{ACAD_REACTORS
330
24B1
102
}
330
1F
100
AcDbEntity
  8
0
370
    50
100
AcDbSpline
210
0.0
220
0.0
230
1.0
 70
     8
 71
     3
 72
     8
 73
     4
 74
     0
 42
0.000000001
 43
0.0000000001
 40
0.0
 40
0.0
 40
0.0
 40
0.0
 40
1.0
 40
1.0
 40
1.0
 40
1.0
 10
2473.123955898671
 20
3453.071961418233
 30
0.0
 10
2473.123955898671
 20
3452.359636265839
 30
0.0
 10
2473.660628123428
 20
3451.682156854086
 30
0.0
 10
2474.595541729663
 20
3451.214195397329
 30
0.0
  0
SPLINE
  5
23AD
102
{ACAD_REACTORS
330
24B1
102
}
330
1F
100
AcDbEntity
  8
0
370
    50
100
AcDbSpline
210
0.0
220
0.0
230
1.0
 70
     8
 71
     3
 72
     8
 73
     4
 74
     0
 42
0.000000001
 43
0.0000000001
 40
0.0
 40
0.0
 40
0.0
 40
0.0
 40
1.0
 40
1.0
 40
1.0
 40
1.0
 10
2474.595541729663
 20
3451.214195397329
 30
0.0
 10
2475.530454727515
 20
3450.746263142953
 30
0.0
 10
2476.772174019685
 20
3450.533655819443
 30
0.0
 10
2478.000465692229
 20
3450.631241049634
 30
0.0
  0
SPLINE
  5
23AE
102
{ACAD_REACTORS
330
24B1
102
}
330
1F
100
AcDbEntity
  8
0
370
    50
100
AcDbSpline
210
0.0
220
0.0
230
1.0
 70
     8
 71
     3
 72
     8
 73
     4
 74
     0
 42
0.000000001
 43
0.0000000001
 40
0.0
 40
0.0
 40
0.0
 40
0.0
 40
1.0
 40
1.0
 40
1.0
 40
1.0
 10
2474.380230752417
 20
3464.244165597901
 30
0.0
 10
2473.077317263336
 20
3463.495687898336
 30
0.0
 10
2472.752153014137
 20
3462.352771818981
 30
0.0
 10
2473.572460052594
 20
3461.404965970097
 30
0.0
  0
SPLINE
  5
23AF
102
{ACAD_REACTORS
330
24B1
102
}
330
1F
100
AcDbEntity
  8
0
370
    50
100
AcDbSpline
210
0.0
220
0.0
230
1.0
 70
     8
 71
     3
 72
     8
 73
     4
 74
     0
 42
0.000000001
 43
0.0000000001
 40
0.0
 40
0.0
 40
0.0
 40
0.0
 40
1.0
 40
1.0
 40
1.0
 40
1.0
 10
2473.572460052594
 20
3461.404965970097
 30
0.0
 10
2474.392767091051
 20
3460.457130310451
 30
0.0
 10
2476.175257892153
 20
3459.916180545321
 30
0.0
 10
2478.000465692229
 20
3460.061176448784
 30
0.0
  0
LWPOLYLINE
  5
23B0
102
{ACAD_REACTORS
330
24B1
102
}
330
1F
100
AcDbEntity
  8
0
370
    50
100
AcDbPolyline
 90
        2
 70
     0
 43
0.0
 10
2482.310538126231
 20
3468.798660132299
 10
2474.340721756626
 20
3464.235788164968
  0
LWPOLYLINE
  5
23B1
102
{ACAD_REACTORS
330
24B1
102
}
330
1F
100
AcDbEntity
  8
0
370
    50
100
AcDbPolyline
 90
        2
 70
     0
 43
0.0
 10
2473.063117605774
 20
3459.977107662127
 10
2469.230305153216
 20
3457.72609082491
  0
LWPOLYLINE
  5
23B2
102
{ACAD_REACTORS
330
24B1
102
}
330
1F
100
AcDbEntity
  8
0
370
    50
100
AcDbPolyline
 90
        2
 70
     0
 43
0.0
 10
2469.230305153216
 20
3467.15602622406
 10
2477.20012152282
 20
3471.718898191391
  0
LWPOLYLINE
  5
23B3
102
{ACAD_REACTORS
330
24B1
102
}
330
1F
100
AcDbEntity
  8
0
370
    25
100
AcDbPolyline
 90
        2
 70
     0
 43
0.0
 10
2469.230305153216
 20
3457.72609082491
 10
2469.230305153216
 20
3467.15602622406
  0
SPLINE
  5
23B4
102
{ACAD_REACTORS
330
24B1
102
}
330
1F
100
AcDbEntity
  8
0
370
    50
100
AcDbSpline
210
0.0
220
0.0
230
1.0
 70
     8
 71
     3
 72
     8
 73
     4
 74
     0
 42
0.000000001
 43
0.0000000001
 40
0.0
 40
0.0
 40
0.0
 40
0.0
 40
1.0
 40
1.0
 40
1.0
 40
1.0
 10
2461.929710005487
 20
3459.520820465394
 30
0.0
 10
2461.929710005487
 20
3458.524236906797
 30
0.0
 10
2462.974714761401
 20
3457.625802549365
 30
0.0
 10
2464.577423539926
 20
3457.244434668421
 30
0.0
  0
SPLINE
  5
23B5
102
{ACAD_REACTORS
330
24B1
102
}
330
1F
100
AcDbEntity
  8
0
370
    50
100
AcDbSpline
210
0.0
220
0.0
230
1.0
 70
     8
 71
     3
 72
     8
 73
     4
 74
     0
 42
0.000000001
 43
0.0000000001
 40
0.0
 40
0.0
 40
0.0
 40
0.0
 40
1.0
 40
1.0
 40
1.0
 40
1.0
 10
2464.577423539926
 20
3457.244434668421
 30
0.0
 10
2466.180191331595
 20
3456.863066179094
 30
0.0
 10
2468.025006096706
 20
3457.073861738241
 30
0.0
 10
2469.251634450323
 20
3457.778551684876
 30
0.0
  0
SPLINE
  5
23B6
102
{ACAD_REACTORS
330
24B1
102
}
330
1F
100
AcDbEntity
  8
0
370
    50
100
AcDbSpline
210
0.0
220
0.0
230
1.0
 70
     8
 71
     3
 72
     8
 73
     4
 74
     0
 42
0.000000001
 43
0.0000000001
 40
0.0
 40
0.0
 40
0.0
 40
0.0
 40
1.0
 40
1.0
 40
1.0
 40
1.0
 10
2461.970110282268
 20
3469.288218574652
 30
0.0
 10
2461.717785896006
 20
3468.239678505538
 30
0.0
 10
2462.659413007863
 20
3467.215706155861
 30
0.0
 10
2464.309295190318
 20
3466.744446655246
 30
0.0
  0
SPLINE
  5
23B7
102
{ACAD_REACTORS
330
24B1
102
}
330
1F
100
AcDbEntity
  8
0
370
    50
100
AcDbSpline
210
0.0
220
0.0
230
1.0
 70
     8
 71
     3
 72
     8
 73
     4
 74
     0
 42
0.000000001
 43
0.0000000001
 40
0.0
 40
0.0
 40
0.0
 40
0.0
 40
1.0
 40
1.0
 40
1.0
 40
1.0
 10
2464.309295190318
 20
3466.744446655246
 30
0.0
 10
2465.9592369943
 20
3466.273217573777
 30
0.0
 10
2467.948720352859
 20
3466.460009992844
 30
0.0
 10
2469.251634450323
 20
3467.208487084027
 30
0.0
  0
LWPOLYLINE
  5
23B8
102
{ACAD_REACTORS
330
24B1
102
}
330
1F
100
AcDbEntity
  8
0
370
    50
100
AcDbPolyline
 90
        5
 70
     0
 43
0.0
 10
2470.812100768557
 20
3476.829314794802
 10
2469.351981739011
 20
3475.977578694233
 10
2466.310067094124
 20
3477.741889188268
 10
2463.633182206623
 20
3476.220931865825
 10
2461.929710005487
 20
3469.224528182583
  0
LWPOLYLINE
  5
23B9
102
{ACAD_REACTORS
330
24B1
102
}
330
1F
100
AcDbEntity
  8
0
370
    50
100
AcDbPolyline
 90
        2
 70
     0
 43
0.0
 10
2245.223710703723
 20
3584.634769809603
 10
2245.223710703723
 20
3594.003866915856
  0
LWPOLYLINE
  5
23BA
102
{ACAD_REACTORS
330
24B1
102
}
330
1F
100
AcDbEntity
  8
0
370
    50
100
AcDbPolyline
 90
        2
 70
     0
 43
0.0
 10
2234.090303103436
 20
3591.083628856765
 10
2234.090303103436
 20
3600.452725963017
  0
LWPOLYLINE
  5
23BB
102
{ACAD_REACTORS
330
24B1
102
}
330
1F
100
AcDbEntity
  8
0
370
    50
100
AcDbPolyline
 90
        2
 70
     0
 43
0.0
 10
2473.063117605774
 20
3453.041542271784
 10
2473.063117605774
 20
3462.471477670933
  0
LWPOLYLINE
  5
23BC
102
{ACAD_REACTORS
330
24B1
102
}
330
1F
100
AcDbEntity
  8
0
370
    50
100
AcDbPolyline
 90
        2
 70
     0
 43
0.0
 10
2461.868871712589
 20
3459.490401318944
 10
2461.868871712589
 20
3468.920336718094
  0
LWPOLYLINE
  5
23BD
102
{ACAD_REACTORS
330
24B1
102
}
330
1F
100
AcDbEntity
  8
0
370
    50
100
AcDbPolyline
 90
        2
 70
     0
 43
0.0
 10
2468.317730759749
 20
3476.8901530877
 10
2468.317730759749
 20
3476.58596162321
  0
LWPOLYLINE
  5
23BE
102
{ACAD_REACTORS
330
24B1
102
}
330
1F
100
AcDbEntity
  8
0
370
    25
100
AcDbPolyline
 90
        2
 70
     0
 43
0.0
 10
2468.317730759749
 20
3476.8901530877
 10
2469.838688082193
 20
3477.741889188268
  0
SPLINE
  5
23BF
102
{ACAD_REACTORS
330
24B1
102
}
330
1F
100
AcDbEntity
  8
0
370
    50
100
AcDbSpline
210
0.0
220
0.0
230
1.0
 70
     8
 71
     3
 72
     8
 73
     4
 74
     0
 42
0.000000001
 43
0.0000000001
 40
0.0
 40
0.0
 40
0.0
 40
0.0
 40
1.0
 40
1.0
 40
1.0
 40
1.0
 10
2471.396406292084
 20
3475.126318525407
 30
0.0
 10
2471.396522532057
 20
3476.100283357722
 30
0.0
 10
2470.712821450959
 20
3477.284579384031
 30
0.0
 10
2469.869317451488
 20
3477.77151727635
 30
0.0
  0
SPLINE
  5
23C0
102
{ACAD_REACTORS
330
24B1
102
}
330
1F
100
AcDbEntity
  8
0
370
    50
100
AcDbSpline
210
0.0
220
0.0
230
1.0
 70
     8
 71
     3
 72
     8
 73
     4
 74
     0
 42
0.000000001
 43
0.0000000001
 40
0.0
 40
0.0
 40
0.0
 40
0.0
 40
1.0
 40
1.0
 40
1.0
 40
1.0
 10
2469.869317451488
 20
3477.77151727635
 30
0.0
 10
2469.025813452017
 20
3478.25845516867
 30
0.0
 10
2468.341924405173
 20
3477.863641988273
 30
0.0
 10
2468.341808165201
 20
3476.889677155958
 30
0.0
  0
LWPOLYLINE
  5
23C1
102
{ACAD_REACTORS
330
24B1
102
}
330
1F
100
AcDbEntity
  8
0
370
    50
100
AcDbPolyline
 90
        3
 70
     0
 43
0.0
 10
2489.124426930778
 20
3466.608481587981
 10
2487.603469608334
 20
3465.695907194514
 10
2471.359645404636
 20
3475.125842593665
  0
SPLINE
  5
23C2
102
{ACAD_REACTORS
330
24B1
102
}
330
1F
100
AcDbEntity
  8
0
370
    50
100
AcDbSpline
210
0.0
220
0.0
230
1.0
 70
     8
 71
     3
 72
     8
 73
     4
 74
     0
 42
0.000000001
 43
0.0000000001
 40
0.0
 40
0.0
 40
0.0
 40
0.0
 40
1.0
 40
1.0
 40
1.0
 40
1.0
 10
2490.682145140668
 20
3463.992910925119
 30
0.0
 10
2490.682261380641
 20
3464.966875757435
 30
0.0
 10
2489.998560299543
 20
3466.151171783744
 30
0.0
 10
2489.155056300072
 20
3466.638109676063
 30
0.0
  0
SPLINE
  5
23C3
102
{ACAD_REACTORS
330
24B1
102
}
330
1F
100
AcDbEntity
  8
0
370
    50
100
AcDbSpline
210
0.0
220
0.0
230
1.0
 70
     8
 71
     3
 72
     8
 73
     4
 74
     0
 42
0.000000001
 43
0.0000000001
 40
0.0
 40
0.0
 40
0.0
 40
0.0
 40
1.0
 40
1.0
 40
1.0
 40
1.0
 10
2489.155056300072
 20
3466.638109676063
 30
0.0
 10
2488.311552300602
 20
3467.125047568383
 30
0.0
 10
2487.627663253758
 20
3466.730234387985
 30
0.0
 10
2487.627547013786
 20
3465.75626955567
 30
0.0
  0
LWPOLYLINE
  5
23C4
102
{ACAD_REACTORS
330
24B1
102
}
330
1F
100
AcDbEntity
  8
0
370
    50
100
AcDbPolyline
 90
        2
 70
     0
 43
0.0
 10
2490.70622254612
 20
3463.688243528889
 10
2490.70622254612
 20
3463.93159670048
  0
LWPOLYLINE
  5
23C5
102
{ACAD_REACTORS
330
24B1
102
}
330
1F
100
AcDbEntity
  8
0
370
    50
100
AcDbPolyline
 90
        2
 70
     0
 43
0.0
 10
2337.150371272214
 20
3629.107561917855
 10
2394.034175131605
 20
3596.254883753073
  0
LWPOLYLINE
  5
23C6
102
{ACAD_REACTORS
330
24B1
102
}
330
1F
100
AcDbEntity
  8
0
370
    25
100
AcDbPolyline
 90
        2
 70
     0
 43
0.0
 10
2394.034175131605
 20
3596.254883753073
 10
2401.152255400641
 20
3600.391887670119
  0
LWPOLYLINE
  5
23C7
102
{ACAD_REACTORS
330
24B1
102
}
330
1F
100
AcDbEntity
  8
0
370
    50
100
AcDbPolyline
 90
        2
 70
     0
 43
0.0
 10
2345.241864227614
 20
3633.792110470981
 10
2401.091417107743
 20
3601.608653528074
  0
LWPOLYLINE
  5
23C8
102
{ACAD_REACTORS
330
24B1
102
}
330
1F
100
AcDbEntity
  8
0
370
    25
100
AcDbPolyline
 90
        2
 70
     0
 43
0.0
 10
2337.150371272214
 20
3629.107561917855
 10
2345.241864227614
 20
3633.792110470981
  0
SPLINE
  5
23C9
102
{ACAD_REACTORS
330
24B1
102
}
330
1F
100
AcDbEntity
  8
0
370
    50
100
AcDbSpline
210
0.0
220
0.0
230
1.0
 70
     8
 71
     3
 72
     8
 73
     4
 74
     0
 42
0.000000001
 43
0.0000000001
 40
0.0
 40
0.0
 40
0.0
 40
0.0
 40
1.0
 40
1.0
 40
1.0
 40
1.0
 10
2337.179146110041
 20
3645.5711135577
 30
0.0
 10
2333.248203936172
 20
3647.842041973792
 30
0.0
 10
2330.06228104577
 20
3646.002789898236
 30
0.0
 10
2330.063189500469
 20
3641.463029836293
 30
0.0
  0
SPLINE
  5
23CA
102
{ACAD_REACTORS
330
24B1
102
}
330
1F
100
AcDbEntity
  8
0
370
    50
100
AcDbSpline
210
0.0
220
0.0
230
1.0
 70
     8
 71
     3
 72
     8
 73
     4
 74
     0
 42
0.000000001
 43
0.0000000001
 40
0.0
 40
0.0
 40
0.0
 40
0.0
 40
1.0
 40
1.0
 40
1.0
 40
1.0
 10
2330.063189500469
 20
3641.463029836293
 30
0.0
 10
2330.064096901399
 20
3636.923269166002
 30
0.0
 10
2333.251491499649
 20
3631.402115461043
 30
0.0
 10
2337.182434727285
 20
3629.131187653297
 30
0.0
  0
SPLINE
  5
23CB
102
{ACAD_REACTORS
330
24B1
102
}
330
1F
100
AcDbEntity
  8
0
370
    50
100
AcDbSpline
210
0.0
220
0.0
230
1.0
 70
     8
 71
     3
 72
     8
 73
     4
 74
     0
 42
0.000000001
 43
0.0000000001
 40
0.0
 40
0.0
 40
0.0
 40
0.0
 40
1.0
 40
1.0
 40
1.0
 40
1.0
 10
2338.227903024042
 20
3644.931265091451
 30
0.0
 10
2338.734112032775
 20
3640.595002770629
 30
0.0
 10
2341.735726878911
 20
3635.859774608118
 30
0.0
 10
2345.273927682685
 20
3633.815736206423
 30
0.0
  0
LWPOLYLINE
  5
23CC
102
{ACAD_REACTORS
330
24B1
102
}
330
1F
100
AcDbEntity
  8
0
370
    50
100
AcDbPolyline
 90
        2
 70
     0
 43
0.0
 10
2394.034175131605
 20
3612.681222835463
 10
2337.150371272214
 20
3645.533901000245
  0
SPLINE
  5
23CD
102
{ACAD_REACTORS
330
24B1
102
}
330
1F
100
AcDbEntity
  8
0
370
    50
100
AcDbSpline
210
0.0
220
0.0
230
1.0
 70
     8
 71
     3
 72
     8
 73
     4
 74
     0
 42
0.000000001
 43
0.0000000001
 40
0.0
 40
0.0
 40
0.0
 40
0.0
 40
1.0
 40
1.0
 40
1.0
 40
1.0
 10
2394.066238586676
 20
3596.278509488515
 30
0.0
 10
2397.997180760544
 20
3594.007581072423
 30
0.0
 10
2401.183103650946
 20
3595.846833147979
 30
0.0
 10
2401.182195196248
 20
3600.386593209922
 30
0.0
  0
SPLINE
  5
23CE
102
{ACAD_REACTORS
330
24B1
102
}
330
1F
100
AcDbEntity
  8
0
370
    50
100
AcDbSpline
210
0.0
220
0.0
230
1.0
 70
     8
 71
     3
 72
     8
 73
     4
 74
     0
 42
0.000000001
 43
0.0000000001
 40
0.0
 40
0.0
 40
0.0
 40
0.0
 40
1.0
 40
1.0
 40
1.0
 40
1.0
 10
2401.182195196248
 20
3600.386593209922
 30
0.0
 10
2401.181287795318
 20
3604.926353880214
 30
0.0
 10
2397.993893197067
 20
3610.447507585173
 30
0.0
 10
2394.062949969431
 20
3612.718435392919
 30
0.0
  0
LWPOLYLINE
  5
23CF
102
{ACAD_REACTORS
330
24B1
102
}
330
1F
100
AcDbEntity
  8
0
370
    50
100
AcDbPolyline
 90
        2
 70
     0
 43
0.0
 10
2505.24657454868
 20
3508.647741980322
 10
2505.003221377089
 20
3508.769418566117
  0
SPLINE
  5
23D0
102
{ACAD_REACTORS
330
24B1
102
}
330
1F
100
AcDbEntity
  8
0
370
    50
100
AcDbSpline
210
0.0
220
0.0
230
1.0
 70
     8
 71
     3
 72
     8
 73
     4
 74
     0
 42
0.000000001
 43
0.0000000001
 40
0.0
 40
0.0
 40
0.0
 40
0.0
 40
1.0
 40
1.0
 40
1.0
 40
1.0
 10
2505.276783472283
 20
3505.150331197068
 30
0.0
 10
2506.120287471754
 20
3504.663393304748
 30
0.0
 10
2506.804176518598
 20
3505.058206485144
 30
0.0
 10
2506.80429275857
 20
3506.03217131746
 30
0.0
  0
SPLINE
  5
23D1
102
{ACAD_REACTORS
330
24B1
102
}
330
1F
100
AcDbEntity
  8
0
370
    50
100
AcDbSpline
210
0.0
220
0.0
230
1.0
 70
     8
 71
     3
 72
     8
 73
     4
 74
     0
 42
0.000000001
 43
0.0000000001
 40
0.0
 40
0.0
 40
0.0
 40
0.0
 40
1.0
 40
1.0
 40
1.0
 40
1.0
 10
2506.80429275857
 20
3506.03217131746
 30
0.0
 10
2506.804408998544
 20
3507.006136149776
 30
0.0
 10
2506.120707917445
 20
3508.190432176085
 30
0.0
 10
2505.277203917975
 20
3508.677370068404
 30
0.0
  0
LWPOLYLINE
  5
23D2
102
{ACAD_REACTORS
330
24B1
102
}
330
1F
100
AcDbEntity
  8
0
370
    50
100
AcDbPolyline
 90
        3
 70
     0
 43
0.0
 10
2505.24657454868
 20
3486.320088486849
 10
2505.24657454868
 20
3505.119120992252
 10
2506.767531871123
 20
3505.970857092821
  0
SPLINE
  5
23D3
102
{ACAD_REACTORS
330
24B1
102
}
330
1F
100
AcDbEntity
  8
0
370
    50
100
AcDbSpline
210
0.0
220
0.0
230
1.0
 70
     8
 71
     3
 72
     8
 73
     4
 74
     0
 42
0.000000001
 43
0.0000000001
 40
0.0
 40
0.0
 40
0.0
 40
0.0
 40
1.0
 40
1.0
 40
1.0
 40
1.0
 10
2505.276783472283
 20
3482.822677703595
 30
0.0
 10
2506.120287471754
 20
3482.335739811276
 30
0.0
 10
2506.804176518598
 20
3482.730552991672
 30
0.0
 10
2506.80429275857
 20
3483.704517823988
 30
0.0
  0
SPLINE
  5
23D4
102
{ACAD_REACTORS
330
24B1
102
}
330
1F
100
AcDbEntity
  8
0
370
    50
100
AcDbSpline
210
0.0
220
0.0
230
1.0
 70
     8
 71
     3
 72
     8
 73
     4
 74
     0
 42
0.000000001
 43
0.0000000001
 40
0.0
 40
0.0
 40
0.0
 40
0.0
 40
1.0
 40
1.0
 40
1.0
 40
1.0
 10
2506.80429275857
 20
3483.704517823988
 30
0.0
 10
2506.804408998544
 20
3484.678482656304
 30
0.0
 10
2506.120707917445
 20
3485.862778682613
 30
0.0
 10
2505.277203917975
 20
3486.349716574932
 30
0.0
  0
LWPOLYLINE
  5
23D5
102
{ACAD_REACTORS
330
24B1
102
}
330
1F
100
AcDbEntity
  8
0
370
    25
100
AcDbPolyline
 90
        2
 70
     0
 43
0.0
 10
2505.24657454868
 20
3482.852305791678
 10
2506.767531871123
 20
3483.704041892246
  0
LWPOLYLINE
  5
23D6
102
{ACAD_REACTORS
330
24B1
102
}
330
1F
100
AcDbEntity
  8
0
370
    50
100
AcDbPolyline
 90
        2
 70
     0
 43
0.0
 10
2505.003221377089
 20
3482.973982377474
 10
2505.24657454868
 20
3482.852305791678
  0
LWPOLYLINE
  5
23D7
102
{ACAD_REACTORS
330
24B1
102
}
330
1F
100
AcDbEntity
  8
0
370
    50
100
AcDbPolyline
 90
        2
 70
     0
 43
0.0
 10
2240.478323857699
 20
3608.422542332621
 10
2240.478323857699
 20
3608.118350868133
  0
LWPOLYLINE
  5
23D8
102
{ACAD_REACTORS
330
24B1
102
}
330
1F
100
AcDbEntity
  8
0
370
    25
100
AcDbPolyline
 90
        2
 70
     0
 43
0.0
 10
2240.478323857699
 20
3608.422542332621
 10
2241.999281180143
 20
3609.27427843319
  0
SPLINE
  5
23D9
102
{ACAD_REACTORS
330
24B1
102
}
330
1F
100
AcDbEntity
  8
0
370
    50
100
AcDbSpline
210
0.0
220
0.0
230
1.0
 70
     8
 71
     3
 72
     8
 73
     4
 74
     0
 42
0.000000001
 43
0.0000000001
 40
0.0
 40
0.0
 40
0.0
 40
0.0
 40
1.0
 40
1.0
 40
1.0
 40
1.0
 10
2243.556999390033
 20
3606.658707770328
 30
0.0
 10
2243.557115630006
 20
3607.632672602644
 30
0.0
 10
2242.873414548907
 20
3608.816968628953
 30
0.0
 10
2242.029910549437
 20
3609.303906521273
 30
0.0
  0
SPLINE
  5
23DA
102
{ACAD_REACTORS
330
24B1
102
}
330
1F
100
AcDbEntity
  8
0
370
    50
100
AcDbSpline
210
0.0
220
0.0
230
1.0
 70
     8
 71
     3
 72
     8
 73
     4
 74
     0
 42
0.000000001
 43
0.0000000001
 40
0.0
 40
0.0
 40
0.0
 40
0.0
 40
1.0
 40
1.0
 40
1.0
 40
1.0
 10
2242.029910549437
 20
3609.303906521273
 30
0.0
 10
2241.186406549967
 20
3609.790844413592
 30
0.0
 10
2240.502517503122
 20
3609.396031233196
 30
0.0
 10
2240.50240126315
 20
3608.422066400879
 30
0.0
  0
LWPOLYLINE
  5
23DB
102
{ACAD_REACTORS
330
24B1
102
}
330
1F
100
AcDbEntity
  8
0
370
    50
100
AcDbPolyline
 90
        3
 70
     0
 43
0.0
 10
2261.345858321625
 20
3598.140870832903
 10
2259.764062706284
 20
3597.289134732334
 10
2243.520238502586
 20
3606.658231838586
  0
SPLINE
  5
23DC
102
{ACAD_REACTORS
330
24B1
102
}
330
1F
100
AcDbEntity
  8
0
370
    50
100
AcDbSpline
210
0.0
220
0.0
230
1.0
 70
     8
 71
     3
 72
     8
 73
     4
 74
     0
 42
0.000000001
 43
0.0000000001
 40
0.0
 40
0.0
 40
0.0
 40
0.0
 40
1.0
 40
1.0
 40
1.0
 40
1.0
 10
2262.903576531515
 20
3595.525300170042
 30
0.0
 10
2262.903692771488
 20
3596.499265002357
 30
0.0
 10
2262.21999169039
 20
3597.683561028667
 30
0.0
 10
2261.376487690919
 20
3598.170498920986
 30
0.0
  0
SPLINE
  5
23DD
102
{ACAD_REACTORS
330
24B1
102
}
330
1F
100
AcDbEntity
  8
0
370
    50
100
AcDbSpline
210
0.0
220
0.0
230
1.0
 70
     8
 71
     3
 72
     8
 73
     4
 74
     0
 42
0.000000001
 43
0.0000000001
 40
0.0
 40
0.0
 40
0.0
 40
0.0
 40
1.0
 40
1.0
 40
1.0
 40
1.0
 10
2261.376487690919
 20
3598.170498920986
 30
0.0
 10
2260.532983691449
 20
3598.657436813304
 30
0.0
 10
2259.849094644605
 20
3598.262623632908
 30
0.0
 10
2259.848978404633
 20
3597.288658800592
 30
0.0
  0
LWPOLYLINE
  5
23DE
102
{ACAD_REACTORS
330
24B1
102
}
330
1F
100
AcDbEntity
  8
0
370
    50
100
AcDbPolyline
 90
        2
 70
     0
 43
0.0
 10
2262.866815644068
 20
3595.22063277381
 10
2262.866815644068
 20
3595.524824238299
  0
LWPOLYLINE
  5
23DF
102
{ACAD_REACTORS
330
24B1
102
}
330
1F
100
AcDbEntity
  8
0
370
    50
100
AcDbPolyline
 90
        2
 70
     0
 43
0.0
 10
2234.51617115372
 20
3664.941316434625
 10
2234.272817982129
 20
3665.06299302042
  0
SPLINE
  5
23E0
102
{ACAD_REACTORS
330
24B1
102
}
330
1F
100
AcDbEntity
  8
0
370
    50
100
AcDbSpline
210
0.0
220
0.0
230
1.0
 70
     8
 71
     3
 72
     8
 73
     4
 74
     0
 42
0.000000001
 43
0.0000000001
 40
0.0
 40
0.0
 40
0.0
 40
0.0
 40
1.0
 40
1.0
 40
1.0
 40
1.0
 10
2234.546380077323
 20
3661.443905651371
 30
0.0
 10
2235.389884076794
 20
3660.956967759052
 30
0.0
 10
2236.073773123638
 20
3661.351780939448
 30
0.0
 10
2236.073889363611
 20
3662.325745771763
 30
0.0
  0
SPLINE
  5
23E1
102
{ACAD_REACTORS
330
24B1
102
}
330
1F
100
AcDbEntity
  8
0
370
    50
100
AcDbSpline
210
0.0
220
0.0
230
1.0
 70
     8
 71
     3
 72
     8
 73
     4
 74
     0
 42
0.000000001
 43
0.0000000001
 40
0.0
 40
0.0
 40
0.0
 40
0.0
 40
1.0
 40
1.0
 40
1.0
 40
1.0
 10
2236.073889363611
 20
3662.325745771763
 30
0.0
 10
2236.074005603583
 20
3663.29971060408
 30
0.0
 10
2235.390304522485
 20
3664.484006630388
 30
0.0
 10
2234.546800523014
 20
3664.970944522708
 30
0.0
  0
LWPOLYLINE
  5
23E2
102
{ACAD_REACTORS
330
24B1
102
}
330
1F
100
AcDbEntity
  8
0
370
    50
100
AcDbPolyline
 90
        3
 70
     0
 43
0.0
 10
2234.51617115372
 20
3642.674501234051
 10
2234.51617115372
 20
3661.412695446557
 10
2236.037128476164
 20
3662.325269840022
  0
SPLINE
  5
23E3
102
{ACAD_REACTORS
330
24B1
102
}
330
1F
100
AcDbEntity
  8
0
370
    50
100
AcDbSpline
210
0.0
220
0.0
230
1.0
 70
     8
 71
     3
 72
     8
 73
     4
 74
     0
 42
0.000000001
 43
0.0000000001
 40
0.0
 40
0.0
 40
0.0
 40
0.0
 40
1.0
 40
1.0
 40
1.0
 40
1.0
 10
2234.546380077323
 20
3639.177090450797
 30
0.0
 10
2235.389884076794
 20
3638.690152558478
 30
0.0
 10
2236.073773123638
 20
3639.084965738874
 30
0.0
 10
2236.073889363611
 20
3640.058930571191
 30
0.0
  0
SPLINE
  5
23E4
102
{ACAD_REACTORS
330
24B1
102
}
330
1F
100
AcDbEntity
  8
0
370
    50
100
AcDbSpline
210
0.0
220
0.0
230
1.0
 70
     8
 71
     3
 72
     8
 73
     4
 74
     0
 42
0.000000001
 43
0.0000000001
 40
0.0
 40
0.0
 40
0.0
 40
0.0
 40
1.0
 40
1.0
 40
1.0
 40
1.0
 10
2236.073889363611
 20
3640.058930571191
 30
0.0
 10
2236.074005603583
 20
3641.032895403506
 30
0.0
 10
2235.390304522485
 20
3642.217191429814
 30
0.0
 10
2234.546800523014
 20
3642.704129322134
 30
0.0
  0
LWPOLYLINE
  5
23E5
102
{ACAD_REACTORS
330
24B1
102
}
330
1F
100
AcDbEntity
  8
0
370
    25
100
AcDbPolyline
 90
        2
 70
     0
 43
0.0
 10
2234.51617115372
 20
3639.145880245982
 10
2236.037128476164
 20
3639.99761634655
  0
LWPOLYLINE
  5
23E6
102
{ACAD_REACTORS
330
24B1
102
}
330
1F
100
AcDbEntity
  8
0
370
    50
100
AcDbPolyline
 90
        2
 70
     0
 43
0.0
 10
2234.272817982129
 20
3639.267556831777
 10
2234.51617115372
 20
3639.145880245982
  0
LWPOLYLINE
  5
23E7
102
{ACAD_REACTORS
330
24B1
102
}
330
1F
100
AcDbEntity
  8
0
370
    50
100
AcDbPolyline
 90
        2
 70
     0
 43
0.0
 10
2515.163216291012
 20
3428.402033648197
 10
2476.713415179638
 20
3450.608010555874
  0
LWPOLYLINE
  5
23E8
102
{ACAD_REACTORS
330
24B1
102
}
330
1F
100
AcDbEntity
  8
0
370
    50
100
AcDbPolyline
 90
        2
 70
     0
 43
0.0
 10
2473.123955898671
 20
3452.676512514397
 10
2465.519169286454
 20
3457.056869603035
  0
LWPOLYLINE
  5
23E9
102
{ACAD_REACTORS
330
24B1
102
}
330
1F
100
AcDbEntity
  8
0
370
    50
100
AcDbPolyline
 90
        2
 70
     0
 43
0.0
 10
2461.929710005487
 20
3459.125371561558
 10
2248.874008277588
 20
3582.140399800795
  0
LWPOLYLINE
  5
23EA
102
{ACAD_REACTORS
330
24B1
102
}
330
1F
100
AcDbEntity
  8
0
370
    50
100
AcDbPolyline
 90
        2
 70
     0
 43
0.0
 10
2245.284548996621
 20
3584.208901759319
 10
2237.7406006773
 20
3588.589258847957
  0
LWPOLYLINE
  5
23EB
102
{ACAD_REACTORS
330
24B1
102
}
330
1F
100
AcDbEntity
  8
0
370
    50
100
AcDbPolyline
 90
        3
 70
     0
 43
0.0
 10
2234.090303103436
 20
3590.65776080648
 10
2216.021330112806
 20
3601.121947184892
 10
2216.021330112806
 20
3642.491986355358
  0
LWPOLYLINE
  5
23EC
102
{ACAD_REACTORS
330
24B1
102
}
330
1F
100
AcDbEntity
  8
0
370
    50
100
AcDbPolyline
 90
        4
 70
     1
 43
0.0
 10
2523.31554753931
 20
3523.431447154473
 10
2515.163216291012
 20
3518.746898601347
 10
2515.163216291012
 20
3428.402033648197
 10
2523.31554753931
 20
3433.086582201323
  0
LWPOLYLINE
  5
23ED
102
{ACAD_REACTORS
330
24B1
102
}
330
1F
100
AcDbEntity
  8
0
370
    50
100
AcDbPolyline
 90
        2
 70
     0
 43
0.0
 10
2443.799898721959
 20
3559.93442289312
 10
2515.163216291012
 20
3518.746898601347
  0
LWPOLYLINE
  5
23EE
102
{ACAD_REACTORS
330
24B1
102
}
330
1F
100
AcDbEntity
  8
0
370
    50
100
AcDbPolyline
 90
        4
 70
     0
 43
0.0
 10
2408.270335669677
 20
3621.563613598534
 10
2443.799898721959
 20
3559.93442289312
 10
2451.952229970257
 20
3564.618971446245
 10
2523.31554753931
 20
3523.431447154473
  0
LWPOLYLINE
  5
23EF
102
{ACAD_REACTORS
330
24B1
102
}
330
1F
100
AcDbEntity
  8
0
370
    50
100
AcDbPolyline
 90
        4
 70
     0
 43
0.0
 10
2322.914210734142
 20
3670.842630845707
 10
2408.270335669677
 20
3621.563613598534
 10
2416.361828625077
 20
3626.24816215166
 10
2451.952229970257
 20
3564.618971446245
  0
LWPOLYLINE
  5
23F0
102
{ACAD_REACTORS
330
24B1
102
}
330
1F
100
AcDbEntity
  8
0
370
    50
100
AcDbPolyline
 90
        7
 70
     0
 43
0.0
 10
2295.476140637259
 20
3655.024674692293
 10
2224.112823068206
 20
3696.212198984066
 10
2216.021330112806
 20
3691.466812138042
 10
2287.323809388962
 20
3650.279287846269
 10
2322.914210734142
 20
3670.842630845707
 10
2331.005703689542
 20
3675.527179398834
 10
2416.361828625077
 20
3626.24816215166
  0
LWPOLYLINE
  5
23F3
102
{ACAD_REACTORS
330
24B1
102
}
330
1F
100
AcDbEntity
  8
0
370
    50
100
AcDbPolyline
 90
        2
 70
     0
 43
0.0
 10
2216.021330112806
 20
3646.628990272404
 10
2216.021330112806
 20
3655.38970444968
  0
LWPOLYLINE
  5
23F4
102
{ACAD_REACTORS
330
24B1
102
}
330
1F
100
AcDbEntity
  8
0
370
    50
100
AcDbPolyline
 90
        2
 70
     0
 43
0.0
 10
2216.021330112806
 20
3659.526708366726
 10
2216.021330112806
 20
3691.466812138042
  0
LWPOLYLINE
  5
23F5
102
{ACAD_REACTORS
330
24B1
102
}
330
1F
100
AcDbEntity
  8
0
370
    50
100
AcDbPolyline
 90
        2
 70
     0
 43
0.0
 10
2743.428491243347
 20
3646.142283929223
 10
2739.108972447608
 20
3648.63665393803
  0
LWPOLYLINE
  5
23F6
102
{ACAD_REACTORS
330
24B1
102
}
330
1F
100
AcDbEntity
  8
0
370
    50
100
AcDbPolyline
 90
        3
 70
     0
 43
0.0
 10
2744.949448565791
 20
3643.52623733462
 10
2743.428491243347
 20
3642.613662941154
 10
2743.428491243347
 20
3623.875468728648
  0
SPLINE
  5
23F7
102
{ACAD_REACTORS
330
24B1
102
}
330
1F
100
AcDbEntity
  8
0
370
    50
100
AcDbSpline
210
0.0
220
0.0
230
1.0
 70
     8
 71
     3
 72
     8
 73
     4
 74
     0
 42
0.000000001
 43
0.0000000001
 40
0.0
 40
0.0
 40
0.0
 40
0.0
 40
1.0
 40
1.0
 40
1.0
 40
1.0
 10
2743.458700166951
 20
3642.644873145968
 30
0.0
 10
2744.302204166421
 20
3642.157935253649
 30
0.0
 10
2744.986093213265
 20
3642.552748434046
 30
0.0
 10
2744.986209453238
 20
3643.526713266361
 30
0.0
  0
SPLINE
  5
23F8
102
{ACAD_REACTORS
330
24B1
102
}
330
1F
100
AcDbEntity
  8
0
370
    50
100
AcDbSpline
210
0.0
220
0.0
230
1.0
 70
     8
 71
     3
 72
     8
 73
     4
 74
     0
 42
0.000000001
 43
0.0000000001
 40
0.0
 40
0.0
 40
0.0
 40
0.0
 40
1.0
 40
1.0
 40
1.0
 40
1.0
 10
2744.986209453238
 20
3643.526713266361
 30
0.0
 10
2744.98632569321
 20
3644.500678098677
 30
0.0
 10
2744.302624612112
 20
3645.684974124986
 30
0.0
 10
2743.459120612642
 20
3646.171912017305
 30
0.0
  0
LWPOLYLINE
  5
23FA
102
{ACAD_REACTORS
330
24B1
102
}
330
1F
100
AcDbEntity
  8
0
370
    25
100
AcDbPolyline
 90
        2
 70
     0
 43
0.0
 10
2744.949448565791
 20
3621.198583841148
 10
2743.428491243347
 20
3620.346847740579
  0
SPLINE
  5
23FB
102
{ACAD_REACTORS
330
24B1
102
}
330
1F
100
AcDbEntity
  8
0
370
    50
100
AcDbSpline
210
0.0
220
0.0
230
1.0
 70
     8
 71
     3
 72
     8
 73
     4
 74
     0
 42
0.000000001
 43
0.0000000001
 40
0.0
 40
0.0
 40
0.0
 40
0.0
 40
1.0
 40
1.0
 40
1.0
 40
1.0
 10
2743.458700166951
 20
3620.378057945394
 30
0.0
 10
2744.302204166421
 20
3619.891120053075
 30
0.0
 10
2744.986093213265
 20
3620.285933233471
 30
0.0
 10
2744.986209453238
 20
3621.259898065787
 30
0.0
  0
SPLINE
  5
23FC
102
{ACAD_REACTORS
330
24B1
102
}
330
1F
100
AcDbEntity
  8
0
370
    50
100
AcDbSpline
210
0.0
220
0.0
230
1.0
 70
     8
 71
     3
 72
     8
 73
     4
 74
     0
 42
0.000000001
 43
0.0000000001
 40
0.0
 40
0.0
 40
0.0
 40
0.0
 40
1.0
 40
1.0
 40
1.0
 40
1.0
 10
2744.986209453238
 20
3621.259898065787
 30
0.0
 10
2744.98632569321
 20
3622.233862898103
 30
0.0
 10
2744.302624612112
 20
3623.418158924412
 30
0.0
 10
2743.459120612642
 20
3623.905096816731
 30
0.0
  0
LWPOLYLINE
  5
23FD
102
{ACAD_REACTORS
330
24B1
102
}
330
1F
100
AcDbEntity
  8
0
370
    50
100
AcDbPolyline
 90
        2
 70
     0
 43
0.0
 10
2742.150887092495
 20
3621.076907255351
 10
2743.428491243347
 20
3620.346847740579
  0
LWPOLYLINE
  5
23FE
102
{ACAD_REACTORS
330
24B1
102
}
330
1F
100
AcDbEntity
  8
0
370
    50
100
AcDbPolyline
 90
        2
 70
     0
 43
0.0
 10
2472.758926141285
 20
3802.496696676424
 10
2468.439407345545
 20
3804.930228392333
  0
SPLINE
  5
23FF
102
{ACAD_REACTORS
330
24B1
102
}
330
1F
100
AcDbEntity
  8
0
370
    50
100
AcDbSpline
210
0.0
220
0.0
230
1.0
 70
     8
 71
     3
 72
     8
 73
     4
 74
     0
 42
0.000000001
 43
0.0000000001
 40
0.0
 40
0.0
 40
0.0
 40
0.0
 40
1.0
 40
1.0
 40
1.0
 40
1.0
 10
2474.307712836892
 20
3800.076976731458
 30
0.0
 10
2474.223525849358
 20
3801.020523372091
 30
0.0
 10
2473.569143448683
 20
3802.076284498589
 30
0.0
 10
2472.78955551058
 20
3802.526324764507
 30
0.0
  0
LWPOLYLINE
  5
2400
102
{ACAD_REACTORS
330
24B1
102
}
330
1F
100
AcDbEntity
  8
0
370
    50
100
AcDbPolyline
 90
        7
 70
     0
 43
0.0
 10
2753.34513298568
 20
3587.068301525512
 10
2753.34513298568
 20
3668.04406937241
 10
2761.497464233977
 20
3672.728617925537
 10
2761.497464233977
 20
3591.75285007864
 10
2753.34513298568
 20
3587.068301525512
 10
2743.185138071757
 20
3592.908777643696
 10
2531.40704049471
 20
3470.684647212129
  0
LWPOLYLINE
  5
2401
102
{ACAD_REACTORS
330
24B1
102
}
330
1F
100
AcDbEntity
  8
0
370
    50
100
AcDbPolyline
 90
        4
 70
     0
 43
0.0
 10
2761.497464233977
 20
3672.728617925537
 10
2462.294739762873
 20
3845.448531462231
 10
2454.203246807474
 20
3840.763982909106
 10
2753.34513298568
 20
3668.04406937241
  0
LWPOLYLINE
  5
2402
102
{ACAD_REACTORS
330
24B1
102
}
330
1F
100
AcDbEntity
  8
0
370
    50
100
AcDbPolyline
 90
        2
 70
     0
 43
0.0
 10
2454.203246807474
 20
3829.02219237984
 10
2454.203246807474
 20
3840.763982909106
  0
LWPOLYLINE
  5
2403
102
{ACAD_REACTORS
330
24B1
102
}
330
1F
100
AcDbEntity
  8
0
370
    25
100
AcDbPolyline
 90
        2
 70
     0
 43
0.0
 10
2730.469934856128
 20
3640.727675861324
 10
2733.025143157834
 20
3639.267556831777
  0
LWPOLYLINE
  5
2404
102
{ACAD_REACTORS
330
24B1
102
}
330
1F
100
AcDbEntity
  8
0
370
    50
100
AcDbPolyline
 90
        2
 70
     0
 43
0.0
 10
2733.025143157834
 20
3639.267556831777
 10
2744.097712465222
 20
3645.655577586041
  0
SPLINE
  5
2405
102
{ACAD_REACTORS
330
24B1
102
}
330
1F
100
AcDbEntity
  8
0
370
    50
100
AcDbSpline
210
0.0
220
0.0
230
1.0
 70
     8
 71
     3
 72
     8
 73
     4
 74
     0
 42
0.000000001
 43
0.0000000001
 40
0.0
 40
0.0
 40
0.0
 40
0.0
 40
1.0
 40
1.0
 40
1.0
 40
1.0
 10
2733.049962816387
 20
3645.177001012748
 30
0.0
 10
2731.633304669135
 20
3644.362538758959
 30
0.0
 10
2730.487383190254
 20
3642.377591987013
 30
0.0
 10
2730.490476023466
 20
3640.743499118354
 30
0.0
  0
SPLINE
  5
2406
102
{ACAD_REACTORS
330
24B1
102
}
330
1F
100
AcDbEntity
  8
0
370
    50
100
AcDbSpline
210
0.0
220
0.0
230
1.0
 70
     8
 71
     3
 72
     8
 73
     4
 74
     0
 42
0.000000001
 43
0.0000000001
 40
0.0
 40
0.0
 40
0.0
 40
0.0
 40
1.0
 40
1.0
 40
1.0
 40
1.0
 10
2730.490476023466
 20
3640.743499118354
 30
0.0
 10
2730.493568025621
 20
3639.109406026984
 30
0.0
 10
2731.644503867637
 20
3638.44496397704
 30
0.0
 10
2733.061161792177
 20
3639.259427061887
 30
0.0
  0
LWPOLYLINE
  5
2407
102
{ACAD_REACTORS
330
24B1
102
}
330
1F
100
AcDbEntity
  8
0
370
    50
100
AcDbPolyline
 90
        7
 70
     0
 43
0.0
 10
2743.185138071757
 20
3673.884545490594
 10
2521.247045580787
 20
3545.759100647945
 10
2513.155552625387
 20
3550.443649201071
 10
2735.032806823459
 20
3678.56909404372
 10
2743.185138071757
 20
3673.884545490594
 10
2743.185138071757
 20
3651.009347361042
 10
2733.025143157834
 20
3645.168871242859
  0
SPLINE
  5
2409
102
{ACAD_REACTORS
330
24B1
102
}
330
1F
100
AcDbEntity
  8
0
370
    50
100
AcDbSpline
210
0.0
220
0.0
230
1.0
 70
     8
 71
     3
 72
     8
 73
     4
 74
     0
 42
0.000000001
 43
0.0000000001
 40
0.0
 40
0.0
 40
0.0
 40
0.0
 40
1.0
 40
1.0
 40
1.0
 40
1.0
 10
2531.451174534062
 20
3522.880453206569
 30
0.0
 10
2532.864647630757
 20
3523.698248394302
 30
0.0
 10
2534.005631737854
 20
3525.678835937144
 30
0.0
 10
2534.002545921975
 20
3527.309274642899
 30
0.0
  0
SPLINE
  5
240A
102
{ACAD_REACTORS
330
24B1
102
}
330
1F
100
AcDbEntity
  8
0
370
    50
100
AcDbSpline
210
0.0
220
0.0
230
1.0
 70
     8
 71
     3
 72
     8
 73
     4
 74
     0
 42
0.000000001
 43
0.0000000001
 40
0.0
 40
0.0
 40
0.0
 40
0.0
 40
1.0
 40
1.0
 40
1.0
 40
1.0
 10
2534.002545921975
 20
3527.309274642899
 30
0.0
 10
2533.999460632979
 20
3528.939713044481
 30
0.0
 10
2532.853467978765
 20
3529.605476230959
 30
0.0
 10
2531.439975428212
 20
3528.797997728149
 30
0.0
  0
LWPOLYLINE
  5
240B
102
{ACAD_REACTORS
330
24B1
102
}
330
1F
100
AcDbEntity
  8
0
370
    50
100
AcDbPolyline
 90
        7
 70
     0
 43
0.0
 10
2505.003221377089
 20
3511.142111989129
 10
2502.326336489588
 20
3509.560316373788
 10
2494.174005241291
 20
3514.305703219811
 10
2496.850890128792
 20
3515.826660542256
 10
2505.003221377089
 20
3511.142111989129
 10
2505.003221377089
 20
3507.613491001059
 10
2505.854957477658
 20
3508.100197344242
  0
LWPOLYLINE
  5
240D
102
{ACAD_REACTORS
330
24B1
102
}
330
1F
100
AcDbEntity
  8
0
370
    50
100
AcDbPolyline
 90
        2
 70
     0
 43
0.0
 10
2487.299278143846
 20
3504.328223184582
 10
2494.174005241291
 20
3514.305703219811
  0
LWPOLYLINE
  5
240E
102
{ACAD_REACTORS
330
24B1
102
}
330
1F
100
AcDbEntity
  8
0
370
    25
100
AcDbPolyline
 90
        2
 70
     0
 43
0.0
 10
2487.299278143846
 20
3504.328223184582
 10
2495.451609392143
 20
3499.643674631456
  0
LWPOLYLINE
  5
240F
102
{ACAD_REACTORS
330
24B1
102
}
330
1F
100
AcDbEntity
  8
0
370
    50
100
AcDbPolyline
 90
        2
 70
     0
 43
0.0
 10
2495.451609392143
 20
3499.643674631456
 10
2502.326336489588
 20
3509.560316373788
  0
SPLINE
  5
2410
102
{ACAD_REACTORS
330
24B1
102
}
330
1F
100
AcDbEntity
  8
0
370
    50
100
AcDbSpline
210
0.0
220
0.0
230
1.0
 70
     8
 71
     3
 72
     8
 73
     4
 74
     0
 42
0.000000001
 43
0.0000000001
 40
0.0
 40
0.0
 40
0.0
 40
0.0
 40
1.0
 40
1.0
 40
1.0
 40
1.0
 10
2487.395601193872
 20
3504.323350387907
 30
0.0
 10
2486.696992030426
 20
3503.308358530796
 30
0.0
 10
2486.260297608483
 20
3502.126703567471
 30
0.0
 10
2486.198115256672
 20
3501.083065096584
 30
0.0
  0
SPLINE
  5
2411
102
{ACAD_REACTORS
330
24B1
102
}
330
1F
100
AcDbEntity
  8
0
370
    50
100
AcDbSpline
210
0.0
220
0.0
230
1.0
 70
     8
 71
     3
 72
     8
 73
     4
 74
     0
 42
0.000000001
 43
0.0000000001
 40
0.0
 40
0.0
 40
0.0
 40
0.0
 40
1.0
 40
1.0
 40
1.0
 40
1.0
 10
2486.198115256672
 20
3501.083065096584
 30
0.0
 10
2486.135932904861
 20
3500.039426625698
 30
0.0
 10
2486.454349552043
 20
3499.235947874977
 30
0.0
 10
2487.071263218468
 20
3498.879799976724
 30
0.0
  0
SPLINE
  5
2412
102
{ACAD_REACTORS
330
24B1
102
}
330
1F
100
AcDbEntity
  8
0
370
    50
100
AcDbSpline
210
0.0
220
0.0
230
1.0
 70
     8
 71
     3
 72
     8
 73
     4
 74
     0
 42
0.000000001
 43
0.0000000001
 40
0.0
 40
0.0
 40
0.0
 40
0.0
 40
1.0
 40
1.0
 40
1.0
 40
1.0
 10
2495.487094149272
 20
3499.638801834781
 30
0.0
 10
2494.448981335811
 20
3498.130553799406
 30
0.0
 10
2494.026272702333
 20
3496.31641820752
 30
0.0
 10
2494.436997251385
 20
3495.132104716769
 30
0.0
  0
SPLINE
  5
2413
102
{ACAD_REACTORS
330
24B1
102
}
330
1F
100
AcDbEntity
  8
0
370
    50
100
AcDbSpline
210
0.0
220
0.0
230
1.0
 70
     8
 71
     3
 72
     8
 73
     4
 74
     0
 42
0.000000001
 43
0.0000000001
 40
0.0
 40
0.0
 40
0.0
 40
0.0
 40
1.0
 40
1.0
 40
1.0
 40
1.0
 10
2494.436997251385
 20
3495.132104716769
 30
0.0
 10
2494.847721496264
 20
3493.947790699135
 30
0.0
 10
2496.000089198676
 20
3493.657969319753
 30
0.0
 10
2497.299723833046
 20
3494.412126438595
 30
0.0
  0
LWPOLYLINE
  5
2414
102
{ACAD_REACTORS
330
24B1
102
}
330
1F
100
AcDbEntity
  8
0
370
    50
100
AcDbPolyline
 90
        2
 70
     0
 43
0.0
 10
2505.24657454868
 20
3498.97445340958
 10
2497.276758179076
 20
3494.350743149352
  0
SPLINE
  5
2415
102
{ACAD_REACTORS
330
24B1
102
}
330
1F
100
AcDbEntity
  8
0
370
    50
100
AcDbSpline
210
0.0
220
0.0
230
1.0
 70
     8
 71
     3
 72
     8
 73
     4
 74
     0
 42
0.000000001
 43
0.0000000001
 40
0.0
 40
0.0
 40
0.0
 40
0.0
 40
1.0
 40
1.0
 40
1.0
 40
1.0
 10
2531.451174534062
 20
3508.218424618212
 30
0.0
 10
2532.864647630757
 20
3509.036219805946
 30
0.0
 10
2534.005631737854
 20
3511.016807348787
 30
0.0
 10
2534.002545921975
 20
3512.647246054542
 30
0.0
  0
SPLINE
  5
2416
102
{ACAD_REACTORS
330
24B1
102
}
330
1F
100
AcDbEntity
  8
0
370
    50
100
AcDbSpline
210
0.0
220
0.0
230
1.0
 70
     8
 71
     3
 72
     8
 73
     4
 74
     0
 42
0.000000001
 43
0.0000000001
 40
0.0
 40
0.0
 40
0.0
 40
0.0
 40
1.0
 40
1.0
 40
1.0
 40
1.0
 10
2534.002545921975
 20
3512.647246054542
 30
0.0
 10
2533.999460632979
 20
3514.277684456124
 30
0.0
 10
2532.853467978765
 20
3514.943447642603
 30
0.0
 10
2531.439975428212
 20
3514.135969139792
 30
0.0
  0
LWPOLYLINE
  5
2417
102
{ACAD_REACTORS
330
24B1
102
}
330
1F
100
AcDbEntity
  8
0
370
    50
100
AcDbPolyline
 90
        2
 70
     0
 43
0.0
 10
2489.185265223676
 20
3493.194815584295
 10
2492.957239383336
 20
3495.384994128614
  0
LWPOLYLINE
  5
2418
102
{ACAD_REACTORS
330
24B1
102
}
330
1F
100
AcDbEntity
  8
0
370
    25
100
AcDbPolyline
 90
        2
 70
     0
 43
0.0
 10
2489.185265223676
 20
3493.194815584295
 10
2497.276758179076
 20
3488.510267031168
  0
LWPOLYLINE
  5
2419
102
{ACAD_REACTORS
330
24B1
102
}
330
1F
100
AcDbEntity
  8
0
370
    50
100
AcDbPolyline
 90
        2
 70
     0
 43
0.0
 10
2497.276758179076
 20
3488.510267031168
 10
2505.24657454868
 20
3493.073138998499
  0
SPLINE
  5
241A
102
{ACAD_REACTORS
330
24B1
102
}
330
1F
100
AcDbEntity
  8
0
370
    50
100
AcDbSpline
210
0.0
220
0.0
230
1.0
 70
     8
 71
     3
 72
     8
 73
     4
 74
     0
 42
0.000000001
 43
0.0000000001
 40
0.0
 40
0.0
 40
0.0
 40
0.0
 40
1.0
 40
1.0
 40
1.0
 40
1.0
 10
2489.223137862604
 20
3493.194270587949
 30
0.0
 10
2487.999552205344
 20
3492.484243251521
 30
0.0
 10
2486.894633052889
 20
3490.991952729344
 30
0.0
 10
2486.423601978551
 20
3489.413252606334
 30
0.0
  0
SPLINE
  5
241B
102
{ACAD_REACTORS
330
24B1
102
}
330
1F
100
AcDbEntity
  8
0
370
    50
100
AcDbSpline
210
0.0
220
0.0
230
1.0
 70
     8
 71
     3
 72
     8
 73
     4
 74
     0
 42
0.000000001
 43
0.0000000001
 40
0.0
 40
0.0
 40
0.0
 40
0.0
 40
1.0
 40
1.0
 40
1.0
 40
1.0
 10
2486.423601978551
 20
3489.413252606334
 30
0.0
 10
2485.95257060004
 20
3487.83455195644
 30
0.0
 10
2486.208189369757
 20
3486.480339505769
 30
0.0
 10
2487.071263218468
 20
3485.982081882402
 30
0.0
  0
SPLINE
  5
241C
102
{ACAD_REACTORS
330
24B1
102
}
330
1F
100
AcDbEntity
  8
0
370
    50
100
AcDbSpline
210
0.0
220
0.0
230
1.0
 70
     8
 71
     3
 72
     8
 73
     4
 74
     0
 42
0.000000001
 43
0.0000000001
 40
0.0
 40
0.0
 40
0.0
 40
0.0
 40
1.0
 40
1.0
 40
1.0
 40
1.0
 10
2497.314630818004
 20
3488.509722034824
 30
0.0
 10
2496.014996710519
 20
3487.755564611808
 30
0.0
 10
2494.858538377107
 20
3486.125967911338
 30
0.0
 10
2494.441743172512
 20
3484.46145761657
 30
0.0
  0
SPLINE
  5
241D
102
{ACAD_REACTORS
330
24B1
102
}
330
1F
100
AcDbEntity
  8
0
370
    50
100
AcDbSpline
210
0.0
220
0.0
230
1.0
 70
     8
 71
     3
 72
     8
 73
     4
 74
     0
 42
0.000000001
 43
0.0000000001
 40
0.0
 40
0.0
 40
0.0
 40
0.0
 40
1.0
 40
1.0
 40
1.0
 40
1.0
 10
2494.441743172512
 20
3484.46145761657
 30
0.0
 10
2494.024948272091
 20
3482.796947848689
 30
0.0
 10
2494.440961203022
 20
3481.469509358934
 30
0.0
 10
2495.475208899249
 20
3481.163819305197
 30
0.0
  0
LWPOLYLINE
  5
241E
102
{ACAD_REACTORS
330
24B1
102
}
330
1F
100
AcDbEntity
  8
0
370
    50
100
AcDbPolyline
 90
        5
 70
     0
 43
0.0
 10
2506.463340406635
 20
3484.981646043099
 10
2505.003221377089
 20
3484.129909942531
 10
2505.003221377089
 20
3480.601288954461
 10
2502.326336489588
 20
3479.080331632018
 10
2495.451609392143
 20
3481.087995297644
  0
SPLINE
  5
241F
102
{ACAD_REACTORS
330
24B1
102
}
330
1F
100
AcDbEntity
  8
0
370
    50
100
AcDbSpline
210
0.0
220
0.0
230
1.0
 70
     8
 71
     3
 72
     8
 73
     4
 74
     0
 42
0.000000001
 43
0.0000000001
 40
0.0
 40
0.0
 40
0.0
 40
0.0
 40
1.0
 40
1.0
 40
1.0
 40
1.0
 10
2531.451174534062
 20
3493.556396029857
 30
0.0
 10
2532.864647630757
 20
3494.37419121759
 30
0.0
 10
2534.005631737854
 20
3496.35477876043
 30
0.0
 10
2534.002545921975
 20
3497.985217466187
 30
0.0
  0
SPLINE
  5
2420
102
{ACAD_REACTORS
330
24B1
102
}
330
1F
100
AcDbEntity
  8
0
370
    50
100
AcDbSpline
210
0.0
220
0.0
230
1.0
 70
     8
 71
     3
 72
     8
 73
     4
 74
     0
 42
0.000000001
 43
0.0000000001
 40
0.0
 40
0.0
 40
0.0
 40
0.0
 40
1.0
 40
1.0
 40
1.0
 40
1.0
 10
2534.002545921975
 20
3497.985217466187
 30
0.0
 10
2533.999460632979
 20
3499.615655867768
 30
0.0
 10
2532.853467978765
 20
3500.281419054246
 30
0.0
 10
2531.439975428212
 20
3499.473940551436
 30
0.0
  0
LWPOLYLINE
  5
2422
102
{ACAD_REACTORS
330
24B1
102
}
330
1F
100
AcDbEntity
  8
0
370
    50
100
AcDbPolyline
 90
        3
 70
     0
 43
0.0
 10
2738.074721468346
 20
3618.765052125238
 10
2743.185138071757
 20
3615.783975773248
 10
2743.185138071757
 20
3592.908777643696
  0
LWPOLYLINE
  5
2423
102
{ACAD_REACTORS
330
24B1
102
}
330
1F
100
AcDbEntity
  8
0
370
    25
100
AcDbPolyline
 90
        2
 70
     0
 43
0.0
 10
2730.469934856128
 20
3611.403618684611
 10
2733.025143157834
 20
3609.943499655066
  0
LWPOLYLINE
  5
2424
102
{ACAD_REACTORS
330
24B1
102
}
330
1F
100
AcDbEntity
  8
0
370
    50
100
AcDbPolyline
 90
        2
 70
     0
 43
0.0
 10
2733.025143157834
 20
3609.943499655066
 10
2743.185138071757
 20
3615.783975773248
  0
SPLINE
  5
2425
102
{ACAD_REACTORS
330
24B1
102
}
330
1F
100
AcDbEntity
  8
0
370
    50
100
AcDbSpline
210
0.0
220
0.0
230
1.0
 70
     8
 71
     3
 72
     8
 73
     4
 74
     0
 42
0.000000001
 43
0.0000000001
 40
0.0
 40
0.0
 40
0.0
 40
0.0
 40
1.0
 40
1.0
 40
1.0
 40
1.0
 10
2733.049962816387
 20
3615.852943836037
 30
0.0
 10
2731.633304669135
 20
3615.038481582246
 30
0.0
 10
2730.487383190254
 20
3613.0535348103
 30
0.0
 10
2730.490476023466
 20
3611.419441941641
 30
0.0
  0
SPLINE
  5
2426
102
{ACAD_REACTORS
330
24B1
102
}
330
1F
100
AcDbEntity
  8
0
370
    50
100
AcDbSpline
210
0.0
220
0.0
230
1.0
 70
     8
 71
     3
 72
     8
 73
     4
 74
     0
 42
0.000000001
 43
0.0000000001
 40
0.0
 40
0.0
 40
0.0
 40
0.0
 40
1.0
 40
1.0
 40
1.0
 40
1.0
 10
2730.490476023466
 20
3611.419441941641
 30
0.0
 10
2730.493568025621
 20
3609.785348850271
 30
0.0
 10
2731.644503867637
 20
3609.120906800328
 30
0.0
 10
2733.061161792177
 20
3609.935369885175
 30
0.0
  0
LWPOLYLINE
  5
2427
102
{ACAD_REACTORS
330
24B1
102
}
330
1F
100
AcDbEntity
  8
0
370
    50
100
AcDbPolyline
 90
        2
 70
     0
 43
0.0
 10
2744.645257101303
 20
3622.537026284898
 10
2733.025143157834
 20
3615.783975773248
  0
SPLINE
  5
2428
102
{ACAD_REACTORS
330
24B1
102
}
330
1F
100
AcDbEntity
  8
0
370
    50
100
AcDbSpline
210
0.0
220
0.0
230
1.0
 70
     8
 71
     3
 72
     8
 73
     4
 74
     0
 42
0.000000001
 43
0.0000000001
 40
0.0
 40
0.0
 40
0.0
 40
0.0
 40
1.0
 40
1.0
 40
1.0
 40
1.0
 10
2769.632092289628
 20
3640.190166093542
 30
0.0
 10
2770.400830426794
 20
3641.858487655554
 30
0.0
 10
2770.404355727873
 20
3643.512635191967
 30
0.0
 10
2769.640833127442
 20
3644.291809693936
 30
0.0
  0
LWPOLYLINE
  5
2429
102
{ACAD_REACTORS
330
24B1
102
}
330
1F
100
AcDbEntity
  8
0
370
    25
100
AcDbPolyline
 90
        2
 70
     0
 43
0.0
 10
2730.469934856128
 20
3626.065647272967
 10
2733.025143157834
 20
3624.605528243421
  0
LWPOLYLINE
  5
242A
102
{ACAD_REACTORS
330
24B1
102
}
330
1F
100
AcDbEntity
  8
0
370
    50
100
AcDbPolyline
 90
        2
 70
     0
 43
0.0
 10
2733.025143157834
 20
3624.605528243421
 10
2743.428491243347
 20
3630.628519240298
  0
SPLINE
  5
242B
102
{ACAD_REACTORS
330
24B1
102
}
330
1F
100
AcDbEntity
  8
0
370
    50
100
AcDbSpline
210
0.0
220
0.0
230
1.0
 70
     8
 71
     3
 72
     8
 73
     4
 74
     0
 42
0.000000001
 43
0.0000000001
 40
0.0
 40
0.0
 40
0.0
 40
0.0
 40
1.0
 40
1.0
 40
1.0
 40
1.0
 10
2733.049962816387
 20
3630.514972424393
 30
0.0
 10
2731.633304669135
 20
3629.700510170604
 30
0.0
 10
2730.487383190254
 20
3627.715563398657
 30
0.0
 10
2730.490476023466
 20
3626.081470529997
 30
0.0
  0
SPLINE
  5
242C
102
{ACAD_REACTORS
330
24B1
102
}
330
1F
100
AcDbEntity
  8
0
370
    50
100
AcDbSpline
210
0.0
220
0.0
230
1.0
 70
     8
 71
     3
 72
     8
 73
     4
 74
     0
 42
0.000000001
 43
0.0000000001
 40
0.0
 40
0.0
 40
0.0
 40
0.0
 40
1.0
 40
1.0
 40
1.0
 40
1.0
 10
2730.490476023466
 20
3626.081470529997
 30
0.0
 10
2730.493568025621
 20
3624.447377438627
 30
0.0
 10
2731.644503867637
 20
3623.782935388684
 30
0.0
 10
2733.061161792177
 20
3624.59739847353
 30
0.0
  0
LWPOLYLINE
  5
242D
102
{ACAD_REACTORS
330
24B1
102
}
330
1F
100
AcDbEntity
  8
0
370
    50
100
AcDbPolyline
 90
        2
 70
     0
 43
0.0
 10
2743.428491243347
 20
3636.468995358482
 10
2733.025143157834
 20
3630.446004361605
  0
SPLINE
  5
242E
102
{ACAD_REACTORS
330
24B1
102
}
330
1F
100
AcDbEntity
  8
0
370
    50
100
AcDbSpline
210
0.0
220
0.0
230
1.0
 70
     8
 71
     3
 72
     8
 73
     4
 74
     0
 42
0.000000001
 43
0.0000000001
 40
0.0
 40
0.0
 40
0.0
 40
0.0
 40
1.0
 40
1.0
 40
1.0
 40
1.0
 10
2769.632092289628
 20
3653.087884187864
 30
0.0
 10
2770.400830426794
 20
3654.756205749875
 30
0.0
 10
2770.404355727873
 20
3656.410353286288
 30
0.0
 10
2769.640833127442
 20
3657.189527788258
 30
0.0
  0
LWPOLYLINE
  5
242F
102
{ACAD_REACTORS
330
24B1
102
}
330
1F
100
AcDbEntity
  8
0
370
    50
100
AcDbPolyline
 90
        2
 70
     0
 43
0.0
 10
2495.147417927655
 20
3494.168228270658
 10
2486.995086679357
 20
3498.852776823785
  0
LWPOLYLINE
  5
2430
102
{ACAD_REACTORS
330
24B1
102
}
330
1F
100
AcDbEntity
  8
0
370
    50
100
AcDbPolyline
 90
        2
 70
     0
 43
0.0
 10
2495.147417927655
 20
3481.270510176337
 10
2486.995086679357
 20
3485.955058729463
  0
LWPOLYLINE
  5
2431
102
{ACAD_REACTORS
330
24B1
102
}
330
1F
100
AcDbEntity
  8
0
370
    50
100
AcDbPolyline
 90
        2
 70
     0
 43
0.0
 10
2591.576112170579
 20
3776.032039265906
 10
2647.364826757809
 20
3743.787744030101
  0
LWPOLYLINE
  5
2432
102
{ACAD_REACTORS
330
24B1
102
}
330
1F
100
AcDbEntity
  8
0
370
    25
100
AcDbPolyline
 90
        2
 70
     0
 43
0.0
 10
2591.576112170579
 20
3776.032039265906
 10
2587.074078496146
 20
3773.415992671303
  0
LWPOLYLINE
  5
2433
102
{ACAD_REACTORS
330
24B1
102
}
330
1F
100
AcDbEntity
  8
0
370
    25
100
AcDbPolyline
 90
        2
 70
     0
 43
0.0
 10
2647.486503343605
 20
3742.570978172147
 10
2643.957882355536
 20
3740.563314506522
  0
SPLINE
  5
2434
102
{ACAD_REACTORS
330
24B1
102
}
330
1F
100
AcDbEntity
  8
0
370
    50
100
AcDbSpline
210
0.0
220
0.0
230
1.0
 70
     8
 71
     3
 72
     8
 73
     4
 74
     0
 42
0.000000001
 43
0.0000000001
 40
0.0
 40
0.0
 40
0.0
 40
0.0
 40
1.0
 40
1.0
 40
1.0
 40
1.0
 10
2584.562150967008
 20
3787.171193886376
 30
0.0
 10
2585.06835997574
 20
3782.834931565555
 30
0.0
 10
2588.069974821876
 20
3778.099703403043
 30
0.0
 10
2591.60817562565
 20
3776.055665001348
 30
0.0
  0
SPLINE
  5
2435
102
{ACAD_REACTORS
330
24B1
102
}
330
1F
100
AcDbEntity
  8
0
370
    50
100
AcDbSpline
210
0.0
220
0.0
230
1.0
 70
     8
 71
     3
 72
     8
 73
     4
 74
     0
 42
0.000000001
 43
0.0000000001
 40
0.0
 40
0.0
 40
0.0
 40
0.0
 40
1.0
 40
1.0
 40
1.0
 40
1.0
 10
2583.452555760108
 20
3787.811042352625
 30
0.0
 10
2580.920446382777
 20
3789.273857595639
 30
0.0
 10
2578.579296711556
 20
3789.072942424685
 30
0.0
 10
2577.304473442782
 20
3787.283421318856
 30
0.0
  0
SPLINE
  5
2436
102
{ACAD_REACTORS
330
24B1
102
}
330
1F
100
AcDbEntity
  8
0
370
    50
100
AcDbSpline
210
0.0
220
0.0
230
1.0
 70
     8
 71
     3
 72
     8
 73
     4
 74
     0
 42
0.000000001
 43
0.0000000001
 40
0.0
 40
0.0
 40
0.0
 40
0.0
 40
1.0
 40
1.0
 40
1.0
 40
1.0
 10
2577.304473442782
 20
3787.283421318856
 30
0.0
 10
2576.02964956566
 20
3785.493901266796
 30
0.0
 10
2576.013121025218
 20
3782.385249979574
 30
0.0
 10
2577.261068405872
 20
3779.119806935916
 30
0.0
  0
LWPOLYLINE
  5
2437
102
{ACAD_REACTORS
330
24B1
102
}
330
1F
100
AcDbEntity
  8
0
370
    50
100
AcDbPolyline
 90
        2
 70
     0
 43
0.0
 10
2640.368423074569
 20
3754.921151630389
 10
2583.423780922281
 20
3787.77382979517
  0
SPLINE
  5
2438
102
{ACAD_REACTORS
330
24B1
102
}
330
1F
100
AcDbEntity
  8
0
370
    50
100
AcDbSpline
210
0.0
220
0.0
230
1.0
 70
     8
 71
     3
 72
     8
 73
     4
 74
     0
 42
0.000000001
 43
0.0000000001
 40
0.0
 40
0.0
 40
0.0
 40
0.0
 40
1.0
 40
1.0
 40
1.0
 40
1.0
 10
2646.593593089463
 20
3739.110578459619
 30
0.0
 10
2647.840523088556
 20
3740.93471673162
 30
0.0
 10
2647.822747159459
 20
3744.06318540193
 30
0.0
 10
2646.546912962278
 20
3747.326235405623
 30
0.0
  0
SPLINE
  5
2439
102
{ACAD_REACTORS
330
24B1
102
}
330
1F
100
AcDbEntity
  8
0
370
    50
100
AcDbSpline
210
0.0
220
0.0
230
1.0
 70
     8
 71
     3
 72
     8
 73
     4
 74
     0
 42
0.000000001
 43
0.0000000001
 40
0.0
 40
0.0
 40
0.0
 40
0.0
 40
1.0
 40
1.0
 40
1.0
 40
1.0
 10
2646.546912962278
 20
3747.326235405623
 30
0.0
 10
2645.271078765097
 20
3750.589285409318
 30
0.0
 10
2642.929307735148
 20
3753.495550606944
 30
0.0
 10
2640.397197912396
 20
3754.958364187844
 30
0.0
  0
LWPOLYLINE
  5
243A
102
{ACAD_REACTORS
330
24B1
102
}
330
1F
100
AcDbEntity
  8
0
370
    50
100
AcDbPolyline
 90
        6
 70
     0
 43
0.0
 10
2761.497464233977
 20
3570.641962443122
 10
2761.497464233977
 20
3660.986827396272
 10
2769.588957189377
 20
3665.671375949399
 10
2769.588957189377
 20
3575.326510996248
 10
2761.497464233977
 20
3570.641962443122
 10
2751.337469320054
 20
3576.482438561305
  0
LWPOLYLINE
  5
243B
102
{ACAD_REACTORS
330
24B1
102
}
330
1F
100
AcDbEntity
  8
0
370
    50
100
AcDbPolyline
 90
        2
 70
     0
 43
0.0
 10
2761.497464233977
 20
3670.355924502525
 10
2769.588957189377
 20
3665.671375949399
  0
LWPOLYLINE
  5
243C
102
{ACAD_REACTORS
330
24B1
102
}
330
1F
100
AcDbEntity
  8
0
370
    50
100
AcDbPolyline
 90
        4
 70
     0
 43
0.0
 10
2679.974151751
 20
3719.756618335492
 10
2654.604583612641
 20
3763.742704100561
 10
2662.696076568041
 20
3768.488090946585
 10
2696.217975954698
 20
3710.387521229241
  0
LWPOLYLINE
  5
243D
102
{ACAD_REACTORS
330
24B1
102
}
330
1F
100
AcDbEntity
  8
0
370
    50
100
AcDbPolyline
 90
        4
 70
     0
 43
0.0
 10
2654.604583612641
 20
3763.742704100561
 10
2569.248458677107
 20
3813.082559640631
 10
2577.339951632507
 20
3817.767108193758
 10
2662.696076568041
 20
3768.488090946585
  0
LWPOLYLINE
  5
243E
102
{ACAD_REACTORS
330
24B1
102
}
330
1F
100
AcDbEntity
  8
0
370
    50
100
AcDbPolyline
 90
        2
 70
     0
 43
0.0
 10
2543.81805224585
 20
3798.359692759378
 10
2569.248458677107
 20
3813.082559640631
  0
LWPOLYLINE
  5
243F
102
{ACAD_REACTORS
330
24B1
102
}
330
1F
100
AcDbEntity
  8
0
370
    50
100
AcDbPolyline
 90
        4
 70
     1
 43
0.0
 10
2531.40704049471
 20
3539.857786236864
 10
2523.31554753931
 20
3535.173237683738
 10
2523.31554753931
 20
3454.197469836842
 10
2531.40704049471
 20
3458.942856682865
  0
LWPOLYLINE
  5
2440
102
{ACAD_REACTORS
330
24B1
102
}
330
1F
100
AcDbEntity
  8
0
370
    50
100
AcDbPolyline
 90
        2
 70
     0
 43
0.0
 10
2523.31554753931
 20
3535.173237683738
 10
2441.792235056334
 20
3582.262076386592
  0
LWPOLYLINE
  5
2441
102
{ACAD_REACTORS
330
24B1
102
}
330
1F
100
AcDbEntity
  8
0
370
    50
100
AcDbPolyline
 90
        2
 70
     0
 43
0.0
 10
2399.448783199503
 20
3606.719070131485
 10
2339.036358352044
 20
3641.579411961892
  0
LWPOLYLINE
  5
2442
102
{ACAD_REACTORS
330
24B1
102
}
330
1F
100
AcDbEntity
  8
0
370
    50
100
AcDbPolyline
 90
        2
 70
     0
 43
0.0
 10
2305.636135551182
 20
3660.865150810476
 10
2224.112823068206
 20
3707.893151220433
  0
LWPOLYLINE
  5
2443
102
{ACAD_REACTORS
330
24B1
102
}
330
1F
100
AcDbEntity
  8
0
370
    50
100
AcDbPolyline
 90
        4
 70
     0
 43
0.0
 10
2224.112823068206
 20
3696.212198984066
 10
2224.112823068206
 20
3707.893151220433
 10
2232.265154316504
 20
3712.638538066456
 10
2313.727628506583
 20
3665.549699363603
  0
LWPOLYLINE
  5
2444
102
{ACAD_REACTORS
330
24B1
102
}
330
1F
100
AcDbEntity
  8
0
370
    50
100
AcDbPolyline
 90
        2
 70
     0
 43
0.0
 10
2433.639903808036
 20
3596.31572204597
 10
2531.40704049471
 20
3539.857786236864
  0
LWPOLYLINE
  5
2446
102
{ACAD_REACTORS
330
24B1
102
}
330
1F
100
AcDbEntity
  8
0
370
    50
100
AcDbPolyline
 90
        2
 70
     0
 43
0.0
 10
2469.838688082193
 20
3799.880650081821
 10
2473.367309070263
 20
3801.949152040344
  0
LWPOLYLINE
  5
2447
102
{ACAD_REACTORS
330
24B1
102
}
330
1F
100
AcDbEntity
  8
0
370
    25
100
AcDbPolyline
 90
        2
 70
     0
 43
0.0
 10
2460.652105854634
 20
3796.534543972445
 10
2459.800369754066
 20
3797.021250315628
  0
SPLINE
  5
2448
102
{ACAD_REACTORS
330
24B1
102
}
330
1F
100
AcDbEntity
  8
0
370
    50
100
AcDbSpline
210
0.0
220
0.0
230
1.0
 70
     8
 71
     3
 72
     8
 73
     4
 74
     0
 42
0.000000001
 43
0.0000000001
 40
0.0
 40
0.0
 40
0.0
 40
0.0
 40
1.0
 40
1.0
 40
1.0
 40
1.0
 10
2462.319559421427
 20
3801.470575467053
 30
0.0
 10
2461.483917373048
 20
3800.990149614616
 30
0.0
 10
2460.701543490336
 20
3800.070310955899
 30
0.0
 10
2460.222784414906
 20
3799.005390695889
 30
0.0
  0
SPLINE
  5
2449
102
{ACAD_REACTORS
330
24B1
102
}
330
1F
100
AcDbEntity
  8
0
370
    50
100
AcDbSpline
210
0.0
220
0.0
230
1.0
 70
     8
 71
     3
 72
     8
 73
     4
 74
     0
 42
0.000000001
 43
0.0000000001
 40
0.0
 40
0.0
 40
0.0
 40
0.0
 40
1.0
 40
1.0
 40
1.0
 40
1.0
 10
2460.222784414906
 20
3799.005390695889
 30
0.0
 10
2459.744024812591
 20
3797.940470740053
 30
0.0
 10
2459.628899547451
 20
3796.86397267233
 30
0.0
 10
2459.914245709223
 20
3796.120357933908
 30
0.0
  0
LWPOLYLINE
  5
244A
102
{ACAD_REACTORS
330
24B1
102
}
330
1F
100
AcDbEntity
  8
0
370
    50
100
AcDbPolyline
 90
        7
 70
     0
 43
0.0
 10
2472.454734676796
 20
3830.178119944897
 10
2250.577480478725
 20
3702.052675102249
 10
2242.425149230427
 20
3706.737223655376
 10
2464.363241721396
 20
3834.862668498024
 10
2472.454734676796
 20
3830.178119944897
 10
2472.454734676796
 20
3807.302921815346
 10
2462.294739762873
 20
3801.462445697163
  0
LWPOLYLINE
  5
244D
102
{ACAD_REACTORS
330
24B1
102
}
330
1F
100
AcDbEntity
  8
0
370
    50
100
AcDbPolyline
 90
        7
 70
     0
 43
0.0
 10
2224.782044290081
 20
3655.937249085758
 10
2231.595933094629
 20
3665.853890828092
 10
2223.504440139228
 20
3670.599277674116
 10
2226.181325026729
 20
3672.120234996559
 10
2234.272817982129
 20
3667.435686443433
 10
2234.272817982129
 20
3663.907065455364
 10
2235.185392375595
 20
3664.393771798546
  0
LWPOLYLINE
  5
244E
102
{ACAD_REACTORS
330
24B1
102
}
330
1F
100
AcDbEntity
  8
0
370
    50
100
AcDbPolyline
 90
        2
 70
     0
 43
0.0
 10
2231.595933094629
 20
3665.853890828092
 10
2234.272817982129
 20
3667.435686443433
  0
LWPOLYLINE
  5
2450
102
{ACAD_REACTORS
330
24B1
102
}
330
1F
100
AcDbEntity
  8
0
370
    50
100
AcDbPolyline
 90
        2
 70
     0
 43
0.0
 10
2216.629713041784
 20
3660.621797638885
 10
2223.504440139228
 20
3670.599277674116
  0
LWPOLYLINE
  5
2451
102
{ACAD_REACTORS
330
24B1
102
}
330
1F
100
AcDbEntity
  8
0
370
    25
100
AcDbPolyline
 90
        2
 70
     0
 43
0.0
 10
2224.782044290081
 20
3655.937249085758
 10
2216.629713041784
 20
3660.621797638885
  0
SPLINE
  5
2452
102
{ACAD_REACTORS
330
24B1
102
}
330
1F
100
AcDbEntity
  8
0
370
    50
100
AcDbSpline
210
0.0
220
0.0
230
1.0
 70
     8
 71
     3
 72
     8
 73
     4
 74
     0
 42
0.000000001
 43
0.0000000001
 40
0.0
 40
0.0
 40
0.0
 40
0.0
 40
1.0
 40
1.0
 40
1.0
 40
1.0
 10
2224.817529047209
 20
3655.932376289085
 30
0.0
 10
2223.77941623375
 20
3654.424128253709
 30
0.0
 10
2223.35670760027
 20
3652.609992661823
 30
0.0
 10
2223.767432149322
 20
3651.425679171074
 30
0.0
  0
SPLINE
  5
2453
102
{ACAD_REACTORS
330
24B1
102
}
330
1F
100
AcDbEntity
  8
0
370
    50
100
AcDbSpline
210
0.0
220
0.0
230
1.0
 70
     8
 71
     3
 72
     8
 73
     4
 74
     0
 42
0.000000001
 43
0.0000000001
 40
0.0
 40
0.0
 40
0.0
 40
0.0
 40
1.0
 40
1.0
 40
1.0
 40
1.0
 10
2223.767432149322
 20
3651.425679171074
 30
0.0
 10
2224.1781563942
 20
3650.241365153438
 30
0.0
 10
2225.330524096614
 20
3649.951543774057
 30
0.0
 10
2226.630158730984
 20
3650.705700892898
 30
0.0
  0
SPLINE
  5
2454
102
{ACAD_REACTORS
330
24B1
102
}
330
1F
100
AcDbEntity
  8
0
370
    50
100
AcDbSpline
210
0.0
220
0.0
230
1.0
 70
     8
 71
     3
 72
     8
 73
     4
 74
     0
 42
0.000000001
 43
0.0000000001
 40
0.0
 40
0.0
 40
0.0
 40
0.0
 40
1.0
 40
1.0
 40
1.0
 40
1.0
 10
2216.665197798912
 20
3660.616924842211
 30
0.0
 10
2215.966588635466
 20
3659.6019329851
 30
0.0
 10
2215.529894213522
 20
3658.420278021775
 30
0.0
 10
2215.467711861712
 20
3657.376639550888
 30
0.0
  0
SPLINE
  5
2455
102
{ACAD_REACTORS
330
24B1
102
}
330
1F
100
AcDbEntity
  8
0
370
    50
100
AcDbSpline
210
0.0
220
0.0
230
1.0
 70
     8
 71
     3
 72
     8
 73
     4
 74
     0
 42
0.000000001
 43
0.0000000001
 40
0.0
 40
0.0
 40
0.0
 40
0.0
 40
1.0
 40
1.0
 40
1.0
 40
1.0
 10
2215.467711861712
 20
3657.376639550888
 30
0.0
 10
2215.4055295099
 20
3656.333001080001
 30
0.0
 10
2215.723946157083
 20
3655.529522329281
 30
0.0
 10
2216.340859823509
 20
3655.173374431028
 30
0.0
  0
LWPOLYLINE
  5
2456
102
{ACAD_REACTORS
330
24B1
102
}
330
1F
100
AcDbEntity
  8
0
370
    50
100
AcDbPolyline
 90
        2
 70
     0
 43
0.0
 10
2234.51617115372
 20
3655.268027863884
 10
2226.607193077013
 20
3650.644317603656
  0
LWPOLYLINE
  5
2457
102
{ACAD_REACTORS
330
24B1
102
}
330
1F
100
AcDbEntity
  8
0
370
    50
100
AcDbPolyline
 90
        2
 70
     0
 43
0.0
 10
2226.607193077013
 20
3644.803841485472
 10
2234.51617115372
 20
3649.366713452803
  0
LWPOLYLINE
  5
2458
102
{ACAD_REACTORS
330
24B1
102
}
330
1F
100
AcDbEntity
  8
0
370
    50
100
AcDbPolyline
 90
        2
 70
     0
 43
0.0
 10
2218.454861828716
 20
3649.488390038598
 10
2222.287674281274
 20
3651.678568582917
  0
LWPOLYLINE
  5
2459
102
{ACAD_REACTORS
330
24B1
102
}
330
1F
100
AcDbEntity
  8
0
370
    25
100
AcDbPolyline
 90
        2
 70
     0
 43
0.0
 10
2226.607193077013
 20
3644.803841485472
 10
2218.454861828716
 20
3649.488390038598
  0
SPLINE
  5
245A
102
{ACAD_REACTORS
330
24B1
102
}
330
1F
100
AcDbEntity
  8
0
370
    50
100
AcDbSpline
210
0.0
220
0.0
230
1.0
 70
     8
 71
     3
 72
     8
 73
     4
 74
     0
 42
0.000000001
 43
0.0000000001
 40
0.0
 40
0.0
 40
0.0
 40
0.0
 40
1.0
 40
1.0
 40
1.0
 40
1.0
 10
2226.645065715942
 20
3644.803296489126
 30
0.0
 10
2225.345431608456
 20
3644.049139066113
 30
0.0
 10
2224.188973275045
 20
3642.41954236564
 30
0.0
 10
2223.77217807045
 20
3640.755032070875
 30
0.0
  0
SPLINE
  5
245B
102
{ACAD_REACTORS
330
24B1
102
}
330
1F
100
AcDbEntity
  8
0
370
    50
100
AcDbSpline
210
0.0
220
0.0
230
1.0
 70
     8
 71
     3
 72
     8
 73
     4
 74
     0
 42
0.000000001
 43
0.0000000001
 40
0.0
 40
0.0
 40
0.0
 40
0.0
 40
1.0
 40
1.0
 40
1.0
 40
1.0
 10
2223.77217807045
 20
3640.755032070875
 30
0.0
 10
2223.355383170029
 20
3639.090522302993
 30
0.0
 10
2223.77139610096
 20
3637.763083813238
 30
0.0
 10
2224.805643797187
 20
3637.457393759501
 30
0.0
  0
SPLINE
  5
245C
102
{ACAD_REACTORS
330
24B1
102
}
330
1F
100
AcDbEntity
  8
0
370
    50
100
AcDbSpline
210
0.0
220
0.0
230
1.0
 70
     8
 71
     3
 72
     8
 73
     4
 74
     0
 42
0.000000001
 43
0.0000000001
 40
0.0
 40
0.0
 40
0.0
 40
0.0
 40
1.0
 40
1.0
 40
1.0
 40
1.0
 10
2218.492734467644
 20
3649.487845042254
 30
0.0
 10
2217.269148810383
 20
3648.777817705824
 30
0.0
 10
2216.164229657929
 20
3647.285527183648
 30
0.0
 10
2215.693198583591
 20
3645.706827060638
 30
0.0
  0
SPLINE
  5
245D
102
{ACAD_REACTORS
330
24B1
102
}
330
1F
100
AcDbEntity
  8
0
370
    50
100
AcDbSpline
210
0.0
220
0.0
230
1.0
 70
     8
 71
     3
 72
     8
 73
     4
 74
     0
 42
0.000000001
 43
0.0000000001
 40
0.0
 40
0.0
 40
0.0
 40
0.0
 40
1.0
 40
1.0
 40
1.0
 40
1.0
 10
2215.693198583591
 20
3645.706827060638
 30
0.0
 10
2215.22216720508
 20
3644.128126410745
 30
0.0
 10
2215.477785974797
 20
3642.773913960072
 30
0.0
 10
2216.340859823509
 20
3642.275656336706
 30
0.0
  0
LWPOLYLINE
  5
245E
102
{ACAD_REACTORS
330
24B1
102
}
330
1F
100
AcDbEntity
  8
0
370
    50
100
AcDbPolyline
 90
        5
 70
     0
 43
0.0
 10
2235.732937011675
 20
3641.275220497404
 10
2234.272817982129
 20
3640.423484396835
 10
2234.272817982129
 20
3636.894863408766
 10
2231.595933094629
 20
3635.373906086322
 10
2224.782044290081
 20
3637.381569751947
  0
LWPOLYLINE
  5
245F
102
{ACAD_REACTORS
330
24B1
102
}
330
1F
100
AcDbEntity
  8
0
370
    50
100
AcDbPolyline
 90
        2
 70
     0
 43
0.0
 10
2224.417014532694
 20
3650.461802724963
 10
2216.325521577295
 20
3655.146351278089
  0
LWPOLYLINE
  5
2460
102
{ACAD_REACTORS
330
24B1
102
}
330
1F
100
AcDbEntity
  8
0
370
    50
100
AcDbPolyline
 90
        2
 70
     0
 43
0.0
 10
2224.417014532694
 20
3637.56408463064
 10
2216.325521577295
 20
3642.248633183768
  0
LWPOLYLINE
  5
24BC
330
1F
100
AcDbEntity
  8
TOP-CUT-INSIDE_10MM
  6
Continuous
370
    -3
100
AcDbPolyline
 90
        4
 70
     1
 43
0.0
 10
299.4135169227366
 20
3963.713740128381
 42
0.9999999999999998
 10
299.4135169227366
 20
3977.713740128381
 10
243.4135169227366
 20
3977.713740128381
 42
0.9999999999999998
 10
243.4135169227366
 20
3963.713740128381
  0
LWPOLYLINE
  5
24BD
330
1F
100
AcDbEntity
  8
TOP-CUT-OUTSIDE_10MM
100
AcDbPolyline
 90
        8
 70
     1
 43
0.0
 10
418.6135169227372
 20
3984.162036800005
 10
418.6135169227372
 20
4071.162036800004
 10
124.2135169227358
 20
4071.162036800004
 10
124.2135169227358
 20
3984.162036800005
 10
194.4135169227365
 20
3984.162036800005
 10
229.4135169227366
 20
3949.162036800005
 10
313.4135169227366
 20
3949.162036800005
 10
348.4135169227366
 20
3984.162036800005
  0
LWPOLYLINE
  5
24BE
330
1F
100
AcDbEntity
  8
TOP-CUT-INSIDE_10MM
100
AcDbPolyline
 90
        8
 70
     1
 43
0.0
 10
394.513516922737
 20
4061.412036800005
 10
394.513516922737
 20
4052.912036800004
 42
-0.9999999999999998
 10
391.5135169227369
 20
4052.912036800004
 10
375.5135169227369
 20
4052.912036800004
 42
-1.0
 10
372.5135169227369
 20
4052.912036800004
 10
372.5135169227369
 20
4061.412036800005
 42
-0.9999999999999996
 10
375.5135169227369
 20
4061.412036800005
 10
391.5135169227369
 20
4061.412036800005
 42
-0.9999999999999998
  0
LWPOLYLINE
  5
24BF
330
1F
100
AcDbEntity
  8
TOP-CUT-INSIDE_10MM
100
AcDbPolyline
 90
        8
 70
     1
 43
0.0
 10
170.3135169227343
 20
4061.412036800005
 10
170.3135169227343
 20
4052.912036800004
 42
-0.9999999999999998
 10
167.3135169227343
 20
4052.912036800004
 10
151.3135169227344
 20
4052.912036800004
 42
-1.0
 10
148.3135169227344
 20
4052.912036800004
 10
148.3135169227344
 20
4061.412036800005
 42
-0.9999999999999996
 10
151.3135169227344
 20
4061.412036800005
 10
167.3135169227343
 20
4061.412036800005
 42
-0.9999999999999998
  0
LWPOLYLINE
  5
24C0
330
1F
100
AcDbEntity
  8
TOP-CUT-INSIDE_10MM
100
AcDbPolyline
 90
        8
 70
     1
 43
0.0
 10
400.3635169227363
 20
4029.662036800004
 10
408.8635169227363
 20
4029.662036800004
 42
-0.9999999999999998
 10
408.8635169227363
 20
4026.662036800004
 10
408.8635169227363
 20
4010.662036800005
 42
-1.0
 10
408.8635169227363
 20
4007.662036800005
 10
400.3635169227363
 20
4007.662036800005
 42
-0.9999999999999996
 10
400.3635169227363
 20
4010.662036800005
 10
400.3635169227363
 20
4026.662036800004
 42
-0.9999999999999998
  0
LWPOLYLINE
  5
24C1
330
1F
100
AcDbEntity
  8
TOP-CUT-INSIDE_10MM
100
AcDbPolyline
 90
        8
 70
     1
 43
0.0
 10
142.4635169227367
 20
4029.662036800004
 10
133.9635169227367
 20
4029.662036800004
 42
0.9999999999999998
 10
133.9635169227367
 20
4026.662036800004
 10
133.9635169227367
 20
4010.662036800005
 42
1.0
 10
133.9635169227367
 20
4007.662036800005
 10
142.4635169227367
 20
4007.662036800005
 42
0.9999999999999996
 10
142.4635169227367
 20
4010.662036800005
 10
142.4635169227367
 20
4026.662036800004
 42
0.9999999999999998
  0
LWPOLYLINE
  5
24C2
330
1F
100
AcDbEntity
  8
TOP-CUT-OUTSIDE_10MM
100
AcDbPolyline
 90
        4
 70
     1
 43
0.0
 10
507.6135169227363
 20
3776.762036800004
 10
507.6135169227363
 20
4071.162036800004
 10
438.6135169227364
 20
4071.162036800004
 10
438.6135169227364
 20
3776.762036800004
  0
LWPOLYLINE
  5
24C3
330
1F
100
AcDbEntity
  8
TOP-CUT-INSIDE_10MM
100
AcDbPolyline
 90
        8
 70
     1
 43
0.0
 10
462.1135169227364
 20
3795.012036800005
 10
462.1135169227364
 20
3786.512036800004
 42
0.9999999999999998
 10
465.1135169227363
 20
3786.512036800004
 10
481.1135169227363
 20
3786.512036800004
 42
1.0
 10
484.1135169227364
 20
3786.512036800004
 10
484.1135169227364
 20
3795.012036800005
 42
0.9999999999999996
 10
481.1135169227363
 20
3795.012036800005
 10
465.1135169227363
 20
3795.012036800005
 42
0.9999999999999998
  0
LWPOLYLINE
  5
24C4
330
1F
100
AcDbEntity
  8
TOP-CUT-INSIDE_10MM
100
AcDbPolyline
 90
        8
 70
     1
 43
0.0
 10
462.1135169227364
 20
4052.912036800004
 10
462.1135169227364
 20
4061.412036800003
 42
-0.9999999999999998
 10
465.1135169227363
 20
4061.412036800003
 10
481.1135169227363
 20
4061.412036800003
 42
-1.0
 10
484.1135169227364
 20
4061.412036800003
 10
484.1135169227364
 20
4052.912036800004
 42
-0.9999999999999996
 10
481.1135169227363
 20
4052.912036800004
 10
465.1135169227363
 20
4052.912036800004
 42
-0.9999999999999998
  0
LWPOLYLINE
  5
24C5
330
1F
100
AcDbEntity
  8
TOP-CUT-OUTSIDE_10MM
100
AcDbPolyline
 90
       44
 70
     1
 43
0.0
 10
507.6135169227354
 20
3729.684445233263
 10
507.6135169227354
 20
3511.296445233254
 10
488.1135169227364
 20
3511.296445233254
 10
488.1135169227355
 20
3521.296445233253
 42
0.9999999999999998
 10
483.1135169227354
 20
3521.296445233253
 10
483.1135169227364
 20
3511.296445233254
 10
483.1135169227364
 20
3494.796445233253
 10
486.1135169227363
 20
3494.796445233252
 10
486.1135169227363
 20
3492.154855708518
 10
481.0053180697559
 20
3485.407973418372
 42
-0.7190355538065074
 10
475.6135169227364
 20
3487.218853666513
 10
475.6135169227364
 20
3521.296445233254
 42
0.9999999999999998
 10
470.6135169227364
 20
3521.296445233254
 10
470.6135169227364
 20
3487.218853666513
 42
-0.7190355538065437
 10
465.2217157757158
 20
3485.407973418371
 10
460.1135169227363
 20
3492.154855708518
 10
460.1135169227363
 20
3494.796445233252
 10
463.1135169227364
 20
3494.796445233253
 10
463.1135169227364
 20
3511.296445233254
 10
463.1135169227355
 20
3521.296445233254
 42
0.9999999999999998
 10
458.1135169227354
 20
3521.296445233254
 10
458.1135169227354
 20
3511.296445233254
 10
438.6135169227364
 20
3511.296445233254
 10
438.6135169227364
 20
3729.684445233263
 10
458.1135169227354
 20
3729.684445233263
 10
458.1135169227354
 20
3719.684445233263
 42
0.9999999999999998
 10
463.1135169227355
 20
3719.684445233263
 10
463.1135169227364
 20
3729.684445233263
 10
463.1135169227364
 20
3746.184445233263
 10
460.1135169227363
 20
3746.184445233264
 10
460.1135169227363
 20
3748.826034757998
 10
465.2217157757158
 20
3755.572917048146
 42
-0.7190355538066675
 10
470.6135169227364
 20
3753.762036800003
 10
470.6135169227364
 20
3719.684445233263
 42
0.9999999999999998
 10
475.6135169227364
 20
3719.684445233263
 10
475.6135169227364
 20
3753.762036800003
 42
-0.7190355538066525
 10
481.0053180697559
 20
3755.572917048143
 10
486.1135169227363
 20
3748.826034757998
 10
486.1135169227363
 20
3746.184445233264
 10
483.1135169227364
 20
3746.184445233263
 10
483.1135169227364
 20
3729.684445233263
 10
483.1135169227354
 20
3719.684445233264
 42
0.9999999999999998
 10
488.1135169227355
 20
3719.684445233264
 10
488.1135169227364
 20
3729.684445233263
  0
ENDSEC
  0
SECTION
  2
OBJECTS
  0
DICTIONARY
  5
C
330
0
100
AcDbDictionary
281
     1
  3
ACAD_CIP_PREVIOUS_PRODUCT_INFO
350
1A5
  3
ACAD_COLOR
350
73
  3
ACAD_DETAILVIEWSTYLE
350
1AB
  3
ACAD_GROUP
350
D
  3
ACAD_LAST_SAVED_VERSION_INFO
350
8F8
  3
ACAD_LAYOUT
350
1A
  3
ACAD_MATERIAL
350
72
  3
ACAD_MLEADERSTYLE
350
D7
  3
ACAD_MLINESTYLE
350
17
  3
ACAD_PLOTSETTINGS
350
19
  3
ACAD_PLOTSTYLENAME
350
E
  3
ACAD_SCALELIST
350
B6
  3
ACAD_SECTIONVIEWSTYLE
350
1A8
  3
ACAD_TABLESTYLE
350
86
  3
ACAD_VISUALSTYLE
350
99
  3
ACDB_RECOMPOSE_DATA
350
24D3
  3
AcDbVariableDictionary
350
66
  0
DICTIONARY
  5
18E
330
2
100
AcDbDictionary
280
     1
281
     1
  3
ACAD_LAYERSTATES
360
18F
  0
DICTIONARY
  5
E6
330
10
100
AcDbDictionary
280
     1
281
     1
  0
DICTIONARY
  5
15D
330
1F
100
AcDbDictionary
280
     1
281
     1
  3
ACAD_SORTENTS
360
608
  0
DICTIONARY
  5
1EC6
330
250
100
AcDbDictionary
280
     1
281
     1
  0
DICTIONARY
  5
32D
330
32C
100
AcDbDictionary
280
     1
281
     1
  0
DICTIONARY
  5
22F7
330
82C
100
AcDbDictionary
280
     1
281
     1
  0
XRECORD
  5
1A5
102
{ACAD_REACTORS
330
C
102
}
330
C
100
AcDbXrecord
280
     1
300
ACD
300
2022
300

  0
DICTIONARY
  5
73
102
{ACAD_REACTORS
330
C
102
}
330
C
100
AcDbDictionary
281
     1
  0
DICTIONARY
  5
1AB
102
{ACAD_REACTORS
330
C
102
}
330
C
100
AcDbDictionary
281
     1
  3
Imperial24
350
1AC
  3
Metric50
350
4B6
  0
DICTIONARY
  5
D
102
{ACAD_REACTORS
330
C
102
}
330
C
100
AcDbDictionary
281
     1
  3
*A1
350
24B1
  0
XRECORD
  5
8F8
102
{ACAD_REACTORS
330
C
102
}
330
C
100
AcDbXrecord
280
     1
300
{28543E12-79DE-C344-9E0C-B0DE995C73E1}
301
{665A5DBC-5DB2-6041-B04D-8C1B42FC48A3}
302
{28543E12-79DE-C344-9E0C-B0DE995C73E1}
303

  0
DICTIONARY
  5
1A
102
{ACAD_REACTORS
330
C
102
}
330
C
100
AcDbDictionary
281
     1
  3
Layout1
350
59
  3
Layout2
350
5E
  3
Model
350
22
  0
DICTIONARY
  5
72
102
{ACAD_REACTORS
330
C
102
}
330
C
100
AcDbDictionary
281
     1
  3
ByBlock
350
97
  3
ByLayer
350
96
  3
Global
350
98
  0
DICTIONARY
  5
D7
102
{ACAD_REACTORS
330
C
102
}
330
C
100
AcDbDictionary
281
     1
  3
Standard
350
D8
  0
DICTIONARY
  5
17
102
{ACAD_REACTORS
330
C
102
}
330
C
100
AcDbDictionary
281
     1
  3
Standard
350
18
  0
DICTIONARY
  5
19
102
{ACAD_REACTORS
330
C
102
}
330
C
100
AcDbDictionary
281
     1
  0
ACDBDICTIONARYWDFLT
  5
E
102
{ACAD_REACTORS
330
C
102
}
330
C
100
AcDbDictionary
281
     1
  3
Normal
350
F
100
AcDbDictionaryWithDefault
340
F
  0
DICTIONARY
  5
B6
102
{ACAD_REACTORS
330
C
102
}
330
C
100
AcDbDictionary
281
     1
  3
A0
350
B7
  3
A1
350
124
  3
A2
350
125
  3
A3
350
126
  3
A4
350
127
  3
A5
350
128
  3
A6
350
129
  3
A7
350
12A
  3
A8
350
12B
  3
A9
350
12C
  3
B0
350
12D
  3
B1
350
12E
  3
B2
350
12F
  3
B3
350
130
  3
B4
350
131
  3
B5
350
132
  3
B6
350
133
  3
B7
350
134
  3
B8
350
135
  3
B9
350
136
  3
C0
350
137
  3
C1
350
138
  3
C2
350
139
  3
C3
350
13A
  3
C4
350
13B
  3
C5
350
13C
  3
C6
350
13D
  3
C7
350
13E
  3
C8
350
13F
  3
C9
350
140
  3
D0
350
141
  3
D1
350
142
  3
D2
350
143
  0
DICTIONARY
  5
1A8
102
{ACAD_REACTORS
330
C
102
}
330
C
100
AcDbDictionary
281
     1
  3
Imperial24
350
1AA
  3
Metric50
350
4B5
  0
DICTIONARY
  5
86
102
{ACAD_REACTORS
330
C
102
}
330
C
100
AcDbDictionary
281
     1
  3
Standard
350
87
  0
DICTIONARY
  5
99
102
{ACAD_REACTORS
330
C
102
}
330
C
100
AcDbDictionary
281
     1
  3
2dWireframe
350
9F
  3
Basic
350
9E
  3
Brighten
350
A5
  3
ColorChange
350
A9
  3
Conceptual
350
A2
  3
Dim
350
A4
  3
EdgeColorOff
350
175
  3
Facepattern
350
A8
  3
Flat
350
9A
  3
FlatWithEdges
350
9B
  3
Gouraud
350
9C
  3
GouraudWithEdges
350
9D
  3
Hidden
350
A1
  3
JitterOff
350
173
  3
Linepattern
350
A7
  3
OverhangOff
350
174
  3
Realistic
350
A3
  3
Shaded
350
182
  3
Shaded with edges
350
181
  3
Shades of Gray
350
17E
  3
Sketchy
350
17F
  3
Thicken
350
A6
  3
Wireframe
350
A0
  3
X-Ray
350
180
  0
XRECORD
  5
24D3
102
{ACAD_REACTORS
330
C
102
}
330
C
100
AcDbXrecord
280
     1
 90
        1
330
87
  0
DICTIONARY
  5
66
102
{ACAD_REACTORS
330
C
102
}
330
C
100
AcDbDictionary
281
     1
  3
CANNOSCALE
350
F0
  3
CMLEADERSTYLE
350
EF
  3
CTABLESTYLE
350
89
  3
CVIEWDETAILSTYLE
350
1B7
  3
CVIEWSECTIONSTYLE
350
1B8
  3
DIMASSOC
350
67
  3
HIDETEXT
350
6B
  3
LAYEREVAL
350
14D
  3
LAYERNOTIFY
350
14E
  0
DICTIONARY
  5
18F
102
{ACAD_REACTORS
330
18E
102
}
330
18E
100
AcDbDictionary
281
     1
  0
SORTENTSTABLE
  5
608
102
{ACAD_REACTORS
330
15D
102
}
330
15D
100
AcDbSortentsTable
330
1F
331
188A
  5
1ACB
331
188B
  5
1ACC
331
188C
  5
1ACD
331
188D
  5
1ACE
331
188E
  5
1ACF
331
188F
  5
1AD0
331
1899
  5
1B06
331
189A
  5
1B07
331
189B
  5
1B08
331
189C
  5
1B09
331
18DA
  5
1B5A
  0
ACDBDETAILVIEWSTYLE
  5
1AC
102
{ACAD_REACTORS
330
1AB
102
}
330
1AB
100
AcDbModelDocViewStyle
 70
     0
  3
Imperial24
290
     0
300
Imperial24
 90
        0
100
AcDbDetailViewStyle
 70
     0
 71
     0
 90
        3
 71
     1
340
11
 62
   256
 40
0.24
340
0
 62
   256
 40
0.24
300

 40
0.36
280
     3
 71
     2
340
16
 90
       25
 62
   256
 71
     3
340
11
 62
   256
 40
0.24
 90
        1
 40
0.75
 90
        1
300
%<\AcVar ViewType \f "%tc1">% %<\AcVar ViewDetailId>%\PSCALE %<\AcVar ViewScale \f "%sn">%
 71
     4
340
16
 90
       25
 62
   256
340
16
 90
       25
 62
   256
280
     0
  0
ACDBDETAILVIEWSTYLE
  5
4B6
102
{ACAD_REACTORS
330
1AB
102
}
330
1AB
100
AcDbModelDocViewStyle
 70
     0
  3
Metric50
290
     0
300
Metric50
 90
        0
100
AcDbDetailViewStyle
 70
     0
 71
     0
 90
        3
 71
     1
340
11
 62
   256
 40
5.0
340
0
 62
   256
 40
5.0
300

 40
0.0
280
     1
 71
     2
340
16
 90
       25
 62
   256
 71
     3
340
11
 62
   256
 40
5.0
 90
        0
 40
15.0
 90
        1
300
%<\AcVar ViewDetailId>% (%<\AcVar ViewScale \f "%sn">%)
 71
     4
340
16
 90
       25
 62
   256
340
16
 90
       25
 62
   256
280
     0
  0
GROUP
  5
24B1
102
{ACAD_REACTORS
330
D
102
}
330
D
100
AcDbGroup
300

 70
     1
 71
     1
340
2460
340
245F
340
245E
340
245D
340
245C
340
245B
340
245A
340
2459
340
2458
340
2457
340
2456
340
2455
340
2454
340
2453
340
2452
340
2451
340
2450
340
244E
340
244D
340
244A
340
2449
340
2448
340
2447
340
2446
340
2444
340
2443
340
2442
340
2441
340
2440
340
243F
340
243E
340
243D
340
243C
340
243B
340
243A
340
2439
340
2438
340
2437
340
2436
340
2435
340
2434
340
2433
340
2432
340
2431
340
2430
340
242F
340
242E
340
242D
340
242C
340
242B
340
242A
340
2429
340
2428
340
2427
340
2426
340
2425
340
2424
340
2423
340
2422
340
2420
340
241F
340
241E
340
241D
340
241C
340
241B
340
241A
340
2419
340
2418
340
2417
340
2416
340
2415
340
2414
340
2413
340
2412
340
2411
340
2410
340
240F
340
240E
340
240D
340
240B
340
240A
340
2409
340
2407
340
2406
340
2405
340
2404
340
2403
340
2402
340
2401
340
2400
340
23FF
340
23FE
340
23FD
340
23FC
340
23FB
340
23FA
340
23F8
340
23F7
340
23F6
340
23F5
340
23F4
340
23F3
340
23F0
340
23EF
340
23EE
340
23ED
340
23EC
340
23EB
340
23EA
340
23E9
340
23E8
340
23E7
340
23E6
340
23E5
340
23E4
340
23E3
340
23E2
340
23E1
340
23E0
340
23DF
340
23DE
340
23DD
340
23DC
340
23DB
340
23DA
340
23D9
340
23D8
340
23D7
340
23D6
340
23D5
340
23D4
340
23D3
340
23D2
340
23D1
340
23D0
340
23CF
340
23CE
340
23CD
340
23CC
340
23CB
340
23CA
340
23C9
340
23C8
340
23C7
340
23C6
340
23C5
340
23C4
340
23C3
340
23C2
340
23C1
340
23C0
340
23BF
340
23BE
340
23BD
340
23BC
340
23BB
340
23BA
340
23B9
340
23B8
340
23B7
340
23B6
340
23B5
340
23B4
340
23B3
340
23B2
340
23B1
340
23B0
340
23AF
340
23AE
340
23AD
340
23AC
340
23AB
340
23AA
340
23A9
340
23A8
340
23A7
340
23A6
340
23A5
340
23A4
340
23A3
340
23A2
340
23A1
340
23A0
340
239F
340
239E
340
239D
340
239C
340
239B
340
239A
340
2399
340
2398
340
2397
340
2396
340
2395
340
2394
340
2393
340
2392
340
2391
340
2390
340
238F
340
238E
340
238D
340
238C
340
238B
340
238A
340
2389
340
2388
340
2387
340
2386
340
2385
340
2384
340
2383
340
2381
340
2380
340
237D
340
237A
340
2379
340
2375
340
2374
340
2372
340
2371
340
2370
340
236D
340
236C
340
236A
340
2369
340
2367
340
2366
340
2361
340
2360
340
235E
340
235C
340
235B
340
235A
340
2359
340
2358
340
2357
340
2356
340
2353
340
2350
340
234E
340
234D
340
234C
340
234B
340
234A
340
2348
340
2344
340
2342
340
2341
340
2340
340
233F
340
233E
340
233C
340
233A
340
2339
340
2338
340
2337
340
2336
340
2335
340
2334
340
2332
340
2331
340
2330
340
232F
340
232E
340
232D
340
232C
340
232B
340
232A
340
2329
340
2328
340
2327
340
2326
340
2325
340
2324
340
2323
340
2322
340
2321
340
2320
340
231F
340
231E
340
231D
340
231C
340
231B
340
231A
340
2319
340
2318
340
2317
340
2316
340
2315
340
2314
340
2313
340
2312
340
2311
340
2310
340
230F
340
230E
  0
LAYOUT
  5
59
102
{ACAD_REACTORS
330
1A
102
}
330
1A
100
AcDbPlotSettings
  1

  2
None
  4

  6

 40
0.0
 41
0.0
 42
0.0
 43
0.0
 44
0.0
 45
0.0
 46
0.0
 47
0.0
 48
0.0
 49
0.0
140
0.0
141
0.0
142
1.0
143
1.0
 70
   688
 72
     0
 73
     0
 74
     5
  7

 75
    16
147
1.0
 76
     0
 77
     2
 78
   300
148
0.0
149
0.0
100
AcDbLayout
  1
Layout1
 70
     1
 71
     1
 10
0.0
 20
0.0
 11
12.0
 21
9.0
 12
0.0
 22
0.0
 32
0.0
 14
0.0
 24
0.0
 34
0.0
 15
0.0
 25
0.0
 35
0.0
146
0.0
 13
0.0
 23
0.0
 33
0.0
 16
1.0
 26
0.0
 36
0.0
 17
0.0
 27
1.0
 37
0.0
 76
     0
330
58
  0
LAYOUT
  5
5E
102
{ACAD_REACTORS
330
1A
102
}
330
1A
100
AcDbPlotSettings
  1

  2
None
  4

  6

 40
0.0
 41
0.0
 42
0.0
 43
0.0
 44
0.0
 45
0.0
 46
0.0
 47
0.0
 48
0.0
 49
0.0
140
0.0
141
0.0
142
1.0
143
1.0
 70
   688
 72
     0
 73
     0
 74
     5
  7

 75
    16
147
1.0
 76
     0
 77
     2
 78
   300
148
0.0
149
0.0
100
AcDbLayout
  1
Layout2
 70
     1
 71
     2
 10
0.0
 20
0.0
 11
12.0
 21
9.0
 12
0.0
 22
0.0
 32
0.0
 14
0.0
 24
0.0
 34
0.0
 15
0.0
 25
0.0
 35
0.0
146
0.0
 13
0.0
 23
0.0
 33
0.0
 16
1.0
 26
0.0
 36
0.0
 17
0.0
 27
1.0
 37
0.0
 76
     0
330
5D
  0
LAYOUT
  5
22
102
{ACAD_XDICTIONARY
360
194
102
}
102
{ACAD_REACTORS
330
1A
102
}
330
1A
100
AcDbPlotSettings
  1

  2
none_device
  4
ANSI_A_(8.50_x_11.00_Inches)
  6

 40
6.349999904632567
 41
19.04999923706055
 42
6.350006103515625
 43
19.04998779296875
 44
215.8999938964844
 45
279.3999938964844
 46
0.0
 47
0.0
 48
0.0
 49
0.0
140
0.0
141
0.0
142
1.0
143
2.584895464708373
 70
 11952
 72
     0
 73
     1
 74
     0
  7

 75
     0
147
0.3868628397755418
 76
     0
 77
     2
 78
   300
148
0.0
149
0.0
100
AcDbLayout
  1
Model
 70
     1
 71
     0
 10
0.0
 20
0.0
 11
12.0
 21
9.0
 12
0.0
 22
0.0
 32
0.0
 14
0.0
 24
0.0
 34
0.0
 15
0.0
 25
0.0
 35
0.0
146
0.0
 13
0.0
 23
0.0
 33
0.0
 16
1.0
 26
0.0
 36
0.0
 17
0.0
 27
1.0
 37
0.0
 76
     0
330
1F
331
94
  0
MATERIAL
  5
97
102
{ACAD_XDICTIONARY
360
188
102
}
102
{ACAD_REACTORS
330
72
102
}
330
72
100
AcDbMaterial
  1
ByBlock
 94
       63
  0
MATERIAL
  5
96
102
{ACAD_XDICTIONARY
360
186
102
}
102
{ACAD_REACTORS
330
72
102
}
330
72
100
AcDbMaterial
  1
ByLayer
 94
       63
  0
MATERIAL
  5
98
102
{ACAD_XDICTIONARY
360
110
102
}
102
{ACAD_REACTORS
330
72
102
}
330
72
100
AcDbMaterial
  1
Global
 43
0.0208000000566244
 43
0.0
 43
0.0
 43
0.0
 43
0.0
 43
0.0208000000566244
 43
0.0
 43
0.0
 43
0.0
 43
0.0
 43
1.0
 43
0.0
 43
0.0
 43
0.0
 43
0.0
 43
1.0
 49
0.0208000000566244
 49
0.0
 49
0.0
 49
0.0
 49
0.0
 49
0.0208000000566244
 49
0.0
 49
0.0
 49
0.0
 49
0.0
 49
1.0
 49
0.0
 49
0.0
 49
0.0
 49
0.0
 49
1.0
142
0.0208000000566244
142
0.0
142
0.0
142
0.0
142
0.0
142
0.0208000000566244
142
0.0
142
0.0
142
0.0
142
0.0
142
1.0
142
0.0
142
0.0
142
0.0
142
0.0
142
1.0
144
0.0208000000566244
144
0.0
144
0.0
144
0.0
144
0.0
144
0.0208000000566244
144
0.0
144
0.0
144
0.0
144
0.0
144
1.0
144
0.0
144
0.0
144
0.0
144
0.0
144
1.0
 94
       63
1001
ACAD
1070
    -1
1070
     3
1070
     0
1000

1071
        0
1070
     0
  0
MLEADERSTYLE
  5
D8
102
{ACAD_REACTORS
330
D7
102
}
330
D7
100
AcDbMLeaderStyle
179
     2
170
     2
171
     1
172
     0
 90
        2
 40
0.0
 41
0.0
173
     1
 91
-1056964608
340
14
 92
       -2
290
     1
 42
0.09
291
     1
 43
0.36
  3
Standard
 44
0.18
300

342
11
174
     1
178
     1
175
     1
176
     0
 93
-1056964608
 45
0.18
292
     0
297
     0
 46
0.18
 94
-1056964608
 47
1.0
 49
1.0
140
1.0
293
     1
141
0.0
294
     1
177
     0
142
1.0
295
     0
296
     0
143
0.125
271
     0
272
     9
273
     9
298
     0
  0
MLINESTYLE
  5
18
102
{ACAD_REACTORS
330
17
102
}
330
17
100
AcDbMlineStyle
  2
STANDARD
 70
     0
  3

 62
   256
 51
90.0
 52
90.0
 71
     2
 49
0.5
 62
   256
  6
BYLAYER
 49
-0.5
 62
   256
  6
BYLAYER
  0
ACDBPLACEHOLDER
  5
F
102
{ACAD_REACTORS
330
E
102
}
330
E
  0
SCALE
  5
B7
102
{ACAD_REACTORS
330
B6
102
}
330
B6
100
AcDbScale
 70
     0
300
1:1
140
1.0
141
1.0
290
     1
  0
SCALE
  5
124
102
{ACAD_REACTORS
330
B6
102
}
330
B6
100
AcDbScale
 70
     0
300
1:2
140
1.0
141
2.0
290
     0
  0
SCALE
  5
125
102
{ACAD_REACTORS
330
B6
102
}
330
B6
100
AcDbScale
 70
     0
300
1:4
140
1.0
141
4.0
290
     0
  0
SCALE
  5
126
102
{ACAD_REACTORS
330
B6
102
}
330
B6
100
AcDbScale
 70
     0
300
1:5
140
1.0
141
5.0
290
     0
  0
SCALE
  5
127
102
{ACAD_REACTORS
330
B6
102
}
330
B6
100
AcDbScale
 70
     0
300
1:8
140
1.0
141
8.0
290
     0
  0
SCALE
  5
128
102
{ACAD_REACTORS
330
B6
102
}
330
B6
100
AcDbScale
 70
     0
300
1:10
140
1.0
141
10.0
290
     0
  0
SCALE
  5
129
102
{ACAD_REACTORS
330
B6
102
}
330
B6
100
AcDbScale
 70
     0
300
1:16
140
1.0
141
16.0
290
     0
  0
SCALE
  5
12A
102
{ACAD_REACTORS
330
B6
102
}
330
B6
100
AcDbScale
 70
     0
300
1:20
140
1.0
141
20.0
290
     0
  0
SCALE
  5
12B
102
{ACAD_REACTORS
330
B6
102
}
330
B6
100
AcDbScale
 70
     0
300
1:30
140
1.0
141
30.0
290
     0
  0
SCALE
  5
12C
102
{ACAD_REACTORS
330
B6
102
}
330
B6
100
AcDbScale
 70
     0
300
1:40
140
1.0
141
40.0
290
     0
  0
SCALE
  5
12D
102
{ACAD_REACTORS
330
B6
102
}
330
B6
100
AcDbScale
 70
     0
300
1:50
140
1.0
141
50.0
290
     0
  0
SCALE
  5
12E
102
{ACAD_REACTORS
330
B6
102
}
330
B6
100
AcDbScale
 70
     0
300
1:100
140
1.0
141
100.0
290
     0
  0
SCALE
  5
12F
102
{ACAD_REACTORS
330
B6
102
}
330
B6
100
AcDbScale
 70
     0
300
2:1
140
2.0
141
1.0
290
     0
  0
SCALE
  5
130
102
{ACAD_REACTORS
330
B6
102
}
330
B6
100
AcDbScale
 70
     0
300
4:1
140
4.0
141
1.0
290
     0
  0
SCALE
  5
131
102
{ACAD_REACTORS
330
B6
102
}
330
B6
100
AcDbScale
 70
     0
300
8:1
140
8.0
141
1.0
290
     0
  0
SCALE
  5
132
102
{ACAD_REACTORS
330
B6
102
}
330
B6
100
AcDbScale
 70
     0
300
10:1
140
10.0
141
1.0
290
     0
  0
SCALE
  5
133
102
{ACAD_REACTORS
330
B6
102
}
330
B6
100
AcDbScale
 70
     0
300
100:1
140
100.0
141
1.0
290
     0
  0
SCALE
  5
134
102
{ACAD_REACTORS
330
B6
102
}
330
B6
100
AcDbScale
 70
     0
300
1/128" = 1'-0"
140
0.0078125
141
12.0
290
     0
  0
SCALE
  5
135
102
{ACAD_REACTORS
330
B6
102
}
330
B6
100
AcDbScale
 70
     0
300
1/64" = 1'-0"
140
0.015625
141
12.0
290
     0
  0
SCALE
  5
136
102
{ACAD_REACTORS
330
B6
102
}
330
B6
100
AcDbScale
 70
     0
300
1/32" = 1'-0"
140
0.03125
141
12.0
290
     0
  0
SCALE
  5
137
102
{ACAD_REACTORS
330
B6
102
}
330
B6
100
AcDbScale
 70
     0
300
1/16" = 1'-0"
140
0.0625
141
12.0
290
     0
  0
SCALE
  5
138
102
{ACAD_REACTORS
330
B6
102
}
330
B6
100
AcDbScale
 70
     0
300
3/32" = 1'-0"
140
0.09375
141
12.0
290
     0
  0
SCALE
  5
139
102
{ACAD_REACTORS
330
B6
102
}
330
B6
100
AcDbScale
 70
     0
300
1/8" = 1'-0"
140
0.125
141
12.0
290
     0
  0
SCALE
  5
13A
102
{ACAD_REACTORS
330
B6
102
}
330
B6
100
AcDbScale
 70
     0
300
3/16" = 1'-0"
140
0.1875
141
12.0
290
     0
  0
SCALE
  5
13B
102
{ACAD_REACTORS
330
B6
102
}
330
B6
100
AcDbScale
 70
     0
300
1/4" = 1'-0"
140
0.25
141
12.0
290
     0
  0
SCALE
  5
13C
102
{ACAD_REACTORS
330
B6
102
}
330
B6
100
AcDbScale
 70
     0
300
3/8" = 1'-0"
140
0.375
141
12.0
290
     0
  0
SCALE
  5
13D
102
{ACAD_REACTORS
330
B6
102
}
330
B6
100
AcDbScale
 70
     0
300
1/2" = 1'-0"
140
0.5
141
12.0
290
     0
  0
SCALE
  5
13E
102
{ACAD_REACTORS
330
B6
102
}
330
B6
100
AcDbScale
 70
     0
300
3/4" = 1'-0"
140
0.75
141
12.0
290
     0
  0
SCALE
  5
13F
102
{ACAD_REACTORS
330
B6
102
}
330
B6
100
AcDbScale
 70
     0
300
1" = 1'-0"
140
1.0
141
12.0
290
     0
  0
SCALE
  5
140
102
{ACAD_REACTORS
330
B6
102
}
330
B6
100
AcDbScale
 70
     0
300
1-1/2" = 1'-0"
140
1.5
141
12.0
290
     0
  0
SCALE
  5
141
102
{ACAD_REACTORS
330
B6
102
}
330
B6
100
AcDbScale
 70
     0
300
3" = 1'-0"
140
3.0
141
12.0
290
     0
  0
SCALE
  5
142
102
{ACAD_REACTORS
330
B6
102
}
330
B6
100
AcDbScale
 70
     0
300
6" = 1'-0"
140
6.0
141
12.0
290
     0
  0
SCALE
  5
143
102
{ACAD_REACTORS
330
B6
102
}
330
B6
100
AcDbScale
 70
     0
300
1'-0" = 1'-0"
140
12.0
141
12.0
290
     0
  0
ACDBSECTIONVIEWSTYLE
  5
1AA
102
{ACAD_REACTORS
330
1A8
102
}
330
1A8
100
AcDbModelDocViewStyle
 70
     0
  3
Imperial24
290
     0
300
Imperial24
 90
        0
100
AcDbSectionViewStyle
 70
     0
 71
     0
 90
       78
 71
     1
340
11
 62
   256
 40
0.24
340
0
340
0
 62
   256
 40
0.24
300
I, O, Q, S, X, Z
 40
0.48
 90
        3
 40
0.18
 90
        1
 71
     2
340
16
 90
       25
 62
   256
340
16
 90
       50
 62
   256
 40
0.24
 40
0.0
 40
0.24
 71
     3
340
11
 62
   256
 40
0.24
 90
        1
 40
0.75
 90
        1
300
%<\AcVar ViewType \f "%tc1">% %<\AcVar ViewSectionStartId>%-%<\AcVar ViewSectionEndId>%\PSCALE %<\AcVar ViewScale \f "%sn">%
 71
     4
 62
   256
 62
   257
300
ANSI31
 40
1.0
 90
        0
290
     0
290
     0
 90
        6
 40
0.0
 40
1.570796326794896
 40
0.2617993877991494
 40
1.308996938995747
 40
-0.2617993877991494
 40
1.832595714594045
  0
ACDBSECTIONVIEWSTYLE
  5
4B5
102
{ACAD_REACTORS
330
1A8
102
}
330
1A8
100
AcDbModelDocViewStyle
 70
     0
  3
Metric50
290
     0
300
Metric50
 90
        0
100
AcDbSectionViewStyle
 70
     0
 71
     0
 90
      102
 71
     1
340
11
 62
   256
 40
5.0
340
0
340
0
 62
   256
 40
5.0
300
I, O, Q, S, X, Z
 40
10.0
 90
        0
 40
2.5
 90
        0
 71
     2
340
16
 90
       25
 62
   256
340
16
 90
       50
 62
   256
 40
5.0
 40
2.5
 40
5.0
 71
     3
340
11
 62
   256
 40
5.0
 90
        0
 40
15.0
 90
        1
300
%<\AcVar ViewSectionStartId>%-%<\AcVar ViewSectionEndId>% (%<\AcVar ViewScale \f "%sn">%)
 71
     4
 62
   256
 62
   257
300
ANSI31
 40
1.0
 90
        0
290
     0
290
     0
 90
        6
 40
0.0
 40
1.570796326794896
 40
0.2617993877991494
 40
1.308996938995747
 40
-0.2617993877991494
 40
1.832595714594045
  0
TABLESTYLE
  5
87
102
{ACAD_XDICTIONARY
360
104
102
}
102
{ACAD_REACTORS
330
86
102
}
330
86
100
AcDbTableStyle
280
     0
  3
Standard
 70
     0
 71
     0
 40
0.06
 41
0.06
280
     0
281
     0
  7
Standard
140
0.18
170
     2
 62
     0
 63
     7
283
     0
 90
      512
 91
        0
  1

274
    -2
284
     1
 64
     0
275
    -2
285
     1
 65
     0
276
    -2
286
     1
 66
     0
277
    -2
287
     1
 67
     0
278
    -2
288
     1
 68
     0
279
    -2
289
     1
 69
     0
  7
Standard
140
0.25
170
     5
 62
     0
 63
     7
283
     0
 90
      512
 91
        0
  1

274
    -2
284
     1
 64
     0
275
    -2
285
     1
 65
     0
276
    -2
286
     1
 66
     0
277
    -2
287
     1
 67
     0
278
    -2
288
     1
 68
     0
279
    -2
289
     1
 69
     0
  7
Standard
140
0.18
170
     5
 62
     0
 63
     7
283
     0
 90
      512
 91
        0
  1

274
    -2
284
     1
 64
     0
275
    -2
285
     1
 65
     0
276
    -2
286
     1
 66
     0
277
    -2
287
     1
 67
     0
278
    -2
288
     1
 68
     0
279
    -2
289
     1
 69
     0
  0
VISUALSTYLE
  5
9F
102
{ACAD_REACTORS
330
99
102
}
330
99
100
AcDbVisualStyle
  2
2dWireframe
 70
     4
177
     3
291
     0
 70
    58
 90
        0
176
     1
 90
        2
176
     1
 90
        1
176
     1
 90
        0
176
     1
 40
0.6
176
     1
 40
30.0
176
     1
 62
     7
420
 16777215
176
     1
 90
        1
176
     1
 90
        4
176
     1
 62
     7
176
     1
 62
   257
176
     1
 90
        1
176
     1
 90
        1
176
     1
 40
1.0
176
     1
 90
        0
176
     1
 62
   257
176
     1
 40
1.0
176
     1
 90
        1
176
     1
 90
        6
176
     1
 90
        2
176
     1
 62
     7
176
     1
 90
        5
176
     1
 90
        0
176
     1
 90
        0
176
     1
290
     0
176
     1
 90
        1
176
     1
 40
0.0
176
     1
 90
        0
176
     1
290
     1
176
     1
290
     1
176
     1
290
     0
176
     1
290
     0
176
     1
290
     0
176
     1
290
     0
176
     1
290
     0
176
     1
290
     0
176
     1
290
     0
176
     1
 90
       50
176
     1
 40
0.0
176
     1
 40
1.0
176
     1
 90
        0
176
     1
 62
    18
176
     1
 90
       50
176
     1
 90
        3
176
     1
 62
     5
420
      255
176
     1
290
     0
176
     1
 90
       50
176
     1
 90
       50
176
     1
 90
       50
176
     1
290
     0
176
     1
 90
       50
176
     1
 62
   256
176
     0
 40
1.0
176
     0
 90
        2
176
     1
  1
strokes_ogs.tif
176
     1
290
     0
176
     1
 40
1.0
176
     1
 40
1.0
176
     1
  0
VISUALSTYLE
  5
9E
102
{ACAD_REACTORS
330
99
102
}
330
99
100
AcDbVisualStyle
  2
Basic
 70
     7
177
     3
291
     1
 70
    58
 90
        1
176
     1
 90
        0
176
     1
 90
        1
176
     1
 90
        0
176
     1
 40
0.6
176
     1
 40
30.0
176
     1
 62
     7
420
 16777215
176
     1
 90
        0
176
     1
 90
        4
176
     1
 62
     7
176
     1
 62
   257
176
     1
 90
        1
176
     1
 90
        1
176
     1
 40
1.0
176
     1
 90
        8
176
     1
 62
     7
176
     1
 40
1.0
176
     1
 90
        1
176
     1
 90
        6
176
     1
 90
        2
176
     1
 62
     7
176
     1
 90
        5
176
     1
 90
        0
176
     1
 90
        0
176
     1
290
     0
176
     1
 90
        1
176
     1
 40
0.0
176
     1
 90
        0
176
     1
290
     0
176
     1
290
     1
176
     1
290
     1
176
     1
290
     0
176
     1
290
     0
176
     1
290
     0
176
     1
290
     0
176
     1
290
     0
176
     1
290
     0
176
     1
 90
       50
176
     1
 40
0.0
176
     1
 40
1.0
176
     1
 90
        0
176
     1
 62
    18
176
     1
 90
       50
176
     1
 90
        3
176
     1
 62
     5
420
      255
176
     1
290
     0
176
     1
 90
       50
176
     1
 90
       50
176
     1
 90
       50
176
     1
290
     0
176
     1
 90
       50
176
     1
 62
   256
176
     0
 40
1.0
176
     0
 90
        2
176
     1
  1
strokes_ogs.tif
176
     1
290
     0
176
     1
 40
1.0
176
     1
 40
1.0
176
     1
  0
VISUALSTYLE
  5
A5
102
{ACAD_REACTORS
330
99
102
}
330
99
100
AcDbVisualStyle
  2
Brighten
 70
    12
177
     3
291
     1
 70
    58
 90
        2
176
     1
 90
        2
176
     1
 90
        1
176
     1
 90
        0
176
     1
 40
0.6
176
     1
 40
30.0
176
     1
 62
     7
420
 16777215
176
     1
 90
        1
176
     1
 90
        4
176
     1
 62
     7
176
     1
 62
   257
176
     1
 90
        1
176
     1
 90
        1
176
     1
 40
1.0
176
     1
 90
        8
176
     1
 62
     7
176
     1
 40
1.0
176
     1
 90
        1
176
     1
 90
        6
176
     1
 90
        2
176
     1
 62
     7
176
     1
 90
        5
176
     1
 90
        0
176
     1
 90
        0
176
     1
290
     0
176
     1
 90
        1
176
     1
 40
50.0
176
     1
 90
        0
176
     1
290
     0
176
     1
290
     1
176
     1
290
     1
176
     1
290
     0
176
     1
290
     0
176
     1
290
     0
176
     1
290
     0
176
     1
290
     0
176
     1
290
     0
176
     1
 90
       50
176
     1
 40
0.0
176
     1
 40
1.0
176
     1
 90
        0
176
     1
 62
    18
176
     1
 90
       50
176
     1
 90
        3
176
     1
 62
     5
420
      255
176
     1
290
     0
176
     1
 90
       50
176
     1
 90
       50
176
     1
 90
       50
176
     1
290
     0
176
     1
 90
       50
176
     1
 62
   256
176
     0
 40
1.0
176
     0
 90
        2
176
     1
  1
strokes_ogs.tif
176
     1
290
     0
176
     1
 40
1.0
176
     1
 40
1.0
176
     1
  0
VISUALSTYLE
  5
A9
102
{ACAD_REACTORS
330
99
102
}
330
99
100
AcDbVisualStyle
  2
ColorChange
 70
    16
177
     3
291
     1
 70
    58
 90
        2
176
     1
 90
        2
176
     1
 90
        3
176
     1
 90
        0
176
     1
 40
0.6
176
     1
 40
30.0
176
     1
 62
     8
420
  8421504
176
     1
 90
        1
176
     1
 90
        4
176
     1
 62
     7
176
     1
 62
   257
176
     1
 90
        1
176
     1
 90
        1
176
     1
 40
1.0
176
     1
 90
        8
176
     1
 62
     8
420
  8421504
176
     1
 40
1.0
176
     1
 90
        1
176
     1
 90
        6
176
     1
 90
        2
176
     1
 62
     7
176
     1
 90
        5
176
     1
 90
        0
176
     1
 90
        0
176
     1
290
     0
176
     1
 90
        1
176
     1
 40
0.0
176
     1
 90
        0
176
     1
290
     0
176
     1
290
     1
176
     1
290
     1
176
     1
290
     0
176
     1
290
     0
176
     1
290
     0
176
     1
290
     0
176
     1
290
     0
176
     1
290
     0
176
     1
 90
       50
176
     1
 40
0.0
176
     1
 40
1.0
176
     1
 90
        0
176
     1
 62
    18
176
     1
 90
       50
176
     1
 90
        3
176
     1
 62
     5
420
      255
176
     1
290
     0
176
     1
 90
       50
176
     1
 90
       50
176
     1
 90
       50
176
     1
290
     0
176
     1
 90
       50
176
     1
 62
   256
176
     0
 40
1.0
176
     0
 90
        2
176
     1
  1
strokes_ogs.tif
176
     1
290
     0
176
     1
 40
1.0
176
     1
 40
1.0
176
     1
  0
VISUALSTYLE
  5
A2
102
{ACAD_REACTORS
330
99
102
}
330
99
100
AcDbVisualStyle
  2
Conceptual
 70
     9
177
     3
291
     0
 70
    58
 90
        3
176
     1
 90
        2
176
     1
 90
        1
176
     1
 90
        0
176
     1
 40
0.6
176
     1
 40
30.0
176
     1
 62
     7
420
 16777215
176
     1
 90
        2
176
     1
 90
        2
176
     1
 62
     7
176
     1
 62
   257
176
     1
 90
        1
176
     1
 90
        1
176
     1
 40
40.0
176
     1
 90
        8
176
     1
 62
     7
176
     1
 40
1.0
176
     1
 90
        1
176
     1
 90
        6
176
     1
 90
        2
176
     1
 62
     7
176
     1
 90
        3
176
     1
 90
        0
176
     1
 90
        0
176
     1
290
     0
176
     1
 90
        1
176
     1
 40
0.0
176
     1
 90
        0
176
     1
290
     0
176
     1
290
     1
176
     1
290
     1
176
     1
290
     0
176
     1
290
     0
176
     1
290
     0
176
     1
290
     0
176
     1
290
     0
176
     1
290
     0
176
     1
 90
       50
176
     1
 40
0.0
176
     1
 40
1.0
176
     1
 90
        0
176
     1
 62
    18
176
     1
 90
       50
176
     1
 90
        3
176
     1
 62
     5
420
      255
176
     1
290
     0
176
     1
 90
       50
176
     1
 90
       50
176
     1
 90
       50
176
     1
290
     0
176
     1
 90
       50
176
     1
 62
   256
176
     0
 40
1.0
176
     0
 90
        2
176
     1
  1
strokes_ogs.tif
176
     1
290
     0
176
     1
 40
1.0
176
     1
 40
1.0
176
     1
  0
VISUALSTYLE
  5
A4
102
{ACAD_REACTORS
330
99
102
}
330
99
100
AcDbVisualStyle
  2
Dim
 70
    11
177
     3
291
     1
 70
    58
 90
        2
176
     1
 90
        2
176
     1
 90
        1
176
     1
 90
        0
176
     1
 40
0.6
176
     1
 40
30.0
176
     1
 62
     7
420
 16777215
176
     1
 90
        1
176
     1
 90
        4
176
     1
 62
     7
176
     1
 62
   257
176
     1
 90
        1
176
     1
 90
        1
176
     1
 40
1.0
176
     1
 90
        8
176
     1
 62
     7
176
     1
 40
1.0
176
     1
 90
        1
176
     1
 90
        6
176
     1
 90
        2
176
     1
 62
     7
176
     1
 90
        5
176
     1
 90
        0
176
     1
 90
        0
176
     1
290
     0
176
     1
 90
        1
176
     1
 40
-50.0
176
     1
 90
        0
176
     1
290
     0
176
     1
290
     1
176
     1
290
     1
176
     1
290
     0
176
     1
290
     0
176
     1
290
     0
176
     1
290
     0
176
     1
290
     0
176
     1
290
     0
176
     1
 90
       50
176
     1
 40
0.0
176
     1
 40
1.0
176
     1
 90
        0
176
     1
 62
    18
176
     1
 90
       50
176
     1
 90
        3
176
     1
 62
     5
420
      255
176
     1
290
     0
176
     1
 90
       50
176
     1
 90
       50
176
     1
 90
       50
176
     1
290
     0
176
     1
 90
       50
176
     1
 62
   256
176
     0
 40
1.0
176
     0
 90
        2
176
     1
  1
strokes_ogs.tif
176
     1
290
     0
176
     1
 40
1.0
176
     1
 40
1.0
176
     1
  0
VISUALSTYLE
  5
175
102
{ACAD_REACTORS
330
99
102
}
330
99
100
AcDbVisualStyle
  2
EdgeColorOff
 70
    22
177
     3
291
     1
 70
    58
 90
        2
176
     0
 90
        2
176
     0
 90
        0
176
     0
 90
        0
176
     0
 40
0.6
176
     0
 40
30.0
176
     0
 62
     7
420
 16777215
176
     0
 90
        1
176
     0
 90
        4
176
     0
 62
     7
176
     0
 62
   257
176
     0
 90
        1
176
     0
 90
        1
176
     0
 40
1.0
176
     0
 90
        8
176
     2
 62
     7
176
     0
 40
1.0
176
     0
 90
        1
176
     0
 90
        6
176
     0
 90
        2
176
     0
 62
     7
176
     0
 90
        5
176
     0
 90
        0
176
     0
 90
        0
176
     0
290
     0
176
     0
 90
        1
176
     0
 40
0.0
176
     0
 90
        0
176
     0
290
     0
176
     1
290
     1
176
     1
290
     1
176
     1
290
     0
176
     1
290
     0
176
     1
290
     0
176
     1
290
     0
176
     1
290
     0
176
     1
290
     0
176
     1
 90
       50
176
     1
 40
0.0
176
     1
 40
1.0
176
     1
 90
        0
176
     1
 62
    18
176
     1
 90
       50
176
     1
 90
        3
176
     1
 62
     5
420
      255
176
     1
290
     0
176
     1
 90
       50
176
     1
 90
       50
176
     1
 90
       50
176
     1
290
     0
176
     1
 90
       50
176
     1
 62
   256
176
     0
 40
1.0
176
     0
 90
        2
176
     1
  1
strokes_ogs.tif
176
     1
290
     0
176
     1
 40
1.0
176
     1
 40
1.0
176
     1
  0
VISUALSTYLE
  5
A8
102
{ACAD_REACTORS
330
99
102
}
330
99
100
AcDbVisualStyle
  2
Facepattern
 70
    15
177
     3
291
     1
 70
    58
 90
        2
176
     1
 90
        2
176
     1
 90
        1
176
     1
 90
        0
176
     1
 40
0.6
176
     1
 40
30.0
176
     1
 62
     7
420
 16777215
176
     1
 90
        1
176
     1
 90
        4
176
     1
 62
     7
176
     1
 62
   257
176
     1
 90
        1
176
     1
 90
        1
176
     1
 40
1.0
176
     1
 90
        8
176
     1
 62
     7
176
     1
 40
1.0
176
     1
 90
        1
176
     1
 90
        6
176
     1
 90
        2
176
     1
 62
     7
176
     1
 90
        5
176
     1
 90
        0
176
     1
 90
        0
176
     1
290
     0
176
     1
 90
        1
176
     1
 40
0.0
176
     1
 90
        0
176
     1
290
     0
176
     1
290
     1
176
     1
290
     1
176
     1
290
     0
176
     1
290
     0
176
     1
290
     0
176
     1
290
     0
176
     1
290
     0
176
     1
290
     0
176
     1
 90
       50
176
     1
 40
0.0
176
     1
 40
1.0
176
     1
 90
        0
176
     1
 62
    18
176
     1
 90
       50
176
     1
 90
        3
176
     1
 62
     5
420
      255
176
     1
290
     0
176
     1
 90
       50
176
     1
 90
       50
176
     1
 90
       50
176
     1
290
     0
176
     1
 90
       50
176
     1
 62
   256
176
     0
 40
1.0
176
     0
 90
        2
176
     1
  1
strokes_ogs.tif
176
     1
290
     0
176
     1
 40
1.0
176
     1
 40
1.0
176
     1
  0
VISUALSTYLE
  5
9A
102
{ACAD_REACTORS
330
99
102
}
330
99
100
AcDbVisualStyle
  2
Flat
 70
     0
177
     3
291
     1
 70
    58
 90
        2
176
     1
 90
        1
176
     1
 90
        1
176
     1
 90
        2
176
     1
 40
0.6
176
     1
 40
30.0
176
     1
 62
     7
420
 16777215
176
     1
 90
        0
176
     1
 90
        0
176
     1
 62
     7
176
     1
 62
   257
176
     1
 90
        1
176
     1
 90
        1
176
     1
 40
1.0
176
     1
 90
        8
176
     1
 62
     7
176
     1
 40
1.0
176
     1
 90
        1
176
     1
 90
        6
176
     1
 90
        2
176
     1
 62
     7
176
     1
 90
        5
176
     1
 90
        0
176
     1
 90
        0
176
     1
290
     0
176
     1
 90
       13
176
     1
 40
0.0
176
     1
 90
        0
176
     1
290
     0
176
     1
290
     1
176
     1
290
     1
176
     1
290
     0
176
     1
290
     0
176
     1
290
     0
176
     1
290
     0
176
     1
290
     0
176
     1
290
     0
176
     1
 90
       50
176
     1
 40
0.0
176
     1
 40
1.0
176
     1
 90
        0
176
     1
 62
    18
176
     1
 90
       50
176
     1
 90
        3
176
     1
 62
     5
420
      255
176
     1
290
     0
176
     1
 90
       50
176
     1
 90
       50
176
     1
 90
       50
176
     1
290
     0
176
     1
 90
       50
176
     1
 62
   256
176
     0
 40
1.0
176
     0
 90
        2
176
     1
  1
strokes_ogs.tif
176
     1
290
     0
176
     1
 40
1.0
176
     1
 40
1.0
176
     1
  0
VISUALSTYLE
  5
9B
102
{ACAD_REACTORS
330
99
102
}
330
99
100
AcDbVisualStyle
  2
FlatWithEdges
 70
     1
177
     3
291
     1
 70
    58
 90
        2
176
     1
 90
        1
176
     1
 90
        1
176
     1
 90
        2
176
     1
 40
0.6
176
     1
 40
30.0
176
     1
 62
     7
420
 16777215
176
     1
 90
        1
176
     1
 90
        0
176
     1
 62
     7
176
     1
 62
   257
176
     1
 90
        1
176
     1
 90
        1
176
     1
 40
1.0
176
     1
 90
        0
176
     1
 62
   257
176
     1
 40
1.0
176
     1
 90
        1
176
     1
 90
        6
176
     1
 90
        2
176
     1
 62
     7
176
     1
 90
        5
176
     1
 90
        0
176
     1
 90
        0
176
     1
290
     0
176
     1
 90
       13
176
     1
 40
0.0
176
     1
 90
        0
176
     1
290
     0
176
     1
290
     1
176
     1
290
     1
176
     1
290
     0
176
     1
290
     0
176
     1
290
     0
176
     1
290
     0
176
     1
290
     0
176
     1
290
     0
176
     1
 90
       50
176
     1
 40
0.0
176
     1
 40
1.0
176
     1
 90
        0
176
     1
 62
    18
176
     1
 90
       50
176
     1
 90
        3
176
     1
 62
     5
420
      255
176
     1
290
     0
176
     1
 90
       50
176
     1
 90
       50
176
     1
 90
       50
176
     1
290
     0
176
     1
 90
       50
176
     1
 62
   256
176
     0
 40
1.0
176
     0
 90
        2
176
     1
  1
strokes_ogs.tif
176
     1
290
     0
176
     1
 40
1.0
176
     1
 40
1.0
176
     1
  0
VISUALSTYLE
  5
9C
102
{ACAD_REACTORS
330
99
102
}
330
99
100
AcDbVisualStyle
  2
Gouraud
 70
     2
177
     3
291
     1
 70
    58
 90
        2
176
     1
 90
        2
176
     1
 90
        1
176
     1
 90
        2
176
     1
 40
0.6
176
     1
 40
30.0
176
     1
 62
     7
420
 16777215
176
     1
 90
        0
176
     1
 90
        0
176
     1
 62
     7
176
     1
 62
   257
176
     1
 90
        1
176
     1
 90
        1
176
     1
 40
1.0
176
     1
 90
        0
176
     1
 62
     7
176
     1
 40
1.0
176
     1
 90
        1
176
     1
 90
        6
176
     1
 90
        2
176
     1
 62
     7
176
     1
 90
        5
176
     1
 90
        0
176
     1
 90
        0
176
     1
290
     0
176
     1
 90
       13
176
     1
 40
0.0
176
     1
 90
        0
176
     1
290
     0
176
     1
290
     1
176
     1
290
     1
176
     1
290
     0
176
     1
290
     0
176
     1
290
     0
176
     1
290
     0
176
     1
290
     0
176
     1
290
     0
176
     1
 90
       50
176
     1
 40
0.0
176
     1
 40
1.0
176
     1
 90
        0
176
     1
 62
    18
176
     1
 90
       50
176
     1
 90
        3
176
     1
 62
     5
420
      255
176
     1
290
     0
176
     1
 90
       50
176
     1
 90
       50
176
     1
 90
       50
176
     1
290
     0
176
     1
 90
       50
176
     1
 62
   256
176
     0
 40
1.0
176
     0
 90
        2
176
     1
  1
strokes_ogs.tif
176
     1
290
     0
176
     1
 40
1.0
176
     1
 40
1.0
176
     1
  0
VISUALSTYLE
  5
9D
102
{ACAD_REACTORS
330
99
102
}
330
99
100
AcDbVisualStyle
  2
GouraudWithEdges
 70
     3
177
     3
291
     1
 70
    58
 90
        2
176
     1
 90
        2
176
     1
 90
        1
176
     1
 90
        2
176
     1
 40
0.6
176
     1
 40
30.0
176
     1
 62
     7
420
 16777215
176
     1
 90
        1
176
     1
 90
        0
176
     1
 62
     7
176
     1
 62
   257
176
     1
 90
        1
176
     1
 90
        1
176
     1
 40
1.0
176
     1
 90
        0
176
     1
 62
   257
176
     1
 40
1.0
176
     1
 90
        1
176
     1
 90
        6
176
     1
 90
        2
176
     1
 62
     7
176
     1
 90
        5
176
     1
 90
        0
176
     1
 90
        0
176
     1
290
     0
176
     1
 90
       13
176
     1
 40
0.0
176
     1
 90
        0
176
     1
290
     0
176
     1
290
     1
176
     1
290
     1
176
     1
290
     0
176
     1
290
     0
176
     1
290
     0
176
     1
290
     0
176
     1
290
     0
176
     1
290
     0
176
     1
 90
       50
176
     1
 40
0.0
176
     1
 40
1.0
176
     1
 90
        0
176
     1
 62
    18
176
     1
 90
       50
176
     1
 90
        3
176
     1
 62
     5
420
      255
176
     1
290
     0
176
     1
 90
       50
176
     1
 90
       50
176
     1
 90
       50
176
     1
290
     0
176
     1
 90
       50
176
     1
 62
   256
176
     0
 40
1.0
176
     0
 90
        2
176
     1
  1
strokes_ogs.tif
176
     1
290
     0
176
     1
 40
1.0
176
     1
 40
1.0
176
     1
  0
VISUALSTYLE
  5
A1
102
{ACAD_REACTORS
330
99
102
}
330
99
100
AcDbVisualStyle
  2
Hidden
 70
     6
177
     3
291
     0
 70
    58
 90
        1
176
     1
 90
        2
176
     1
 90
        2
176
     1
 90
        0
176
     1
 40
0.6
176
     1
 40
30.0
176
     1
 62
     7
420
 16777215
176
     1
 90
        2
176
     1
 90
        2
176
     1
 62
     7
176
     1
 62
   257
176
     1
 90
        2
176
     1
 90
        1
176
     1
 40
40.0
176
     1
 90
        0
176
     1
 62
   257
176
     1
 40
1.0
176
     1
 90
        1
176
     1
 90
        6
176
     1
 90
        2
176
     1
 62
     7
176
     1
 90
        3
176
     1
 90
        0
176
     1
 90
        0
176
     1
290
     0
176
     1
 90
        1
176
     1
 40
0.0
176
     1
 90
        0
176
     1
290
     0
176
     1
290
     1
176
     1
290
     1
176
     1
290
     0
176
     1
290
     0
176
     1
290
     0
176
     1
290
     0
176
     1
290
     0
176
     1
290
     0
176
     1
 90
       50
176
     1
 40
0.0
176
     1
 40
1.0
176
     1
 90
        0
176
     1
 62
    18
176
     1
 90
       50
176
     1
 90
        3
176
     1
 62
     5
420
      255
176
     1
290
     0
176
     1
 90
       50
176
     1
 90
       50
176
     1
 90
       50
176
     1
290
     0
176
     1
 90
       50
176
     1
 62
   256
176
     0
 40
1.0
176
     0
 90
        2
176
     1
  1
strokes_ogs.tif
176
     1
290
     0
176
     1
 40
1.0
176
     1
 40
1.0
176
     1
  0
VISUALSTYLE
  5
173
102
{ACAD_REACTORS
330
99
102
}
330
99
100
AcDbVisualStyle
  2
JitterOff
 70
    20
177
     3
291
     1
 70
    58
 90
        2
176
     0
 90
        2
176
     0
 90
        0
176
     0
 90
        0
176
     0
 40
0.6
176
     0
 40
30.0
176
     0
 62
     7
420
 16777215
176
     0
 90
        1
176
     0
 90
        4
176
     0
 62
     7
176
     0
 62
   257
176
     0
 90
        1
176
     0
 90
        1
176
     0
 40
1.0
176
     0
 90
       10
176
     2
 62
     7
176
     0
 40
1.0
176
     0
 90
        1
176
     0
 90
        6
176
     0
 90
        2
176
     0
 62
     7
176
     0
 90
        5
176
     0
 90
        0
176
     0
 90
        0
176
     0
290
     0
176
     0
 90
        1
176
     0
 40
0.0
176
     0
 90
        0
176
     0
290
     0
176
     1
290
     1
176
     1
290
     1
176
     1
290
     0
176
     1
290
     0
176
     1
290
     0
176
     1
290
     0
176
     1
290
     0
176
     1
290
     0
176
     1
 90
       50
176
     1
 40
0.0
176
     1
 40
1.0
176
     1
 90
        0
176
     1
 62
    18
176
     1
 90
       50
176
     1
 90
        3
176
     1
 62
     5
420
      255
176
     1
290
     0
176
     1
 90
       50
176
     1
 90
       50
176
     1
 90
       50
176
     1
290
     0
176
     1
 90
       50
176
     1
 62
   256
176
     0
 40
1.0
176
     0
 90
        2
176
     1
  1
strokes_ogs.tif
176
     1
290
     0
176
     1
 40
1.0
176
     1
 40
1.0
176
     1
  0
VISUALSTYLE
  5
A7
102
{ACAD_REACTORS
330
99
102
}
330
99
100
AcDbVisualStyle
  2
Linepattern
 70
    14
177
     3
291
     1
 70
    58
 90
        2
176
     1
 90
        2
176
     1
 90
        1
176
     1
 90
        0
176
     1
 40
0.6
176
     1
 40
30.0
176
     1
 62
     7
420
 16777215
176
     1
 90
        1
176
     1
 90
        4
176
     1
 62
     7
176
     1
 62
   257
176
     1
 90
        7
176
     1
 90
        7
176
     1
 40
1.0
176
     1
 90
        8
176
     1
 62
     7
176
     1
 40
1.0
176
     1
 90
        1
176
     1
 90
        6
176
     1
 90
        2
176
     1
 62
     7
176
     1
 90
        5
176
     1
 90
        0
176
     1
 90
        0
176
     1
290
     0
176
     1
 90
        1
176
     1
 40
0.0
176
     1
 90
        0
176
     1
290
     0
176
     1
290
     1
176
     1
290
     1
176
     1
290
     0
176
     1
290
     0
176
     1
290
     0
176
     1
290
     0
176
     1
290
     0
176
     1
290
     0
176
     1
 90
       50
176
     1
 40
0.0
176
     1
 40
1.0
176
     1
 90
        0
176
     1
 62
    18
176
     1
 90
       50
176
     1
 90
        3
176
     1
 62
     5
420
      255
176
     1
290
     0
176
     1
 90
       50
176
     1
 90
       50
176
     1
 90
       50
176
     1
290
     0
176
     1
 90
       50
176
     1
 62
   256
176
     0
 40
1.0
176
     0
 90
        2
176
     1
  1
strokes_ogs.tif
176
     1
290
     0
176
     1
 40
1.0
176
     1
 40
1.0
176
     1
  0
VISUALSTYLE
  5
174
102
{ACAD_REACTORS
330
99
102
}
330
99
100
AcDbVisualStyle
  2
OverhangOff
 70
    21
177
     3
291
     1
 70
    58
 90
        2
176
     0
 90
        2
176
     0
 90
        0
176
     0
 90
        0
176
     0
 40
0.6
176
     0
 40
30.0
176
     0
 62
     7
420
 16777215
176
     0
 90
        1
176
     0
 90
        4
176
     0
 62
     7
176
     0
 62
   257
176
     0
 90
        1
176
     0
 90
        1
176
     0
 40
1.0
176
     0
 90
        9
176
     2
 62
     7
176
     0
 40
1.0
176
     0
 90
        1
176
     0
 90
        6
176
     0
 90
        2
176
     0
 62
     7
176
     0
 90
        5
176
     0
 90
        0
176
     0
 90
        0
176
     0
290
     0
176
     0
 90
        1
176
     0
 40
0.0
176
     0
 90
        0
176
     0
290
     0
176
     1
290
     1
176
     1
290
     1
176
     1
290
     0
176
     1
290
     0
176
     1
290
     0
176
     1
290
     0
176
     1
290
     0
176
     1
290
     0
176
     1
 90
       50
176
     1
 40
0.0
176
     1
 40
1.0
176
     1
 90
        0
176
     1
 62
    18
176
     1
 90
       50
176
     1
 90
        3
176
     1
 62
     5
420
      255
176
     1
290
     0
176
     1
 90
       50
176
     1
 90
       50
176
     1
 90
       50
176
     1
290
     0
176
     1
 90
       50
176
     1
 62
   256
176
     0
 40
1.0
176
     0
 90
        2
176
     1
  1
strokes_ogs.tif
176
     1
290
     0
176
     1
 40
1.0
176
     1
 40
1.0
176
     1
  0
VISUALSTYLE
  5
A3
102
{ACAD_REACTORS
330
99
102
}
330
99
100
AcDbVisualStyle
  2
Realistic
 70
     8
177
     3
291
     0
 70
    58
 90
        2
176
     1
 90
        3
176
     1
 90
        0
176
     1
 90
        2
176
     1
 40
0.6
176
     1
 40
30.0
176
     1
 62
     7
420
 16777215
176
     1
 90
        0
176
     1
 90
        0
176
     1
 62
     7
176
     1
 62
   257
176
     1
 90
        1
176
     1
 90
        1
176
     1
 40
1.0
176
     1
 90
        8
176
     1
 62
   257
176
     1
 40
1.0
176
     1
 90
        1
176
     1
 90
        6
176
     1
 90
        2
176
     1
 62
     7
176
     1
 90
        3
176
     1
 90
        0
176
     1
 90
        0
176
     1
290
     0
176
     1
 90
       13
176
     1
 40
0.0
176
     1
 90
        0
176
     1
290
     0
176
     1
290
     1
176
     1
290
     1
176
     1
290
     0
176
     1
290
     0
176
     1
290
     0
176
     1
290
     0
176
     1
290
     0
176
     1
290
     0
176
     1
 90
       50
176
     1
 40
0.0
176
     1
 40
1.0
176
     1
 90
        0
176
     1
 62
    18
176
     1
 90
       50
176
     1
 90
        3
176
     1
 62
     5
420
      255
176
     1
290
     0
176
     1
 90
       50
176
     1
 90
       50
176
     1
 90
       50
176
     1
290
     0
176
     1
 90
       50
176
     1
 62
   256
176
     0
 40
1.0
176
     0
 90
        2
176
     1
  1
strokes_ogs.tif
176
     1
290
     0
176
     1
 40
1.0
176
     1
 40
1.0
176
     1
  0
VISUALSTYLE
  5
182
102
{ACAD_REACTORS
330
99
102
}
330
99
100
AcDbVisualStyle
  2
Shaded
 70
    27
177
     3
291
     0
 70
    58
 90
        2
176
     1
 90
        2
176
     1
 90
        1
176
     1
 90
        2
176
     1
 40
0.6
176
     1
 40
30.0
176
     1
 62
     7
420
 16777215
176
     1
 90
        0
176
     1
 90
        4
176
     1
 62
     7
176
     1
 62
   257
176
     1
 90
        1
176
     1
 90
        1
176
     1
 40
1.0
176
     1
 90
        8
176
     1
 62
   257
176
     1
 40
1.0
176
     1
 90
        1
176
     1
 90
        6
176
     1
 90
        2
176
     1
 62
     8
420
  7895160
176
     1
 90
        3
176
     1
 90
        0
176
     1
 90
        0
176
     1
290
     0
176
     1
 90
        5
176
     1
 40
0.0
176
     1
 90
        0
176
     1
290
     0
176
     1
290
     1
176
     1
290
     1
176
     1
290
     0
176
     1
290
     0
176
     1
290
     0
176
     1
290
     0
176
     1
290
     0
176
     1
290
     0
176
     1
 90
       50
176
     1
 40
0.0
176
     1
 40
1.0
176
     1
 90
        0
176
     1
 62
    18
176
     1
 90
       50
176
     1
 90
        3
176
     1
 62
     5
420
      255
176
     1
290
     0
176
     1
 90
       50
176
     1
 90
       50
176
     1
 90
       50
176
     1
290
     0
176
     1
 90
       50
176
     1
 62
   256
176
     0
 40
1.0
176
     0
 90
        2
176
     1
  1
strokes_ogs.tif
176
     1
290
     0
176
     1
 40
1.0
176
     1
 40
1.0
176
     1
  0
VISUALSTYLE
  5
181
102
{ACAD_REACTORS
330
99
102
}
330
99
100
AcDbVisualStyle
  2
Shaded with edges
 70
    26
177
     3
291
     0
 70
    58
 90
        2
176
     1
 90
        2
176
     1
 90
        1
176
     1
 90
        2
176
     1
 40
0.6
176
     1
 40
30.0
176
     1
 62
     7
420
 16777215
176
     1
 90
        1
176
     1
 90
        2
176
     1
 62
     7
176
     1
 62
   257
176
     1
 90
        2
176
     1
 90
        1
176
     1
 40
1.0
176
     1
 90
        8
176
     1
 62
   257
176
     1
 40
1.0
176
     1
 90
        1
176
     1
 90
        6
176
     1
 90
        2
176
     1
 62
     7
176
     1
 90
        3
176
     1
 90
        0
176
     1
 90
        0
176
     1
290
     0
176
     1
 90
        5
176
     1
 40
0.0
176
     1
 90
        0
176
     1
290
     0
176
     1
290
     1
176
     1
290
     1
176
     1
290
     0
176
     1
290
     0
176
     1
290
     0
176
     1
290
     0
176
     1
290
     0
176
     1
290
     0
176
     1
 90
       50
176
     1
 40
0.0
176
     1
 40
1.0
176
     1
 90
        0
176
     1
 62
    18
176
     1
 90
       50
176
     1
 90
        3
176
     1
 62
     5
420
      255
176
     1
290
     0
176
     1
 90
       50
176
     1
 90
       50
176
     1
 90
       50
176
     1
290
     0
176
     1
 90
       50
176
     1
 62
   256
176
     0
 40
1.0
176
     0
 90
        2
176
     1
  1
strokes_ogs.tif
176
     1
290
     0
176
     1
 40
1.0
176
     1
 40
1.0
176
     1
  0
VISUALSTYLE
  5
17E
102
{ACAD_REACTORS
330
99
102
}
330
99
100
AcDbVisualStyle
  2
Shades of Gray
 70
    23
177
     3
291
     0
 70
    58
 90
        2
176
     1
 90
        2
176
     1
 90
        3
176
     1
 90
        0
176
     1
 40
0.6
176
     1
 40
30.0
176
     1
 62
     7
420
 16777215
176
     1
 90
        2
176
     1
 90
        2
176
     1
 62
     7
176
     1
 62
     7
176
     1
 90
        1
176
     1
 90
        1
176
     1
 40
40.0
176
     1
 90
        8
176
     1
 62
     7
176
     1
 40
1.0
176
     1
 90
        1
176
     1
 90
        6
176
     1
 90
        2
176
     1
 62
     7
176
     1
 90
        3
176
     1
 90
        0
176
     1
 90
        0
176
     1
290
     0
176
     1
 90
        1
176
     1
 40
0.0
176
     1
 90
        0
176
     1
290
     0
176
     1
290
     1
176
     1
290
     1
176
     1
290
     0
176
     1
290
     0
176
     1
290
     0
176
     1
290
     0
176
     1
290
     0
176
     1
290
     0
176
     1
 90
       50
176
     1
 40
0.0
176
     1
 40
1.0
176
     1
 90
        0
176
     1
 62
    18
176
     1
 90
       50
176
     1
 90
        3
176
     1
 62
     5
420
      255
176
     1
290
     0
176
     1
 90
       50
176
     1
 90
       50
176
     1
 90
       50
176
     1
290
     0
176
     1
 90
       50
176
     1
 62
   256
176
     0
 40
1.0
176
     0
 90
        2
176
     1
  1
strokes_ogs.tif
176
     1
290
     0
176
     1
 40
1.0
176
     1
 40
1.0
176
     1
  0
VISUALSTYLE
  5
17F
102
{ACAD_REACTORS
330
99
102
}
330
99
100
AcDbVisualStyle
  2
Sketchy
 70
    24
177
     3
291
     0
 70
    58
 90
        1
176
     1
 90
        2
176
     1
 90
        2
176
     1
 90
        0
176
     1
 40
0.6
176
     1
 40
30.0
176
     1
 62
     7
420
 16777215
176
     1
 90
        2
176
     1
 90
        2
176
     1
 62
     7
176
     1
 62
     7
176
     1
 90
        1
176
     1
 90
        1
176
     1
 40
40.0
176
     1
 90
       11
176
     1
 62
     7
176
     1
 40
1.0
176
     1
 90
        1
176
     1
 90
        6
176
     1
 90
        2
176
     1
 62
     7
176
     1
 90
        6
176
     1
 90
        0
176
     1
 90
        0
176
     1
290
     0
176
     1
 90
        1
176
     1
 40
0.0
176
     1
 90
        0
176
     1
290
     0
176
     1
290
     1
176
     1
290
     1
176
     1
290
     0
176
     1
290
     0
176
     1
290
     0
176
     1
290
     0
176
     1
290
     0
176
     1
290
     0
176
     1
 90
       50
176
     1
 40
0.0
176
     1
 40
1.0
176
     1
 90
        0
176
     1
 62
    18
176
     1
 90
       50
176
     1
 90
        3
176
     1
 62
     5
420
      255
176
     1
290
     0
176
     1
 90
       50
176
     1
 90
       50
176
     1
 90
       50
176
     1
290
     0
176
     1
 90
       50
176
     1
 62
   256
176
     0
 40
1.0
176
     0
 90
        2
176
     1
  1
strokes_ogs.tif
176
     1
290
     0
176
     1
 40
1.0
176
     1
 40
1.0
176
     1
  0
VISUALSTYLE
  5
A6
102
{ACAD_REACTORS
330
99
102
}
330
99
100
AcDbVisualStyle
  2
Thicken
 70
    13
177
     3
291
     1
 70
    58
 90
        2
176
     1
 90
        2
176
     1
 90
        1
176
     1
 90
        0
176
     1
 40
0.6
176
     1
 40
30.0
176
     1
 62
     7
420
 16777215
176
     1
 90
        1
176
     1
 90
        4
176
     1
 62
     7
176
     1
 62
   257
176
     1
 90
        1
176
     1
 90
        1
176
     1
 40
1.0
176
     1
 90
       12
176
     1
 62
     7
176
     1
 40
1.0
176
     1
 90
        1
176
     1
 90
        6
176
     1
 90
        2
176
     1
 62
     7
176
     1
 90
        5
176
     1
 90
        0
176
     1
 90
        0
176
     1
290
     0
176
     1
 90
        1
176
     1
 40
0.0
176
     1
 90
        0
176
     1
290
     0
176
     1
290
     1
176
     1
290
     1
176
     1
290
     0
176
     1
290
     0
176
     1
290
     0
176
     1
290
     0
176
     1
290
     0
176
     1
290
     0
176
     1
 90
       50
176
     1
 40
0.0
176
     1
 40
1.0
176
     1
 90
        0
176
     1
 62
    18
176
     1
 90
       50
176
     1
 90
        3
176
     1
 62
     5
420
      255
176
     1
290
     0
176
     1
 90
       50
176
     1
 90
       50
176
     1
 90
       50
176
     1
290
     0
176
     1
 90
       50
176
     1
 62
   256
176
     0
 40
1.0
176
     0
 90
        2
176
     1
  1
strokes_ogs.tif
176
     1
290
     0
176
     1
 40
1.0
176
     1
 40
1.0
176
     1
  0
VISUALSTYLE
  5
A0
102
{ACAD_REACTORS
330
99
102
}
330
99
100
AcDbVisualStyle
  2
Wireframe
 70
     5
177
     3
291
     0
 70
    58
 90
        0
176
     1
 90
        2
176
     1
 90
        0
176
     1
 90
        0
176
     1
 40
0.6
176
     1
 40
30.0
176
     1
 62
     7
420
 16777215
176
     1
 90
        1
176
     1
 90
        4
176
     1
 62
     7
176
     1
 62
   257
176
     1
 90
        1
176
     1
 90
        1
176
     1
 40
1.0
176
     1
 90
        0
176
     1
 62
   257
176
     1
 40
1.0
176
     1
 90
        1
176
     1
 90
        6
176
     1
 90
        2
176
     1
 62
     7
176
     1
 90
        3
176
     1
 90
        0
176
     1
 90
        0
176
     1
290
     0
176
     1
 90
        1
176
     1
 40
0.0
176
     1
 90
        0
176
     1
290
     0
176
     1
290
     1
176
     1
290
     1
176
     1
290
     0
176
     1
290
     0
176
     1
290
     0
176
     1
290
     0
176
     1
290
     0
176
     1
290
     0
176
     1
 90
       50
176
     1
 40
0.0
176
     1
 40
1.0
176
     1
 90
        0
176
     1
 62
    18
176
     1
 90
       50
176
     1
 90
        3
176
     1
 62
     5
420
      255
176
     1
290
     0
176
     1
 90
       50
176
     1
 90
       50
176
     1
 90
       50
176
     1
290
     0
176
     1
 90
       50
176
     1
 62
   256
176
     0
 40
1.0
176
     0
 90
        2
176
     1
  1
strokes_ogs.tif
176
     1
290
     0
176
     1
 40
1.0
176
     1
 40
1.0
176
     1
  0
VISUALSTYLE
  5
180
102
{ACAD_REACTORS
330
99
102
}
330
99
100
AcDbVisualStyle
  2
X-Ray
 70
    25
177
     3
291
     0
 70
    58
 90
        2
176
     1
 90
        2
176
     1
 90
        1
176
     1
 90
        1
176
     1
 40
0.5
176
     1
 40
30.0
176
     1
 62
     7
420
 16777215
176
     1
 90
        1
176
     1
 90
        0
176
     1
 62
     7
176
     1
 62
   257
176
     1
 90
        1
176
     1
 90
        1
176
     1
 40
1.0
176
     1
 90
        8
176
     1
 62
     7
176
     1
 40
1.0
176
     1
 90
        1
176
     1
 90
        6
176
     1
 90
        2
176
     1
 62
     7
176
     1
 90
        3
176
     1
 90
        0
176
     1
 90
        0
176
     1
290
     0
176
     1
 90
       13
176
     1
 40
0.0
176
     1
 90
        0
176
     1
290
     0
176
     1
290
     1
176
     1
290
     1
176
     1
290
     0
176
     1
290
     0
176
     1
290
     0
176
     1
290
     0
176
     1
290
     0
176
     1
290
     0
176
     1
 90
       50
176
     1
 40
0.0
176
     1
 40
1.0
176
     1
 90
        0
176
     1
 62
    18
176
     1
 90
       50
176
     1
 90
        3
176
     1
 62
     5
420
      255
176
     1
290
     0
176
     1
 90
       50
176
     1
 90
       50
176
     1
 90
       50
176
     1
290
     0
176
     1
 90
       50
176
     1
 62
   256
176
     0
 40
1.0
176
     0
 90
        2
176
     1
  1
strokes_ogs.tif
176
     1
290
     0
176
     1
 40
1.0
176
     1
 40
1.0
176
     1
  0
DICTIONARYVAR
  5
F0
102
{ACAD_REACTORS
330
66
102
}
330
66
100
DictionaryVariables
280
     0
  1
1:1
  0
DICTIONARYVAR
  5
EF
102
{ACAD_REACTORS
330
66
102
}
330
66
100
DictionaryVariables
280
     0
  1
STANDARD
  0
DICTIONARYVAR
  5
89
102
{ACAD_REACTORS
330
66
102
}
330
66
100
DictionaryVariables
280
     0
  1
STANDARD
  0
DICTIONARYVAR
  5
1B7
102
{ACAD_REACTORS
330
66
102
}
330
66
100
DictionaryVariables
280
     0
  1
Imperial24
  0
DICTIONARYVAR
  5
1B8
102
{ACAD_REACTORS
330
66
102
}
330
66
100
DictionaryVariables
280
     0
  1
Imperial24
  0
DICTIONARYVAR
  5
67
102
{ACAD_REACTORS
330
66
102
}
330
66
100
DictionaryVariables
280
     0
  1
2
  0
DICTIONARYVAR
  5
6B
102
{ACAD_REACTORS
330
66
102
}
330
66
100
DictionaryVariables
280
     0
  1
1
  0
DICTIONARYVAR
  5
14D
102
{ACAD_REACTORS
330
66
102
}
330
66
100
DictionaryVariables
280
     0
  1
0
  0
DICTIONARYVAR
  5
14E
102
{ACAD_REACTORS
330
66
102
}
330
66
100
DictionaryVariables
280
     0
  1
0
  0
DICTIONARY
  5
194
330
22
100
AcDbDictionary
280
     1
281
     1
  0
DICTIONARY
  5
188
330
97
100
AcDbDictionary
280
     1
281
     1
  3
FBXASSET
360
189
  0
DICTIONARY
  5
186
330
96
100
AcDbDictionary
280
     1
281
     1
  3
FBXASSET
360
187
  0
DICTIONARY
  5
110
330
98
100
AcDbDictionary
280
     1
281
     1
  3
BUMPTILE
360
112
  3
DIFFUSETILE
360
111
  3
FBXASSET
360
18A
  3
OPACITYTILE
360
113
  3
REFLECTIONTILE
360
114
  0
DICTIONARY
  5
104
330
87
100
AcDbDictionary
280
     1
281
     1
  3
ACAD_ROUNDTRIP_2008_TABLESTYLE_CELLSTYLEMAP
360
24D2
  0
XRECORD
  5
189
102
{ACAD_REACTORS
330
188
102
}
330
188
100
AcDbXrecord
280
     1
 70
     1
 90
429727718
  1
508B35C9-AEE7-456F-BE74-D52651303AC6
310
504B03040A0000080000B670623B3DEE336E79000000790000001B0000006175746F6465736B2D64657369676E2D7061636B6167652E786D6C3C3F786D6C2076657273696F6E3D22312E302220656E636F64696E673D227574662D3822203F3E3C666F726D6174733E3C666F726D61743E687474703A2F2F736368656D612E
310
6175746F6465736B2E636F6D2F64657369676E2D7061636B6167652F323030393C2F666F726D61743E3C2F666F726D6174733E504B0304140006080800B670623BD486FD9CA0000000F4000000130000005B436F6E74656E745F54797065735D2E786D6C7D8EC10E82300C865F65E91D8A1E8C310C0EEA1BF002731658846E
310
D98AC1B77784ABF1D8FE5FBFBF75BBCE937A534CCEB38643598122B6FEE978D0B0485F9C41B54DDD7D022595594E1A469170414C76A4D9A4D207E29CF43ECE46F218070CC6BECC4078ACAA135ACF422C856C0E68EA1BF5669944DDD7BCDE7B1F8E415D77AECB980613C2E4AC91FC167A2B244592486606FC29C8FD7F045B9A
310
EF7053A7E60B504B0304140006080800B670623B28ED286BEB0000007C01000008000000636F72652E786D6C8D90416EC3201045AF82665B6183218D6D61A254764FD00B204C5C94182C03558F5F9C3852BBEB6A467FFE9B197D71FA9E6FE8CBACC17AD7012D0820E3B41FAD9B3A48F1826B40272956EFE32F1B20A766D3C1
310
268314D3EAD3B24BDABB685CCCAAF3A3D94515828980F42D371D04FD696655A814B3235C8B45E9AB9A4C419F5D8653B2237A1CB163DE672FD6AC209BF3C08E0D1B30EB19C3FC9D72FCC6EB231EFA33EDE96BDD341517E5064B11EDFCBCAF57A3A2194156843498524CAA0FCA5B7268F9E185D42D21A2DCEC7FA0B48CFF8492
310
759155FBBB0F2C80A4F991FB408A72CB22977B50B96EB9C91F504B0304140006080800B670623B55019EA25F0000007C00000007000000636E782E786D6C4DCB3B0E80201045D1AD90E915ED2CF8AC45050C11660C8261F98AB1B07AC9C97D42D718D865D3E909258CFD00CCE24AC6E326A164D74DC0B4128928FF32603847
310
2BA13128B1252AC747C6BAB984FC68F0B87FE8960A5C09FE86CFB69FBA01504B0304140006080800B670623B7BC41AC871010000D40300000C0000006662782F636F72652E786D6CC553ED6E8320147D15C2DF4501B56B6D90A64BBB27D80B50A5CE54C120983EFEAE1F4DD7A56BBA5FF3879273EEE59E7310BE393735EA95
310
ED2AA333CC428A91D2B9292A5D66D8BB63B0C26823B835C67D2BC348CB46657880B1E0A535BE9DA1DC68A7B403549B42CDA0EC3AE530CA6B5864B8CB3F552343E91D5474A7B095F949962A6421D0502778E72C0840D390E18DC5F170E664C205F7BE2A66B62A605A75AC94C522DDEEE3651AEF837817C741F2CE92E02D592D
310
83FD6ECB76EC7595A651C2C9D02CB8AB9A8BBADC2AE954814544691A3016D0E883256BBA58278B17BA5A53CAC9507ED3E4DBE2C9265F691747B3DCA9ADC382819091F8E1162272A8933DE82182932144F88C09DF060D8140C84E1EEA8B8F1340BDCA9DB1093085F157AA97B557309586747CD0EF0B4EA64E983A6E0EAEEFCE
310
889E9EF17847386AA94B30211D2C0FDE0D3AF9A4610EAD5536E8DD1969631B593F67E381C33F5157F17725E5A636F6BF1491F980C8FC7B90E13E8A2F504B0304140006080800B670623B70102A487D0000009D0000000B0000006662782F636E782E786D6C4DCCD10A83201886E15B91FFDC95A5C30335ACCDFB886521330D
310
A76397BF1A1DECE883878F57749FD5A3B74D2F17830472A901D9F088930B8B849267CC01754AA418F3DF0D5018572BE160506249B16C274D761E8BCFBB7A179E27F65CB39A0F14D396184C9921B81F34C3ACA1B4B99ABB6E6F062A25AA5F69DF23ACBE504B0304140006080800B670623B3610CA3329010000120200003100
310
00006662782F42384135303843342D343331462D343546312D424341352D3532343432364645413344462F636F72652E786D6C8D515B6EC32010BC0AE22B55850D0E446E848992B43E412FE000495162B07854397EA176A4F62F3F2C9A9D991D58BEBB8F37F0AD7D30CE76905418026DA553C65E3A98E219B510EC04F7CEC5
310
3F3408EC30EA0E16180A7EF12E4D0B249D8DDAC68C5AA7F4020E21E80881BCE54B0783FCD2E3500D296646B856D320AFC34557A4CAEDCC133C449F0380794839A138B47B86DB2345744D7A44594FD0E1B867883594369BFE63BF7EEF793D0B054FC9A8456E548E63CE46FB674D8A58F068C6477CE9F510B582A2C1F80D1182
310
70F349E816B32D65AFB8DD62CCEB42FF274A937A52948C8DEB66893BCB021484D7734370E5D2E9F608A3EF93F3119479ABA0E50B14B8C298119A43CCC4FCFCECB8A18B6388CEE7EF5D5D4F994BD86CBBA182D76543B9FCAE2FD7B24DF103504B0304140006080800B670623B1B8617914E0100003303000030000000666278
310
2F42384135303843342D343331462D343546312D424341352D3532343432364645413344462F636E782E786D6CD593C16EC32010447F0571AD6CE3D489D20813A9877E410FBD62D82434182CC055F3F75D1292E692438FBD206B7698593D61BEFD1E2DF982108D773D6D6B460938E5B571FB9ECE6957AD29D90A1EBC4F7736
310
4A9C1CA1A759A682EF839FA72269D8C9D92654AD71C72206887E0E0A22CAF926B15E498B01E0AA19451807D01A34B919F16B070157417138917400F2F6FA41FCF0092A45DEE414C19BDC21783E4BD39D891265658C3D8DEA00A3ACE59CBC8678ACB54CB26EEB6BD7839D7E9348BE70AD9C8321B9BCA7F9A4A26C542347DEE0
310
50F09802D22BA6749A800A394DD62899107273365E3C82CFC6A55557BC06C10774B7ABE7AEC3B0F34CF06446280E154026D0542C187BA9DAB6628BF7B6DBB0E5A65B3EB1F58631DE64BBE083F7B65CC218087E22CABB042E51D1F2268F1FE12B3EA24D40D63E9CFE00120194D60B9D5BC67FE6D39CDF37E20AF817881F504B
310
0304140006080800B670623BBFEF2E3B690500003C100000340000006662782F42384135303843342D343331462D343546312D424341352D3532343432364645413344462F6F626A656374732E786D6CAD575D739B3814FD2B0CFB0C98D84E931D4227B6938EA793B6534F3BFB90198F0099B001899144EAECAFDF231018B0
310
D37A3FFC609090EEE7B94757C1FB7D915B2F54C88CB31BDB7727B64559CC938CA53776A576CE956DBD0F03C1B9EA2DB32D460A7A63EB693B0C52C1ABD24C257447AA5C8D66EF177F5832A68CDA569C13296F6C193FD182B8A4523CA1F2D94D88226EBADBBBBEDB2C1C8A4D05299F46424B222853B014F30C52ACC6287F389C
310
D85E1878FA7B18E87FB36AFAF62AAFF667A83F635211161F291B8999FAB3D5DDC5FCDA99CF6653677679E13B8BFBC5CAF1DF4D27CBCBE5F2FAF6EE1A8AA51290642C117467871F101B91C581D77CEA2C36869F3229E68CD1B8F61F1ED6361B89092D294B90C78C4A68EB793D190E7D1D9BDEE7A91E1B95FDE9F3BCEAEFE809
310
6A6D6F9F7D4B79F4275C90E7A04248AA51D5C4C738DAE06F72885AC4796EBE65D22A88A22223B995679120E2D50EB1542F098381188D4EA111AE3DB043FF20AF6F2B4AE3D7D83D65E5AECA730D4D3BAC91BD05FEA992B565D95F549CD6069B90AB2A63EACA38A45E4B6A87D781574F86817E4C2FCCC72690D62E2729520E37
310
9BAF234797BAF6D62B3BFC781FED37BA1E4F2B2F052FA9501A3E80569BB8F6A9A364D4FA67654E6F803383981F82F21591FF84F23D9882BC896C3FDBCF8C162508933B2E0AE4C69DD43F6BD2BE38DDDBF10BF86CB4FA784D37F3AF16075E67EC9030DECA1FC0A55373F5DFF3378C591FA9BDF485C10B0A8C8BA909E5262639
310
A8E72163488806A595734C81CB77D1DE0ED7604A303B76913CEC0272F412782FF88EFF4636D8AA56DF7B322474C4B767303F625997056C7B032C473C592B36CEBD15F3F9FF5233B7ABCDC74D257624A60F8658567497B14CE1EC3C80B76FD02011038F9EE9EB0F2E12387A9C844D3F09855125116D1D731DF8B43D2CF4E0A0
310
79A020C6BE946BCE0B7EA1E1219331CD73C228AF5A2DDD31A4B1DA918CE91350854D40A71723140BFA92E94E62B0626016CEFA5864A50E5977E8753CEDBEE1CBB7F52780D20E17AF0BA0F5F9B02A3AD07DCC732EB6D1EBB661421BE0C39E21BABF0FE16D22EA6929407C8DE596724C88B749B6DB5512BC7B228ADFD7CB7EA6
310
3A22397E690BA8D5D8D4E40CEC8CDA23C2C0B7D5898640101CEC9C6D331CE328CB93CAFBBAC70A642DF70DF95155945B52F08AA973C23469FD69ADEF84F7BB18F983A8F8C90E37F5D35980B2139A1C523540813E824EF83448CF7C72B598CE97D7CEEDDDDD3B6736BFBC771677EF66CE6A7E7139F7A793E9EDF2B2B3A8B624
310
0CDA13AA5F8388264EC4A0129909F3B7F5A16CEDF08128E97D680ACA4B9BE7B7B58BB638F0B00700EF36AE8B32A705658A68F83EE897FC2B41573190D1CCAF0B92D233A47CFEB019D9809933F67DD1A5467F8CF69AD9A5AE859342D45355448C64F968A371DC2D596ADC6E43D93D1B466F877A64E2893E54F23C4B40388995
310
525E5005DA3983ED45412510D3EFCA13737B3863F74BD30F2A12E5B4B5E489A025CE25500DB855B11ACE5BBFA185D35DD48D8DC3CE7DC69F2944DB42AA6F6CF09BCA622ADD08C7A36E7C6AE18000BAB08E040135C2D21C9D75B3A91B77BB746C403F38018DFE6EC939DD92F16B40BC05294B9CDA035AAD6D330AE27FE4786B
310
8E45145EA34A75BE1C263A676A35A8ACC6297337400BF16C54EF515F3F77CB77EB3583889C754FFA29081AA98E2222ADEF05DA3E63D2EDEA8B8756C05A7FB6CABC4A91CBF325398202CC952E70A008A830324BA200D5E5EF8F5F04C75DB4B0EE3340E071C98B823333B83577596BF3849B69F2085AA0FAFA212F26BEFF5877
310
FDE622B28D88A42E49E43326DA82D31E8CB006401E1DA726059ECEC168F97A6599036306A135688F9AD2E61A6EA178F4CD51974A9F2CCB9F36FE5EBD14601068D9C3BF01504B0304140006080000B670623B000000000000000000000000350000006662782F42384135303843342D343331462D343546312D424341352D35
310
32343432364645413344462F76657274696365732E62696E504B0304140006080800B670623BF270F1330600000004000000360000006662782F42384135303843342D343331462D343546312D424341352D3532343432364645413344462F747269616E676C65732E62696E636660600000504B0304140006080000B67062
310
3B000000000000000000000000370000006662782F42384135303843342D343331462D343546312D424341352D3532343432364645413344462F617474726962757465732E62696E504B0304140006080800B670623B08DA0BD19000000041010000360000006662782F42384135303843342D343331462D343546312D4243
310
41352D3532343432364645413344462F6469726563746F72792E786D6C858F410AC3201045AF22B36F53E9A60B35CBEEBAE80D244E44489C6234F4F835464A48035D0DF398FF9F8AF63D0E6CC63039F212F8F9020C7D47C6792B21C5FE7403D62A1188E2E60C98D7234A5830286103A55745067B9D86B8A3CF9C7F90C11DE6
310
07FB144396D7B6A82D282E9A152AD114D5EF2CB866EEE831B8EEA07A7BB5A8D7D61A2BAAEB7FD5F70921FF497D00504B0304140006080800B670623B3B4606F3FE000000A00100003B0000006662782F42384135303843342D343331462D343546312D424341352D3532343432364645413344462F7265736F75726365732F
310
636F72652E786D6C8D504B6E833010BD0A9A6D65B08134808CA354A427E8052C332156828DFCA97AFC9A40A576D7CDCCE87D344F8F9FBEE647F689CE6B6B7A6039850C8DB2A336530F315C4903D94970676DF82583CCC8197B5861107C72362E3BA4AC096842428D1D7107A5F71820538F74F4E0D50D6799CB1892C2DFF345
310
AABB9C306779A2934E701F5C0A906D4FD609C2A1B7D129F4BCD858C163D4E3AED163FAA9AF1A1D88F67CA98E6D35906AA82A52BFB39ABCD5CD915C86331BD86BD3B665CD8BD52C78D0F34F46E550061C419494B6843142CB0F5677F4D0D58717DA7494F26295FF31C565FCA7296A13AA728FBBD93C0896823C09C18BB5AFB4
310
9E65A6BD762BBE01504B010214000A0000080000B670623B3DEE336E79000000790000001B00000000000000000000000000000000006175746F6465736B2D64657369676E2D7061636B6167652E786D6C504B01021400140006080800B670623BD486FD9CA0000000F40000001300000000000000000000000000B2000000
310
5B436F6E74656E745F54797065735D2E786D6C504B01021400140006080800B670623B28ED286BEB0000007C010000080000000000000000000000000083010000636F72652E786D6C504B01021400140006080800B670623B55019EA25F0000007C000000070000000000000000000000000094020000636E782E786D6C50
310
4B01021400140006080800B670623B7BC41AC871010000D40300000C00000000000000000000000000180300006662782F636F72652E786D6C504B01021400140006080800B670623B70102A487D0000009D0000000B00000000000000000000000000B30400006662782F636E782E786D6C504B01021400140006080800B6
310
70623B3610CA3329010000120200003100000000000000000000000000590500006662782F42384135303843342D343331462D343546312D424341352D3532343432364645413344462F636F72652E786D6C504B01021400140006080800B670623B1B8617914E010000330300003000000000000000000000000000D10600
310
006662782F42384135303843342D343331462D343546312D424341352D3532343432364645413344462F636E782E786D6C504B01021400140006080800B670623BBFEF2E3B690500003C10000034000000000000000000000000006D0800006662782F42384135303843342D343331462D343546312D424341352D35323434
310
32364645413344462F6F626A656374732E786D6C504B01021400140006080000B670623B0000000000000000000000003500000000000000000000000000280E00006662782F42384135303843342D343331462D343546312D424341352D3532343432364645413344462F76657274696365732E62696E504B010214001400
310
06080800B670623BF270F133060000000400000036000000000000000000000000007B0E00006662782F42384135303843342D343331462D343546312D424341352D3532343432364645413344462F747269616E676C65732E62696E504B01021400140006080000B670623B00000000000000000000000037000000000000
310
00000000000000D50E00006662782F42384135303843342D343331462D343546312D424341352D3532343432364645413344462F617474726962757465732E62696E504B01021400140006080800B670623B08DA0BD1900000004101000036000000000000000000000000002A0F00006662782F42384135303843342D3433
310
31462D343546312D424341352D3532343432364645413344462F6469726563746F72792E786D6C504B01021400140006080800B670623B3B4606F3FE000000A00100003B000000000000000000000000000E1000006662782F42384135303843342D343331462D343546312D424341352D3532343432364645413344462F72
310
65736F75726365732F636F72652E786D6C504B0506000000000E000E0080040000651100000000
  0
XRECORD
  5
187
102
{ACAD_REACTORS
330
186
102
}
330
186
100
AcDbXrecord
280
     1
 70
     1
 90
429727718
  1
887D55A9-D0DD-414E-B741-A7DCD4DA2B4C
310
504B03040A0000080000B670623B3DEE336E79000000790000001B0000006175746F6465736B2D64657369676E2D7061636B6167652E786D6C3C3F786D6C2076657273696F6E3D22312E302220656E636F64696E673D227574662D3822203F3E3C666F726D6174733E3C666F726D61743E687474703A2F2F736368656D612E
310
6175746F6465736B2E636F6D2F64657369676E2D7061636B6167652F323030393C2F666F726D61743E3C2F666F726D6174733E504B0304140006080800B670623BD486FD9CA0000000F4000000130000005B436F6E74656E745F54797065735D2E786D6C7D8EC10E82300C865F65E91D8A1E8C310C0EEA1BF002731658846E
310
D98AC1B77784ABF1D8FE5FBFBF75BBCE937A534CCEB38643598122B6FEE978D0B0485F9C41B54DDD7D022595594E1A469170414C76A4D9A4D207E29CF43ECE46F218070CC6BECC4078ACAA135ACF422C856C0E68EA1BF5669944DDD7BCDE7B1F8E415D77AECB980613C2E4AC91FC167A2B244592486606FC29C8FD7F045B9A
310
EF7053A7E60B504B0304140006080800B670623BBC1638F5EC0000007C01000008000000636F72652E786D6C8D90416EC3201045AF82665B61836BE2D8C24471DB9CA01740401C94182C03558F5F9C3852BBEB6A467FFE9B197D7EF89E6EE8CB2CC17AD7032D0820E394D7D68D3DA478C67B4007C117EFE32F1B202727D3C3
310
2A83E0E3E2D3BC49CABB685CCCAAF3DA6CA20CC14440EA969B1E82BA98491632C5EC08D76296EA2A4753D06797E194AC468F2356E77DF66CCD02825543D50CACC62D39ED70FDC68EB8FD68F6F8787A6784342D1DDA1D2F5758F068A7E77DB518198D065111D2624A31A93E69DD11D6D5EC85EC3B4278B9DAFF4069D6FF8492
310
75F1B5DADE7D600104CD8FDC0782976B16B9DC83CA75CD4DFC00504B0304140006080800B670623B55019EA25F0000007C00000007000000636E782E786D6C4DCB3B0E80201045D1AD90E915ED2CF8AC45050C11660C8261F98AB1B07AC9C97D42D718D865D3E909258CFD00CCE24AC6E326A164D74DC0B4128928FF326038
310
472BA13128B1252AC747C6BAB984FC68F0B87FE8960A5C09FE86CFB69FBA01504B0304140006080800B670623B3586FFB671010000D40300000C0000006662782F636F72652E786D6CC553ED6E8320147D15C2DF4541A76D6D90A6DDD627D80B50A4CE54C120983EFEAE1F4DD7A55BBA5FF3879273EEE59E7310B6393735EA
310
95ED2AA3731C851423A5A5292A5DE6D8BB63B0C268C39935C67D29C3488B46E578803167A535BE9D2169B453DA01AA4DA16650749D7218C91A1639EEE4876A4428BC838AEE14B6429E44A9C228041AEA38EB9C0501681A32BC313F1ECE8C4C3867DE57C5CC56054CAB8E95B298A7F12E5EEED224C8E87E11242FE936C8DE96
310
AB60BB7F4D295D66D12E5B30323473E6AAE6A24E5A259C2A308F29CD82280A68FC1E256B9AAE93F489AED694323294DF34F9B678B0C957DA3DC7B3DCA9ADC33C022123F1CD2D44E450277AD04338234388F01913BE0D1A0281909D38D4171F27807A259DB1093085F157AA17B557309586747CD0CF0B46A64E983A6E0EAEEF
310
CE881F9EF1FB8E70D44297604238581EBC1B74B249C31C5AAB6CD0BB33D2C636A27ECCC62F0EFF445DC5DF95244D6DEC7F2922F30191F9F720C37DE49F504B0304140006080800B670623B4220A0FF7D0000009D0000000B0000006662782F636E782E786D6C4DCCD10A83201886E15B91FFDCE542CB0335D0EC3E6259C84A
310
C3E9D8E5AF46073BFAE0E1E315DD675BD1DBA5978F41C2FD4600B9F088930F8B849267CC01754AA418F3DF0D50183727E164506249B1EC174D6E1ECB9A0F5D7D785E68DB8151CD286E5A5363CA6B8A39E90D36D40E96B086F55A43A544F52B1D7B86D517504B0304140006080800B670623B2FA3FEDE290100001202000031
310
0000006662782F45374635344235342D363743322D343832342D383044432D4334454645303536354442422F636F72652E786D6C8D515B6EC32010BC0AE22B55850D2E386E848994D7097A0117488A1283C5A3CAF10BB523B57FF961D1ECCCECC0F2ED7DBC816FED8371B687A4C210682B9D32F6D2C314CFA883602BB8772E
310
FEA141608751F7B0C050F08B77695A20E96CD43666D43AA5177008414708E42D5F7A18E4971E876A483133C2B59A06791D2EBA22556E679EE021FA1C00CC43CA09C5717D6274C7286AD7FB06D1AEA1A8C3873DDAD3E3E98859CB0EBB1DAF67A1E02919B5C88DCA71CCD968FFAC49110B1ECDF8882FBD1EA256503418BF2342
310
106E3E08DD60B6A1EC15771B8C795DE8FF4469524F8A92B1F1AD59E2CEB20005E1F5DC105CB9F4797B84D1F7C9F908CABC55D0F2050A5C61CC1AD2F27A26E6E767C7962E8E213A9FBF7775FDCC5CC266DB960A5E970DE5F2BBBE5CCB36C50F504B0304140006080800B670623B1B8617914E01000033030000300000006662
310
782F45374635344235342D363743322D343832342D383044432D4334454645303536354442422F636E782E786D6CD593C16EC32010447F0571AD6CE3D489D20813A9877E410FBD62D82434182CC055F3F75D1292E692438FBD206B7698593D61BEFD1E2DF982108D773D6D6B460938E5B571FB9ECE6957AD29D90A1EBC4F77
310
364A9C1CA1A759A682EF839FA72269D8C9D92654AD71C72206887E0E0A22CAF926B15E498B01E0AA19451807D01A34B919F16B070157417138917400F2F6FA41FCF0092A45DEE414C19BDC21783E4BD39D891265658C3D8DEA00A3ACE59CBC8678ACB54CB26EEB6BD7839D7E9348BE70AD9C8321B9BCA7F9A4A26C542347DE
310
E050F09802D22BA6749A800A394DD62899107273365E3C82CFC6A55557BC06C10774B7ABE7AEC3B0F34CF06446280E154026D0542C187BA9DAB6628BF7B6DBB0E5A65B3EB1F58631DE64BBE083F7B65CC218087E22CABB042E51D1F2268F1FE12B3EA24D40D63E9CFE00120194D60B9D5BC67FE6D39CDF37E20AF817881F50
310
4B0304140006080800B670623B29652116630500003C100000340000006662782F45374635344235342D363743322D343832342D383044432D4334454645303536354442422F6F626A656374732E786D6CAD575D739B3814FD2B0CFB0C989834C90EA1639B24E3E9A6EDD4D3CE3E64C623834CD8006224913AFDF57B040203
310
B65BEF871F0C12D2FD3CF7E8CA7FBFCB33E3957291B2E2D674ED8969D02262715A24B76625B7D6B569BC0F7CCE98EC2D338D82E4F4D654D366E0279C55A59E8AE99654991CCDDECFFF3444440B6A1A514684B83545F44C7362934AB2988A173B2692D8C97667BB76B3702836E1A47C1E092D09A78584A5982F20C5688C7287
310
C389E904BEA3BE07BEFAD7ABA6A75739B53F43FD69212429A20365233153D70BEF2E2E6FAC4BCF9B5ADEBB0BD79ADFCF43CBBD9A4E16EF168B9BD9DD0D140BC921495BC2E9D60C1E101B9E46BED37CEA2CD6861F3329624541A3DA7F7858DBAC25C6B4A4458C3CA654405BCFEBC970E8AAD8F43E4FD558ABEC4F9FE7557F47
310
4F506B7BFBEC5BCA367FC105710E2AB8A00A554D7CB4A30DFE26FBA86D18CBF4B75418399194A72433B274C3097F33032C554B027F2046A1932B842B0FCCC0DDCBEBDB8AD2F835768F59B9ADB24C41D30C6A64AF817F2A456D59FA83F2E3DA60137255A585BCD60EC9B7929AC18DEFD49381AF1ED30BFDB109A4B1CD488294
310
C3CDE6EBC8D185AABD6568061FEE37BB95AAC7E3CA4BCE4ACAA5820FA0D526AE7DAA2869B5EE5999531BE0CC20E6FBA07C41E43FA27CF7A6206F3CDD793B4F6B919C1462CB788EDCD893FA674CDA17AB7B3B7C019F8D561FAEE966FED562DFE98C1D12C6A9FC015C2A35D7FF3D7FC398F591DA4B5FE0BFA2C0189FEA50AE22
310
92817A1ED3020951A03432862970F976B33383259812CC8E5D240BBA801CBCF8CE2BBEE3BF910DB6AAD5F79E05123AE2DB33981FB1ACCB02B69D00CB014FD68AB573A7627EF9BFD4CC2C5C7D58557C4B22FAA88925A4DBB44825CECE3D78FB060D1231F0E885BE7D673C86A3874958F593906B5502D1563157814FDAC3420D
310
F69A070A22EC4B98E23CFF171A1E5311D12C23056555ABA53B8614563B92D17D02AAB009E8F46284624E5F53D5490C560CCCC2591FF1B45421EB0EBD8EA7ED13BE7C5D7E0428CD60FEF60779EB13E6664FF711CB185F6FDED60D139A001FF60CD1FD6D086F1D51474901E26B2CB794A343BC8ED3EDB612E0DD2351FCB65CF4
310
33D511C9E14B5B40ADC6A6263DB0336A8F700DDF56271A024E70B0B3629DE21847591E55DED73D56206AB927E46FAABC5C939C55853C274C93D69FD6FA4E78BF8B11DF898C9ECD60553FAD39283BA6F18984AA23E8884F83F45C5F5F859797B31B2B9C84A1E5B9DE9D35BFF25C6B76152E422F9C5DCC3D847F5801ED09D5AF
310
41441327A25FF15487F9EB725FB666F048A4701E9A827292E6F97569A32DF61DEC01C0BB8DCBBCCC684E0B49147C1FD54BF685A0AB18C868E6973949E819523E3DAC463660E68C7D9F55A9D1EFA3BD7A76A16AE1A810F95CE59B82A4D968A376DC2E8B44BBDD86B27B368CDE0ED548C7137DA860591A83706223A12CA712B4
310
7306DBF39C0A20A6DF95C7FAF670C6EED7A61F946493D1D6926782963813403548A78AE470DEF80D2D9CEAA26E4D1C76F60BFE74219A06527D6B82DF641A51616F703CAAC6A7160E08A00BEB4810A0274592A1B36E3675E36E978A0DE80727A0D6DF2D39A75BD27E0D8837276589537B40ABB56D5A41F48F1C6FCD3188C4EB
310
A6929D2FFB89CE995A4D00AE813BDD032DC48B56BD437DFDDC2DD7AED70C2272D63DE9A72068A45A92F0A4BE17A8A06B9366E16707AD80B1FC649459952097E74BB23805982B55E0401150A165964402AA8BDF9F3E7386BB686EDCA780C0D382E5392BF460A6EFB2C6EA1937D3F809B440D5F5435C4C5CF7A9EEFAF54564BD
310
2182DA24162F98680B4E7930C21A0079709CEAEB99A372305ABE0C0D7D6078105A83F6A0296DAEE1068A47DD1C55A9F4C9B2FC69E3EFD44B81028E963DF81B504B0304140006080000B670623B000000000000000000000000350000006662782F45374635344235342D363743322D343832342D383044432D433445464530
310
3536354442422F76657274696365732E62696E504B0304140006080800B670623BF270F1330600000004000000360000006662782F45374635344235342D363743322D343832342D383044432D4334454645303536354442422F747269616E676C65732E62696E636660600000504B0304140006080000B670623B00000000
310
0000000000000000370000006662782F45374635344235342D363743322D343832342D383044432D4334454645303536354442422F617474726962757465732E62696E504B0304140006080800B670623B08DA0BD19000000041010000360000006662782F45374635344235342D363743322D343832342D383044432D4334
310
454645303536354442422F6469726563746F72792E786D6C858F410AC3201045AF22B36F53E9A60B35CBEEBAE80D244E44489C6234F4F835464A48035D0DF398FF9F8AF63D0E6CC63039F212F8F9020C7D47C6792B21C5FE7403D62A1188E2E60C98D7234A5830286103A55745067B9D86B8A3CF9C7F90C11DE607FB144396
310
D7B6A82D282E9A152AD114D5EF2CB866EEE831B8EEA07A7BB5A8D7D61A2BAAEB7FD5F70921FF497D00504B0304140006080800B670623B6378F24DFF000000A00100003B0000006662782F45374635344235342D363743322D343832342D383044432D4334454645303536354442422F7265736F75726365732F636F72652E
310
786D6C8D504B6E833010BD0A9A6D65B0094E42641C85B639412F6099496225D8C89FAAC7AF09546A77DDCC8CDE47F3F4C4F16B7C149FE88371B603565228D06A37187BED20C50BD9437194C23B177FC9A0B06AC40E6618A4B87A97A615D2CE46B431A3D60DB8822A048C50E8473E3A08FA86A32A558A5911EEE5A4F45D5DB1
310
6465A6B34E8A107D0E502C4FE609D26370C96B0CA25A58295232C3AA3143FE692E063D485EF7F5AEE71BD2D2F39634AFFC44DAF7DD9E9CCE6F9CD25DCBFA762BAAD92C4534E34F46ED51451C40D694B6843142EB0FD61C283F34FC85EE0F948A6A96FF31A569F8A729191B37F51A77B105902C0779125254735F793DCBCC7B
310
EE567E03504B010214000A0000080000B670623B3DEE336E79000000790000001B00000000000000000000000000000000006175746F6465736B2D64657369676E2D7061636B6167652E786D6C504B01021400140006080800B670623BD486FD9CA0000000F40000001300000000000000000000000000B20000005B436F6E
310
74656E745F54797065735D2E786D6C504B01021400140006080800B670623BBC1638F5EC0000007C010000080000000000000000000000000083010000636F72652E786D6C504B01021400140006080800B670623B55019EA25F0000007C000000070000000000000000000000000095020000636E782E786D6C504B010214
310
00140006080800B670623B3586FFB671010000D40300000C00000000000000000000000000190300006662782F636F72652E786D6C504B01021400140006080800B670623B4220A0FF7D0000009D0000000B00000000000000000000000000B40400006662782F636E782E786D6C504B01021400140006080800B670623B2F
310
A3FEDE290100001202000031000000000000000000000000005A0500006662782F45374635344235342D363743322D343832342D383044432D4334454645303536354442422F636F72652E786D6C504B01021400140006080800B670623B1B8617914E010000330300003000000000000000000000000000D2060000666278
310
2F45374635344235342D363743322D343832342D383044432D4334454645303536354442422F636E782E786D6C504B01021400140006080800B670623B29652116630500003C10000034000000000000000000000000006E0800006662782F45374635344235342D363743322D343832342D383044432D4334454645303536
310
354442422F6F626A656374732E786D6C504B01021400140006080000B670623B0000000000000000000000003500000000000000000000000000230E00006662782F45374635344235342D363743322D343832342D383044432D4334454645303536354442422F76657274696365732E62696E504B01021400140006080800
310
B670623BF270F13306000000040000003600000000000000000000000000760E00006662782F45374635344235342D363743322D343832342D383044432D4334454645303536354442422F747269616E676C65732E62696E504B01021400140006080000B670623B0000000000000000000000003700000000000000000000
310
000000D00E00006662782F45374635344235342D363743322D343832342D383044432D4334454645303536354442422F617474726962757465732E62696E504B01021400140006080800B670623B08DA0BD190000000410100003600000000000000000000000000250F00006662782F45374635344235342D363743322D34
310
3832342D383044432D4334454645303536354442422F6469726563746F72792E786D6C504B01021400140006080800B670623B6378F24DFF000000A00100003B00000000000000000000000000091000006662782F45374635344235342D363743322D343832342D383044432D4334454645303536354442422F7265736F75
310
726365732F636F72652E786D6C504B0506000000000E000E0080040000611100000000
  0
XRECORD
  5
112
102
{ACAD_REACTORS
330
110
102
}
330
110
100
AcDbXrecord
280
     1
270
     1
271
     1
  0
XRECORD
  5
111
102
{ACAD_REACTORS
330
110
102
}
330
110
100
AcDbXrecord
280
     1
270
     1
271
     1
  0
XRECORD
  5
18A
102
{ACAD_REACTORS
330
110
102
}
330
110
100
AcDbXrecord
280
     1
 70
     1
 90
178295084
 71
     1
  1
5E6E4BA6-AA69-4A77-950F-CDF5569AF842
311
504B03041400060808008D56245C50EBB675F6000000A80100004F00000034424146394336442D464330322D344246302D394545392D3045453039433145433443342F4173736574446174612F446566696E6974696F6E4974657261746F7250726F706572746965732E62696EBD503B4EC430103514200A0A240E40413BD8
311
C93A4E8C8490EDD854347000E40D6637923759AD13D16EC9AD612CC21518E9CD8CDEFC9EE68B10F2BD18A6E40471447F89F1290CE1D077AFDD36EC3C39CB4C1CD73EDE62261BBDB2655583906205BC2835686E04705338CD6DAB9B469F62DF39A20D1F7E8E535EF9DCA72EC4E88730CEE90A89E5C6CDCE4F78CBC7BB3C7441
311
480E4704F92BA4BC69F3AB288BFC44F8F7FDFDA34F294C0F946BE5A4112D38C34AE0DA3190D64A60D632690A6BB8E1F425A4713E7421D1CA0A8B2302941212B8AA6B901573605A5755422AD7F0924EDB39BFE63ACB580FBE8F94D145C2DB7ED820FD6FF603504B03041400060808008D56245CB44385E1FD00000030020000
311
4500000034424146394336442D464330322D344246302D394545392D3045453039433145433443342F4173736574446174612F496E7374616E636550726F706572746965732E62696EEB606060F80F0540260323103700495E20ED9E9A975A94991C9C9C919A9BA802143075357335717234D3757434B3D435713437D7B534
311
3570D3757671333535B37474B33031624768046931363471713532B5D435353131D635313332D475727372D13534373670367376B67474B5042A03DBCBA019D37FE8ABC6157B20CD04146B0062181F4C03F940F0C11EA29A8141C08141002C0426541C106CAC2CA046088033B02A030AC2157C6006F21A8018AAF50194E601
311
0A610250382264E08660284CD9E98021862280A91564B406929A0FF62C401E28B6F88038B83CB1243943D7A928312F253505240396BAC7E0804E3382B480C5812C2CF2E8EAD1F900504B03041400060808008D56245CB5A795FFE3790000DE7900006B00000034424146394336442D464330322D344246302D394545392D30
311
45453039433145433443342F5265736F75726365732F35453645344241362D414136392D344137372D393530462D4344463535363941463834322F7468756D626E61696C2F302F67656E657269635F706E6701DE79218689504E470D0A1A0A0000000D49484452000001000000010008030000006BAC58540000000467414D
311
410000B18F0BFC6105000000017352474200AECE1CE900000192504C5445818181B3B3B35A5A5A4848486060605C5C5C6464648383835E5E5E6262624E4E4EAFAFAF4A4A4AB5B5B54C4C4CB1B1B1858585B7B7B7585858ADADAD7C7C7C464646787878ABABAB747474A7A7A7686868707070B9B9B96E6E6E6A6A6A8B8B8B66
311
6666545454565656A5A5A5505050A1A1A1BBBBBB8F8F8F9F9F9F4242425252527676764040403E3E3E9B9B9B7A7A7A8989897E7E7E9393939797974444448787873C3C3C727272BDBDBD3A3A3A6C6C6CA9A9A9A3A3A32020209D9D9DBFBFBF8D8D8D9595959191912626269999992222222424241E1E1EC1C1C1282828C3C3
311
C32C2C2C2A2A2A2E2E2E303030C5C5C53232321C1C1C363636383838343434C7C7C71A1A1A0E0E0E121212484A484C4E4C1616160A0A0A4A4C4A787A781414147C7E7C9193915E605E464846838583878987B1B3B18587856668665A5C5A626462818381A7A7A5A3A3A1B1B1AFADAFAD7072705C5E5C9D9D9BABADAB7E817E
311
B7B9B7585A58BBBDBB4C4C4A8D8F8D747674B5B5B3B7B7B59FA19F606260ABABA9A5A5A39B9B99A9A9A78F8F8D6C6C6AC7C7C5451AD12700002000494441547801DCBD89771BD7B5A70B8EE04C702641712605CE034890E220088028C93245451215B713AF388E7DFD9EEDB8DDCE6ABFF4B57D97137BE50FEFEFDBA74049B6
311
AEED74869B7E87404D2814EBB7F76F0F67A8835CEEBFA0E42B854AA5B2BB5B6BCC951A8D52A93657A914FE0BEEE39FFE2FF395B9B9C6CAD2D4C4606F4B7FFF8D1B37EEDCB97587F7CD9B4343BD134BABE7DB48E3FFA7A228ECD6F6574E4786C0FC8B5FFCE2CD5FFCE297BF7CF3CD5FFC92B52FFE58BFF9E69B776E0EF5F79E
311
55CBBBF9FC3F5D3DFFB07F5898ABAF7CDA3B74E74EC0CE20230561BF096E97E05712BFFCC59BC80539DCE83DDD6E54FE61B7747DE17FB8980BBBFB2BBD4337DF487881AAE6C5ACC6AF25207877B2B527BFF1CB3B77FA47561ABBD7F7FA7FE146A5B6BD74E3164C7F51449AE95DB412200EC539418717E7F2F11B376FF62E95
311
FEAF1442BED0581DBCA1BD2780D23F506AFA16E1A7AD974EF17876F00DD7BCB187A1A97AE51FCED5BF2BC1F2BBE5B3C19BE27B43CF26DE00933658FE129B109C2FFF922CC22C4260FA01BEFB462A77DEBC35F42F600C3F5B0795D2E9E02DAD5E650B4438A92801B65C35CBAB7B1EE5041CE69D3B6F1822DFB873EBD6AD3B6F
311
BC71EBC6C86AE967DFC2DFA4CEBFF1BF54F6276EBC114E2F43FEC60B01A0D440A868B2920E5C4BC10D60931ADCB871F3268B21D3851B08E1D6AD9BFD4BF57F7577909FAB86F29B982571136AF01DF5FE32AC3BD9406CAAF2440A54CF176EDD01FBADA1FEFEFE21FE4C9858DFF4183458A9FD2B6708A5A5A137E0EE1D11A9EC
311
0C7C58B2C73C0AD6B479BD76B7790CF899E287FA5B06FB7B07C9195B7851FA8794031EF1FC5F9406BBFB23375420286399B631E93B08022A785C4DBF9996EC3551874094D71B6F487E80F6837E50F483BDBDBD83232323AC420A18C68DA196EDDADF68A77F938F78FD972BABBDB7B87FB164AC6FC2CB760365821ACB74AED4
311
4FFAD7E7431ECD7E08AC421F391D199998989A383D9D98E8E56F84A318C58D9BFD2DAB73FF5222C8EFAEF4DE7AF30D756E5108683DA471E70D0502099A7240F19E4089D3FD203E620F1B47BF43501E85031AE44B4B9F2E4D2D9D4D51D8970983FA861B3706FF950CA170DE82F6B312CC4F42C8966295F7D725ED29882415DC
311
055F36DEA1FE96FEC141493F05FAA9A9A5A595B333DED5B3D5A533F62183323032F46EFF13EA0AAFA5FBF7C8976F8C10F7280A014832593B90004D52341980D907EAEB73411EB2F1EBC9F507F92746C40E7AE0AFAE54292BAB2BAB67CAE0746264A277B06508168C94BF772BE9765F7BF0B548FE1E07F3B5A521340A5CB529
311
7C4B12811B89E82191ECF3E41B3259C529F135E23CF4C7F961FB13537F5A02ECCAEA76B5BA5D3D3FDF3F2FEFEFB3AA22053E5008833428DC6C59FA2F770595F311F235D427F379BB8A121BD901B96076A388DC4C3C61C7933CCCD770FF375A6E0CE9F535FE2534BF5ADD3E3FAFD71BF57AA951B6D4CFEBFB8864758A261544
311
30080B06ABFF557610ECC93726224F155D1471041E0D42F82F4891C926C1355B0831649FF365F46FF05300A7A790BD8ADEEB0D4AA9569A9BDBADCCD56AA55AE377F5F3F3EA2A34983A1DE91D810543138D7F28E57FF4E2B5335A3928B76EA1CB9B00BF158C8F63A2E788826896D0B5E7C461949ECE089144F8EBEFC7FB4D8C
311
9C4E9DAD60F7FBE572B416C2F2423ECF8B86C439E450DA970634ACFDA977629098D0B2FAF313A36B3869E37AF7853378CDA1171FBEBA95DF1E44FD5144A420588641B0055A79ED91CC0DC41E27064512FB33F1F04D09D0D2DF0203A646A6CECE80DF28356A348CED8C4F1EF137B9319E1BCD29867CA556AA97F7B757567006
311
A447FD375A26CAAFDED9CFDCFB2BB0BEEE8AA5911BC2C7F85DF88A3775389990AA72219D582409210F85A4E66F2987D875C30848023088FDF77E87F96FD7CBA5B9DCCEF4F4C9FC7C676777577B7B7B67E7ECCCE4E8DEE85E81A6D55AA3BC7FBEB242589CE8ED4770E785D7DDE23FF2587EBF57F50B9E820527316488E5C32D
311
50F979BCA58207297E2B6D658702FFCD211840FE43FC9F3A5BAD9E97E6F21B9FCF16BBBB3A3A5A175B5B1787875B5B3B86DFEFFC687A72674F19D46A8DFDF3EACA59E405375ACE76FFA922C817CE86A89BDD92F400F2C55B7462F610459837D3A61ACF50C7471C8F2F2A9D38C3DA2F068007F80EFCDBFBE5DCC674B1D83EBC
311
BEB8BCBCBC3ED0D3D333D0B3DE33BCBEB0D8DA35FBF9F8CECE68AE020BCE61C112A4C1138CD47F9AD13F7DC6AB9CF9CFCFAF9D0E01FFE6CD503F5B91C5218E2899CA15098714848B04FCE5654884ABF0E554F11F6C21D73D5D5AADD64B7B9327DDAD8B0B7D7D6D6D07070763BC0F3E38E8EB4310EBEB8BC3DDB347E3E37B58
311
42B97C4E44A0C630427E5CFDFB71E03F471E12CA9FF70E055AE141042DD81234B879EB4606361D9328149037D7D76A571A7E974FA20AD0323832713AB5BA7ABE3B3E3D3FBC30307070B0B9B645D93C3CDC3CDCA41CFC6AAC2D64D0D579B4B1B397A7C1BDBEBD7D36657A3CD4B2F44F4909F2B9CA597F4245C59DEC354316F0
311
587020D0C661742BC02869435FD12CF195C422DB3C5A3E2305C000CE6B7B27ED8B7D63079B5B5B878787C787C7C7C757C76C51B60ED60EDAFA06D67B965B3B672677080BB5329E60E9B477847AE2E9EB53E35779FD37EFCD2D0DDD68AA355B6B0D81860502B8B68C801F5C697E9AD62F4B406244CB975560BAC756AAA57767
311
5B07C6D03778C17E7C95CAF1B3ABABE3E3ADADE3CDB1B1B6B681014470343EBA979F8B90383545727C63E43549D14FD0F927E5F1FDEFD7263058FE02EBCD1BDCBCA053496BD58E69BC44F9F854D4D979AE9ADB908824382AC1D4014E9756EAF9CE85B6B54DB01F02F8EA5908E0D9D5F1B3E72188C3C3AB67879B07C8A0A767
311
B8B831FE5E7EB754DEAE5261460243FFF07858D8EF0D658BDC563A2C5EF5833C13C90B69248C4DD97842B61DFA7F210A2F6108A0F96B62E2D3B3F3DD939EA47E30ABF5AB2B903F4BE5F9B36757CF65021E616DAC6F60A1FB647274B4B05B2E5341B082D43278F67D8DFDA48AFF9A13F22B34C7586C9992BA6E66CABC190E31
311
3E7C811AA57304B421A75B289B9D174CC868C24548823E230B9A5A2DCD2CAFE1F98E61C015CA7E96B083FC59F3ED06EE60F360B3AD6F79787ED278D0A86FAFE00BA9220EAEFE1D5DE1F7855939C3FCC1332426B377F692406E022C010DB437EF009803F0DCFD3B7C94440571D8F2C328F115F47FD324802070BAB43FBA80EF
311
DB92FCA1F7E7CF9FA875CBB327CF9EB08C4DE4815BC4210E2CB7CF1CEDECEDCED5B757490968286899FAF95583BF46F9393CEE6A86D6F618CAAD9BFF0BE22B042412C5CFB50556815CC5BBE33E9F61ECEC26A9BCB8145FD10590078F9C9E953B513FAE1FE387FAC246E14F9E3CE7F5F8194BD6594140876B6B84C5D6799C61
311
A16434201E5237582AFD75C07EEED9863F463284E2E13425A036BD41061259289B6BDC1ED656FC8B8592C9D00701E27CEA749F0D8EF44EAD8C1F80FFF8F8F9D513191F6803384C800097F24069C407CFAE88136B7DCB3D5D4A60B711F19070D83235F77331FD35E715966889038E2E0B346EAB7936C4162043E1A1F1440936
311
95443A570144898BC4079CEF1912809A3035A1D3F361235F90FFF1E3E0FB93C7E2750719F88E7D8E68123883ADB5B18185AE99F1D11C1238A792DC4BEDE8EC6FF503DF377E0445F68FAF4E08D43082D02170F30131A154206CC559A8D9CFDD762B31273E4947A581E0D9BB71E33FFA07CD02CE2A6BE1EC80167497F2A81CFA
311
3F7EFE58D0CF5D5D170DE4F89070B0BC4040CC17BEAC6B0586C3D3FF0309BC06F44B04A1E13729929B4DF73C44070692C810B08AC3012E8EE9EAE22067796288C193B2139B970B86F47FAD0F98382B1E035D9C32FD318A4FAFCB274F2E1FA772F94411B0CD42493C23393A685B5FEF3E1ACF554AF5F3552A478383374E6B2F
311
DDFC4F6DFE38F4F4ED7A7FE838F488EA852482F412D3CB07E293D02C9F074F12E84C5AAC423271450572A385449844706475FD38DC3C22486A0639E5F1E38B0CFE93CB4B25910EF309A2224BD8DAD40C682C28341AD69047E8539A6AFC14EC573F7FAD10AE0FE6EB13E87B28E093B513B5803514DE408809BC12A14876DE0A
311
25F643009E9176D9F0C330164285A7444DC8CAF0E9FE41429EE0A2F6A6DE91C0856C501272404A8468822E24C807030B1D33D40D4AFBDBABB411D093D88C86D7205E05FC57EDD1F805FA4CED5920F0CED39157E007CE21757C5DE440ECBCB46CD283E378029B43FB077B4F47E60E9F61E8D01BE017D7E843EB49F50A2028F1
311
E442FCC90C9EE308E4C0C2C94EAE30B75FAD3A0EAFA57FE9EF960F14BE15638840EAF3BA490BB6850EDB38EECAFD21A0C746D0C4234DBD035EFC7EDD121FA585FAB73DB89FE6A03CF833AB0730E5E2F1A36CE3F202A128934B44E396961121E1F2C9F32BFCC0C140CFE22C1CA8E109B182919696BFB98120234F61B59F7BF4
311
6EC30CF067B21A33B0FB3E402448EE266CCD93135A8E823DB31F85E677434E608F53F8100BC0098EA2FD6BC01770E0F2F2D1E5452A711C4BB8486248FAD756D852026B6DC90A2AA5C6B69E9068B8F27AFABFFEE8AB36F1D23985D5960014FD711940800B560250D2272CC54FF1D3A660B275AC3881E349689C1616E1E90441
311
29D032313509DE4700BC867C71F128C400159407C761022BA8A040F40A244788808C60B3AD67A17576279F6F946923191921B0545FC2F12AC0EFEFBD7262B6935679FC7F80629160ABFAEC88E8430E76D82A8DE62ACE50BD4A42FBF03B387B37FD321B37E31C3F063D99703F5160E6C9E5A300CF32A91E0A085A29C0FC507F
311
6C21012303C6104B82C1F1E156DB3229D1A855A32A8352C9077AF733A0AFE0FB3EF81FDF2F0F82C21B0EB06998866878B103305E31EC17F4FD43831E570A2118D1667632D4FFFFB125782F96168A833DBE78C3F11F8383A79D49F58F1E3DBC780417AE6581381E8610604888E2913E12492881274822C221AD04CB0B1D273B
311
8542837460898C686864FF6F801E8269F40AD0481DFAF5E6E9C1F3BE391C325004DF0746A4E4448F7B52C0D5EAD39EC46896B888C4210D68E99DFA2820DF7FF850EC407EB55C3EBC5028611409BFCB8889C90F1C52355AEF98B18100094C9D0EF6F64FD47E5CBF3FF5293DDFB4B50DDD54F351446FA1F14580DC3902C085F5
311
93CB24ACC917B213BBC11B3F0A61042FD8B24F4FB9C4556D0CB9E1A880DE89934CE9607F18F81FDD950DD0E1D143F41D56110E227C250621FF098838042BC85B5B6BCBCBC31DD37B34966E9FFD9936A2FEFEA9EBA4182E5CD3E17AE35501FCE0707E5525A7DBC64DFD077825BE37CE0BBE1BBEC061410C660B6E49912665E2
311
B3749C7C9F93834022F74CDE6CA5EB501D9CBC04B768292C5CCB84478F3CA83074092C6082169015E5800D5839DC6C1B58EFE83ECA513BDE3EFB8EF1242D2D4B3FD55AFE03D42F8492AF8A3F21444FA2FA9ABBF525EAF84C09F0168527B0138A85D1EC0443C467B28BF844EAF76323BE13D7C11F72FED783837B970FEFDE7D
311
7817E077C17EF7E2A1C2C0FE851FE4C008388C15E818958746129E1009D054B67530D6B3D8DA3D59D82D9D57CF70039FF50FFE0DE94089DB269C3655A4F25B38C49D0BD48E59F1526887C18FC5272197F85CA72862A593A4843CD25F920487DDF7AA0441A2C0600D062001F103FCEEA3D8560CEC3EBACB01CAE5A51E420349
311
F602191E5F901893142381351CE17047E764BE50DEAF9E4D8C38B6ECFFACEB141E54A6865A88A60133EE9CBB4C256930B0B168C1C3AB59FE1743FB422C7166082E934AFA5EFA3E4BCE0B69362FA7041818B7FDECE1DDFB4D022007CA23E521F0700AAEB5888BBBF08023E128B4045381542FA256B0D04E28A0C3804E233A1B
311
FB476A2F48FD135BAF9843BEDA3264EB42BA499601F16B566E72C7EA35908ABCB9176BBED43204C696AFD3D7B24B08D3AFA44BE243D88A6D9D0B6562B52F741E1610C0EFBBAF2B0829289A640EC4C8A4FF66A24430786CEBE1E1E61AF9507BFB496EAEB64F8F49B4129EBDEC065EC1F8A3F228A3CD0950883B41BEC6D1944A
311
E06147289600A7726313AC69A3F91197F1438BCB743E76F01F6EF1D1C854071670FFFE43FF1EDED702EE5A14C85D0C42DF90B86068800659AC88981855E3E774A71C0CAC2F76754EE7CC87C808D1E1E0F6CF47FD4224731337BE1E39C5010823EE997B1491BBD99FC8D8EF77482BEB5EB2CF66499A8E0F7511B19B3EFBDACB
311
6507BC78731B1B383D02FFDD7BE8DD9256F7D0BA7B46015941097B80018F700FFA024CC08078F51806100ADBFA163ABA8A3B95B9D2F92AC30BC908ED31FABE0CBEBFFF0279B675868F9AA24E9530B08C174055B7F48E4F58002F3E82F0BDFA003E8B431EB6C4A91E4D9B5FFB791265BA8827BBE5F1BCFA7F789F72F75EC800
311
F8AE43FFAEC42F13009FB905A9A0132015D0068ED7682AC608BA6771038DEDB3B33082891FAB1ABF5614F93238079726B833958796B845B731FCB86316713C1DC581B1E19B424EE32674093F80776F7E27C6FBFAC85C536CD955B96EDA2A3FBF770FF4BE11845470EB3E42D022000E0FE07D16181102074216244466830880
311
1E133A4C163BE68F6826A5523071CA78B2FED51F28F8C70FE4190073A3E5D3259D7A288CD19BDE623F10021BAB0C6E327FD507B2741627727EA00D31856492F9F009D7F152D930704E642795C1C1B336E0DEBB7F0FDCB79318543B25341F36802D64A981A690B94259607DE0B19D466BF8C1C5E1CEF9A3FC5C639FD6117B4B
311
AEAB453F8EFBDA500A67E8BAF76C8A06566E36EE1184E8329419161F83D843D5DE7D8221163E145F56921C3EE383978072129E290A9B7166E63D26BAB1FCDBF710009E4051842390031845F20077CD079407C575F20364C4910ED2A574BC357630B0BCD8DE39335EB175646A698458F6A346F003A93002E846FFE0C459B800
311
6E506D79BF902908A0AA05CB5E73530E33BA1D3C2EF99C712B7C8B41DF4D2A7830BE8707485FCFAEEB85A09AB6D39BBF7B4F23E00509C20DB04E240822A4B810E04D8D53D10D504C059ED86BB8697F514777717A8F8144D48A4C89077F7EDB00E2D89DC02A7B975640A282C49A4AA84B70B12BFED8EA6584860DFB7EE23FCB
311
00C6BAF7332FF259FA3C9346508813E372F1DDE425065BB61FDF8300F7EEDDBE8D0C6EDF46F7D8823478590AE23759D60DA6B7A9F125EDE8F4A5D2B37470D0B63C30DCDE3D3D59A8D1501EB1B0A5377517BDD6E301F995E3F955F0F58FAC2E81CE172A8344AC03DC6781939D2484B8FFC15E8F3ACCD3954CE19576B942D0A0
311
29188EC7013FE59AE90B71292DE774F1F63D60230180B30A2EDC65291B6211B4081128856001A680015CE000708254891851D4B3BED0FA4D7166B466BFF1D2A924885AD12B387FC0FCE6819AC3AE06A7AA4B715F0927B74D119D4A668FB54B8A8C268D8B038A207D10A7B1E95E42195B695BE0240F7408B311257C23F581E9
311
87C180140C584A02B1670CB817CEC0A080F259F1360E58452013200E3EC107AC1DF4FD7B0F6D23F33347F9527D9F51E6138E31AF35F1BDAAEEEBA3D71BB402E2FB47CECEE96B4DB85536772B07C82A34F3E66D0BCEC207FEB9E70643761276F7B50D5EE963CFF80C7AF4A2130F5BF8C4EBFB5F07B709840480DBD8007FB7EF
311
3F90104908BA457D43AA2A6A02C91422285E5AAC143F3313A0CB74D9D164933B86C25587134E8D342B453FC982860D09FD13ABE72055ED020E85D3E312F74C25CB0293D978A1C4001927C80B86FD06349126EC219F0C735C8053D8F5F310817EA01F1B7851F406144C211C6362C27DD51F1E310C0102280ADB891E9B085CC5
311
28A2B1369A46BA195B9A2B351862CE43174BA73FB7CBB430A5798F4C54B7333B96C3224A9863AD02B9FBD8E63092191924E77C199D92887DA594B6DCF0112857162FD0949FE6A441F5E62E42FB2105BC405A2301A3424601DC807912CB2C39C604A27908021CDA30C4C8C2019A883B3A8BD393BB3546136EAF561980FB63E9
311
E035FF73B96D09A905ACB2C11D79571C5159026227DDBDB81396EB03F14100BEB66DE1FA9EF82C3ECCBE318119C4269FD014E66361FC8BB0B4EA9A98EF3D8848A01360430284335004C183CC25BCA82D2302EB03B8419241C64DF4F5ADAF77B533BE786334BFCBB8DA72BDBEFFC36103AFB30608A0B39B58D93F0BF4218084
311
1DD26BDC22CF0A770E90240006BAC65197D90920131C7B2EB3CFD3C71C6378A305EE8488FC1FF8D391E2BDDB0F6E3F45E7C8207C419800DB410073A3173942CA8D5242642A74496FF115832A6314D9FA4257577BF7FCF8F8E8CEE8DEDE5EBE76DD3CF892BA7FB8B90F629431B5525E92A15A3A4A6FEA3FDD73136172060959
311
206591F4C927196CF645AA285CF3014630121754261C0D31E1A7E3DA2DBDB54B04703BDE3A4209F02045C4BB0F529A14BED07098A2A1CD47513DA64B512F409BC01663090796D787173B5AA141B1B39BB470EEBCF1E30F9D263ACC4D05110797CEF7B923B027F089F74D1D06F0A4D8C0CDA6604023FCA45B76C5CDE0BF3845
311
ECBE13E0C0ED73700A8A753C1AC8AEFFF1B407FC8A20F42F0D94019121DE304077A027D4112283BB8FF0072444D68AAD111D6F591BC0061854BBC048EBBE9E81F6A33A95C21BFD13AF3C7E7DCDFFEB0DE8903F77B41DF178E99C289895B0EA8CD640549D68935BA7C5294E0A1D66DA0CC419BD398E6265789CA1241441AC94
311
532A3C19C95340BEFC68703077EFC1D307B71F3C500859C11494838E902203A2BE90EACC5135B80B078804340C920C2300BCC06F7A1C71B875DC572C9BD1D84BD5FB9363CA6BA7D03E5C40FDFC54FC23C9B4B9DDD028787D89219038523BF64E638BB37CC25335937A00DFD32869C5B390C8C32FF25C8C47A7181B4A599A22
311
4A9DADB0E0406FEFF9F183B7448F081E3C55024FB33828784AB61704482CD0160C04174F9E33BA9291D58C2F1F1B1B3B5863B0D9F3E51C35C253D54A23E560E2C0CB3A6F7A81382601C2079CAE96B7B1560D20A341E85A928A4E01083256420576C2ED477E2E565FD9223BCC691CF394D3D8E281501E0EE5C1C8159E92585D
311
255CF30CC854C75318006EA4A01028EC853F9407C6053910BE105348324002260254886C156260F9189EE0F8C9A3CBAE9D5A992184568A69D5183A7DB97DB089FDC57AEE54F858FE54F577DBA85309640290F2D220952620750C5811FB772A7876D1E4040FBFC6474D51246D8B3FB378283FB514F8AB3C20B8BF7DBE5DE541
311
C9A5D3D38DDB30E00151E02523081BC89C2214103E0BC1B3D0199A08E002681A2613A2616CEDF0F0F9C5DDC75DA395C25C0309C03DEC8091A4AFD3FEB504AAC6633930556DAC86EE3561941E862C4A75DD6B6BB3A0C59BE153DFA73EDFCBC3CE2188D3D378FC976D0EF9A95B7C8532F527CE3CF539581E0FE501291E9139FF
311
B65EFF5DBD8E0C18DE3077170A64E033FD278F18068028802F156C3809FDEB11B1019C208D020C9BA2870457F0F8E1FDC7EDD393E3B9FC9C4308E9315704233F960E554802C14716B0B45DAB5EAB5E25AB7830EBB8D25E6CA94E4AA01794FB1EE164FE9F040FE82C940A4BCEF913075D087E85A7237D3CF29C47E4E6767777
311
79528C4781761F0BFBC1D3A77880E40C9A2E5109180D5255317890394229F0F082010354082D574F1E3FBAB7D6553C2113DACB97BEB5526C7C6F69F9310A94C46CD89FF8F379AD1AA035FD00FF3F320180F01417A6F255A3A8D86319FE0C0B0E06A0DCD33F79841339C01E5BBE1911AFCFF7C1E0A540BFBDBFCF2372352686
311
D863F83F59CB6865F43104007EE06F52406F680341102048A01BB048823082CBCB0B6AC48C313F3E7CFEF8F2D1FDC3D6F6F9F9D9E98D9D7CAE5EADE2A6512FAD7AB526E17F600C85550DDE9ACFE9D97E694513103BC69F8A2813176032C890C1E9C49FC09C61670FF8705B1D7386260E7C8E7122C7F8208A55139E8C8D4763
311
F7EBF5728DF9C34677364E3A3F9AEFDEC9CD95470788834F9FBEC512379890B38C94205B2557987C4186DF5C0837608DF0F9F3CB87B7EF6E920475752A01460E556919B2B64296FB9FB70DD5F47232A0F77465BF140CD001F00ADCA175090E2665A14E6329B62660E02A1CB50C6025E3DA252A670B3F0FFAA5EAD94A509FE7
311
036B159E0D1D9F2E76B7AE1FD5A606198D3A747AF450023CBDFD162278B9446688111009B4029B0F2180AE20A542D40610C073B47FEFE1416B2B12200F3C991C2F54EC2491027A816B0A34A9D05C6F437AC23462385DADD75642EDDA738AF1600DBE07EE8437804D2D011A94DF71C2085EDD40266A407FFA1D1C00B0C03927
311
E60338E3B9D8C47D1F8CAED578E06F7CFAA4BB63B175FA7C301B747CB377F45192003CB8FD34B12009224543D8604494011A80C1903CE0518C986208E1C5FDDB8FDA161686873BBABABAE74FA637BEA894A44078C19696F326E057D7F95D061A6B0394A9D5F2DCAAFE4C2388D8A6E9AB7695CB0BDD0A332430F1A9333DA41D
311
1FFB97FA09AE84E738C75C407C260408F8DBD5EDED7DE1570A7BE333C54F16963B46AB0C2B71208EA3D16EF4EEDCD7005241166C005A73C03164792151205C007288AE337B4D7103741BDE7B7AC913350B348B2D767515674EC6F72A0402BBCB41C81305AFCF05F2758D3ECAC8D26AB97606DB9581A4B7A8FFB068CD5C0604
311
E6849046B70C2B60FF0CDDF93C13822B4E82FA0479A68220E66D9FD775FB3C1A9CDBDB9829B6AF2F77EC9E0678FB20ED8D1B1A1A39D10F9812E20D6281F5673121AACAA9C53424000DAC173F7E18C3052EEE3E78E7F1160F5AAEAFB70E0F7775CFCE4EF384DDEEBEB9C0889D5243BDF557559FEDE5F17AB21E118C4C31A3DF
311
6A96B56AC62180293910ECD6B721047664BCFCC6B2DD3C65CA0F0C823DFEF84083C7ECCDF05898EEF158F4FEF97EB9C123F1B9D1D1A3D9F9AEC5F5CEDA84A3C96C14A55584D62893D6A54D8D2028D05C8B1F124884543F3223B29D208B04910D3FC43F5C52196AEB5B5F5E58E8E82610F08C21BD443801233C0CE8BD1E40F8
311
4A1CA86001990048031ABBAB11EF83F9283EA89F181F2A0D9A9F62D94B7F625FD727E6A93F63F200F614F7CF100D4511C07DB45FC5F0CB4CA359ABE4774631FDAE85E599EA0878A3C33D5AD6430CF4C055EE5FDB80629000D7855DED3F436F3B61B3DC7FFACEFD2B1BC6FB0696312CFA477CE87A87070C7998E04FBA78AE3F
311
915A065E819FCF35B410321D9ABB308146A11AD5196CDDD7C477A171C8AFC74B45CBC6F641AB53C8D4ADA5870C02379BC0470CF83DB55F073E29CF5CE5F7A3F8FD62EB7AEB1774C2C6780B9523F9287193FD23DDB79FBEA513B45200E2E0C1B51350163AC19043C600F2C1DBF7DEBA7BB9B5457BC0D840CF325EB0BBABBB78
311
6D301437000020004944415472B491ABCCEDAFC0591201CAC8EBFACBF367FE7B6E40E69F551BBBE7123E3C00AC560CE20C62436E8C3C54CC225EE08C0D74CE26148877689EDD004FB2BFBFFFBB984035373A7954EC5EE8591FE531348654514DB1D1C56411DFA2A7C212BE5ED91278F2851A432244C6822C29C85A8B320ADC
311
BDFDD63BF71FD32648E7D098CD018BC35D7FE89E250EF2AC75F96C15271602687965C844B8807C6E7729D93F22E81D39ABD62A0820C1FE9F11CFA7208125D33E96FD69E83AF6052DD32D49FF0802CD9F9DFD39260389A950887A647CCC99BAB17132DFB5DED35138FB3A060F6295AA5E195BF0BB56495A5A4A8FA440026E46
311
A047D40ED2520A441C302D240F201FB8F7E0EDDB0E12A04D8816215A0579E8FE1B1281E9F19C9900DE79842E2A7CCD48E9876EB01C75DBA0E0C8D44AB5512947A00BE7CF5DE9E1A6A6BE43CF1A78783DFD5A404E4477336C1ED8B18908B2A847B2AFE9839E891137A6673BBB96FBBA2A4B8E9373B001F08369BA11BE8ABC43
311
02FD2345FD6014A127068427D007BE28B41D9B0D40FFB7EE531FA673C8870A69135B1CEEE8D009C08042A5B4EDA314920B635BF941E7487E45256439DFE9D276295F87E698389CD49FB394FE19720412DEDDC40E9CE9C6DD605E0B719FADC416CB15AB3A61F9B5B9B9426E54F81D8B03DD950946D432B40CEDAB7BB5AF1121
311
3CBA73C9BCCCDAFBCF06127C7980FE6D1DC9B4DF14832D6568FEAEEBA76FBF438300B541064ED33F3AC0B0D10505306FD370AED02859234402F6C3FED006766DDED2034D90D119057225EEE3DAF787EBF30EC51ACB4F551678BD6728E1944730C095F13E4D81A4DFFBF67C5BEE37E62A85FCCEC6CC6C7BC77A5B477E22223E
311
CA4FCC0F87E2A5E3EB782BDB25B8CFC6736A044DE5A7CDA604526361D650484FE283B77EFBD65D52C1C73C4F48E7D0D81ACF572F2E2280F98FB230508FA906B42DE240ED651B301CEC83DE1790C9FD96B6CBF986BECF3BD332C18EF627A0B6EECD5B152E02088D03D828AFFAD26B05BF671B4F9A09A8CE0CD2707F67F2A4B3
311
BB75B9ADA331C1305BBAC182FB4A79820B7EEAF73199B8404C0B81231CDCBB871B80FC41FF5860E8E108222A1A076C29E6E03B6F3FBD4F1F295DC457573C7ADED636D6B7B8C88413DDF3B327E1046AA51040B40CB50C7E3F1D2E44DAD34CFA604029BFFBE714DF0C069908027EB275F1F366C132E1A7450B04011CF82B2B64
311
7CE754F650FF6E25BF37AAF65B7BDA16CAA791F1D09F6CAB989EC5AB7809BE145FA459E8D3E4B0FB47DAEF093B946FED585B80FE1A0305FD5330FEDB4FDF79FBF6BDE81D8300CF6815E5F9896552412A03F31FCDCC7CB5E32365550CD9365FDCCEC8752E943161D78047336F8AF6539840A1F2E764FDA2970999F205CD2BD1
311
F5CF496571F76EAEFA0E1CF8FD2A55FD06391F9EEF8B9DC9994E72BEBEE1FC928E2F223EBA0FBFBFB4F2DF137BC894B8087643D64ADE6EDED67F7680FAC9060239E845FC94AE93D880F994FBF71FBCF5F66F9F32C292EA900F9C1E6F1105E81C5B5F58A067A448143842008D7275EA3BBA3D2516FDF02FF79260020D6B3C71
311
4711F3CFB61BFF56A826E627E82256F7400FB387FEF23C1C1E77FD6A21EBB1B2B35F2F95E7760BE1FA3ABB3A981423477517EEE36FF96F122B942F6FB64D9502BD1B9089162532A2FEFED255028FE653C9F46FA321E0B588B7DE79FBED07C44106CC85133CA65190543004D01D02D8181DDDA5A9C91A7110805B7875B689FC
311
3902200FB192E7DFD936B37B57D9C338BD49E99E181F4E5FCAB2ABC1CA7AAB382CBC7D515457CFABE6FBC63D525E5CDF74B16378B9AD6774A58531912D232DF01BAA913DFB7D3AAFF912984302B84D0500077800D26C60A4742101DE420C610C2E92FA93056022EFBCFD5BB6B38651470CD33BD87630C05831BA864C85997B
311
8754B05167F0706499DC442FCD22592AEC2ABF3FF13F950039BF159FA9B36ABDB2778EFF83F70972B83BFD3F4899E64DD8346AA495CB155A7499F2CE39B0AAE755125EB84FD8CF8D8E4F4E9FB4B72E8F1DBCCB98B31BC4607C2CFF21C8145FB48EA0F2159F86A3098415609554DEFA7B27EF1301033DD06D274BAF6821D220
311
DEF96FA4CBB60B3CA241C021D38E1AA76B4406B4767576166766A6C7F77273F5F395291BBA19F64F2E3095C14F3E60371827741CB27E89543857D6D96BF9A47C6A9A26057840332EB843717AAD171880217B71FCCC0355AED3D4819911F79D0EA8AD6DA31A83E36C5DC2D470295C011302387069158F6C9966022367ECF1D0
311
0BA9BB95C389AE7B6105A1FB640689033A7FCCFFEDB762189103A61C3A4FEFE0D6A6B5A19EC5755A443AE78BC5E9235B047890A65919A0D2F96AA3C01CEE913BB3ED239C3E0CD8DDAB99E4348BF3F8B977B6C43DEBEFBD7721A839A63B94C06A10DB87FCBFA3C2932F8C26F88B6D6BB30C3C4E09AFE40FAB52EFAA1EC03169
311
20E031A46D65A0FFE45A673432E907FBCF86717AC04F2CD0EF512D665FF53F05BFCDC43489F150890C60A8E0314E70A06F619D30D841189CA15D3417F3CD50191AE4396543F0C42BCFD696C58DF163F5B46D708BD5FDDA5E5E5FDF9401BC4F7E00E8A17520833D1CBFF495B5D1CE037C664123EEE74737268B5D1D3DBFDA6A
311
AD8C08DF2C0BC7A737E10AAB2A7B958990CEBF556CDBEE823CB09FB344143463C630CFFF585D330CF0320E921744A7918280FEEF981161008E9FBC78C830217A07B7D6985E83F9A79884ABB5AB383B4D7D788F9FB3D867A2112A43F19042B33A108690CF6F472F8661CFAC971478757F6E6F2F7AEB82FEA85E5715941778B2
311
78281F28C268AB24BDB470EF3303E09C359E9DF1CF990D8A096106E6A66C8620DDE7D281DF0B2831F20439A30D68386CE13E002F7EDA8D7806162B205D6A19AA1FABFD6B1B400EC2BFFDD66FDF7E8755B4883C043F43046C1326136680404F1F934EBDDFDD39CB58A98DF1BD7880E0532E671FA1435E9D6EA5E9071000BE8F
311
262E7C4044FD95D5FD526EB40A05A634775F32205C3D779FDC168CD5E56BF982508BF572BDA4F6F57D3304BE9EB18149461B12F760D7485891CA47CFC44909136FBF4931716A2E100123FC6CCAA6A644F25EDF4AC980B14039009BECE8B798BF69A05DC5B6885CD23F8E13A46FF0C0A986D617F001C52241801E87C2974C31
311
411DA3A5D7B6175472763D637D3E57C33B908F867F4A59CFCA7923375E5F027A983E18BD7BD4E6FDDBB2250C1529F4202EFAAF979DFFB1F2612E87EBEFEC58581EDB9AA95AD1D7C1905F7305BF8182D5BBB524D47C4E3B81CD843220DE1E6536497C0962C225F75A2D6A998303B23FC501F0B3F736EE1FF01200FC8C99F551
311
5207C9C40081DF304C0A17D06E26CCBC5B3C47459308178301FA8057C2C0AE9D99B05F038828B08400F2E3251254DD7EB8BC4853B101F99AB48E387457C96951E5DB670648BAB70A7B04FE93EEC5F5B183F9739C98952C6845C380D401B8FC86E70A20744EC720E09D35955D96A9041720196D183AC2CFE6AEA816652D0234
311
883D788BEC8F5DF2615261DB031C2381092401B48D8D2D870FECEA9C3D99DDB036C8A051058030E32190976718C89F031DFBFF2EEA3D88606A8A19BD0AE305BDFD12BA4FF46F1A0002B07137989C748936E9DB2C91F43B07E4E4D16C3779CF5A4FFE8CC981F07C29E34B7C012AF0054FAEA4A6A3D49D3A16D2B3CF220A0290
311
03366663053C89B3FB1827080DEC2780076FBFFD8E39810CB0593CC68B5D9009F2D400418028B0BC6CC74067E7C9CC0C2690FBB084AA5254A12AF63543B35EB40D17B693F7E3464D5094C00AA9E04E0E0524F5C35C5EC6BA94B21AAF2440725E2A9FF94FE7A8F0E769EB83FDEB039B631B18BF396F5C13CF89ACC02C387DA5
311
6DC3B1CD84B96CFAAA37B55FE723B611062258257D331F186AC93D8AD600B4FEF4AD777E4BF68F2168FF08C081A37AC13446C859964803961928476D78F68419390D830C1935B5C2A0A22A3AB17D3D6428BF12DC373B8D464E04C0A496BB3B3B75639DCC2500E0F0B15FB6F47B5A7ED0183A87CAE8D535F2EDBD4B3B7FC762
311
DFE65A07C30B2851DB890082ADC07131EEEFA3DB7DD5CD32C0860CA83CD4B7993A175F422A8149B1C1D94C1145059D9C78A8A572A90B7C8B1E3392FF77A80C50220880FF3669004E90F101740D2B808181455A044904674E7482CC3EC85C4BCE339404C0B0BF6A5611E4F9B8157BAB6DE327EC9BFBA1B4557ECB609C1F4532
311
6499EFB90EE78F18227F09E563C9E63D847EDB3B68EB9C39E95AC4F7ADCF7D87F6752BB6912040281E4A0D8A8314E80D60470999B8A51FB1488A66A9F3F81FFA61C83F4FA6969E472288FADFD61B005E0EA4284822E018911828E868614DA0C36E11F3A051070BF2F0840E35F200E2C0C80A776CC9E7E6841C0503D0EDF15E
311
D9AFE527E798D23BEE5F0604E58DFB7099D739BF0BA5D332EF29F1535995BDBD0DE681C4F71DFE6A7AC5A13554AE6910963E9ABC9A0DB5B202225545F5CFACC942B5B93C207352B6E5310BF349AF200175D7DFDF78F6D683B7C87E087FA9B35812C4F8F13452CED610A2207541E6D659A739441F3833CD0C9C3C3DC2B0712F
311
62333C4FA9327C9CA1124904B4FDE0FE21C119776CB0C212AAFBA5CAF80EB43772ADFE77CD9FA8A4144C54C2FB2304C65F62FC3678E4F6C68F30FEE1BE8383CE7DB86F58B1AE0C51F0F055E188D02F00911DDB0991832228B3172B3E623E513FF1734FF414A611A603163F401BEA790FC9FF7FC3FD3DB02DC00184145B850D
311
01D120424DC03C00FCEB7880EEEE939399F1F18DBD4AA54C939899304D913CC2D5CFBC55E50C7FBE4C0E14AEEF53D6843DFF56BE2D554637EA047D3C210E2C61077875FB5B40E19F43AB7470CAFE1C0D3ED3B3B4778D1DF6D4F837C08747180FE8394F2CA1E0A46B6DA62CE2B2DABEDE0B1924098580FC16B369730E9E9054
311
1D3730D47FDE16EE1FFAD3419CDA05ED1F2715C607F2E81893AFC5936303F40EB776F1D808BDE393A3FA401E1C706E154C892860AD74A2949C409E28A8FB3349C764D13E4D1D3468952B7B1B35001BF41142CAD58D6011C8B78961EACAB66E9AFBC627673B61FFDA4167950A274145BF11EA17BA9AA60815C2C43AE1F648E3
311
772E53C94E6364AF826019E723069A8AA353A3BF7FB5359281700061FF64C28C10B9AF0B70B0B0D30A31CD1CFD22F68C76DA1E44558869257892363C091D313EFA46B57C3BEB252E9C6BF5B4799EC58F1910F469E25AA17B343799DB3E33CF410061F96C6D63FA91B1000CEBB7D2971BDD39A2A76361E000F5DBC1688D47CB
311
812DD60F8001AF25B328D173A9E4BAC18CE9F1F628704330741B2649B92E9714447C68559C6CD2F681919367E4811100750058809D0230C087A89FF3C80C23C4C60882E481F48D531764BABD5CCECA308DE2F63D3BB50373D630796126803C2D1FBAC148F7592881B395ED7D26B7DD38D7096AF98841CB37592561D9C65653
311
17AFBE9FC4AF7371E060736C7635E0CBA1809FC80F544DBAA1F2F9393D970D44C0615A0C6930E758B9E63AE690F73045F0C8C0731DE9CD80F718E94652383458799E02C06D328010011C7090D8C5E5336A83D4059953877EA1E1D66FBE994F04608C4C991917230FB61F9AEE183A40AB9108D032449FD1A7283DD25ED15360
311
EF7EA9303EDDC0043403531EDEAB10DFF87F5E2FD56DF0F1B701A9F614DB17FA0E0EDF6FD0B1622A81FA3D1DE5A33F551930335C353A87F9AB05C60455193448246944A232C5D07636D864CDD7A50D0B4440CDCC465D1C418321F50E1648D500294065D869559EF3C40C8FCC6C323E989AD0F0C73142480B200842802C0610
311
08B480A9954AF282052B3AF67350FD0DD30D1F4075AC303A5D490250F5400ACF479656861E4C77AFF327F3EBECA4B57B6B6C8FF62602BF150744656A87DABD7BC6BED50527B2120C001A0B3718C74F0C65CD34F275164D7968148DDF259AB8AD6CA81CDA4E8819509B996A7F642D987A401A2B04018C01E6C169A8700F9DE3
311
B489DB2BC49C9B7B858A4F50D22AE15428FCA4A1EDB20C83492690CFE361CC7F8C8066FFD0D77AEE797977F468A36E0B0DFC87F90EE6348BC748F7CB73B5B9DD5C6EE7AB19ADBF6DF359F1DC2A0F9E44F213F8041F64274C0859A2AB7C37440FEDDD2F95BE44065F22067E3EA0CC3BD8C0D8194EAB291CCEE20B9CD8E02950
311
AD806080047A279F19024C837C848816719AC4A34DF8F0706CED904E8185753A458A27E4C1E37B5F30A104932BE140E0BF4E400160F320B054A8705042FFC47B4940810173F9C9E97240C7FCC3F3813EA239B745DE9F1B1F3FC2F9330374DBD1A7B475923F9A2ED81716D18D1B577DAAB9D1A0458655AD3CA7E211867AE7C7
311
02DCACCD291E0F798013DC01BC326087775C0833E04EA3778FBCB8DA4687A0255CA0AD210C15661E4E92001A4449031D1DD27D327334BE830B64DAD90CBF537A45FBD4E94A7A88888E715B7E74FCD040E818BDC1BF5AC609CCCC015DED23877080FCDC47BD8EF3A7B783A17D33F3ADEB6D6BC7AD75EA7C7852C5B6FDADA6AF
311
EFC2D181C03F8C40DD8A4AB5024F0B72E34B57BC1182472DC80946789AFB711DB7F1193C03C893B0345F420246114D3EA71D04FBA731C0DAB0D3CD311B218F0D5A15ECC105D02F3AC32F13600084731A83220040019B03180634B5923D438300B05BAC80881F061095FED5D572A3323ABD83F1D37A2301A8C930AB3F66ADF7
311
CBEFED30BAAD7D78A06DEB6A87F15491F5AB7E25842B6B34BEFC12C8A159F187C64B3CBD2356DE5FBAB98BBE9583F0E3280C0076DA15BF34C15238145742B07080B1EFB83382F9FEF2239D003541041083C5AF9EF3C8944DC2030BC3ADEDDD9D27475800693049E05413BFB3FEB4308731512F13400D06F813368A0101D8D8
311
63EB3E75FCCADED124F532AD3F123F131AB46A93DF1ECE7F96CE9EB6C365C6D6A07EEC461FC919FE288AF7AE1A7D012D291EB073735FF26BBB1C99FB706E972192819B7A34BF22424BEA1CC7958AC2E04BFC8E02DB90A4A1DD04811ACDBC181037864672C78F6C0EC3073A40CC49D5E813593B7002763BC6A909D31AC86F3F
311
6E335C9E1C309BC58F16418642E2AF6B290A34FEDC0CFEE08FCA0F56700699CB73B9C99302AA17BD516D7F1FD755A2B32B3FBE7134D3BEC813195BD355020A7DBB541539CD2C06E45F46FC0EE08293E6C0E1972176D9B678340AA1A4823404EF79B1E2347E47C35D0A2260730E0B513025DC0BD1C07E3366E9B9D17F767405
311
FB531070700035618606F0B40C73C974CFD321B0C174A80C0F3AA54945FFEF348F5488895713E89B5C98DA501E06D8D24FF04FF0CD7ECD7BAA755A854EC6A180AD13BE094E8D5D63BFD6DFA5F5D3E4DB1BA18FD8473DC6E17FFC9832B71A2A94D96E808BB53F9192955D62C82E282B05168AA0927D54AB20A20A74800B7CC9
311
655C8B15F62377CA4C91641F9F4D0478F4FEFDCE273A002CC0A725EC165CE3A149F0333E8E9600B2C05A7D15FD831F0938DBE5D0FF13E3C0F0765965A0961C3FA86DEEB0E28304747BFBA5FCDEE44C23544F7BB7BF7A132DDE34F99E44EC3FEEAE92F667A10F7E90B0E8C6442DF5A5318B0F816311DB2E6DC6F172C363FC80
311
0EE09186BB9EC82A24C0117700CD884AA42023B81EA6E0CF8B3056411110D78606EBC5AD5417B45BCC8E61EA01C4006AC233933E35D860BC1B6CB9C9CCCE7840D2E0C1C1FFC11CCE54D59300F2B47D66A10F09D8E24B71B9BDDF98FB62A3B897C53EC88D16D1FFE8C649B17BB8E760EB20B784F52F992544753F2CBF642CD3
311
C9C70D8722C197142C567E74FB431EE248A8F3FC00377F5142144A82FFC28AC2970A780C85A7EE9146FA4B2981F3C93BCB0F3FBCB6DD3DE69C72B6073B99140DE28B8E919D9D9E7C2F5FA99FC1FFD07E9AC0965CDAEA0A945FADE52C791EA989E8E7A21A355FB37E44405D171B98A6E946DB26AE71DBD01FEF07FD378F5B4B
311
518724481820890E7486E3FCE61A60E096D577701890EE07CA5D7F2B086040749FCEF3F81972E510A86359C9BB579883035887542090614E5C4461705D7CA1CF84DB564838606CF1597E8119790D021080C935A908324EDE9F60A04B7830A33F0670CB08605B8D01BF9A3D435693FAB4FD84EF6754930640C1F9D74B052A7A
311
BBA9F502B39DA3BF6BC7514EA4BEC71D752BFDC198EDA8DFE8F32B3EF811E4576B0A2074B99B070A069F60173E7427BDF285024E35A4418B7A412914F2800F1965C4F1120A2D5D2C64400563D5942044807BE7C738EBF3034C4A6F4D70C04ED1F97673C039FABC4CFF18866E08200BB66BDC9CCDCC3FFD1E43BEFC52C317F0
311
F5E64900FBFCDA4DEE68768FFF46350E0EDADB7B34DBBEDE3776BC55599AF84E312229F931E700D04478D66A0D88D09B2276141AF0F8811C5F8067DC04C0F90929F7F1AC9CCD368488AFB965C97B855A3E2E93AE5B4866502E55991B82D4388614F2C36B8484A5FA06E3EFFA984A6AF17D5C2073299D9F12FD63826F67FC46
311
0E54030981684E9FBFC22009A3006962285FDF4FC84B699FB5BEF3736C6072F6844C15EDF25883037DE6BB7AFAD6AE164B367812FA8CFCA6FA25725D99AEC5C6EDEEC64ADDA2BE0056002032E1D7A20A54CF444E360D520A5B69816C0A953CE0434A8A898BF18E2B704588C01BDB2133342F5404FEE698957C200EF54E31BE
311
6DF4E888C9C67F5F3F1B41F922777E7FA6332677C20098C59F762F5DFE4A23F9801A3BB6F8A4F66E0D40EC867E92DEFCE84C714FC7CE8DD3DD3BDBF9C781B1C3B549FAD2C89D711808CAB100E09700BB85240374A7209212F320CA577222A7020E7824500179FC7096C714884BDFD9499E027ABEB3CB0226CD293CAE6E0C41
311
A6788F396606A073E28CBE5CC67D584D36CA39D37974FE1023253E3FFB007A26F657FFC901D851130DDC2BF54884F20D5D40A0B7E5C7BCC7CC87B84F2ED820192CCE1AABA1FF24ADBE1D03635B5B3B53D4A5F84120125FADC36A0E792D3AD7E255792CD5241A4C84171F1104090017DA493D0A7790A7BDE6DF326180398E4B
311
0DEADA5C2763825E43E05C388E184678C88CE6422606C017F030366981353DF03A753DBF6370879F79889DD0BF75408724DB53C5B0063AB6568D02DC47AE4627B58D7E367A6000267E7840C23A0940B992DB98ED1C4731B4FB4DCFB6D3EAFB6CAC7646F0335C5031888CD74E2103380260AD47176D703960230370FBBF2881
311
3524C17FFFBD6288BB28E4F905ADB4A788B40B4A6201C1878BED224DE9906C4C79EF32EE679B9F5D3B5DFA137327320643909A823F62106CB8F9BFE4BFEAFF0FC7A6393EC7F64A698EFF8ACE31BA05ECE6DAB6DF124118D1D13F892F3D3530602E3F3ED3D59DFB821ECFA3D9AE85B1ADAB9E328DE738BF55D5DFD039445AE7
311
6D0194180F57B15BEE5F09C07F952F9A10372BC894CF7DA12CF6507E2A8916E0DF430C519485C55D61EFE209912D8C32866214E121611E22A0B1238DB18E86636A3BFAFD5B4EE02FF1E505F902BDF424D0516907BFC95EF3A76B6B3872769D67E25B548F0DA46E2B93DFDFD5F2B9E9EEE1EE1DCC7FBE6380DFBF38A165CAC7
311
3DF912AD76A4690D2B766A3EB4AFA2D05BE543EA20B095FB17AE3F1928D84482049B659E671A4763CFA567C08824913D37F2F92F841FC244085C1681225C04AD6DE1684831682CE0D6096B56101C0D4FB3A1BD3F11FC1105AECF5660BD3FEEDF162B0D9DEC6DB55AF27FC98050BDDEDFF63ED14B01336053A19DE9AEF5F5D9
311
E9D9F9E19ECDADCD497BCC57681922F327EB41FF681E17C1921B04FBAE371AC69E53F98183E91B84897A5DB164158BD1D12FF6F6BEF0E02847727BF2628F9FD48B6FB11DF6928C868B29590A0606F92140D0C08850DAA7DD8A5FE8A50389F61288AEB743E9C801BB67DBE0A7F64F63BC87770FDF57AA73FE1F5A84F8DD3AAD
311
DFC32087FBC0A7D645C327B97D65E7A8BBA76DFD9BCEE1B1CDE3F5F7CE4E6DF4013ECD7CB60BD1239E8A4E9A5722AD9C4FAC8F7FF17B214AF8801950430639A08E3ABD05A0D94E253BD5951C885B0CE750309070555FF21F2EF83FF53F4E15038B8D8A244740A5C9CBC120043DA0B323FB1DA0A4EDA268C05A304619505000
311
BE10415DE898809DB6B66896E60AE347ED3D6DC707CB7D5B5BC374A158EDC343D0EA61C217D4878CBBDC1D85686782C3CF4272E7DCFB5E9EF628F5A95AC1AC0C6848F5771329EF8DF2BB79EFEDEC8DBEC72EB7F245287FD4B31008AB38EA4D52F2BF57167159E3004CD8950E217DDD6F699FC763E9D1A0AECC701F7BD4430A
311
3E030374066938F883C01DE40E7DAFD609345E33570F4CE6BE467FBD7F793B5AF2A9D331D86DBA7BF98067918F9FCDD609A0384B523F4413B574B818C6889FAEFC5E7B8F90CEFD62BC2C85B2478D54DD076635BE434FCADE68B3ECF1C8708E27863DBEC352D87BCC7A92A8E135700CDE65BC114026DE5DB68275E656D2C0D4
311
087293D43BB4C9C14EA83C0D806783B40DD7CD4F19EE9F33801F55A3F1FD600017A6CD5DE607783D5F74E34680E7DAB98D99F6E5B5ABC7F7DF19D8278322F6A97FDB2FADE1539BD945DDF868EE2B8B70D9EDAA45D1BB0A5801198CF1DA891540474745BF0317F8A3703E02510AE94B084221F887FE950272D62D4232781054
311
A87C58D015CD45EBF9B70E60820A2056E9D4D619E8494BBFA68B61EBDD8CF52CCBA124BACD4A4077E8420A7F36FCDAF661E577B792A7E1B7E337C7CF1FDEBB3B49F501F3C7366C1730E793F51FA20A9C3D2E9F18E63DC277449054CEADA36DA0807467D45F8A744E1BDED725A033868703F1392BBE221158220588F30574A0
311
B0893D0515B0B7C404AD0E7F40C11D504C49BD7DA39A85A19CD7357DFC966E5D92272FF06D59CA5A6A1C8AE30E52F1247C1F1D78F81887F9F3E387075B170F9F5EEE4A7F5BFC69DF02FD8795FCFFAB472E7C88D563DA514861B85BD41594A75F5E866BE69471110A9F75C8609C7E6BF6C7C727431EE3E9E3773D2378C25226
311
E82C08104A57ED273FE0921D6990E02B006BD038263BA360355E8DC446A380F0BA35FA9945A80CF60DFD54054202F91897C241C147D59F8E0FC67CD0F2BF377A3463F8BBBABCFBD6833C57E214AC3F5AE9C2FDE88852968F20337972C7E04EE5658223008AE82D93BC37D8DDD900BD6B16EF221F0D4149045D740A8A215D4F
311
C186C658E01994B8CCD317465828704BB630DA2243B3B4ADD3EA554A97408454148C04A1A0CAAC2E04033C04073851F54380E0BF2DFFA43FAD3D6B574F2E1E5EF6E5F4FEFBD1CA87C161FCBCF5C7AAE2F726F814027BAE10F79BC3D765D61D1803952210A9AA07F8C6BB2105B61145B324F96014EF223D4A9261080239F03F
311
F6F4DD4975C183B887E081F7A467A25EAA0C94028FEB808637768B07400A8235D4EF33143253198900E079E3FACB0C59B00F827A5785A6FFE2FCF0C0E6F1714F11CDE5140D931D707950631F3DE877F300002000494441540ADFB08704E252AADE1BD4E8DF55796A32B9B6F17737C67702E5C638682737286CB0E0A89B624D
311
5BF28222432848C9AB8C07170C97B814FF492A61072407D638006F7C8400860444C01B1930A522788045633DFA9507267A3A42BA05925BAD705CDD3792FA23C1075C6EE768A673919EB6C3FCFE7629B7310AA794CC9C0D14A1FB88F95C845BF22543F57996E0B26C9E4C2ADF187F979F8A55F11B47BC26594C52588518D25E
311
6C2B1CCED231EA1B748F093E5726A21A54C91EF95789041030C20FD5AD68613432E19A4D0DA2505B6BD843516E10BB00AF9AC315EE9FDB39CC1F9EA59CD88F9CD071D470C86C4647FDEDDBB1CDAB81DA94034747A779F4CED497CFF817348F69F52E55490840E48840BA72DB71F3E84F6DA2F4717AA928F153DA6E4C7E8E00
311
363CEC9A2E1C8E65F298FC4A52F087FCDEE5CBA38A80CBE11FF7BC2AFF249203FFAB77A128A001B1987BD334AD9B901890A8C2005B6B248196AD09C0025ED841325B31845032E327C531C839E66DBAB39566B631C2FF0A1DA5A3CC47E665AD8751B47CFE33899DF047C9F3C365E3B11278D49DF939298E09002F6430F99588
311
03309827A7C791048CA070061B7E9A64C557D235F83EE24822E5EAB805F9862F20FC58F483DC0EF02181F572930205107E00E523861895A2811309808F2B6C14B2AA579E893753C155D2F54302007E9FF36AC5FEDBCAD47E182D91A73920CFA5C18E01F8FFF4C3F1FF553BCAD0E58DEF85DD63B91BE38ECE1A9FFC4AD4A1FB
311
A30D462C328C5A0340DFD393D3D3D3C0659195C96990F391EFF4175213BC74C020922D4830FE215E76940962BC0713A3B82784C0CB6623DC40D6E1485BAD454F6892200B225096127FBD82D2B12006BAE2E329C771E25FEBC0DAB3B5395289D56D7A8A89081B34EE06F80F819EFE75C67DEEE95D227E283FE98A7B9F1C97D2
311
D05B4D07A469153C3DA3048EA68FA667A6D90E291C7D7E2D063E4D044964D055F2DBF3E31BB851AE9F78A0A7314F0AD24901F581D74A6929142039C65AF5830D1C809536CDC05E4BA51038F79D713DA930CF18BA3010E385351CF47F74D439BCBC793556A1F99814926AF12835E251C59BEA3C083EC2B2760FEBDF4304C9EB
311
87B35769E1EB24B648542CFA4EBA9EF93CD42F03C08F249A2C98897D8E2225E90077823F4A52171A61219998CED6FA050992B6B0A74A2220ED12123004FB977084208F8E2AFC80F456CB110BCA647A3A0F854085D84FE0052BE31FFE7F925610BAFEC06FC33F9931BF063F39DB3D1BB20EE357F594045F4226131578582CB0
311
55A59A073AE0413989D215019B6EB8A21CF154D71164E0D8F4E730C2CD382D098DA5261456A425643686BC8301710F2C50665881399156AA2B4C3191BC555728384800CE10040F746A3D8A80A5F0E500A93456FEC52833BBB45203DACCA37FE1D3EE4B9BF0EC27ED47D89B8266F11EA2DB8B5A8BB93EAEDF0C06B7AD0402B9
311
EAC6E787365535AF19F15158308A9D9785C1BC1C01377F8C6B4D07B50DAD25649764A91DC9812C7B34CA98184084F7C01055466B48058CD44085AF26648520C85C41C67805462D8425680425559F4440F3ABBE1F3F81B1EC72708767DDC8FFB6465796C8FE310FEABE0C9B242A74137EC3E0427091967023299BE5D6D4D0C6
311
D15747DC2AEA4ECC57C72856E827D33CBD319D70FF854369EB841282F84B7CA4881447ACFCB257E252E00FBB3272120A75B99119840858486615636E0E0334031AAA8C08A62E080053A0AAA4158431EC727A084021D41CF5D630C94184F6FE7432E8F5F9A4FCDF3EA7CF136FC2988093F98ED622E38E4976E1BF0CF49D2889
311
E6DF3566719FE1F9B47A2D3BF89C69155DCF24F88C609EE551160F0415900B4C48FB013D8900A9192A700748002924771A3686A0A580FE4009E00ACC090253E280B90AC15048E047020483A038A60ED232831F2CC90498648690D960C48E439F18F4DDBEB0B6F5AC7B7B89F6230243B4FA160A7B9327F3AD5D937C8BFFE5FF
311
8B3A5E64283BEF8EAB9F71159514CFED62DBC880614AA1F7994CCFAE7D8C87057F451733699B8DF87056E1F0654B5021E38097E4E23221B810DE20559AD183A61C2C88A648DB096081E9801CA00BC1DA0124E08DAAC15FD2936905CA8DA1C40E42B13F1764E0C4015EAD7F8BFEC99A310B1B7C0BCC7746D3C0702759C89EAD
311
57122092122D1F857067684A578F1DAB7EAC400841F493A468113282FFE42316CC74C756B1C880FE78795C692813CF4644480EE9B02991BCA257A71861F00666D9410288487618D120D0E80D7773E2B7DD180E100EC98B221C94BFC4FF531A09B986230F1CD08378A8E4D0FDD7D9B1BC75F5C12EAD7FF83F3ED19EB0186203
311
03C217A6A35D826E72ABF2D8E2BB1B783F6E48D2E3F360806E1D192085D022103473A10375B63853EC54F500B5B064DBC20945B88160DCF7E4F83A0200BF6FAEAC88E9F54D22D898E43F378D20B51B5D6B1457000922202800DD401A9266483029C0D6D57ED80D42A0E6E08835F0F3AC73D7FAE6D56185F04FC44472B854EB
311
7D9CBF7134DF3DDC35A9F6B38417DD6F508B37C1A718B0D054124176F7222F62DFB327F34D451799D56216880193254FF782D7DDE26C271BF38C6E422E271CE4AB8823C9510F021126A7A944E00DB4031D013C88EA0746C96D4574069BD5439C4110403B40020C30B07A604F1E41D19C21A93FD9002DFC35F23B1E7B98E95E
311
38387E3603FE7393680410D702FF9ED5A3C5E5CE68B5827D721FA78F3A9A0C08A79722D9C9B418F46C0057BB1640C70AA4A03D29CECF33987596D53CFB27B32C3BE304C540E14BF8464E080918268D254838C91A01F0FFB99154FD8A9C0495EAA6534A6C464440B4A71E16100E7405088122A35F7A511DC003D002E6C8E7E1
311
5F6D1D2FD09014139EC11FDC89394621F77B9F88EB5A583C41E2FEDBC8F82334494C0BFA97FF3C3A34ADE60385B60E5A30CF036E5E75370BE3B83AE73B3B7DC0BB337DA0045299ED0C66681E4AE223D01B1BC3BD4C921E2005FEB5114739040758189BA8A320067B62A3995E4720055065AC2B4A8006BF8CFCC907C0063EAC
311
E41813C5F017065AD46CFDC6FF1BFEE052932CA3478C8E5A6F25DC8503D40F61FC1B047E4DFFE8E84407C81F1AC7B5C79DA358551CD0D13785A9AEB38D6EB68A0A8087FC6543E7471082873CDCE5CBEA1EFC5CC0579469E225428E9A43D6A6000B4219DE52E8DF00A55F4BF5035960661C2DB88AC1F67C2890A93FC420193C
311
8326409E7B595FBBBA9AE1D1511B3F6D65B09AC10A71C2317201A603E88C56CC68C91279E83F5C147787EFE6C675F00941D23EF092920330982DF38C65EDFCA89DA98E8ADDECCD77CB86D85118F3DD9884820B1128010D02F1060F582871CC8FF42024C02239273A1CC3BF71E770DFB7E96081682803188118B50310BD6202
311
34F230B12711B063E0F0490FCDA9248B580D3D3DE944A30CFCF2A1E0F6E59E8FBEA289CCCC943785BB8880ADA9C2FD70F6A13F5418444E3A669273C006C4B4EEEC067827539FFBEA9CFF04D84E7F170480037005AAC8829084329899F90B5E013927F8E646514B4824B01D11F72C012CEACD163B6358A4454A4221D06E68A7
311
1062520649BF9E9127D0772D6E5EADED52FF216BC2FC513C7D3C5CC4C8AF009811826AE20203B076A2AA66D8D32E317DEE0EFC000FCE16D9E0BEB17C74AB009256C5D8AD1CBABBDA61402612C675FBD72D07E633B1A42F2421208CE01397560811204306617A5141706105C9F4984C459F2D0F6C392FA05BED808512B0B9A8
311
A9FC6CED89640EA347D31F0DF76D3D9E61E800FE9F7601BE4C9614A1C58E6C839F13A12D0EB426DE6386B82369A9E6A7F1F9146EB578A2EF4289AA109B4F6CEFEC0463E0072A05CC9DEDEDFE08407B173B8AA65399C80B2911252E6290C82CC1B8909140C11B7AE161B42B93905045D017E00CED6D27AAA15F2C2179F1E83D
311
411A7020B9408D202381E7E5DEE5A9E7E5CDE3B186433F488AC81554BEC09BC579018ADD1DCB3D9D70F02B14BF9159A4DA376225FE43DA224FED327941705DA582B2FD1BB5DC0540667B650BECDD1D5DDFB0C7F36DEE2B94F6EE2EE4E426F20A1174C31DF153321A24114C4FFF25E505475F6906D4149B21F1BD9D9DF7B059
311
F8E0FD83323CB97991FE80EE131A9003B81C491B218B1D42C0C0D593D9D548003839DC29A740298B0C23F0CE14BB167BD61989AEF0B985C8FAC8F923A73F31953989F0F6C96CA6C4D0A9A88184BEDBBBDA3BBADE77CD8E2FFEDEEF46184A86671D7DDC51417477BE9F04804F305AC82C2D018A21EA903866A0F959FBD41399
311
16D036635EE03DDB7408BCF0627A03027AD314C09B0A27F0A79490D53839D0DAF1416995CAB24101FA63F75029D57A4CBBA9FB4D120ADB17FB5A999FC9420DFE04FA670430B90FE7F589F7FE8D50A4B5F004CE5F07EB4EA007F8AEAE8E8EF7DB3BE2F81F42166C7246FA9E62D02C8209BA1024414C483498B50229FD923F24
311
14040B2081390AAC353B5283EADA12A30B1080866D746B9ABF5BC107F33C2A015B275480759334B83AB02175EFD0DEC785DFC505E0064F4EBA5A97073A74C5C9FEC97BD25D819E28AEE661FD2732B8BBFB1BF13441B3C1F45E8AC1752BBF80C113DE960E0AC7D9D02C58C80505A19BA0E84B14402601A590A4AE00A825E98C
311
3212342302EE10FC5100681F86834A2804BC409D70270A2091DCE874B16BE0706C974EB3D26EFEDFFCA6C4579AA4DB781708469F055532A7046C6BEB0CF39F3ED2EC4FBCA3D00EA91CA68FD2B87B5C191E0EB2C300F00A1C9881F263571C6CFD83D079D09F176FAD839340CF030F70458F81F09AEE1329505150CA0A00576B
311
56C06D58070B23086F685E44232D9D53DE3FC3731044F286D19F459351863F749F1104198D6E14BBC68E17CAE70D7AFD958E350BEBBC70C9C4DFBA075240DA27D40AD7DB063A097DD3F041EDB3E4B682A7A12A548F3393DB01945547175879989302521EEB1431B08759B632B174E0F700E774FCA1BB83F95029ED1A084288
311
C8893520E49415E00DA080AE8027C34206D35491D050A4C6B080F6A20889A2FF82379AB6234F6710C05F9080ADF002B9C9F9C583AB220F45D618D7E7F7547FB27CED8A8B7A7D24EDA4988B0C1C2A1AFB53FDC61BF3DE50D63C560F0120B0372F0839DDDAF13E583B868717C1CB8CC71D1D7F440CC82184803144196EFD58BB
311
E00B7EE77DE8C015942357FB06FC906A5E2B8882CCF9FFE184B0035A5CF186A962A63F84B3AAEE3D5A2C830008807568B6A9F424086D2095A3E262DBF124350082C4B5DF4704A9D2C93553DE47BD6766B69349610716999FA25854F759CA9792599D3837ACF6247CE8597B0F960FA3EC45B61715050260C5844FCCFEC9666B
311
C71F875B17E3BCB4CB151405D7D08F846B4CB952248B4603CC402B609E90F0044A007FA800EC46D07A51232B00E5683C55D5096E1374DA4FCBBDE2C25A5B8D26008227CA7758033D7D70DF12CAF7F247939F93F1CC63047D63ADA0B7CC8771B234D8095FCDB577B586D1834062035670E204B245EC093FCBE15626C10D210C
311
B38A13F50E10A0D5C0814B0C4B30AA9858516001669002229618F100767AA3D6D2528595FE7A398C2D2300ED0013A0AE60B91644A057327BD3C36BEBF48C91279B45F8BD145494674AFB211A91977CB838DF35DCB3D6D6AA2FB2784B591ED785DFD7DB77747DAC9D2F7674810EFC2895F9ED8007EC7885101679C06F21E4B1
311
C8A6120956F80518D1DAF1717BEBFB5803E20C6F2A11B2E48AFF4AD2810A70054623E341B3D1ACD92DA91150DE631EEB2C28882D092049C0DD38E262A7BD6F98549930C9D44B7C37028AEA9F8C5628A2BEF5704C0DCB2B428181B1BE766F43014498D2E57791E4C8DA6BD2ABF5003F0C40202E2E32EDFB02852D16C30B7F64
311
6B98FDF86C7891690043128B0A0DE6B4EA27F08C30CA34C9D0AA0852A5997F8D11A6EE84E040B20472020256F4AFEBBB74E6705A12083B249089218E6452C8E5A69717E904A3F5EF3D5D08EC1F4D4E85086B238CFFC11AB9AE972CB775616C6D1DE04DDF073B4DE3747C41FBAE6072901CAD0237100670C5A00C2C3CE06361
311
0ED824826C1F6650700E88C00B62468903A0D71D3A390255AD7040048348C56C4647413C2C2561216E0C469203EF06A5B101AD40D0E207F78B124747DB5B4BBB4E88B1C373C114E0470B345156EDDBCE1B4DBDF81DBC400746B0B54E05F693707B89A5E430982C2AC7D10DFF11D5B102B9505034B35D07E8E5F585757F088B
311
390F2D4C85CF7218E8418BB4F25B885053D07D5A908326809F31D6CC6B77CC948413B28664484439D118DBAC27DB5AC40C1AD166F25E6A2F0AE82100C0BF220405323E1FF80DFC518CACA8DE1003F3C9FAE9C7B2D60703A0004F8EAEAD2DE0F5485452D15B77B4B67F4C2403B8D8F9C533558ADE058A9E177A1698F75DC0EB
311
4C800F74C0270178C8579C1FACD025F0560844502D2BBC01E620030CB93636C1041636A693949CD80139FD15BE107F905590A292840F8860706D07E2970A2F15E5B13B87C3143CB2930374CC46A6F9B9D7A5CCCC14E11B9E879A49FBE27ADBD6DA82410FBB94FAA8487D61B51F4BE0A03FD08743C31020D6628ED20305A22C
311
2C2FAFA7ED1E7881C438AA5B9035F20759E243C51F34D0D5F02F11403B9E204CC1686C0B6C9000470561519CBE1B0E4FBEAB37A39EE4B84C05F023858779341991F36D9D9F351E7BB3B5ADF00148D9D05784F9AD8B037D48C01BFA83D4247F03BB768BEEF973A14E610090D4B96B1EEC5C5E66928F28EBEB6CF578B067DD83
311
086081579848E60DFC7684044D8174993C39F886043481F6A2B743B18749E52447CD4D230513032D20D20206E536E15BCF7B7D211634F98FF9986287F33F9A94615A5A0A7CACF8DF5DCC1AC6EF9AF1945EB78E0A2FED1DA2ACC00EF983F9A012260BD722EF61C9DBCDD8719703ECF839029010CA0B9F100B1D2842153E01A1
311
A3837AB579516A31982FD2908A09100DAE591016CBCD4B011A2F4DE299E1338CE065DC4841BF9895D8C81714800CD08F5AD39601BC929B55D291F6CDCEF2AB40DD5D98F4E6F107C47AEE4A09A079C05316F479DAF4C2BAB83221BCC0CE23FE3D3D4C7BC9AB673D89A3677D6020F6E182332028012FA0FBE0B2668FB8548590
311
2A8E7FA0BA2105C213E20BC2169211A4BABA7D693C3F1DA961F203694853137073AD5CD25F1C017DE0477626D7BA55B88F83B5EE513C41D814639FD1BF759171F4577D3CAB0C3DFF68B2D3B1F8478C18F67BEBB2598FA76A4545E9E961BACF657E0791D2373030E0EC9FAEDD17BEA7703A738185D08236C407448A4CB504CB
311
F01FF43859D3115488EA01B55078000DF085911805790DE1B41B6F8CB2889C3834FE02AFE07D85143C6C008438A944EA63E047023A7EF37E13B0903AFEA7BBAB9579330FAFDAACD540022980B65A75FBA17D388F1E6576405CCE7032D95BDA420E7DC0EFA320879E5F8B3B04C1D2D9C1114210C19FCC49DC6A855E12010184
311
DB8968109ED016E4683CD552A36B3AFA13BFC2114068935A7E774CD2C7225642B73325938052D8634ABC18DC9442BF9E0402E85B42F9F3273672DA8E8F1070405D1DC3248487574CD98092B8B956E6AFE1566530B78FAE05B4A0DE51FBAF85DD075C7E11939F80E015A58D1F87E400CFFD2306C4D1D3C634380A201545A92B
311
E01F445800BE12302AB477BD6F62600D211232EB061448A0D2B877BB940D63D059C37E0569A83DE93E214F4BD86209FF6F479C640AFF8AF6D1BFD987D029A94DB7C329B4184D4BB013BF912FB88FEEF913071A8D82B651BC10DB067A7EC52FE1B421883144C00F64FA23A11CF708BF16CA59F18D4C04B8085964B2D8DA4A85
311
5187000BE440BC816FFB13374640B0EB1D0998AF38A1AEF503F14302E2811081FC12EA6CD38A63B33035125F40F170C0B0AA45E9FCA38FC6D688D48563B5C4B4B7C359D3C7AE0EFB16ACD5E2FAA47EF8307044B4EBE1C71E84E742D81431FB06B90B600B9C239E277A57C94C427EE10E7826980C0136600D916A06058CBE86
311
04DB4D314FBC014EDAACD0820F14BF75449B70339490FE5A0491221BF95F949DF1235380E969AABDBE2D32EB4403D3FDF17F42F9A0A7C28ED75BE86BDB7C7EC80C76F86B8800F77B305EB88F00A4352E0F8089EF811EA02A3DF08F7DA008F803BE4B4EF5F41E56087099E920708C3D720916444440FDFA013D4E1201414123
311
A09290F5BD7AB729298209C4306D007BB0829FD4EC3A6D7E4F00B67DF38CA0764F832F0448E58439B952CB4F70DF964AFA74CCFDBABBDF273E2FF4F56D3DBFF2A78D42FFF2755DF307066497F44062AADFC0CC546F6DCCFECECFA232E14F408F05477D311B683A35BC245FCF8A5CD2AF20022C21022266905A5BCC8B20235D
311
6FF04019CC04058AC80023662E25F342063165956320BE50370F2A657BACC817DDA3DDD3EFE04028645780A768FE38DBA88BF2EF3ADADFC7FEACA952E5A77568ECF0C971DF32BF1D24F8486B22A649EC81B1B60315CBEFC026091CA45F858D7D04C1B437079431E63E38F880758842E780A9E03791C0FAAFE10012588C3C59
311
2FE35461A6047802BA18686887023A422A49599399893103942CF6DA53A8E387825FA0678B261F139F801E2B17C901D0F5217E07AC2401A87D0480F753FBED44FE949C93A1D042B879FCE499B3D861AEB23F9C1F372F0C24D0B7D6E70FE1AAF60F84BAE642D82F0A9F53E22783915518494FDBC0AFAE7DA282E5050B703570
311
E06319A015E00D693A6BEFFAE493941C3B08C13B96BD20D0115A9565701DC58568A3009DA13E965765C03091F0FF339F7309D44F6E61F837F1B1FF920450EB8FC48F9B40158BE89C81A597CFB0DAF5F5755D3886DC13D4479599B583758CBF35663AA234F133F91D3BCCFCE0A794367F385C59B19431780F1C099131384056
311
616E15A1563B50021D369C593FB292685A68A8B2A50A0A2085CF05434617E05FC24A6B077B990014421A68401AC4D65788EE25F737EB780D08A6E38F060F2ABD889E1B889C44852C2FF368C1E3E710D73B6589EA83F7417B341ADA1F639A23D15298F087AD0326410E116C3A1B325218433C71AE62C07C1480F1C045629724
311
A076A4BB8D622D24690486727F56108D07046DAB065000678E04C4F8C342DE27F4AC102D854F2D08D59B4ED0E4F697B0FF62F113646BC5B7F3131D4EA8BF8B265EA3F2026E7061B96F6DF3D993276B2180B8E57067587428579460551049049B074CF8B1066C7E14C705F0B39298C0997C17F701097023BAC3108139019680
311
1FB0C2A12380042927503D5A01CA127F9841B460310639C674BC8CDF1A320501448E0068905B07F6E5602F8C1F07786253438CEC51AE61FDB25FF71B09893AC026A9EAE3F30F369F5D5EAEA5801FBAD3C98B38C13EE017B054F81A56F05259DBDA64FE270B1FC4C77200FE276FE814B916E222575ED717A62A929565046052
311
68408CFE13FD61F84252228376060206802B9550F00B9D47E6AF1022538A752CF4FFF1F5931384A9FF8700EDD4FFA2B93FCBFABB3EA6C607FF714B0B8B04EBBE83B52B246092AB018C0D0002FC490849F1E214AE6FC42009D6D86616C835B65DB9862EFC4480C14137603C3089D0A5588FA27E693DD184131BA4E88C35045A
311
CEF1CDE1A82323C20B842F2419604821196EE8185BC834AD44F8E9B7549A32900196E9ECBBE20FFB4706861AACADBBFD9B56A23FFD3AB8BFACC18B1B5AC0ECD7B6AE2E2E9CCD2BE8AF1B1BC3A813B94107E82DE67A42E7CC7D4A6116700B5B2EE3C338A09B840F07C40A64800D7C605AC42B72227C4C7020AB1F20056E26F5
311
42717F56534261DE3766AC10A6ED2D006DD03BA9DBA507AE0510A8B385C92363B9154167F1230C40D76AF6F3BE0CA08F8BA2FFBBCEFB09D0986550E0F0EAE2F2780CDF850CB0F88CFC2815FE87BD83909F474F45DD47F1C821DB2107A8817FD45384F57891B65F2543D0C1E20A89B4A8DF806862AC27C60F6A054627FD3442
311
50718AC0FA21CDC4E28DBF2650D1B39D8B8A420C348A4F846E2BE824BF8C45E1DB8EEB52F576F47A75FF95F90FCE0FD3A7A08D48D5B9AFBE3EA658E1676FE3372FB57F0AD8D70ED4AEBA3D4C2BE0AAF1C3AD63A6004D12900CFC481A47430C9EACB390038642C8C41B13303166614210592736B8603AD4FAB17189DBB32F39
311
15F0C380795A089A15228460BDE8E52203527D41B5470901B088D84FF8B3FE2BA7F4FD30ACAB3DE0B7E2FF95807AB0010FFDE3A048F7360F9F3FB9380EE537F16F8673131325D3351A3F664022020811A0FE8C019CA17370725CBFF64132025DA1BE2555102212E80A907FB43ED80A991A8AAC183932C19AE17524B06590B6
311
AD286EB99BAD18FF4BD64BAB519202F992A963648ED30E7521F909F090C0213E367A77D8836BEB6F34D92EDA624183070248351F1A079E5D3E7A9EE81F2CE6678F92E299EE312B6C0572C0A7B5EEE07853612403813152C7125E2022A20C18F855DBAFA399817FC97FB6E1CDCA31D348434ACD0012F0D32A5456B4007E6E92
311
D72B1A4E9971223A42C1042819E4049C0C5801300C0013FA48F8944FBAE71DAFC27F1826FA2304ECDF3F6C10FF47D5C7E49748DDD687DE8E91C09394EE0682A4F84CFD6067EEDF43E67EA46CB2F4070160439245F00343D03BF25D7E2F26FC400A896DBF19FB8D4D0A66DA669C3D608F9CD048A0533621B25690EE19D5D152
311
48E390F042B12C682511B02BFE3E5700E4C9A9B2107A8F45248FA48234FD23005ED1F4EFE80D1320836F04003BF42856D478D1DCA3ABEEE3C68F9F30C3A16E5C238EA5DE3FF37DACC2F8B7980033F47FAC34421EF0418A045394802CE032D61C70023D788136788613887C0011A4EA316E005718AE191F8D0D841B9C679CD2
311
FC478442D005429166F5A24403B1E6ACF3298F388B6D0BA933D92339D48969A5C11F09B4FF017A9900A4F887010C474717E10F36468032FF33F4AD610517777104CD920C3CD15FC5F3B3A0C75BBCA3B00F2724863C10BCD4A0E00736C7981F2F72E4B001438B99714FCFAF713A2603BC710376A1715FC602022202E06FDEBB
311
C680A3DF1C4C095A12C50B554FE7623B50374FB2129DDEA4C392C9188077658C87F55FF92FFA507FF03FC8DFD3F31BDAB46DD51AEB03F7E1B38B8B87CFF47EA1479C3EBAD5C6B382C221C0F1B358B39D76D9D3142C4A20935F541E492E0EF081BA41B3620A8E172B584EA1485632E22A8221CEDAC6110AFA4B6D43E2B76A18
311
AB240BB24337721C9321D2C033B2D3E2641A55A400A28403C12D1DADE39AD23FC5FC08C47A64DC3FF6DFF76B5235124022D7E6D6D5F3CB870F9F31C96FE477FAFE54100068A3A87FA5908A2C08011CF31309C10025B089FEF9C510522B8DC07C30AA469841723A10C08E27F00F7FBC181C083F2809EC3B2B328E294AEAD5A0
311
71B3A95C81D2DE3F930372D022C9C793535B92FDAD5426E90490C3C81D000017C6494441544698C416520C1C40C71FC204B22448FD9303782FBA67089A1A7D4CE38E89050FEF5F1E078A4DCCFADA058032C34C1CBC2E1202B1F8962B1A8024F0EB7A11F209E96FB369D4B64202FE7BA230AD24C46413536EAE955B341B726C
311
593B5D4630C0BE822480908522B0D85430230352618DCD4F7BA6D568BF4343801480006658EA3EDCBFFA9702B4FDE9022163C43F9B72B58001A23FCE6F0B3FF0E4E1DDFB9801A6FC42FD0132CC1F2224F89933107AD30B6C9131A53818AE944BE25A70810821C38F098411980E46D108F483DC63F49B91B852351604091D60
311
546702F58A3872A1716411B642C7629C267E64E77719F46B0548FD6BFFFC86A38DBFADFCDF700228C124C8664FAA02BFB1F92B09800876FCE4F2D1C3FB4FD0A44E0106A8DB8079751CBF0BD9340066C3D52BC64706467C05B5A54401BE4A1B0132A55EAC1CCCB10D378A3DFEB9812022327745EF2102886A9142C812A1A2C9
311
708027BB55B7006357459F9C2080E0BC34489FC629510F3017B62D5073E2A2C64048A0A42580E413BA9E08274091A398EA80B5BF31C87BF5ECF8F1C5DDFB4F22AAC181F070AAFDDAE5650C4000516440D8806786D874215149E69ABEC43FF0EFC820FEA112B0522003C84BE03FB76623513B6D840820358B084119B0CEC8C0
311
0AE888826339A54091F5FCA513AFE147975BB1A86FC50618D9D74502F0C7C8815AA306602FEE3A5E79E0D7DED1B221001118B73182CD439A092FF801105D1AA14E1918EC282F6260869D55108065988BD67F68E5581720A708051F7C8070F582389C682BE53F2AFD85853F2A013D21564028E06E79B7A71E43212180A81541
311
EBC88F451E02385100491AB0C4A3BC5309A95911E66D04C0B448366988ECD204C2FC930F8CEE8FA410EE4C25B58DD1B6EBAD83F6196670F7DE635282C0A56A851AB035831725F0471A10FE52097089C80495804100318405F0DFC2136004B4C40705EC9154315129205EC357930035688F61AC02188250CFA9A980233925F1
311
6A117A48CA54DAB6400221976B75D863330942E20EE3B00B08FBB71AA813B0E502FD2B023DF70114E0D7DF2E2EEEDE7B789504200112075478F2FBD6897835C91F0C20782401E801A2F9142700B74805703426023A81CC0BE88B537D0003E0C5181D29EB8D83050964DD2580910A1E7A8138F76253DC01DC2F3824391AD748
311
276C0B0CDF12366625D038603D0003E0266CB42704C8CE7FA7F11B4D59C0BF454A78F8FCF1E50513715D469607031272358F04E0003C90107223A581218F10008B10247CD20D860FF0BF48801040B361808148714764028EAC137E871501EFDD97C89B52107FF1235B0928C562530082573CE137840EFEF82A0BDC602736C5
311
95912FBEC69E6A3A26903B3A300C5A098A9E3F1810CDFFBA019D97B4E7A7A075850F2E92569BD960CA7B8304995FD006FC4213BB1448A6F4BFBB3A9F9FC4962D0A1369129B10073771FEDA38B1737B663A71C088D8848027FC3008DAC4E4397A6F76271DFFFCF77D6BD7F1F67DA51E0E08875A6BAFBD6BD7AE52CC04A0B4A2
311
206F650EC412841A48258258E8662C3838FBE21E25172C2A15A4F78D82DCF68A005DCF07047C183E1CE47731BBCCB5469D9169E0D588945BEB637E87802A03D88FB82486210D28FB3B858D13DC7CE75F5E6F3B03C1744D30CC58C7C7A256146853A05243060B850072A7010CA47CFBF9A1E24F414037B8781E8E9F219A774B
311
36481CB43E48A79819D638C8760D672FAC19FB9D3FC5EA9158DBD0159C27860409682E8FF2595652FE189D2CC2D7C023E944158355806FC320087CC74116030CC376C559C098B93A041C5DDA48AF33827D2327DC761D19C17CC62780D82A170E6CE7415A5E7FE825E053048F88D2AC2A561CA4D4C60098DA28EF1A01382772
311
484698F60C8DD24BF396EA76260542810A625978C03580A9CAB91D10249BE579B0377A3DD15749A45F24C4D81FF3D7D7996F6A1690288008C0FF6CC186DA9D5FC95BB09B1301004B016E707FDFED306A1BE8FA208828F00BF342186839839F1F6FA338DC5A0200FF383DE92614C03A4508DA18F4D85F9354F7E867AA77A42F
311
F49BBE6757A1A7454448D0BFC3C220714FE43A3D8F1547BE10F0BC5A05985AC3C28829A06FE24CD062700601F4AF12AF99099B08E7071DC4626A97C920C3FF96E190C9D1FD7CB6163E800D79E5F3F10A9306C02B799E80F1AB380E0571A584C0370A220C3125000B500900D96FEA40409F980E2083E4EDF4D8D2480AE56672
311
22E020BCDAD4EF19682120818FE18EC7FD6AAD67C03F7DF1955E697456F517AC4F24700C30171C67E9168B109A4F60AFA60F98BE30941BF776DBC7C70792A2FBE98AAA97224F8BEA39B47BFD14A8CD03320DA2B676E3AA397E652E30A42CE2987B7DA1EF7F75242413800A04C0270C62A13372400B435ACD84B8B5009208F5
311
AC73EB149FFF3508E21C2201E0338BE07E50EB47E7FF6D97724A601028C5519073E7978EC88834410450E074DD58AD13A4900103A6444A9CB99103229F0EF8C0C78161EBC68137240734CDCFC349807851E0EB46CE864D2E405ED341B71A390CF2DE20CF5193189E1901E866D0230409684B193D17E2928534D04240937D3C
311
84477494FC5E0FE0B448E35AFC19007926C1C6A6E622FDB8A12E30993C6710E070397C4B26304C0AE38218D19F01FFB15BAE1C0E7E74DF75F2406E373C414E848FF8E500EFAF3C1029C9C0ADAB2313A7426CA9B2C1B9E30032C84EF31A09A88A386F136E8C2F1D582EA0459207015F10F1F001F0B1B7DF7222011EA2001F00
311
BFD36BAEE0850928B08C077030FE3806C880EAA74BCE0863A952812E6008B3A89199C1EE918AF96AF583F1A073B0A355B9D861AF1460DCFB3BFC6B7EFDC834B09700CBED3510E48DC7129041C991F06BA5006CA6B5B34EE21501374E8DFC910042036111EC9C7CFA1C05D48A7270F7F835BF04A4194DA4CF76CEC66718C84C
311
D020D04C412AC848F03E3C61A1C8D50D0EA6838A00376054D3DF61A0E393E1F8B058A6C994093476D601A4A06F0CFD3C0A6BFA910E75CC10400A80FDA93AC9B5EA4303F6C0D188B559086091CC5910137772E14F2376D03181B5CFE74C0EA38440D0AC256D6C4D104CE05302FCC00B60B9CD4D71E08BD40C144A025E60D4C1
311
F45FE846A2105D717EEA84808A5DD90A168E133640311CF05DD870768683F5D2F1800F485AEBE5CABD8FFA3C0BEB33702493AEB551B1EB035EF5C8E5757FA7832141F88E8578A363802B560007AF93D7D470B478C4D00B412D634C9140C4F9275C00DCE8DFE3C7F8C0AFBC5B2CE82E3C3BDF393D4375D50C43CD1C17E3777C
311
D2C170725B7B42B41DF15BFC344DAD089C1E9118522B4A2C60B794E4E8F33081BB7C8CFCEEA0B2015E49D586429C6C78646180B7710E06018A3082243C275F077FBE412C17DE80D3E6B9462C5204C5D980D1DF84A864401C483CD01B143F4A4868087A0F780F37230200A4FBF6AED325114C367C22512750A5C7C3E32D545C
311
E20A0904183BA10015DCAD89864B3E1EE97EBAE8B204266A48E010511838E2FE413FB116E60880C2D8440AC3880DDA6DF6618C138CF1CB2A09637E18D00F80CB0DC05322E31EADB8081C29410903F06BFCDF5AB46024E4A75828056440503C707856EF0C037623DD4922A400E8A6BD75E4D2800905F18450A00CEE88860C89
311
64C7B3F90F56528BA18F71CFBBBCD2D05797E168FC37DB26DBE0DD2EAEF39686C18440820013C1444055402A541400DD362A0A402F1FE51246404E098249FEE30708C10CA0B54601053159480C00BAA9B1223A773234FE72FD5C3BD81804D8D196FE3D5315A0C981D88D04FA01DFC185CA93F9120E1F480B08063364A0A318
311
F08DF95056E4C91F1150D31B011200383502E079EE43CC18603AE2F88FD139C802A739F208E88D06DC78267C448C27C4113C19B0F51B0E9C1C021CF8F9167C6B1F2E10E461002910105D1042792D1CA303F469714C018C23D72179E165049C40E801CB96CF334562E5807291D1E0C70FE6CAD91656715F0E5C5E70F8D7F832
311
90549B1BAA6F781D25180EBCA93EC84E72A74081CE3020789B3790E1A9E478E658C099BECFF01E530E80EC5FE31204ACFF70AF8177A03059240CD074978A002A878BF883FEEC81DD684E406CA630ACFDE87292822A11953710F000885D6F68A67ED40CD772B0828359B753F7CE23D9479AB9845771B389D6A77130F8C134EF
311
C83947392029B10E4425440A84AF0E54825228FC1634D369874739C837A9DDC83C20D320C36042610ECDFA750303710224D01202488012CA847424F8D53F78AB6BECE9B3B35A7F32396AC6B7444566327DBB4DF06FD9616744F4D3A397EB3B0A3FBA8D763702883ED742FE5CD24146D8E353ACCF811C806AE09914D8446E93
311
840FF4D6C963FF32BFB6AB015D1D3B0C9A0968776F021F21404B6260CF84A14F35180CE20B5E85BDA2EC91FD5A7DBA7E5705F4F0F97AF26CE18E3BA078138202400A62930FA6CC7882F911A92F33E547E64990B0F27323D73B6222863F86425153FA8009361C675554C25382CE148420C8DCC47A20122806CA178A0918C14C
311
BD33440289078A00EC6070184CA9907FD0A1270478E0B325B67C2193694EDB7DD0F3C238447C8A11485562FB4902134E6AC952FD5320A4F7C780882DA9684285CD81D278C0E8FF8DEC9F45D22DC3C2CA99C2728110888799575B6834BF22B0F01EDE72D7F21B672C40F0A972999E2200B7C91403F9BB3D09C01990819238CB
311
AE5E7510D7D57450507E3DB04AAA0A3C280064E0775380C8C16EEA4834346A04BF0CE847B4B3AF760D06D24BBB267C32E2C9257DE5EB748AD101AF1FD33265E2B674EED8C01A0AC901392211011AC810560F77778E85B13BAFE3E25C95B70919A4862C15928BD8989664AD8638101D009A80F00BDC41AF27602A4BDA0C077E
311
550048E7F1011410F01405045E1C140B4D0E70E0F6E034171C3D6FD12004FCC1FA304312518910356628A4A326EC9ADF5DFFD1B2C0399503F14B4F8E3E0E4E39A06ABCB56A8014687E86E462BDDE5124615ECDB412B7314F62E6E0C76ADEC0F717B360E741960104CF1706CFA18E0605004B01AE007869B095ED92144A8078
311
41EFF2811C047889A04901C809062057192688C92346F97F279449F89B113500BAD282D1DA80A55C27EFFE02C8D4F395003F285B617BBF0831F49B055342DDDD414378E8888E92C16789F269A27C9A221FAA4A0DFDDB9F935B2ECC04DC51481558A69301E0460B02665AC4DD30C03D480866C3409400051811876014C0F294
311
C542821AB045011A3E3F09001FF304E3A0BED05CC11A811B865001769507FC01ADC611F400CF68C7B093606E30F3C7E0F00C1D10C31951C1E2D7252181DA00345842A19130715C736EC9ECE686A712FDB31E4D3E50AB336E5666D7B212C0113C4A4406029709B43D0228F3FBAF49921B19CA0C82A2D5BC4A2079809240F37D
311
3E10F9637607C3983F0458508A98B8B4EFC92AC13530180CF55359500080061DF59B98BB3FEACEE881DC8127F182A885A86FB12B43C590A4380504E32305E3148BBEEB2D2782029765428092545BA5C2C681FC5F8E869C0EE1034A822FF09A12C94084505AA868080303473F8161F7AA0A6610745E280BE4427FB770106F88
311
00EADABA19F453210435BDB2348471B13B65F2FCB554827632C4C44467333E4127095D22092ED492009930413251B5408345065065E415266E20279A40B3F520370BE2050C8360E6BB4601C1673B9BFE007EF5200B6483CD195400A783E6DEA0653515B0FCE8E86D1618FC1EFC15C2E727F24F2A2DAB57326D8D0877D4E298
311
894E7A0C3C7D9CE8A0E2D17AA2020FA1097D6372F2A9F955060FDD467AD0426368C24A8340FD0D6687A76316DEF5179ED9042005A2BF02A5DD810A4DEFA4A8F700EFC50FF4FB8C06410F0303C106ADF8852ACC6A2CA9046E9ED070739339857222CC009E206479886EA26227BF7A341A15C351A8404A6C10080A2140FA4B4E
311
8D9B9A11645899332363FD69887F436A660566964250FD752E787B64BCF8E6C8190DF8EA0C854C062D8A5A1346F810414313E606ECA0AC3A01D6928544029D5F42E202C0CB386F880F7842A31287061F32F3CBE09F2950783394F2F2B23D85386C6F51943E99DD10C8A0000BA9569A14805693274BD0E4F4DC3F28E331EEA9
311
1C4F33ABE057889BFB92819187840A08E57A276A8BFCB75B0342668C70C565C8059996D209C2800941A21FB82B2F520BC2E6FE6F1A8827043DE17000DACC8193E78BBB8DF1467978C06F6AFE986123E3A95272CAC122046F4C65C4B88FED2F1CD1D918F7CDBF8903BF1A90057D42F4DC133AF804ACBB58446A0DB78806FC05
311
3FA1E45D0AF1112613CC0DD976C5E70AD3282F42725C0D02AC8588DE451B1C01ABF063E7748A3882F0DD484BB78D037F9812240EB88B6034C0AD53E5116D4C6D920C6A89F084E6D0598AD7EB6930CC7B293E27A666E5CDFE9A3FA52FEB3C97976FDAAE9A60008FCA6B33099CF9880D35D419FC687D424378E3099441E110C5
311
B3C6DC311E6653514A67A530D863326C4D8430E0C28024803B5B069B0E60C10EDB6DF087034171DF01F1F3404B27B1056D8C0E56E7CA6056E7798147BE4C2F01CED5987E413AC6A724876DE3F599E0601CE7B9CEF3BEB3671E12DCE8AF9631B8031D3F360B6955DC2342B2A0E4632A00264C0DA002220CFEC3E10D9BADC890
311
4D88DC51928593AA16C91DF6FFF82B3234404C7214D0F8608E0052283EFB2B0563F1D072936C4017706010BCF1B16CDE0C1FA9C777E44E1F5259B0C9BBC8794A82A6C182A3AF56B16921405351FDDC91B5BAAA617860E8D76C97C377FE701A4EB4378FA97C2C8E3CC8950886C6FD93AF70A1F5F676B7ED16CBC56AF5D09110
311
EEB8607CC08A795882358280DDB98AFFE7087C6EB593D62F041CDB4018935238E73F1098100D0C8769818F777057F64C703C6530E142FDF5C837AE1CF66C94C4887D3A3726AB990DEA248F73B5D32C8E04F6714B1E67C53FC52040252E605B322407CBF8C7F05453462A295ABF4D95592DDD76AC23512E9A2DF964715C80DD
311
752CA8E263AC36F02C3C28A133EB22AC8D099BDEFDE28C3E8FFEE3815D5D00C17C00511058354D62443C1A546280E43572A9C661A34FA5891F8E7570608C8DF21DF51DF9D2A84D4501F41B8CD4F4C9DEB2F901E810C0E4CEB6EC08DFB06341C864CF8D0EEE779A606545E1E64AAF30A4324C20FDD3BD558BD966BA994FA915
311
CD162B1978642AD01694E533EC190368A68234657085B5F88E27A0805E04B8BB6A00A51646EE3C10A50FF007FF410F1963CA69BE2002F0F902E701AEC995FD41F83A3F0C3809A3288A083003A6CC2A20E6D703EE48E3777AC07ADD51EB6101603A9FCF17B3D5928F6D742EE7E4CF38AE2B03C5FB39C81D7B2978FAFE85AF3D
311
2710B0582C970F0FEB0E4D1103B8BE2B4D560CA10002FC8F334C891C07B44FE06B2E3ACE5E1E2D1FC32203110ABF9CA0E8381F68EC3C06701328E5A38278A5FCD944CEA5283DA933DF2A2448BD23F1C5D8BE04CC2DC3B43B3EEC29F8B5FF926D11D3E97EBF7FA1BD1E5E5F5FE6D3D972F548547783146ECD84873F377C5820
311
F7F9FCE5E07378D6CBCB7E036DF7F7104079A05B77C6942D1BA95D47424BFC3DB6411009A42E207871B7EE9B06614BBD20F22F7523FB985F3F7068E37600273A3ED0C1CCC380F6EC4AF01CC1CF95E4848B7BF950AD14C44F10460221E02D21D01DAE800F323704C00035DFE97CB37F797D3D1C0E4FBF35EE1E5E9E0E879FBF
311
3DF6F474780A01FB3DAF01FE0C0798218007C2090A3008BA7682A338F4A8804A06CBFE6A80CEC766F49853F15B2F45FCEA3F8250012841315016E75E797EFEEC4ACA6C79F515CF1738F7C36E2406071051043817C9E8C5888D49D0332E800062FF54FA562BF7446CC0BFDFBF8603D1FEFCC9F7FFB5A7F000430755C2D3F72F
311
2D02A022820897ABDD44594475BDCCA4A10AF34C06B08B4AB58BBFAE30999DC66C7CE903A83CF8EB006EEEAA063430F84B05F0ECF644825F5E95073870E72A0771AB89B080022A0C5A9FAF34C89286257FB7BEA000EC65B59750C68E0815B0D9834B15606328F80709DE09018AC2A7817F83F96DB3D562C10A0A31300230CD
311
4200B87F85808BAF64D04600254047F9C14DE93464009E7F5AABB4FDD6D55142A2C0BF1541FCE19C20C899BF4F76AB54B84CB97F88F48ECC029FD253F0C70DF4816B9AC94BCBD653B1A283C4001A0337955E4AFED3FB790B6B1F5EA0B5514074103A38D84280EE0F5F9BE974EAB2D16AB1EA969684B6E4166CA28264B30047
311
4C7308D20013B204A65F82970718D05678B3315D442E1C0A327E2F56556040C005D2FAB1326A68A07507C9E46A3648555A7080F5F50219A00E6222E3E0862CE95B5680930530742F1D041805E69B788161F015944D041182B861A2C17F3AF01CF5BFDF6C343F9171F5B004BF59C016719164B888EA206A02AD05E8464D06B4
311
8E4381A0E9345FD171625AC22198F57C003BEA5510F81FF78D31C9B033D0030000000049454E44AE426082504B03041400060808008D56245C28BB58AF800100009E0500003D00000034424146394336442D464330322D344246302D394545392D3045453039433145433443342F536368656D61732F436F6D6D6F6E536368
311
656D612E786D6CBD544D4FC23018BEFB2B96DE15493C78601010A34B880709DEDFB52FD0D8B54BD70DF6EFED3AC0B12E6442E2716BFB3CEFF3D18E26FB440405EA8C2B1992E1C323095052C5B8DC842437EBFB673219DF8DA659866649B798C078B48AE6410122242F2A4994AC7F93815DF85C049C8564CA0A901499DD886B
311
2EB9B1E02448F358701A9235880C49A0119892A20C89D1B9FD768815CAD268CB5E0355B40B1E47F3E37A2020464BED06AA57CE8FCC20C3C3446D46761A2632A8C1283D07031EFF2AE7CCB1BFEEE916E406DFAC8E36FFD99A9D60A6944090EEDC3B670C7DC13DE86B6B2C5C240D6E503BB85ACD579D513F1B9F9A69DC9CC22A
311
FA80C426D40AF0B21EA168559156B6276F0F726A6BFF04DCD513A87A62CAD41FB24FCB2858B3952E3D852084DA25B9303C15687973CC8E8AAE11DF2836C38C6A9E765E8C1BA1BFB1DC29CDFE518C8B5A7655A4ED7E77291ABEB80DBD82EC866ADE1B8D05AF9E35CF09D7A061F38A986D9EC412B8F0F65E5D81534D9B231D1E
311
5A8FE577A241F3A5FD01504B03041400060808008D56245C670136ADA9040000B41400003E00000034424146394336442D464330322D344246302D394545392D3045453039433145433443342F536368656D61732F47656E65726963536368656D612E786D6CDD586D6FE3360CFEBE5F21F87BD3245B0E2D90F4905CD12E1F
311
8A0CCDF5BE0A8AAC24DAE417C872DAECD78FD48BE3D44EE3B5C3E16E010EE75A34C5877C48911A7F7E4914D9095DC82C9D44835E3F2222E5592CD3CD242ACDFAE22AFA7CF3CB785A14C22CF95624EC66FC34BF253BA626D1BD488596DCBD8F2E6FC6335608B7F428D258E807664080A98384D9E75E22F16B2CCF05D32CE502
311
359492C878124DE31DBE89612BB196A934605E44F272A5249F446BA60A11112D589CA56A3F898C2EE16F6B136C595C7AC3C2FF076D3D808BDBC824572211A961A8D96E393F7AF5806BEA91EDDFB1ABFB769EB08DE8BCDFE27EF98E9DE0ABCE3BFCA1C54E8AE777ECE2BFFC92A94C87EDE6A9111BA1ADE75C74BF391275D33F
311
AAC5FABF89F1D33C9836CB3225980B2A479BE96A4FB3D59F821BCF11CF1FC55602586C7191D99E2C9C0CF2B8A662E3484E59466361985485D7E248E7953C01F19DA23B9D256461B6E09C40FF02D1DEA98C19EBAFBA4659184B7D47DEDF22E2F53DB017721B164F5B845961697F0C699AAC2410982C385725A6361A500F59CD
311
848221F103A8C1A7CA84A55F407794695C905C688E69B111550ACA946B9B4785FC1BDE0E229240B62665328986D5B32C400CEDD88188F35AC25EBCD40836F47F35E5C0EA4B6F767B50568CFFB5665C505E2AD5EA8A9997205F50A2350EAB32C9294B0024108429953DF32C4D812E226658F78A490408362A94987E6F787DFC
311
BBBABAAEDC36758ADEE9B58B41BF0F35D87BB1E991E02BF0B513748E6C0AA2EB2CE56EC68E97585643D82DE284E51DE03E4E22B00738761F1E66E1616A03EE093B0327B6BB9797262B0DCD72C6A5817ADAC1C3C0A3909CF6639B404D18B15CAF4B3C09CEAA4414BD5F0723F059ED37048E7A64271711EDC9C5230F58FBDA5D
311
E00DA512CF04BA6671A0D201A83D2EC81D2EB552C7E5CD1BF9D6913567B2CD53A659AC362A2B200B440195E2ACBBD167A32A86F7874F7F00686DB55D163481DADE5E417E979BAD827FC6B2B0AD8A6AB1567038E466EB4B10C4C2F3F71196A09260938125FDAB8662456EAD68AB2F7C1DFF709C874887B76A4355564F017256
311
531BF73D7D754A40E23401DA38EFC907CF8D8E3C1E5E7505D8E432C60BE1EDA01E5166683F169B6EAC6EC046153F66C2BE0679FD3F407982ABFA28F92E0E457501938D96B12090869079360D3F947CA8BBC3D9FCE1ECF3C676C9BE80EB67CABE004FC290F8E26BE6A0371AD6CE66781C408A1FAA8CFFA63DD93A94CD5E1F3B
311
A6A3DFB05B34E1247BB3949E3C332105035203136EA14AE89FF99E3E0B3C4EFE65C581A3A3D2D0EE84EFDB22B49DA31A07059E69B81628A8ED1228B63E42C3D840C3C01F460D1F331FE199821B03F22CCDB6DBF074B49566B12C3B3626074EA1B130B4596BDBFBB642A835954A9509E5769234228129889952870EEE13F494
311
954AD7A27EAD09411BDEEC5B6B6AD752C11509F826EF4007E86281B1AE63750FD09DBA87A34EF4CE2A75F3E85960004EA6B519F4806609E8C91CD18380BD81691D9F2CB5730631E6DDBAFBC30E96D3E1D3D67EE8FB72BAD92AD4C1FD3CEDFBD2681858ED6583CA3853294B80AF67AECFAC6418D08164D5FD1E52E8B546BCC7
311
7B87C6E9D1655FFD384FB26A28AADD82E04B9C64EBF78FFF00504B03041400060808008D56245C8DFFFC99640100009B0300004500000034424146394336442D464330322D344246302D394545392D3045453039433145433443342F536368656D61732F52656E6465724D6174657269616C536368656D612E786D6CA5535D
311
6BC230147DDFAF08799F5FDB600FADA20EA430D968A7AF12D36B1B481349529DFF7EF9A85A718860DFDA73EFB987734EA3D16FC5D10E946652C4B8DFE9610482CA9C8922C6B5D93CBFE3D1F0291A6B0D26A3255464182D920FB4233CC629881CD49C18508CF000E3EE309A100D61622AAB4A8A33B2483F11CB639C545B0E15
311
08438C3D3C0361192846DB7ACD198DF186700D182920B914FC1063A36AFBEE8FBA03FFD3CC1D1F4FC9E151A2AF59F628C5B7821D83FDFD3489305080F2EE04BF962195FB285E9D2DD352320A9E827AE357594914E42B1F5FE35F83688F60C4C91A6C946ED0668E8F244BC2EB0BA6E3BCCFC0B6A4B507F9F9F8D51EB315D9BA
311
9E08D308E89F96931666E577837E2B4172199C68C4FE306156D47DF51C698C7B9D97FE5BEFE2190C3C38BB054E6E8163FB039CB4B993C80BF18D969203116D6BBD26238B821F9BB909AD6D9C71B85BCD8C33D66FEA3D31B4BC0AD45BEA46BBEDDFEC0F504B03041400060808008D56245C4BF97FAA51000000570000004700
311
000034424146394336442D464330322D344246302D394545392D3045453039433145433443342F4173736574446174612F41737365745461626C654F66436F6E74656E74732E62696E536160603075357335717234D3757434B3D435713437D7B5343570D3757671333535B37474B330311202AACB4D2C492DCA4CCC492C28
311
484D2C4ACC4B4E050A82012F90744FCD03CA26072767A4E6260200504B03041400060808008D56245CC55C663656000000680000004500000034424146394336442D464330322D344246302D394545392D3045453039433145433443342F4173736574446174612F53747265616D56657273696F6E5461626C652E696E665D
311
8CBD0A80300C06F73E4B29FE6CDD8A2E82A083B8B7F209014925C9FBA3AEAEC7DD2555D896CB85E51C2A1BD834F6A1F56EC4494C4695278364ABB24ABD2146F88CCEBB89D5321FF8F3F43D672A3B44DF3CB6A1710F504B03041400060808008D56245CBFB7ACCE37010000A20400003600000034424146394336442D464330
311
322D344246302D394545392D3045453039433145433443342F4173736574446174612F636E782E786D6CCD943F4FC33010C5BF4A6489318E13F14F95E30AC1D209242A06B6AB7369AD3A76645F107C7BEC3603A888A943D7D3EFEE9E9FFC4E2E3F075B7C6088C6BB96D55CB0029DF69D71DB964DD497F7AC582A19BCA71F18
311
2B1C0CD8B25C664A6E839FC6B9D4610F93CD556BDC7E2E3EC488B4868DC5E7FED13B42479115DA428C2D8B7A87037098C87718F7BC03025EF380D14F41639A4466C079920E08841D538D686E4B5197E27A5D8BC54DB368EEDE6595492537DEDB99376959F0E35523F4712F5342561950720A66A6F26B98FA4B25DF1827AB44
311
2A19292457E60EFA1A53078CA3351A289957794D4865821006591D6125ABECC22F2F9EB037CEE496559206E4C34B1288810C5EA027FFA93DBF372B17099CC64B76E454E3F97D783DFCA2B7632C0FB9B9BCB49C6AE4C6F567C84A753827293AF9BAA86F504B03041400060808008D56245CC86A1758E6000000600100006700
311
000034424146394336442D464330322D344246302D394545392D3045453039433145433443342F5265736F75726365732F35453645344241362D414136392D344137372D393530462D4344463535363941463834322F7468756D626E61696C2F302F636E782E786D6C4D90CD6EC4200C845F2542EA318144FDD3CA615F624F
311
BD54947853B404233055FBF68596C39EC61A7FB23C03E7EFC30F5F98B2A3B08A795262C0606973615F45E1EBF82A86B38644C477981882397015CD161AF64425766BC3AB29BEB9DE855B37770C989C7D8F611783F526E75564FB8987994C61DA30DFA6CDB099E62961A6922CD603EC0EEC076C42C3B809BDA8E57954F3A81E
311
2FB33A3D2DA7E5E50D6423357C10F9CEBBC098283E2CCA521D43FD47816C8086925CA75A08A1EF9E0359971A32A79ABF43FC132B6462F4CE1AAE3549B28C3C5608CD01F21FD6205BDE2A7F65546DDDE85F504B03041400060808008D56245CA233C2345D000000800000006500000034424146394336442D464330322D3442
311
46302D394545392D3045453039433145433443342F5265736F75726365732F35453645344241362D414136392D344137372D393530462D4344463535363941463834322F7468756D626E61696C2F636E782E786D6C4D8B490E80201004BF42E6EE76F3C0F216234B883063108CCF170C074F95AE5473F5C4C06E932E4F2860
311
1967600677D21E9D8092EDB002539227A2FCCB80E1168D80A6417297A89C5D6963B7129A0D1E8F2EE73AA7B62BBEB8B27DE50B504B03041400060808008D56245CBE89762363000000880000005B00000034424146394336442D464330322D344246302D394545392D3045453039433145433443342F5265736F7572636573
311
2F35453645344241362D414136392D344137372D393530462D4344463535363941463834322F636E782E786D6C4DCC3B0E80201004D0AB90EDFD75167CCE820A4A845D83603CBE602CAC26799919AEEEE0D965E2E908050C6D0FCCE04C8BC355404EB6198129C92351FAD580A10E464065907C8D948F8F166375F655BDC3FD
311
C3B4E530A176BE7057BDC43B2A593FE403504B03041400060808008D56245C1E576B217E000000A30000003600000034424146394336442D464330322D344246302D394545392D3045453039433145433443342F5265736F75726365732F636E782E786D6C4D8CD10AC22018465F45FE7B6B85BA09EAB09AEF319A1B92D3B0
311
193D7E1ABBE8EA83C3778EE83FAB476F9B5E2E0609A74303C8867B9C5C5824E46DC61DA05E8914E3F6770314C6D54AA818945852CCCF1D4D761EB3AFD4BBF0D8211DD8402E9A61AD19C744B72DE6B431F87A339432AE4D47CEC53856A5CCAF57B6E6D517504B03041400060808008D56245CF16780440B0100005503000034
311
00000034424146394336442D464330322D344246302D394545392D3045453039433145433443342F536368656D61732F636E782E786D6CCD93BD4E042114855F65426239C04CFCCB86610B0B2B1BB5B243B8BB4B16B813608CBEBD3052EC26765A6C07275F6ECE3970C5F6D3BBEE0362B2182632504E3A081A8D0DFB892C79
311
D7DF936E2B4544CC2718E982F230912A1329F61197B94906766A715575361C9BF880DE6378D107F08A74DAA9942692D62B554B4603E9488DCA8A0E3442C2256A2813B2F5D026E8082A832172E4E36DCF879E5FBF0E7C73336EC6BB37C12A29C53BA26BBC0D1922CE5723D7588EA118E28255408A25DA46D514449EBAA3A50F
311
C10A2145CAB1B4D0C8FC351752CDB3B35AE552165BC11F460A56C39E457E8400D1EA4BCD7C66EFDF423F4330109FCA4B45ABDCA566FFCDE5DF2A60EB06946F5017427E03504B03041400060808008D56245CE3603EBE7A000000C20000002C00000034424146394336442D464330322D344246302D394545392D3045453039
311
433145433443342F636E782E786D6C6DCD410EC2201085E1AB90D9DBEACE05D09878023D01A1D34A8419C380F1F82DA68B9AB8FDFEC93C3D7C52546FCC12980C9CBA232824CF63A0D9402DD3E10C6AB03A3397DD192872090D3406ABE7CCF5B5D18893ABB1690CF4DCF02282E5EA8A5BB96FFE536F285CB347F95BEFFE81C9
311
ED5AFF9D5B1FB575BB00504B03041400060808008D56245CD8F3781C7D000000A300000007000000636E782E786D6C4D8CD10AC22018465F45FE7BCB8544823A9AE97B8CE686E47EC366F4F869ECA2AB0F0EDF39B2FFAC91BC7D7E85840ABA0303E2F19EA6808B82B2CDF402A4D732A7B4FDDD80E0B87A050D83964B4EE5B9
311
A3C9CF63898DC6808F1DF2E1EA8439DFA833EC44F9E01815D60ACAAC65C274D670C3AB716C4A9D5FAF6ECBEB2F504B03041400060808008D56245CCA1DF9C9A900000073010000130000005B436F6E74656E745F54797065735D2E786D6CA590410EC2300C04BF12E5DEBA70400835E500FC800F84E0B411AD13252E2ABF27
311
A55740421CEDDDD9B55CEFA7A117778CC979527255565220197F75D42A39B22DB652EC9BFAFC089844F65252B2630E3B80643A1C742A7D40CA8AF571D09CC7D842D0E6A65B8475556DC07862242E78CE904D7D44ABC79EC569CAEBA537E3521C16DF5CA5A40EA17746733E0B6615DE7217475F386F18B9481C510F1F021CD9
311
FF027EA0E1F5C4E609504B03041400060808008D56245C3DEE336E64000000790000001B0000006175746F6465736B2D64657369676E2D7061636B6167652E786D6C35CBC10E83200C00D05F21DCA56CA76D41FC96062B120735B69A7DBE268BB7777961F8D5AF396893C2ADB70FE7ADA196782C2DF776D7A97B5933C430F1
311
5651E5469C55D70F80A4992A3ADC954792C525AE70A1E4D6AD9816CC044FEFDF01FE3FDE907802504B03041400060808008D56245CCDB0B9E9F9000000960100003700000034424146394336442D464330322D344246302D394545392D3045453039433145433443342F4173736574446174612F636F72652E786D6C8550CB
311
6E833010FC15B477830D81A0C8384A20FD829E7AB36C87580936F2A3EAE7D74EA8D49E7ADAD5ECCCECEED0E3D7F2283E95F3DA9A014889A1504658A9CD3C400C57D4437164D4591B7ED1A0307C51036418189D9D8DEB06096B8232193556AA0DE4DEAB008578A466002F6E6AE1258F2131FCBD5CB9B8F35995A47CF1188D51
311
CB4DAA6572D357AD1CB00BE9DF70378D08EF488776FBD319F5D3A545E76EECDB7E6C9AAE696895C58C06BDFC6C174EF1A024B01AD71DC224C9DF093EB4F5A1DE7FD02A3319F5C1A59FB7A5F93B60A77CF5C403A7D56BFAC735AEF27FD7A84D68EACDF5A5F0C0483AF23960B4CA29A5F28C30D59C28FB06504B030414000608
311
08008D56245C08E53115F40000008E0100006800000034424146394336442D464330322D344246302D394545392D3045453039433145433443342F5265736F75726365732F35453645344241362D414136392D344137372D393530462D4344463535363941463834322F7468756D626E61696C2F302F636F72652E786D6C85
311
50CB6E833010FC15B477830D81A0C8386A48FA053DF566D90EB5126CE44794CFAF1DA8D49E7ADAD5ECCCECEED0E373BE170FE5BCB666005262289411566A330D10C315F5501C1975D6865F34280C9FD5001906462767E3B241C29AA04C468D956A03B9F72A4021EEA919C08B2F35F392C79018FE562E5CDCF8A44A52AE3C46
311
63D472936A99DCF4552B07EC42FA77DC9D478477A443BBFDDB09F5E74B8B4EDDD8B7FDD8345DD3D02A8B190D7AFED92E9CE241496035AE3B8449927F107C68EB43BDFFA4556632EA834B3F6F4BF377C030AD56F48F5B5CE4FF6E519BD0D49BDBAAF0C0483AEE3560B4CAE9A4F28A2ED59C24FB06504B03041400060808008D
311
56245CAD7E88EBFA000000960100006600000034424146394336442D464330322D344246302D394545392D3045453039433145433443342F5265736F75726365732F35453645344241362D414136392D344137372D393530462D4344463535363941463834322F7468756D626E61696C2F636F72652E786D6C8550CB6E8330
311
10FC15B477830D09419171D490F40B7AEACDB51D62056CE447D5CFAF1DA8D49E7ADAD5ECCCECEED0D3D73C159FCA796D4D0FA4C4502823ACD466EC21861BEAA03831EAAC0DBF6850183EAB1E320C8C8ECEC66583843541998C1A2BD50672EF5580424CA9E9C18BBB9A79C963480CFF28172E1E7C542529571EA3316AB949B5
311
4C6EFAA695037625DD2B6E2F03C23BD2A2DDE1E58CBACB758FCEEDD0EDBBA169DAA6A15516331AF4FCB35D38C58392C06A5CB70893247F23F8B8AF8FF5E19D5699C9A80F2EFDBC2DCDDF010BF7387F18AE275AADD33FAE7191FFBB466D42536FAEABC20323E9C8E780D12AA794CA33C25473A2EC1B504B0304140006080800
311
8D56245C322239560E010000B10100005C00000034424146394336442D464330322D344246302D394545392D3045453039433145433443342F5265736F75726365732F35453645344241362D414136392D344137372D393530462D4344463535363941463834322F636F72652E786D6C8590CD6E842014855FC5B04741059D
311
093271FC7982AEBA23CA5832234C049A3E7E61B449BBEAEA92C3397CDCC32E5FEB23F9949B55463700A70824524F66567A698077375883E4C2D9668CFB65038916AB6C40940167CB66FCF39026A39DD451D566968728AC950E24D3231C1A60A70FB98A5478171CF69E3EC574178B4C71BAFB38F35ECD4754CDE13575537203
311
7CC0F58868DF4154620ACBAABDC2BA1F08BCD2AE26755714B4285816C39C39B5FED0A74D0A2767C0739453887088BF617426F939AFDE59169D9C59B7859D0F68DC0E7032D0A1BCB614B62D3DC1B2AD2A782268845D3F12424FED589739CBF6E01FA07FCEFF03BDD2AEC80FE09EB080E3F0FFD70567592C308C57BB61C6B2F9
311
37504B03041400060808008D56245C59ECDEB4FA000000960100003700000034424146394336442D464330322D344246302D394545392D3045453039433145433443342F5265736F75726365732F636F72652E786D6C8550CB6E833010FC15B47703864050641C3524FD80AAA7DE2CB32156828DFCA8FAF9B50395DA534FBB
311
9A9D99DD1D76FC9A1FD9275AA78CEE81E62564A8A519959E7A08FE4A3AC88E9C5963FC2F1A645ACCD8438281B3C99AB06C9034DAA34EA836236EA0700E3D64F2119B1E9CBCE12C72117C64B87BBE08791713E6345F799C85A0C64DAAC6E8A6AE0A2DF00BED5ECBF63C9072475BB2DBBF9C4877BE34E4D40E5DD30D75DDD635
311
2B929833AFE69FEDD2A2F03802AFCAAA25258DF2775A1E9AEA50ED3F5891989C396FE3CFDBD2F41DF037742658898E15EBF48F6B58C6FF5D83D2BEAE36D755E180D378E473C05991528AE51961AC2951FE0D504B03041400060808008D56245C3EF68A8BF8000000940100003500000034424146394336442D464330322D34
311
4246302D394545392D3045453039433145433443342F536368656D61732F636F72652E786D6C8550CB6E833010FC15B477830D81A0C8386A48FA03EDA937CB76889560233FAA7E7E6D42A5F6D4D3AE66676677871EBFE647F1A99CD7D60C404A0C8532C24A6DA60162B8A21E8A23A3CEDAF08B0685E1B31A20C3C0E8E46C5C
311
3648581394C9A8B1526D20F75E0528C4233503787153332F790C89E1EFE5C2C59D4FAA24E593C7688C5A6E522D939BBE6AE5805D48FF8ABBF388F08E7468B77F39A1FE7C69D1A91BFBB61F9BA66B1A5A6531A341CF3FDB85533C2809ACC675873049F277820F6D7DA8F71FB4CA4C467D70E9E76D69FE0ED8DB7AA7A7D573F6
311
C7332EF27FCFA84D68EACDF3A9F0C0483A711D305AE58C5259034C35E7C9BE01504B03041400060808008D56245CD4F3050803010000D80100002D00000034424146394336442D464330322D344246302D394545392D3045453039433145433443342F636F72652E786D6C9591C152C32010865F25B37712A069351D42C7C6
311
E4093C79C3B08D4C1BC804707C7C8989A3DEF404F3F3FDBBFCBBE2F43EDEB2379CBD71B6069653C8D0F64E1B3BD410C385DC43769262762EFCC020B36AC41A1619A4186617A74DEA9D0D6817D53A8D9BA8BCC700597F4B971A7CFF8AA3CA550C89F0D77C52FD550D98B37CE5A40866FCB2F633AA801A24A7FC402823B47C62
311
F4B8E7477EF72C8A8594221A1B767C6B86E30BEACC4D214502B9DF89627D4E58347A838C4E9F34178333C8F2FCD055CDE191740DE5A43C7794546D5B11DAB6B46A58DB944D998A24B3143ECC69345B9165087FB5AFC65FD1E2A4FF196D757890EC3B54B1CC598AE27309E95C76223F00504B03041400060808008D56245C72
311
6DAA1607010000B201000008000000636F72652E786D6C8D505D6F832014FD2BE4BEA3A0D59A066956DBFD823DED8D09B5A40A46B0D9FEFDA0B2647BDBD325E7E39EC365C7CF69440FB5386D4D0B34238094E9ADD4666861F557DC003A72B658EB7FC9001931A916220C9C0D8B5DE704F5D67865226AAC540914CE290FA81F
311
C3A305D7DFD42432B1FAA070F76C16FD5D0C2AA3D9A6E3CCEBE9C7DA2F4A78258117A4A831A198ECDE283954C5A1D8BFB33C2A395B572D539496215D5FB55A805F68F34AEA73173CB4C6BBFDCB0937E74B854F75D7544D57967559B23C9A39737E097F4E4B424F8F9C78C45C966F14671FD68E49104A4964CDF8059CB03C12
311
7F4AAFB3FC47696D7C59A4859BC301A7A1D09308C1F182613CCF1B66BC36FF06504B010214001400060808008D56245C50EBB675F6000000A80100004F000000000000000000000000000000000034424146394336442D464330322D344246302D394545392D3045453039433145433443342F4173736574446174612F4465
311
66696E6974696F6E4974657261746F7250726F706572746965732E62696E504B010214001400060808008D56245CB44385E1FD0000003002000045000000000000000000000000006301000034424146394336442D464330322D344246302D394545392D3045453039433145433443342F4173736574446174612F496E7374
311
616E636550726F706572746965732E62696E504B010214001400060808008D56245CB5A795FFE3790000DE7900006B00000000000000000000000000C302000034424146394336442D464330322D344246302D394545392D3045453039433145433443342F5265736F75726365732F35453645344241362D414136392D3441
311
37372D393530462D4344463535363941463834322F7468756D626E61696C2F302F67656E657269635F706E67504B010214001400060808008D56245C28BB58AF800100009E0500003D000000000000000000000000002F7D000034424146394336442D464330322D344246302D394545392D3045453039433145433443342F
311
536368656D61732F436F6D6D6F6E536368656D612E786D6C504B010214001400060808008D56245C670136ADA9040000B41400003E000000000000000000000000000A7F000034424146394336442D464330322D344246302D394545392D3045453039433145433443342F536368656D61732F47656E65726963536368656D
311
612E786D6C504B010214001400060808008D56245C8DFFFC99640100009B03000045000000000000000000000000000F84000034424146394336442D464330322D344246302D394545392D3045453039433145433443342F536368656D61732F52656E6465724D6174657269616C536368656D612E786D6C504B0102140014
311
00060808008D56245C4BF97FAA51000000570000004700000000000000000000000000D685000034424146394336442D464330322D344246302D394545392D3045453039433145433443342F4173736574446174612F41737365745461626C654F66436F6E74656E74732E62696E504B010214001400060808008D56245CC5
311
5C6636560000006800000045000000000000000000000000008C86000034424146394336442D464330322D344246302D394545392D3045453039433145433443342F4173736574446174612F53747265616D56657273696F6E5461626C652E696E66504B010214001400060808008D56245CBFB7ACCE37010000A204000036
311
000000000000000000000000004587000034424146394336442D464330322D344246302D394545392D3045453039433145433443342F4173736574446174612F636E782E786D6C504B010214001400060808008D56245CC86A1758E6000000600100006700000000000000000000000000D088000034424146394336442D46
311
4330322D344246302D394545392D3045453039433145433443342F5265736F75726365732F35453645344241362D414136392D344137372D393530462D4344463535363941463834322F7468756D626E61696C2F302F636E782E786D6C504B010214001400060808008D56245CA233C2345D00000080000000650000000000
311
00000000000000003B8A000034424146394336442D464330322D344246302D394545392D3045453039433145433443342F5265736F75726365732F35453645344241362D414136392D344137372D393530462D4344463535363941463834322F7468756D626E61696C2F636E782E786D6C504B010214001400060808008D56
311
245CBE89762363000000880000005B000000000000000000000000001B8B000034424146394336442D464330322D344246302D394545392D3045453039433145433443342F5265736F75726365732F35453645344241362D414136392D344137372D393530462D4344463535363941463834322F636E782E786D6C504B0102
311
14001400060808008D56245C1E576B217E000000A30000003600000000000000000000000000F78B000034424146394336442D464330322D344246302D394545392D3045453039433145433443342F5265736F75726365732F636E782E786D6C504B010214001400060808008D56245CF16780440B01000055030000340000
311
0000000000000000000000C98C000034424146394336442D464330322D344246302D394545392D3045453039433145433443342F536368656D61732F636E782E786D6C504B010214001400060808008D56245CE3603EBE7A000000C20000002C00000000000000000000000000268E000034424146394336442D464330322D
311
344246302D394545392D3045453039433145433443342F636E782E786D6C504B010214001400060808008D56245CD8F3781C7D000000A30000000700000000000000000000000000EA8E0000636E782E786D6C504B010214001400060808008D56245CCA1DF9C9A90000007301000013000000000000000000000000008C8F
311
00005B436F6E74656E745F54797065735D2E786D6C504B010214001400060808008D56245C3DEE336E64000000790000001B00000000000000000000000000669000006175746F6465736B2D64657369676E2D7061636B6167652E786D6C504B010214001400060808008D56245CCDB0B9E9F9000000960100003700000000
311
0000000000000000000391000034424146394336442D464330322D344246302D394545392D3045453039433145433443342F4173736574446174612F636F72652E786D6C504B010214001400060808008D56245C08E53115F40000008E01000068000000000000000000000000005192000034424146394336442D46433032
311
2D344246302D394545392D3045453039433145433443342F5265736F75726365732F35453645344241362D414136392D344137372D393530462D4344463535363941463834322F7468756D626E61696C2F302F636F72652E786D6C504B010214001400060808008D56245CAD7E88EBFA000000960100006600000000000000
311
000000000000CB93000034424146394336442D464330322D344246302D394545392D3045453039433145433443342F5265736F75726365732F35453645344241362D414136392D344137372D393530462D4344463535363941463834322F7468756D626E61696C2F636F72652E786D6C504B010214001400060808008D5624
311
5C322239560E010000B10100005C000000000000000000000000004995000034424146394336442D464330322D344246302D394545392D3045453039433145433443342F5265736F75726365732F35453645344241362D414136392D344137372D393530462D4344463535363941463834322F636F72652E786D6C504B0102
311
14001400060808008D56245C59ECDEB4FA000000960100003700000000000000000000000000D196000034424146394336442D464330322D344246302D394545392D3045453039433145433443342F5265736F75726365732F636F72652E786D6C504B010214001400060808008D56245C3EF68A8BF8000000940100003500
311
0000000000000000000000002098000034424146394336442D464330322D344246302D394545392D3045453039433145433443342F536368656D61732F636F72652E786D6C504B010214001400060808008D56245CD4F3050803010000D80100002D000000000000000000000000006B99000034424146394336442D464330
311
322D344246302D394545392D3045453039433145433443342F636F72652E786D6C504B010214001400060808008D56245C726DAA1607010000B20100000800000000000000000000000000B99A0000636F72652E786D6C504B0506000000001A001A00210B0000E69B00000000
310
504B03041400060808008D56245C000000000000000000000000370000006662782F35464633453646332D343538372D344139362D383045392D3633363531393431303339322F617474726962757465732E62696E504B03041400060808008D56245C000000000000000000000000350000006662782F3546463345364633
310
2D343538372D344139362D383045392D3633363531393431303339322F76657274696365732E62696E504B03041400060808008D56245CF270F1330600000004000000360000006662782F35464633453646332D343538372D344139362D383045392D3633363531393431303339322F747269616E676C65732E62696E6366
310
60600000504B03041400060808008D56245CB5A795FFE3790000DE790000420000006662782F35464633453646332D343538372D344139362D383045392D3633363531393431303339322F7265736F75726365732F322F305F67656E657269632E706E6701DE79218689504E470D0A1A0A0000000D49484452000001000000
310
010008030000006BAC58540000000467414D410000B18F0BFC6105000000017352474200AECE1CE900000192504C5445818181B3B3B35A5A5A4848486060605C5C5C6464648383835E5E5E6262624E4E4EAFAFAF4A4A4AB5B5B54C4C4CB1B1B1858585B7B7B7585858ADADAD7C7C7C464646787878ABABAB747474A7A7A768
310
6868707070B9B9B96E6E6E6A6A6A8B8B8B666666545454565656A5A5A5505050A1A1A1BBBBBB8F8F8F9F9F9F4242425252527676764040403E3E3E9B9B9B7A7A7A8989897E7E7E9393939797974444448787873C3C3C727272BDBDBD3A3A3A6C6C6CA9A9A9A3A3A32020209D9D9DBFBFBF8D8D8D9595959191912626269999
310
992222222424241E1E1EC1C1C1282828C3C3C32C2C2C2A2A2A2E2E2E303030C5C5C53232321C1C1C363636383838343434C7C7C71A1A1A0E0E0E121212484A484C4E4C1616160A0A0A4A4C4A787A781414147C7E7C9193915E605E464846838583878987B1B3B18587856668665A5C5A626462818381A7A7A5A3A3A1B1B1AF
310
ADAFAD7072705C5E5C9D9D9BABADAB7E817EB7B9B7585A58BBBDBB4C4C4A8D8F8D747674B5B5B3B7B7B59FA19F606260ABABA9A5A5A39B9B99A9A9A78F8F8D6C6C6AC7C7C5451AD12700002000494441547801DCBD89771BD7B5A70B8EE04C702641712605CE034890E220088028C93245451215B713AF388E7DFD9EEDB8DD
310
CE6ABFF4B57D97137BE50FEFEFDBA74049B6AEED74869B7E87404D2814EBB7F76F0F67A8835CEEBFA0E42B854AA5B2BB5B6BCC951A8D52A93657A914FE0BEEE39FFE2FF395B9B9C6CAD2D4C4606F4B7FFF8D1B37EEDCB97587F7CD9B4343BD134BABE7DB48E3FFA7A228ECD6F6574E4786C0FC8B5FFCE2CD5FFCE297BF7CF3
310
CD5FFC92B52FFE58BFF9E69B776E0EF5F79E55CBBBF9FC3F5D3DFFB07F5898ABAF7CDA3B74E74EC0CE20230561BF096E97E05712BFFCC59BC80539DCE83DDD6E54FE61B7747DE17FB8980BBBFB2BBD4337DF487881AAE6C5ACC6AF25207877B2B527BFF1CB3B77FA47561ABBD7F7FA7FE146A5B6BD74E3164C7F51449AE95D
310
B412200EC539418717E7F2F11B376FF62E95FEAF1442BED0581DBCA1BD2780D23F506AFA16E1A7AD974EF17876F00DD7BCB187A1A97AE51FCED5BF2BC1F2BBE5B3C19BE27B43CF26DE00933658FE129B109C2FFF922CC22C4260FA01BEFB462A77DEBC35F42F600C3F5B0795D2E9E02DAD5E650B4438A92801B65C35CBAB7B
310
1EE5041CE69D3B6F1822DFB873EBD6AD3B6FBC71EBC6C86AE967DFC2DFA4CEBFF1BF54F6276EBC114E2F43FEC60B01A0D440A868B2920E5C4BC10D60931ADCB871F3268B21D3851B08E1D6AD9BFD4BF57F7577909FAB86F29B982571136AF01DF5FE32AC3BD9406CAAF2440A54CF176EDD01FBADA1FEFEFE21FE4C9858DFF4
310
183458A9FD2B6708A5A5A137E0EE1D11A9EC0C7C58B2C73C0AD6B479BD76B7790CF899E287FA5B06FB7B07C9195B7851FA8794031EF1FC5F9406BBFB23375420286399B631E93B08022A785C4DBF9996EC3551874094D71B6F487E80F6837E50F483BDBDBD83232323AC420A18C68DA196EDDADF68A77F938F78FD972BABBD
310
B7B87FB164AC6FC2CB760365821ACB74AED44FFAD7E7431ECD7E08AC421F391D199998989A383D9D98E8E56F84A318C58D9BFD2DAB73FF5222C8EFAEF4DE7AF30D756E5108683DA471E70D0502099A7240F19E4089D3FD203E620F1B47BF43501E85031AE44B4B9F2E4D2D9D4D51D8970983FA861B3706FF950CA170DE82F6
310
B312CC4F42C8966295F7D725ED29882415DC055F36DEA1FE96FEC141493F05FAA9A9A5A595B333DED5B3D5A533F62183323032F46EFF13EA0AAFA5FBF7C8976F8C10F7280A014832593B90004D52341980D907EAEB73411EB2F1EBC9F507F92746C40E7AE0AFAE54292BAB2BAB67CAE0746264A277B06508168C94BF772BE9
310
765F7BF0B548FE1E07F3B5A521340A5CB5297C4B12811B89E82191ECF3E41B3259C529F135E23CF4C7F961FB13537F5A02ECCAEA76B5BA5D3D3FDF3F2FEFEFB3AA22053E5008833428DC6C59FA2F770595F311F235D427F379BB8A121BD901B96076A388DC4C3C61C7933CCCD770FF375A6E0CE9F535FE2534BF5ADD3E3FAF
310
D71BF57AA951B6D4CFEBFB8864758A26154430080B06ABFF557610ECC93726224F155D1471041E0D42F82F4891C926C1355B0831649FF365F46FF05300A7A790BD8ADEEB0D4AA9569A9BDBADCCD56AA55AE377F5F3F3EA2A34983A1DE91D810543138D7F28E57FF4E2B5335A3928B76EA1CB9B00BF158C8F63A2E788826896
310
D0B5E7C461949ECE089144F8EBEFC7FB4D8C9C4E9DAD60F7FBE572B416C2F2423ECF8B86C439E450DA970634ACFDA977629098D0B2FAF313A36B3869E37AF7853378CDA1171FBEBA95DF1E44FD5144A420588641B0055A79ED91CC0DC41E27064512FB33F1F04D09D0D2DF0203A646A6CECE80DF28356A348CED8C4F1EF137
310
B9319E1BCD29867CA556AA97F7B757567006A447FD375A26CAAFDED9CFDCFB2BB0BEEE8AA5911BC2C7F85DF88A3775389990AA72219D582409210F85A4E66F2987D875C30848023088FDF77E87F96FD7CBA5B9DCCEF4F4C9FC7C676777577B7B7B67E7ECCCE4E8DEE85E81A6D55AA3BC7FBEB242589CE8ED4770E785D7DDE2
310
3FF2587EBF57F50B9E820527316488E5C32D50F979BCA58207297E2B6D658702FFCD211840FE43FC9F3A5BAD9E97E6F21B9FCF16BBBB3A3A5A175B5B1787875B5B3B86DFEFFC687A72674F19D46A8DFDF3EACA59E405375ACE76FFA922C817CE86A89BDD92F400F2C55B7462F610459837D3A61ACF50C7471C8F2F2A9D38C3
310
DA2F068007F80EFCDBFBE5DCC674B1D83EBCBEB8BCBCBC3ED0D3D333D0B3DE33BCBEB0D8DA35FBF9F8CECE68AE020BCE61C112A4C1138CD47F9AD13F7DC6AB9CF9CFCFAF9D0E01FFE6CD503F5B91C5218E2899CA15098714848B04FCE5654884ABF0E554F11F6C21D73D5D5AADD64B7B9327DDAD8B0B7D7D6D6D07070763BC
310
0F3E38E8EB4310EBEB8BC3DDB347E3E37B5842B97C4E44A0C630427E5CFDFB71E03F471E12CA9FF70E055AE141042DD81234B879EB4606361D9328149037D7D76A571A7E974FA20AD0323832713AB5BA7ABE3B3E3D3FBC30307070B0B9B645D93C3CDC3CDCA41CFC6AAC2D64D0D579B4B1B397A7C1BDBEBD7D36657A3CD4B2
310
F44F4909F2B9CA597F4245C59DEC354316F0587020D0C661742BC02869435FD12CF195C422DB3C5A3E2305C000CE6B7B27ED8B7D63079B5B5B878787C787C7C7C757C76C51B60ED60EDAFA06D67B965B3B672677080BB5329E60E9B477847AE2E9EB53E35779FD37EFCD2D0DDD68AA355B6B0D81860502B8B68C801F5C697E
310
9AD62F4B406244CB975560BAC756AAA577675B07C6D03778C17E7C95CAF1B3ABABE3E3ADADE3CDB1B1B6B681014470343EBA979F8B90383545727C63E43549D14FD0F927E5F1FDEFD7263058FE02EBCD1BDCBCA053496BD58E69BC44F9F854D4D979AE9ADB908824382AC1D4014E9756EAF9CE85B6B54DB01F02F8EA5908E0
310
D9D5F1B3E72188C3C3AB67879B07C8A0A767B8B831FE5E7EB754DEAE5261460243FFF07858D8EF0D658BDC563A2C5EF5833C13C90B69248C4DD97842B61DFA7F210A2F6108A0F96B62E2D3B3F3DD939EA47E30ABF5AB2B903F4BE5F9B36757CF65021E616DAC6F60A1FB647274B4B05B2E5341B082D43278F67D8DFDA48AFF
310
9A13F22B34C7586C9992BA6E66CABC190E313E7C811AA57304B421A75B289B9D174CC868C24548823E230B9A5A2DCD2CAFE1F98E61C015CA7E96B083FC59F3ED06EE60F360B3AD6F79787ED278D0A86FAFE00BA9220EAEFE1D5DE1F7855939C3FCC1332426B377F692406E022C010DB437EF009803F0DCFD3B7C94440571D8
310
F2C328F115F47FD324802070BAB43FBA80EFDB92FCA1F7E7CF9FA875CBB327CF9EB08C4DE4815BC4210E2CB7CF1CEDECEDCED5B757490968286899FAF95583BF46F9393CEE6A86D6F618CAAD9BFF0BE22B042412C5CFB50556815CC5BBE33E9F61ECEC26A9BCB8145FD10590078F9C9E953B513FAE1FE387FAC246E14F9E3C
310
E7F5F8194BD6594140876B6B84C5D6799C61A16434201E5237582AFD75C07EEED9863F463284E2E13425A036BD41061259289B6BDC1ED656FC8B8592C9D00701E27CEA749F0D8EF44EAD8C1F80FFF8F8F9D513191F6803384C800097F24069C407CFAE88136B7DCB3D5D4A60B711F19070D83235F77331FD35E71596688903
310
8E2E0B346EAB7936C4162043E1A1F144093695443A570144898BC4079CEF1912809A3035A1D3F361235F90FFF1E3E0FB93C7E2750719F88E7D8E68123883ADB5B18185AE99F1D11C1238A792DC4BEDE8EC6FF503DF377E0445F68FAF4E08D43082D02170F30131A154206CC559A8D9CFDD762B31273E4947A581E0D9BB71E3
310
3FFA07CD02CE2A6BE1EC80167497F2A81CFA3F7EFE58D0CF5D5D170DE4F89070B0BC4040CC17BEAC6B0586C3D3FF0309BC06F44B04A1E13729929B4DF73C44070692C810B08AC3012E8EE9EAE22067796288C193B2139B970B86F47FAD0F98382B1E035D9C32FD318A4FAFCB274F2E1FA772F94411B0CD42493C23393A685B
310
5FEF3E1ACF554AF5F3552A478383374E6B2FDDFC4F6DFE38F4F4ED7A7FE838F488EA852482F412D3CB07E293D02C9F074F12E84C5AAC423271450572A385449844706475FD38DC3C22486A0639E5F1E38B0CFE93CB4B25910EF309A2224BD8DAD40C682C28341AD69047E8539A6AFC14EC573F7FAD10AE0FE6EB13E87B28E0
310
93B513B5803514DE408809BC12A14876DE0A25F643009E9176D9F0C330164285A7444DC8CAF0E9FE41429EE0A2F6A6DE91C0856C501272404A8468822E24C807030B1D33D40D4AFBDBABB411D093D88C86D7205E05FC57EDD1F805FA4CED5920F0CED39157E007CE21757C5DE440ECBCB46CD283E378029B43FB077B4F47E6
310
0E9F61E8D01BE017D7E843EB49F50A2028F1E442FCC90C9EE308E4C0C2C94EAE30B75FAD3A0EAFA57FE9EF960F14BE15638840EAF3BA490BB6850EDB38EECAFD21A0C746D0C4234DBD035EFC7EDD121FA585FAB73DB89FE6A03CF833AB0730E5E2F1A36CE3F202A128934B44E396961121E1F2C9F32BFCC0C140CFE22C1CA8
310
E109B182919696BFB98120234F61B59F7BF46EC30CF067B21A33B0FB3E402448EE266CCD93135A8E823DB31F85E677434E608F53F8100BC0098EA2FD6BC01770E0F2F2D1E5452A711C4BB8486248FAD756D852026B6DC90A2AA5C6B69E9068B8F27AFABFFEE8AB36F1D23985D5960014FD711940800B560250D2272CC54FF1
310
D3A660B275AC3881E349689C1616E1E9044129D032313509DE4700BC867C71F128C400159407C761022BA8A040F40A244788808C60B3AD67A17576279F6F946923191921B0545FC2F12AC0EFEFBD7262B6935679FC7F80629160ABFAEC88E8430E76D82A8DE62ACE50BD4A42FBF03B387B37FD321B37E31C3F063D99703F51
310
60E6C9E5A300CF32A91E0A085A29C0FC507F6C21012303C6104B82C1F1E156DB3229D1A855A32A8352C9077AF733A0AFE0FB3EF81FDF2F0F82C21B0EB06998866878B103305E31EC17F4FD43831E570A2118D1667632D4FFFFB125782F96168A833DBE78C3F11F8383A79D49F58F1E3DBC780417AE6581381E8610604888E2
310
913E12492881274822C221AD04CB0B1D273B8542837460898C686864FF6F801E8269F40AD0481DFAF5E6E9C1F3BE391C325004DF0746A4E4448F7B52C0D5EAD39EC46896B888C4210D68E99DFA2820DF7FF850EC407EB55C3EBC5028611409BFCB8889C90F1C52355AEF98B18100094C9D0EF6F64FD47E5CBF3FF5293DDFB4
310
B50DDD54F351446FA1F14580DC3902C085F593CB24ACC917B213BBC11B3F0A61042FD8B24F4FB9C4556D0CB9E1A880DE89934CE9607F18F81FDD950DD0E1D143F41D56110E227C250621FF098838042BC85B5B6BCBCBC31DD37B34966E9FFD9936A2FEFEA9EBA4182E5CD3E17AE35501FCE0707E5525A7DBC64DFD077825BE
310
37CE0BBE1BBEC061410C660B6E49912665E2B3749C7C9F93834022F74CDE6CA5EB501D9CBC04B768292C5CCB84478F3CA83074092C6082169015E5800D5839DC6C1B58EFE83ECA513BDE3EFB8EF1242D2D4B3FD55AFE03D42F8492AF8A3F21444FA2FA9ABBF525EAF84C09F0168527B0138A85D1EC0443C467B28BF844EAF7
310
6323BE13D7C11F72FED783837B970FEFDE7D7817E077C17EF7E2A1C2C0FE851FE4C008388C15E818958746129E1009D054B67530D6B3D8DA3D59D82D9D57CF70039FF50FFE0DE94089DB269C3655A4F25B38C49D0BD48E59F1526887C18FC5272197F85CA72862A593A4843CD25F920487DDF7AA0441A2C0600D062001F103
310
FCEEA3D8560CEC3EBACB01CAE5A51E420349F602191E5F901893142381351CE17047E764BE50DEAF9E4D8C38B6ECFFACEB141E54A6865A88A60133EE9CBB4C256930B0B168C1C3AB59FE1743FB422C7166082E934AFA5EFA3E4BCE0B69362FA7041818B7FDECE1DDFB4D022007CA23E521F0700AAEB5888BBBF08023E128B4
310
045381542FA256B0D04E28A0C3804E233A1BFB476A2F48FD135BAF9843BEDA3264EB42BA499601F16B566E72C7EA35908ABCB9176BBED43204C696AFD3D7B24B08D3AFA44BE243D88A6D9D0B6562B52F741E1610C0EFBBAF2B0829289A640EC4C8A4FF66A24430786CEBE1E1E61AF9507BFB496EAEB64F8F49B4129EBDEC06
310
5EC1F8A3F228A3CD0950883B41BEC6D1944AE06147289600A7726313AC69A3F91197F1438BCB743E76F01F6EF1D1C854071670FFFE43FF1EDED702EE5A14C85D0C42DF90B86068800659AC88981855E3E774A71C0CAC2F76754EE7CC87C808D1E1E0F6CF47FD4224731337BE1E39C5010823EE997B1491BBD99FC8D8EF7748
310
2BEB5EB2CF66499A8E0F7511B19B3EFBDACB6507BC78731B1B383D02FFDD7BE8DD9256F7D0BA7B46015941097B80018F700FFA024CC08078F51806100ADBFA163ABA8A3B95B9D2F92AC30BC908ED31FABE0CBEBFFF0279B675868F9AA24E9530B08C174055B7F48E4F58002F3E82F0BDFA003E8B431EB6C4A91E4D9B5FFB79
310
1265BA8827BBE5F1BCFA7F789F72F75EC800F8AE43FFAEC42F13009FB905A9A0132015D0068ED7682AC608BA6771038DEDB3B33082891FAB1ABF5614F93238079726B833958796B845B731FCB86316713C1DC581B1E19B424EE32674093F80776F7E27C6FBFAC85C536CD955B96EDA2A3FBF770FF4BE11845470EB3E42D022
310
000E0FE07D161811020742162444668308801E133A4C163BE68F6826A5523071CA78B2FED51F28F8C70FE4190073A3E5D3259D7A288CD19BDE623F10021BAB0C6E327FD507B2741627727EA00D31856492F9F009D7F152D930704E642795C1C1B336E0DEBB7F0FDCB79318543B25341F36802D64A981A690B94259607DE0B1
310
9D466BF8C1C5E1CEF9A3FC5C639FD6117B4BAEAB453F8EFBDA500A67E8BAF76C8A06566E36EE1184E8329419161F83D843D5DE7D8221163E145F56921C3EE383978072129E290A9B7166E63D26BAB1FCDBF710009E4051842390031845F20077CD079407C575F20364C4910ED2A574BC357630B0BCD8DE39335EB175646A69
310
8458F6A346F003A93002E846FFE0C459B8006E506D79BF902908A0AA05CB5E73530E33BA1D3C2EF99C712B7C8B41DF4D2A7830BE8707485FCFAEEB85A09AB6D39BBF7B4F23E00509C20DB04E240822A4B810E04D8D53D10D504C059ED86BB8697F514777717A8F8144D48A4C89077F7EDB00E2D89DC02A7B975640A282C49A
310
4AA84B70B12BFED8EA6584860DFB7EE23FCB00C6BAF7332FF259FA3C9346508813E372F1DDE425065BB61FDF8300F7EEDDBE8D0C6EDF46F7D8823478590AE23759D60DA6B7A9F125EDE8F4A5D2B37470D0B63C30DCDE3D3D59A8D1501EB1B0A5377517BDD6E301F995E3F955F0F58FAC2E81CE172A8344AC03DC6781939D24
310
84B8FFC15E8F3ACCD3954CE19576B942D0A029188EC7013FE59AE90B71292DE774F1F63D60230180B30A2EDC65291B6211B4081128856001A680015CE000708254891851D4B3BED0FA4D7166B466BFF1D2A924885AD12B387FC0FCE6819AC3AE06A7AA4B715F0927B74D119D4A668FB54B8A8C268D8B038A207D10A7B1E95E
310
42195B695BE0240F7408B311257C23F581E987C180140C584A02B1670CB817CEC0A080F259F1360E58452013200E3EC107AC1DF4FD7B0F6D23F33347F9527D9F51E6138E31AF35F1BDAAEEEBA3D71BB402E2FB47CECEE96B4DB85536772B07C82A34F3E66D0BCEC207FEB9E70643761276F7B50D5EE963CFF80C7AF4A2130F
310
5BF8C4EBFB5F07B709840480DBD8007FB7EF3F90104908BA457D43AA2A6A02C91422285E5AAC143F3313A0CB74D9D164933B86C25587134E8D342B453FC982860D09FD13ABE72055ED020E85D3E312F74C25CB0293D978A1C4001927C80B86FD06349126EC219F0C735C8053D8F5F310817EA01F1B7851F406144C211C6362
310
C27DD51F1E310C0102280ADB891E9B085CC528A2B1369A46BA195B9A2B351862CE43174BA73FB7CBB430A5798F4C54B7333B96C3224A9863AD02B9FBD8E63092191924E77C199D92887DA594B6DCF0112857162FD0949FE6A441F5E62E42FB2105BC405A2301A3424601DC807912CB2C39C604A27908021CDA30C4C8C2019A
310
883B3A8BD393BB3546136EAF561980FB63E9E035FF73B96D09A905ACB2C11D79571C5159026227DDBDB81396EB03F14100BEB66DE1FA9EF82C3ECCBE318119C4269FD014E66361FC8BB0B4EA9A98EF3D8848A01360430284335004C183CC25BCA82D2302EB03B8419241C64DF4F5ADAF77B533BE786334BFCBB8DA72BDBEFF
310
C36103AFB30608A0B39B58D93F0BF42180841DD26BDC22CF0A770E90240006BAC65197D90920131C7B2EB3CFD3C71C6378A305EE8488FC1FF8D391E2BDDB0F6E3F45E7C8207C419800DB410073A3173942CA8D5242642A74496FF115832A6314D9FA4257577BF7FCF8F8E8CEE8DEDE5EBE76DD3CF892BA7FB8B90F629431B5
310
525E92A15A3A4A6FEA3FDD73136172060959206591F4C927196CF645AA285CF3014630121754261C0D31E1A7E3DA2DBDB54B04703BDE3A4209F02045C4BB0F529A14BED07098A2A1CD47513DA64B512F409BC01663090796D787173B5AA141B1B39BB470EEBCF1E30F9D263ACC4D05110797CEF7B923B027F089F74D1D06F0
310
A4D8C0CDA6604023FCA45B76C5CDE0BF3845ECBE13E0C0ED73700A8A753C1AC8AEFFF1B407FC8A20F42F0D94019121DE304077A027D4112283BB8FF0072444D68AAD111D6F591BC0061854BBC048EBBE9E81F6A33A95C21BFD13AF3C7E7DCDFFEB0DE8903F77B41DF178E99C289895B0EA8CD640549D68935BA7C5294E0A1D
310
66DA0CC419BD398E6265789CA1241441AC94532A3C19C95340BEFC68703077EFC1D307B71F3C500859C11494838E902203A2BE90EACC5135B80B078804340C920C2300BCC06F7A1C71B875DC572C9BD1D84BD5FB9363CA6BA7D03E5C40FDFC54FC23C9B4B9DDD028787D89219038523BF64E638BB37CC25335937A00DFD328
310
69C5B390C8C32FF25C8C47A7181B4A599A224A9DADB0E0406FEFF9F183B7448F081E3C55024FB33828784AB61704482CD0160C04174F9E33BA9291D58C2F1F1B1B3B5863B0D9F3E51C35C253D54A23E560E2C0CB3A6F7A81382601C2079CAE96B7B1560D20A341E85A928A4E01083256420576C2ED477E2E565FD9223BCC69
310
1CF394D3D8E281501E0EE5C1C8159E92585D255CF30CC854C75318006EA4A01028EC853F9407C6053910BE105348324002260254886C156260F9189EE0F8C9A3CBAE9D5A992184568A69D5183A7DB97DB089FDC57AEE54F858FE54F577DBA85309640290F2D220952620750C5811FB772A7876D1E4040FBFC6474D51246D8B
310
3FB378283FB514F8AB3C20B8BF7DBE5DE541C9A5D3D38DDB30E00151E02523081BC89C2214103E0BC1B3D0199A08E002681A2613A2616CEDF0F0F9C5DDC75DA395C25C0309C03DEC8091A4AFD3FEB504AAC6633930556DAC86EE3561941E862C4A75DD6B6BB3A0C59BE153DFA73EDFCBC3CE2188D3D378FC976D0EF9A95B7C
310
8532F527CE3CF539581E0FE501291E9139FFB65EFF5DBD8E0C18DE3077170A64E033FD278F18068028802F156C3809FDEB11B1019C208D020C9BA2870457F0F8E1FDC7EDD393E3B9FC9C4308E9315704233F960E554802C14716B0B45DAB5EAB5E25AB7830EBB8D25E6CA94E4AA01794FB1EE164FE9F040FE82C940A4BCEF9
310
13075D087E85A7237D3CF29C47E4E676777779528C4781761F0BFBC1D3A77880E40C9A2E5109180D5255317890394229F0F082010354082D574F1E3FBAB7D6553C2113DACB97BEB5526C7C6F69F9310A94C46CD89FF8F379AD1AA035FD00FF3F320180F01417A6F255A3A8D86319FE0C0B0E06A0DCD33F79841339C01E5BBE
310
1911AFCFF7C1E0A540BFBDBFCF2372352686D863F83F59CB6865F43104007EE06F52406F680341102048A01BB048823082CBCB0B6AC48C313F3E7CFEF8F2D1FDC3D6F6F9F9D9E98D9D7CAE5EADE2A6512FAD7AB526E17F600C85550DDE9ACFE9D97E694513103BC69F8A2813176032C890C1E9C49FC09C61670FF8705B1D73
310
86260E7C8E7122C7F8208A55139E8C8D4763F7EBF5728DF9C34677364E3A3F9AEFDEC9CD95470788834F9FBEC512379890B38C94205B2557987C4186DF5C0837608DF0F9F3CB87B7EF6E920475752A01460E556919B2B64296FB9FB70DD5F47232A0F77465BF140CD001F00ADCA175090E2665A14E6329B62660E02A1CB50C
310
6025E3DA252A670B3F0FFAA5EAD94A509FE7036B159E0D1D9F2E76B7AE1FD5A606198D3A747AF450023CBDFD162278B9446688111009B4029B0F2180AE20A542D40610C073B47FEFE1416B2B12200F3C991C2F54EC2491027A816B0A34A9D05C6F437AC23462385DADD75642EDDA738AF1600DBE07EE8437804D2D011A94DF
310
71C2085EDD40266A407FFA1D1C00B0C03927E60338E3B9D8C47D1F8CAED578E06F7CFAA4BB63B175FA7C301B747CB377F45192003CB8FD34B12009224543D8604494011A80C1903CE0518C986208E1C5FDDB8FDA161686873BBABABAE74FA637BEA894A44078C19696F326E057D7F95D061A6B0394A9D5F2DCAAFE4C2388D8
310
A6E9AB7695CB0BDD0A332430F1A9333DA41D1FFB97FA09AE84E738C75C407C260408F8DBD5EDED7DE1570A7BE333C54F16963B46AB0C2B71208EA3D16EF4EEDCD7005241166C005A73C03164792151205C007288AE337B4D7103741BDE7B7AC913350B348B2D767515674EC6F72A0402BBCB41C81305AFCF05F2758D3ECAC8
310
D26AB97606DB9581A4B7A8FFB068CD5C0604E6849046B70C2B60FF0CDDF93C13822B4E82FA0479A68220E66D9FD775FB3C1A9CDBDB9829B6AF2F77EC9E0678FB20ED8D1B1A1A39D10F9812E20D6281F5673121AACAA9C53424000DAC173F7E18C3052EEE3E78E7F1160F5AAEAFB70E0F7775CFCE4EF384DDEEBEB9C0889D52
310
43BDF557559FEDE5F17AB21E118C4C31A3DF6A96B56AC62180293910ECD6B721047664BCFCC6B2DD3C65CA0F0C823DFEF84083C7ECCDF05898EEF158F4FEF97EB9C123F1B9D1D1A3D9F9AEC5F5CEDA84A3C96C14A55584D62893D6A54D8D2028D05C8B1F124884543F3223B29D208B04910D3FC43F5C52196AEB5B5F5E58E8
310
E82610F08C21BD443801233C0CE8BD1E40F84A1CA86001990048031ABBAB11EF83F9283EA89F181F2A0D9A9F62D94B7F625FD727E6A93F63F200F614F7CF100D4511C07DB45FC5F0CB4CA359ABE4774631FDAE85E599EA0878A3C33D5AD6430CF4C055EE5FDB80629000D7855DED3F436F3B61B3DC7FFACEFD2B1BC6FB0696
310
312CFA477CE87A87070C7998E04FBA78AE3F915A065E819FCF35B410321D9ABB308146A11AD5196CDDD7C477A171C8AFC74B45CBC6F641AB53C8D4ADA5870C02379BC0470CF83DB55F073E29CF5CE5F7A3F8FD62EB7AEB1774C2C6780B9523F9287193FD23DDB79FBEA513B45200E2E0C1B51350163AC19043C600F2C1DBF7
310
DEBA7BB9B5457BC0D840CF325EB0BBABBB786D301437000020004944415472B491ABCCEDAFC0591201CAC8EBFACBF367FE7B6E40E69F551BBBE7123E3C00AC560CE20C62436E8C3C54CC225EE08C0D74CE26148877689EDD004FB2BFBFFFBB984035373A7954EC5EE8591FE531348654514DB1D1C56411DFA2A7C212BE5ED9
310
1278F2851A432244C6822C29C85A8B320ADCBDFDD63BF71FD32648E7D098CD018BC35D7FE89E250EF2AC75F96C15271602687965C844B8807C6E7729D93F22E81D39ABD62A0820C1FE9F11CFA7208125D33E96FD69E83AF6052DD32D49FF0802CD9F9DFD39260389A950887A647CCC99BAB17132DFB5DED35138FB3A060F62
310
95AA5E195BF0BB56495A5A4A8FA440026E46A047D40ED2520A441C302D240F201FB8F7E0EDDB0E12A04D8816215A0579E8FE1B1281E9F19C9900DE79842E2A7CCD48E9876EB01C75DBA0E0C8D44AB5512947A00BE7CF5DE9E1A6A6BE43CF1A78783DFD5A404E4477336C1ED8B18908B2A847B2AFE9839E891137A6673BBB96
310
FBBA2A4B8E9373B001F08369BA11BE8ABC4302FD2345FD6014A127068427D007BE28B41D9B0D40FFB7EE531FA673C8870A69135B1CEEE8D009C08042A5B4EDA314920B635BF941E7487E45256439DFE9D276295F87E698389CD49FB394FE19720412DEDDC40E9CE9C6DD605E0B719FADC416CB15AB3A61F9B5B9B9426E54F8
310
1D8B03DD950946D432B40CEDAB7BB5AF11213CBA73C9BCCCDAFBCF06127C7980FE6D1DC9B4DF14832D6568FEAEEBA76FBF438300B541064ED33F3AC0B0D10505306FD370AED02859234402F6C3FED006766DDED2034D90D119057225EEE3DAF787EBF30EC51ACB4F551678BD6728E1944730C095F13E4D81A4DFFBF67C5BEE
310
37E62A85FCCEC6CC6C7BC77A5B477E22223ECA4FCC0F87E2A5E3EB782BDB25B8CFC6736A044DE5A7CDA604526361D650484FE283B77EFBD65D52C1C73C4F48E7D0D81ACF572F2E2280F98FB230508FA906B42DE240ED651B301CEC83DE1790C9FD96B6CBF986BECF3BD332C18EF627A0B6EECD5B152E02088D03D828AFFAD2
310
6B05BF671B4F9A09A8CE0CD2707F67F2A4B3BB75B9ADA331C1305BBAC182FB4A79820B7EEAF73199B8404C0B81231CDCBB871B80FC41FF5860E8E108222A1A076C29E6E03B6F3FBD4F1F295DC457573C7ADED636D6B7B8C88413DDF3B327E1046AA51040B40CB50C7E3F1D2E44DAD34CFA604029BFFBE714DF0C069908027E
310
B275F1F366C132E1A7450B04011CF82B2B647CE754F650FF6E25BF37AAF65B7BDA16CAA791F1D09F6CAB989EC5AB7809BE145FA459E8D3E4B0FB47DAEF093B946FED585B80FE1A0305FD5330FEDB4FDF79FBF6BDE81D8300CF6815E5F9896552412A03F31FCDCC7CB5E32365550CD9365FDCCEC8752E943161D78047336F8A
310
F6539840A1F2E764FDA2970999F205CD2BD1F5CF496571F76EAEFA0E1CF8FD2A55FD06391F9EEF8B9DC9994E72BEBEE1FC928E2F223EBA0FBFBFB4F2DF137BC894B8087643D64ADE6EDED67F7680FAC9060239E845FC94AE93D880F994FBF71FBCF5F66F9F32C292EA900F9C1E6F1105E81C5B5F58A067A448143842008D72
310
75EA3BBA3D2516FDF02FF79260020D6B3C714711F3CFB61BFF56A826E627E82256F7400FB387FEF23C1C1E77FD6A21EBB1B2B35F2F95E7760BE1FA3ABB3A981423477517EEE36FF96F122B942F6FB64D9502BD1B9089162532A2FEFED255028FE653C9F46FA321E0B588B7DE79FBED07C44106CC85133CA65190543004D01D
310
02D8181DDDA5A9C91A7110805B7875B689FC3902200FB192E7DFD936B37B57D9C338BD49E99E181F4E5FCAB2ABC1CA7AAB382CBC7D515457CFABE6FBC63D525E5CDF74B16378B9AD6774A58531912D232DF01BAA913DFB7D3AAFF912984302B84D0500077800D26C60A4742101DE420C610C2E92FA93056022EFBCFD5BB6B3
310
8651470CD33BD87630C05831BA864C85997B8754B05167F0706499DC442FCD22592AEC2ABF3FF13F950039BF159FA9B36ABDB2778EFF83F70972B83BFD3F4899E64DD8346AA495CB155A7499F2CE39B0AAE755125EB84FD8CF8D8E4F4E9FB4B72E8F1DBCCB98B31BC4607C2CFF21C8145FB48EA0F2159F86A3098415609554
310
DEFA7B27EF1301033DD06D274BAF6821D220DEF96FA4CBB60B3CA241C021D38E1AA76B4406B4767576166766A6C7F77273F5F395291BBA19F64F2E3095C14F3E60371827741CB27E89543857D6D96BF9A47C6A9A26057840332EB843717AAD171880217B71FCCC0355AED3D4819911F79D0EA8AD6DA31A83E36C5DC2D47029
310
5C011302387069158F6C9966022367ECF1D00BA9BB95C389AE7B6105A1FB640689033A7FCCFFEDB762189103A61C3A4FEFE0D6A6B5A19EC5755A443AE78BC5E9235B047890A65919A0D2F96AA3C01CEE913BB3ED239C3E0CD8DDAB99E4348BF3F8B977B6C43DEBEFBD7721A839A63B94C06A10DB87FCBFA3C2932F8C26F88B
310
6D6BB30C3C4E09AFE40FAB52EFAA1EC0316920E031A46D65A0FFE45A673432E907FBCF86717AC04F2CD0EF512D665FF53F05BFCDC43489F150890C60A8E0314E70A06F619D30D841189CA15D3417F3CD50191AE4396543F0C42BCFD696C58DF163F5B46D708BD5FDDA5E5E5FDF9401BC4F7E00E8A17520833D1CBFF495B5D1
310
CE037C664123EEE74737268B5D1D3DBFDA6AAD8C08DF2C0BC7A737E10AAB2A7B958990CEBF556CDBEE823CB09FB344143463C630CFFF585D330CF0320E921744A7918280FEEF981161008E9FBC78C830217A07B7D6985E83F9A79884ABB5AB383B4D7D788F9FB3D867A2112A43F19042B33A108690CF6F472F8661CFAC9714
310
78757F6E6F2F7AEB82FEA85E5715941778B278281F28C268AB24BDB470EF3303E09C359E9DF1CF990D8A096106E6A66C8620DDE7D281DF0B2831F20439A30D68386CE13E002F7EDA8D7806162B205D6A19AA1FABFD6B1B400EC2BFFDD66FDF7E8755B4883C043F43046C1326136680404F1F934EBDDFDD39CB58A98DF1BD78
310
80E0532E671FA1435E9D6EA5E9071000BE8F262E7C4044FD95D5FD526EB40A05A634775F32205C3D779FDC168CD5E56BF982508BF572BDA4F6F57D3304BE9EB18149461B12F760D7485891CA47CFC44909136FBF4931716A2E100123FC6CCAA6A644F25EDF4AC980B14039009BECE8B798BF69A05DC5B6885CD23F8E13A46F
310
F0C0A986D617F001C52241801E87C2974C31411DA3A5D7B6175472763D637D3E57C33B908F867F4A59CFCA7923375E5F027A983E18BD7BD4E6FDDBB2250C1529F4202EFAAF979DFFB1F2612E87EBEFEC58581EDB9AA95AD1D7C1905F7305BF8182D5BBB524D47C4E3B81CD843220DE1E6536497C0962C225F75A2D6A998303
310
B23FC501F0B3F736EE1FF01200FC8C99F5515207C9C40081DF304C0A17D06E26CCBC5B3C47459308178301FA8057C2C0AE9D99B05F038828B08400F2E3251254DD7EB8BC4853B101F99AB48E387457C96951E5DB670648BAB70A7B04FE93EEC5F5B183F9739C98952C6845C380D401B8FC86E70A20744EC720E09D35955D96
310
A9041720196D183AC2CFE6AEA816652D0234883D788BEC8F5DF2615261DB031C2381092401B48D8D2D870FECEA9C3D99DDB036C8A051058030E32190976718C89F031DFBFF2EEA3D88606A8A19BD0AE305BDFD12BA4FF46F1A0002B07137989C748936E9DB2C91F43B07E4E4D16C3779CF5A4FFE8CC981F07C29E34B7C012A
310
F0054FAEA4A6A3D49D3A16D2B3CF220A029003366663053C89B3FB1827080DEC2780076FBFFD8E39810CB0593CC68B5D9009F2D400418028B0BC6CC74067E7C9CC0C2690FBB084AA5254A12AF63543B35EB40D17B693F7E3464D5094C00AA9E04E0E0524F5C35C5EC6BA94B21AAF2440725E2A9FF94FE7A8F0E769EB83FDEB
310
039B631B18BF396F5C13CF89ACC02C387DA56DC3B1CD84B96CFAAA37B55FE723B611062258257D331F186AC93D8AD600B4FEF4AD777E4BF68F2168FF08C081A37AC13446C859964803961928476D78F68419390D830C1935B5C2A0A22A3AB17D3D6428BF12DC373B8D464E04C0A496BB3B3B75639DCC2500E0F0B15FB6F47B
310
5A7ED0183A87CAE8D535F2EDBD4B3B7FC762DFE65A07C30B2851DB890082ADC07131EEEFA3DB7DD5CD32C0860CA83CD4B7993A175F422A8149B1C1D94C1145059D9C78A8A572A90B7C8B1E3392FF77A80C50220880FF3669004E90F101740D2B808181455A044904674E7482CC3EC85C4BCE339404C0B0BF6A5611E4F9B815
310
7BAB6DE327EC9BFBA1B4557ECB609C1F45326499EFB90EE78F18227F09E563C9E63D847EDB3B68EB9C39E95AC4F7ADCF7D87F6752BB6912040281E4A0D8A8314E80D60470999B8A51FB1488A66A9F3F81FFA61C83F4FA6969E472288FADFD61B005E0EA4284822E018911828E868614DA0C36E11F3A051070BF2F0840E35F2
310
00E2C0C80A776CC9E7E6841C0503D0EDF15ED9AFE527E798D23BEE5F0604E58DFB7099D739BF0BA5D332EF29F1535995BDBD0DE681C4F71DFE6A7AC5A13554AE6910963E9ABC9A0DB5B202225545F5CFACC942B5B93C207352B6E5310BF349AF200175D7DFDF78F6D683B7C87E087FA9B35812C4F8F13452CED610A2207541
310
E6D659A739441F3833CD0C9C3C3DC2B0712F62333C4FA9327C9CA1124904B4FDE0FE21C119776CB0C212AAFBA5CAF80EB43772ADFE77CD9FA8A4144C54C2FB2304C65F62FC3678E4F6C68F30FEE1BE8383CE7DB86F58B1AE0C51F0F055E188D02F00911DDB0991832228B3172B3E623E513FF1734FF414A611A603163F401B
310
EA790FC9FF7FC3FD3DB02DC00184145B850D01D120424DC03C00FCEB7880EEEE939399F1F18DBD4AA54C939899304D913CC2D5CFBC55E50C7FBE4C0E14AEEF53D6843DFF56BE2D554637EA047D3C210E2C61077875FB5B40E19F43AB7470CAFE1C0D3ED3B3B4778D1DF6D4F837C08747180FE8394F2CA1E0A46B6DA62CE2B2
310
DABEDE0B1924098580FC16B369730E9E90541D3730D47FDE16EE1FFAD3419CDA05ED1F2715C607F2E81893AFC5936303F40EB776F1D808BDE393A3FA401E1C706E154C892860AD74A2949C409E28A8FB3349C764D13E4D1D3468952B7B1B35001BF41142CAD58D6011C8B78961EACAB66E9AFBC627673B61FFDA4167950A27
310
4145BF11EA17BA9AA60815C2C43AE1F648E3772E53C94E6364AF826019E723069A8AA353A3BF7FB5359281700061FF64C28C10B9AF0B70B0B0D30A31CD1CFD22F68C76DA1E44558869257892363C091D313EFA46B57C3BEB252E9C6BF5B4799EC58F1910F469E25AA17B343799DB3E33CF410061F96C6D63FA91B1000CEBB7
310
D2971BDD39A2A76361E000F5DBC1688D47CB812DD60F8001AF25B328D173A9E4BAC18CE9F1F628704330741B2649B92E9714447C68559C6CD2F681919367E4811100750058809D0230C087A89FF3C80C23C4C60882E481F48D531764BABD5CCECA308DE2F63D3BB50373D630796126803C2D1FBAC148F7592881B395ED7D26
310
B7DD38D7096AF98841CB37592561D9C6565317AFBE9FC4AF7371E060736C7635E0CBA1809FC80F544DBAA1F2F9393D970D44C0615A0C6930E758B9E63AE690F73045F0C8C0731DE9CD80F718E94652383458799E02C06D328010011C7090D8C5E5336A83D4059953877EA1E1D66FBE994F04608C4C991917230FB61F9AEE18
310
3A40AB9108D032449FD1A7283DD25ED15360EF7EA9303EDDC0043403531EDEAB10DFF87F5E2FD56DF0F1B701A9F614DB17FA0E0EDF6FD0B1622A81FA3D1DE5A33F551930335C353A87F9AB05C60455193448246944A232C5D07636D864CDD7A50D0B4440CDCC465D1C418321F50E1648D500294065D869559EF3C40C8FCC6C
310
323E989AD0F0C73142480B200842802C061008B480A9954AF282052B3AF67350FD0DD30D1F4075AC303A5D490250F5400ACF479656861E4C77AFF327F3EBECA4B57B6B6C8FF62602BF150744656A87DABD7BC6BED50527B2120C001A0B3718C74F0C65CD34F275164D7968148DDF259AB8AD6CA81CDA4E8819509B996A7F64
310
2D987A401A2B04018C01E6C169A8700F9DE3B489DB2BC49C9B7B858A4F50D22AE15428FCA4A1EDB20C83492690CFE361CC7F8C8066FFD0D77AEE797977F468A36E0B0DFC87F90EE6348BC748F7CB73B5B9DD5C6EE7AB19ADBF6DF359F1DC2A0F9E44F213F8041F64274C0859A2AB7C37440FEDDD2F95BE44065F22067E3EA0
310
CC3BD8C0D8194EAB291CCEE20B9CD8E02950AD806080047A279F19024C837C848816719AC4A34DF8F0706CED904E8185753A458A27E4C1E37B5F30A104932BE140E0BF4E400160F320B054A8705042FFC47B4940810173F9C9E97240C7FCC3F3813EA239B745DE9F1B1F3FC2F9330374DBD1A7B475923F9A2ED81716D18D1B
310
577DAAB9D1A0458655AD3CA7E211867AE7C702DCACCD291E0F798013DC01BC326087775C0833E04EA3778FBCB8DA4687A0255CA0AD210C15661E4E92001A4449031D1DD27D327334BE830B64DAD90CBF537A45FBD4E94A7A88888E715B7E74FCD040E818BDC1BF5AC609CCCC015DED23877080FCDC47BD8EF3A7B783A17D33
310
F3ADEB6D6BC7AD75EA7C7852C5B6FDADA6AFEFC2D181C03F8C40DD8A4AB5024F0B72E34B57BC1182472DC80946789AFB711DB7F1193C03C893B0345F420246114D3EA71D04FBA731C0DAB0D3CD311B218F0D5A15ECC105D02F3AC32F13600084731A83220040019B03180634B5923D438300B05BAC80881F061095FED5D572
310
A3323ABD83F1D37A2301A8C930AB3F66ADF7CBEFED30BAAD7D78A06DEB6A87F15491F5AB7E25842B6B34BEFC12C8A159F187C64B3CBD2356DE5FBAB98BBE9583F0E3280C0076DA15BF34C15238145742B07080B1EFB83382F9FEF2239D003541041083C5AF9EF3C8944DC2030BC3ADEDDD9D27475800693049E05413BFB3FE
310
B4308731512F13400D06F813368A0101D8D863EB3E75FCCADED124F532AD3F123F131AB46A93DF1ECE7F96CE9EB6C365C6D6A07EEC461FC919FE288AF7AE1A7D012D291EB073735FF26BBB1C99FB706E972192819B7A34BF22424BEA1CC7958AC2E04BFC8E02DB90A4A1DD04811ACDBC181037864672C78F6C0EC3073A40CC
310
49D5E813593B7002763BC6A909D31AC86F3F6E335C9E1C309BC58F16418642E2AF6B290A34FEDC0CFEE08FCA0F56700699CB73B9C99302AA17BD516D7F1FD755A2B32B3FBE7134D3BEC813195BD355020A7DBB541539CD2C06E45F46FC0EE08293E6C0E1972176D9B678340AA1A4823404EF79B1E2347E47C35D0A2260730E
310
0B513025DC0BD1C07E3366E9B9D17F767405FB531070700035618606F0B40C73C974CFD321B0C174A80C0F3AA54945FFEF348F5488895713E89B5C98DA501E06D8D24FF04FF0CD7ECD7BAA755A854EC6A180AD13BE094E8D5D63BFD6DFA5F5D3E4DB1BA18FD8473DC6E17FFC9832B71A2A94D96E808BB53F9192955D62C82E
310
282B05168AA0927D54AB20A20A74800B7CC9655C8B15F62377CA4C91641F9F4D0478F4FEFDCE273A002CC0A725EC165CE3A149F0333E8E9600B2C05A7D15FD831F0938DBE5D0FF13E3C0F0765965A0961C3FA86DEEB0E28304747BFBA5FCDEE44C23544F7BB7BF7A132DDE34F99E44EC3FEEAE92F667A10F7E90B0E8C6442D
310
F5A5318B0F816311DB2E6DC6F172C363FC800EE09186BB9EC82A24C0117700CD884AA42023B81EA6E0CF8B3056411110D78606EBC5AD5417B45BCC8E61EA01C4006AC233933E35D860BC1B6CB9C9CCCE7840D2E0C1C1FFC11CCE54D59300F2B47D66A10F09D8E24B71B9BDDF98FB62A3B897C53EC88D16D1FFE8C649B17BB8
310
E760EB20B784F52F992544753F2CBF642CD3C9C70D8722C197142C567E74FB431EE248A8F3FC00377F5142144A82FFC28AC2970A780C85A7EE9146FA4B2981F3C93BCB0F3FBCB6DD3DE69C72B6073B99140DE28B8E919D9D9E7C2F5FA99FC1FFD07E9AC0965CDAEA0A945FADE52C791EA989E8E7A21A355FB37E44405D171B
310
98A6E946DB26AE71DBD01FEF07FD378F5B4B518724481820890E7486E3FCE61A60E096D577701890EE07CA5D7F2B086040749FCEF3F81972E510A86359C9BB579883035887542090614E5C4461705D7CA1CF84DB564838606CF1597E8119790D021080C935A908324EDE9F60A04B7830A33F0670CB08605B8D01BF9A3D4356
310
93FAB4FD84EF6754930640C1F9D74B052A7ABBA9F502B39DA3BF6BC7514EA4BEC71D752BFDC198EDA8DFE8F32B3EF811E4576B0A2074B99B070A069F60173E7427BDF285024E35A4418B7A412914F2800F1965C4F1120A2D5D2C64400563D5942044807BE7C738EBF3034C4A6F4D70C04ED1F97673C039FABC4CFF18866E08
310
200BB66BDC9CCDCC3FFD1E43BEFC52C317F0F5E64900FBFCDA4DEE68768FFF46350E0EDADB7B34DBBEDE3776BC55599AF84E312229F931E700D04478D66A0D88D09B2276141AF0F8811C5F8067DC04C0F90929F7F1AC9CCD368488AFB965C97B855A3E2E93AE5B4866502E55991B82D4388614F2C36B8484A5FA06E3EFFA98
310
4A6AF17D5C2073299D9F12FD63826F67FC460E54030981684E9FBFC22009A3006962285FDF4FC84B699FB5BEF3736C6072F6844C15EDF25883037DE6BB7AFAD6AE164B367812FA8CFCA6FA25725D99AEC5C6EDEEC64ADDA2BE0056002032E1D7A20A54CF444E360D520A5B69816C0A953CE0434A8A898BF18E2B704588C01B
310
DB2133342F5404FEE698957C200EF54E31BE6DF4E888C9C67F5F3F1B41F922777E7FA6332677C20098C59F762F5DFE4A23F9801A3BB6F8A4F66E0D40EC867E92DEFCE84C714FC7CE8DD3DD3BDBF9C781B1C3B549FAD2C89D711808CAB100E09700BB85240374A7209212F320CA577222A7020E7824500179FC7096C714884B
310
DFD9499E027ABEB3CB0226CD293CAE6E0C41A6788F396606A073E28CBE5CC67D584D36CA39D37974FE1023253E3FFB007A26F657FFC901D851130DDC2BF54884F20D5D40A0B7E5C7BCC7CC87B84F2ED820192CCE1AABA1FF24ADBE1D03635B5B3B53D4A5F84120125FADC36A0E792D3AD7E255792CD5241A4C84171F110409
310
0017DA493D0A7790A7BDE6DF326180398E4B0DEADA5C2763825E43E05C388E184678C88CE6422606C017F030366981353DF03A753DBF6370879F79889DD0BF75408724DB53C5B0063AB6568D02DC47AE4627B58D7E367A6000267E7840C23A0940B992DB98ED1C4731B4FB4DCFB6D3EAFB6CAC7646F0335C5031888CD74E21
310
03380260AD47176D703960230370FBBF28813524C17FFFBD6288BB28E4F905ADB4A788B40B4A6201C1878BED224DE9906C4C79EF32EE679B9F5D3B5DFA137327320643909A823F62106CB8F9BFE4BFEAFF0FC7A6393EC7F64A698EFF8ACE31BA05ECE6DAB6DF124118D1D13F892F3D3530602E3F3ED3D59DFB821ECFA3D9AE
310
85B1ADAB9E328DE738BF55D5DFD039445AE76D0194180F57B15BEE5F09C07F952F9A10372BC894CF7DA12CF6507E2A8916E0DF430C519485C55D61EFE209912D8C32866214E121611E22A0B1238DB18E86636A3BFAFD5B4EE02FF1E505F902BDF424D0516907BFC95EF3A76B6B3872769D67E25B548F0DA46E2B93DFDFD5F2
310
B9E9EEE1EE1DCC7FBE6380DFBF38A165CAC73DF912AD76A4690D2B766A3EB4AFA2D05BE543EA20B095FB17AE3F1928D84482049B659E671A4763CFA567C08824913D37F2F92F841FC244085C1681225C04AD6DE1684831682CE0D6096B56101C0D4FB3A1BD3F11FC1105AECF5660BD3FEEDF162B0D9DEC6DB55AF27FC98050
310
BDDEDFF63ED14B01336053A19DE9AEF5F5D9E9D9F9E19ECDADCD497BCC57681922F327EB41FF681E17C1921B04FBAE371AC69E53F98183E91B84897A5DB164158BD1D12FF6F6BEF0E02847727BF2628F9FD48B6FB11DF6928C868B29590A0606F92140D0C08850DAA7DD8A5FE8A50389F61288AEB743E9C801BB67DBE0A7F6
310
4F63BC87770FDF57AA73FE1F5A84F8DD3AADDFC32087FBC0A7D645C327B97D65E7A8BBA76DFD9BCEE1B1CDE3F5F7CE4E6DF4013ECD7CB60BD1239E8A4E9A5722AD9C4FAC8F7FF17B214AF8801950430639A08E3ABD05A0D94E253BD5951C885B0CE750309070555FF21F2EF83FF53F4E15038B8D8A244740A5C9CBC120043D
310
A0B323FB1DA0A4EDA268C05A304619505000BE10415DE898809DB6B66896E60AE347ED3D6DC707CB7D5B5BC374A158EDC343D0EA61C217D4878CBBDC1D85686782C3CF4272E7DCFB5E9EF628F5A95AC1AC0C6848F5771329EF8DF2BB79EFEDEC8DBEC72EB7F245287FD4B31008AB38EA4D52F2BF57167159E3004CD8950E21
310
7DDD6F699FC763E9D1A0AECC701F7BD4430A3E030374066938F883C01DE40E7DAFD609345E33570F4CE6BE467FBD7F793B5AF2A9D331D86DBA7BF98067918F9FCDD609A0384B523F4413B574B818C6889FAEFC5E7B8F90CEFD62BC2C85B2478D54DD076635BE434FCADE68B3ECF1C8708E27863DBEC352D87BCC7A92A8E135
310
700CDE65BC114026DE5DB68275E656D2C0D4087293D43BB4C9C14EA83C0D806783B40DD7CD4F19EE9F33801F55A3F1FD600017A6CD5DE607783D5F74E34680E7DAB98D99F6E5B5ABC7F7DF19D8278322F6A97FDB2FADE1539BD945DDF868EE2B8B70D9EDAA45D1BB0A5801198CF1DA891540474745BF0317F8A3703E02510A
310
E94B084221F887FE950272D62D4232781054A87C58D015CD45EBF9B70E60820A2056E9D4D619E8494BBFA68B61EBDD8CF52CCBA124BACD4A4077E8420A7F36FCDAF661E577B792A7E1B7E337C7CF1FDEBB3B49F501F3C7366C1730E793F51FA20A9C3D2E9F18E63DC277449054CEADA36DA0807467D45F8A744E1BDED725A0
310
33868703F1392BBE221158220588F30574A0B0893D0515B0B7C404AD0E7F40C11D504C49BD7DA39A85A19CD7357DFC966E5D92272FF06D59CA5A6A1C8AE30E52F1247C1F1D78F81887F9F3E387075B170F9F5EEE4A7F5BFC69DF02FD8795FCFFAB472E7C88D563DA514861B85BD41594A75F5E866BE69471110A9F75C8609C
310
7E6BF6C7C727431EE3E9E3773D2378C25226E82C08104A57ED273FE0921D6990E02B006BD038263BA360355E8DC446A380F0BA35FA9945A80CF60DFD54054202F91897C241C147D59F8E0FC67CD0F2BF377A3463F8BBBABCFBD6833C57E214AC3F5AE9C2FDE88852968F20337972C7E04EE5658223008AE82D93BC37D8DDD9
310
00BD6B16EF221F0D4149045D740A8A215D4FC186C658E01994B8CCD317465828704BB630DA2243B3B4ADD3EA554A97408454148C04A1A0CAAC2E04033C04073851F54380E0BF2DFFA43FAD3D6B574F2E1E5EF6E5F4FEFBD1CA87C161FCBCF5C7AAE2F726F814027BAE10F79BC3D765D61D1803952210A9AA07F8C6BB2105B6
310
1145B324F96014EF223D4A9261080239F03FF6F4DD4975C183B887E081F7A467A25EAA0C94028FEB808637768B07400A8235D4EF33143253198900E079E3FACB0C59B00F827A5785A6FFE2FCF0C0E6F1714F11CDE5140D931D707950631F3DE877F300002000494441540ADFB08704E252AADE1BD4E8DF55796A32B9B6F177
310
37C67702E5C638682737286CB0E0A89B624D5BF28222432848C9AB8C07170C97B814FF492A61072407D638006F7C8400860444C01B1930A522788045633DFA9507267A3A42BA05925BAD705CDD3792FA23C1075C6EE768A673919EB6C3FCFE7629B7310AA794CC9C0D14A1FB88F95C845BF22543F57996E0B26C9E4C2ADF18
310
7F979F8A55F11B47BC26594C52588518D25E6C2B1CCED231EA1B748F093E5726A21A54C91EF95789041030C20FD5AD68613432E19A4D0DA2505B6BD843516E10BB00AF9AC315EE9FDB39CC1F9EA59CD88F9CD071D470C86C4647FDEDDBB1CDAB81DA94034747A779F4CED497CFF817348F69F52E55490840E48840BA72DB71
310
F3E84F6DA2F4717AA928F153DA6E4C7E8E00363CEC9A2E1C8E65F298FC4A52F087FCDEE5CBA38A80CBE11FF7BC2AFF249203FFAB77A128A001B1987BD334AD9B901890A8C2005B6B248196AD09C0025ED841325B31845032E327C531C839E66DBAB39566B631C2FF0A1DA5A3CC47E665AD8751B47CFE33899DF047C9F3C365
310
E3B11278D49DF939298E09002F6430F9958803309827A7C791048CA070061B7E9A64C557D235F83EE24822E5EAB805F9862F20FC58F483DC0EF02181F572930205107E00E523861895A2811309808F2B6C14B2AA579E893753C155D2F54302007E9FF36AC5FEDBCAD47E182D91A73920CFA5C18E01F8FFF4C3F1FF553BCAD0
310
E58DEF85DD63B91BE38ECE1A9FFC4AD4A1FBA30D462C328C5A0340DFD393D3D3D3C0659195C96990F391EFF4175213BC74C020922D4830FE215E76940962BC0713A3B82784C0CB6623DC40D6E1485BAD454F6892200B225096127FBD82D2B12006BAE2E329C771E25FEBC0DAB3B5395289D56D7A8A89081B34EE06F80F819E
310
FE75C67DEEE95D227E283FE98A7B9F1C97D2D05B4D07A469153C3DA3048EA68FA667A6D90E291C7D7E2D063E4D044964D055F2DBF3E31BB851AE9F78A0A7314F0AD24901F581D74A6929142039C65AF5830D1C809536CDC05E4BA51038F79D713DA930CF18BA3010E385351CF47F74D439BCBC793556A1F99814926AF12835
310
E251C59BEA3C083EC2B2760FEBDF4304C9EB87B35769E1EB24B648542CFA4EBA9EF93CD42F03C08F249A2C98897D8E2225E90077823F4A52171A61219998CED6FA050992B6B0A74A2220ED12123004FB977084208F8E2AFC80F456CB110BCA647A3A0F854085D84FE0052BE31FFE7F925610BAFEC06FC33F9931BF063F39DB
310
3D1BB20EE357F594045F4226131578582CB055A59A073AE0413989D215019B6EB8A21CF154D71164E0D8F4E730C2CD382D098DA5261456A425643686BC8301710F2C50665881399156AA2B4C3191BC555728384800CE10040F746A3D8A80A5F0E500A93456FEC52833BBB45203DACCA37FE1D3EE4B9BF0EC27ED47D89B8266
310
F11EA2DB8B5A8BB93EAEDF0C06B7AD0402B9EAC6E787365535AF19F15158308A9D9785C1BC1C01377F8C6B4D07B50DAD25649764A91DC9812C7B34CA98184084F7C01055466B48058CD44085AF26648520C85C41C67805462D8425680425559F4440F3ABBE1F3F81B1EC72708767DDC8FFB6465796C8FE310FEABE0C9B242A
310
74137EC3E0427091967023299BE5D6D4D0C6D15747DC2AEA4ECC57C72856E827D33CBD319D70FF854369EB841282F84B7CA4881447ACFCB257E252E00FBB3272120A75B99119840858486615636E0E0334031AAA8C08A62E080053A0AAA4158431EC727A084021D41CF5D630C94184F6FE7432E8F5F9A4FCDF3EA7CF136FC2
310
988093F98ED622E38E4976E1BF0CF49D2889E6DF3566719FE1F9B47A2D3BF89C69155DCF24F88C609EE551160F0415900B4C48FB013D8900A9192A700748002924771A3686A0A580FE4009E00ACC090253E280B90AC15048E047020483A038A60ED232831F2CC90498648690D960C48E439F18F4DDBEB0B6F5AC7B7B89F623
310
0243B4FA160A7B9327F3AD5D937C8BFFE5FF8B3A5E64283BEF8EAB9F71159514CFED62DBC880614AA1F7994CCFAE7D8C87057F451733699B8DF87056E1F0654B5021E38097E4E23221B810DE20559AD183A61C2C88A648DB096081E9801CA00BC1DA0124E08DAAC15FD2936905CA8DA1C40E42B13F1764E0C4015EAD7F8BFE
310
C99A310B1B7C0BCC7746D3C0702759C89EAD57122092122D1F857067684A578F1DAB7EAC400841F493A468113282FFE42316CC74C756B1C880FE78795C692813CF4644480EE9B02991BCA257A71861F00666D9410288487618D120D0E80D7773E2B7DD180E100EC98B221C94BFC4FF531A09B986230F1CD08378A8E4D0FDD7
310
D9B1BC75F5C12EAD7FF83F3ED19EB018620303C217A6A35D826E72ABF2D8E2BB1B783F6E48D2E3F360806E1D192085D022103473A10375B63853EC54F500B5B064DBC20945B88160DCF7E4F83A0200BF6FAEAC88E9F54D22D898E43F378D20B51B5D6B1457000922202800DD401A9266483029C0D6D57ED80D42A0E6E08835
310
F0F3AC73D7FAE6D56185F04FC44472B854EB7D9CBF7134DF3DDC35A9F6B38417DD6F508B37C1A718B0D054124176F7222F62DFB327F34D451799D56216880193254FF782D7DDE26C271BF38C6E422E271CE4AB8823C9510F021126A7A944E00DB4031D013C88EA0746C96D4574069BD5439C4110403B40020C30B07A604F1E
310
41D19C21A93FD9002DFC35F23B1E7B98E95E38387E3603FE7393680410D702FF9ED5A3C5E5CE68B5827D721FA78F3A9A0C08A79722D9C9B418F46C0057BB1640C70AA4A03D29CECF33987596D53CFB27B32C3BE304C540E14BF8464E080918268D254838C91A01F0FFB99154FD8A9C0495EAA6534A6C464440B4A71E16100E
310
7405088122A35F7A511DC003D002E6C8E7E15F6D1D2FD09014139EC11FDC89394621F77B9F88EB5A583C41E2FEDBC8F82334494C0BFA97FF3C3A34ADE60385B60E5A30CF036E5E75370BE3B83AE73B3B7DC0BB337DA0045299ED0C66681E4AE223D01B1BC3BD4C921E2005FEB5114739040758189BA8A320067B62A3995E47
310
20055065AC2B4A8006BF8CFCC907C0063EACE41813C5F017065AD46CFDC6FF1BFEE052932CA3478C8E5A6F25DC8503D40F61FC1B047E4DFFE8E84407C81F1AC7B5C79DA358551CD0D13785A9AEB38D6EB68A0A8087FC6543E7471082873CDCE5CBEA1EFC5CC0579469E225428E9A43D6A6000B4219DE52E8DF00A55F4BF503
310
5960661C2DB88AC1F67C2890A93FC420193C8326409E7B595FBBBA9AE1D1511B3F6D65B09AC10A71C2317201A603E88C56CC68C91279E83F5C147787EFE6C675F00941D23EF092920330982DF38C65EDFCA89DA98E8ADDECCD77CB86D85118F3DD9884820B1128010D02F1060F582871CC8FF42024C02239273A1CC3BF71E7
310
70DFB7E96081682803188118B50310BD620234F230B12711B063E0F0490FCDA9248B580D3D3DE944A30CFCF2A1E0F6E59E8FBEA289CCCC943785BB8880ADA9C2FD70F6A13F5418444E3A669273C006C4B4EEEC067827539FFBEA9CFF04D84E7F170480037005AAC8829084329899F90B5E013927F8E646514B4824B01D11F7
310
2C012CEACD163B6358A4454A4221D06E68A71062520649BF9E9127D0772D6E5EADED52FF216BC2FC513C7D3C5CC4C8AF009811826AE20203B076A2AA66D8D32E317DEE0EFC000FCE16D9E0BEB17C74AB009256C5D8AD1CBABBDA61402612C675FBD72D07E633B1A42F2421208CE01397560811204306617A5141706105C9F4
310
984C459F2D0F6C392FA05BED808512B0B9A8A9FC6CED89640EA347D31F0DF76D3D9E61E800FE9F7601BE4C9614A1C58E6C839F13A12D0EB426DE6386B82369A9E6A7F1F9146EB578A2EF4289AA109B4F6CEFEC0463E0072A05CC9DEDEDFE08407B173B8AA65399C80B2911252E6290C82CC1B8909140C11B7AE161B42B9390
310
5045D017E00CED6D27AAA15F2C2179F1E83D411A7020B9408D202381E7E5DEE5A9E7E5CDE3B186433F488AC81554BEC09BC579018ADD1DCB3D9D70F02B14BF9159A4DA376225FE43DA224FED327941705DA582B2FD1BB5DC0540667B650BECDD1D5DDFB0C7F36DEE2B94F6EE2EE4E426F20A1174C31DF153321A24114C4FFF
310
25E505475F6906D4149B21F1BD9D9DF7B059F8E0FD83323CB97991FE80EE131A9003B81C491B218B1D42C0C0D593D9D548003839DC29A740298B0C23F0CE14BB167BD61989AEF0B985C8FAC8F923A73F31953989F0F6C96CA6C4D0A9A88184BEDBBBDA3BBADE77CD8E2FFEDEEF46184A86671D7DDC51417477BE9F04804F30
310
5AC82C2D018A21EA903866A0F959FBD4139916D036635EE03DDB7408BCF0627A03027AD314C09B0A27F0A79490D53839D0DAF1416995CAB24101FA63F75029D57A4CBBA9FB4D120ADB17FB5A999FC9420DFE04FA670430B90FE7F589F7FE8D50A4B5F004CE5F07EB4EA007F8AEAE8E8EF7DB3BE2F81F42166C7246FA9E62D0
310
2C8209BA1024414C483498B50229FD923F2414040B2081390AAC353B5283EADA12A30B1080866D746B9ABF5BC107F33C2A015B275480759334B83AB02175EFD0DEC785DFC505E0064F4EBA5A97073A74C5C9FEC97BD25D819E28AEE661FD2732B8BBFB1BF13441B3C1F45E8AC1752BBF80C113DE960E0AC7D9D02C58C80505
310
A19BA0E84B14402601A590A4AE00A825E98C3212342302EE10FC5100681F86834A2804BC409D70270A2091DCE874B16BE0706C974EB3D26EFEDFFCA6C4579AA4DB781708469F055532A7046C6BEB0CF39F3ED2EC4FBCA3D00EA91CA68FD2B87B5C191E0EB2C300F00A1C9881F263571C6CFD83D079D09F176FAD839340CF03
310
0F70458F81F09AEE1329505150CA0A00576B56C06D58070B23086F685E44232D9D53DE3FC3731044F286D19F459351863F749F1104198D6E14BBC68E17CAE70D7AFD958E350BEBBC70C9C4DFBA075240DA27D40AD7DB063A097DD3F041EDB3E4B682A7A12A548F3393DB01945547175879989302521EEB1431B08759B632B1
310
74E0F700E774FCA1BB83F95029ED1A084288C8893520E49415E00DA080AE8027C34206D35491D050A4C6B080F6A20889A2FF82379AB6234F6710C05F9080ADF002B9C9F9C583AB220F45D618D7E7F7547FB27CED8A8B7A7D24EDA4988B0C1C2A1AFB53FDC61BF3DE50D63C560F0120B0372F0839DDDAF13E583B868717C1CB
310
8CC71D1D7F440CC82184803144196EFD58BBE00B7EE77DE8C015942357FB06FC906A5E2B8882CCF9FFE184B0035A5CF186A962A63F84B3AAEE3D5A2C830008807568B6A9F424086D2095A3E262DBF124350082C4B5DF4704A9D2C93553DE47BD6766B69349610716999FA25854F759CA9792599D3837ACF6247CE8597B0F96
310
0FA3EC45B61715050260C5844FCCFEC9666BC71F875B17E3BCB4CB151405D7D08F846B4CB952248B4603CC402B609E90F0044A007FA800EC46D07A51232B00E5683C55D5096E1374DA4FCBBDE2C25A5B8D26008227CA7758033D7D70DF12CAF7F247939F93F1CC63047D63ADA0B7CC8771B234D8095FCDB577B586D1834062
310
035670E204B245EC093FCBE15626C10D210CB38A13F50E10A0D5C0814B0C4B30AA9858516001669002229618F100767AA3D6D2528595FE7A398C2D2300ED0013A0AE60B91644A057327BD3C36BEBF48C91279B45F8BD145494674AFB211A91977CB838DF35DCB3D6D6AA2FB2784B591ED785DFD7DB77747DAC9D2F7674810E
310
FC2895F9ED8007EC7885101679C06F21E4B1C8A6120956F80518D1DAF1717BEBFB5803E20C6F2A11B2E48AFF4AD2810A70054623E341B3D1ACD92DA91150DE631EEB2C28882D092049C0DD38E262A7BD6F98549930C9D44B7C37028AEA9F8C5628A2BEF5704C0DCB2B428181B1BE766F43014498D2E57791E4C8DA6BD2ABF5
310
003F0C40202E2E32EDFB02852D16C30B7F646B98FDF86C7891690043128B0A0DE6B4EA27F08C30CA34C9D0AA0852A5997F8D11A6EE84E040B20472020256F4AFEBBB74E6705A12083B249089218E6452C8E5A69717E904A3F5EF3D5D08EC1F4D4E85086B238CFFC11AB9AE972CB775616C6D1DE04DDF073B4DE3747C41FBAE
310
6072901CAD0237100670C5A00C2C3CE063610ED824826C1F6650700E88C00B62468903A0D71D3A390255AD7040048348C56C4647413C2C2561216E0C469203EF06A5B101AD40D0E207F78B124747DB5B4BBB4E88B1C373C114E0470B345156EDDBCE1B4DBDF81DBC400746B0B54E05F693707B89A5E430982C2AC7D10DFF11
310
D5B102B9505034B35D07E8E5F585757F088B390F2D4C85CF7218E8418BB4F25B885053D07D5A908326809F31D6CC6B77CC948413B28664484439D118DBAC27DB5AC40C1AD166F25E6A2F0AE82100C0BF220405323E1FF80DFC518CACA8DE1003F3C9FAE9C7B2D60703A0004F8EAEAD2DE0F5485452D15B77B4B67F4C2403B8
310
D8F9C533558ADE058A9E177A1698F75DC0EB4C800F74C0270178C8579C1FACD025F0560844502D2BBC01E620030CB93636C1041636A693949CD80139FD15BE107F905590A292840F8860706D07E2970A2F15E5B13B87C3143CB2930374CC46A6F9B9D7A5CCCC14E11B9E879A49FBE27ADBD6DA82410FBB94FAA8487D61B51F
310
4BE0A03FD08743C31020D6628ED20305A22C2C2FAFA7ED1E7881C438AA5B9035F20759E243C51F34D0D5F02F11403B9E204CC1686C0B6C9000470561519CBE1B0E4FBEAB37A39EE4B84C05F023858779341991F36D9D9F351E7BB3B5ADF00148D9D05784F9AD8B037D48C01BFA83D4247F03BB768BEEF973A14E610090D4B9
310
6B1EEC5C5E66928F28EBEB6CF578B067DD83086081579848E60DFC7684044D8174993C39F886043481F6A2B743B18749E52447CD4D230513032D20D20206E536E15BCF7B7D211634F98FF9986287F33F9A94615A5A0A7CACF8DF5DCC1AC6EF9AF1945EB78E0A2FED1DA2ACC00EF983F9A012260BD722EF61C9DBCDD8719703
310
ECF839029010CA0B9F100B1D2842153E01A1A3837AB579516A31982FD2908A09100DAE591016CBCD4B011A2F4DE299E1338CE065DC4841BF9895D8C81714800CD08F5AD39601BC929B55D291F6CDCEF2AB40DD5D98F4E6F107C47AEE4A09A079C05316F479DAF4C2BAB83221BCC0CE23FE3D3D4C7BC9AB673D89A3677D6020
310
F6E182332028012FA0FBE0B2668FB85485902A8E7FA0BA2105C213E20BC2169211A4BABA7D693C3F1DA961F203694853137073AD5CD25F1C017DE0477626D7BA55B88F83B5EE513C41D814639FD1BF759171F4577D3CAB0C3DFF68B2D3B1F8478C18F67BEBB2598FA76A4545E9E961BACF657E0791D2373030E0EC9FAEDD17
310
BEA7703A738185D08236C407448A4CB504CBF01FF43859D3115488EA01B55078000DF085911805790DE1B41B6F8CB2889C3834FE02AFE07D85143C6C008438A944EA63E047023A7EF37E13B0903AFEA7BBAB9579330FAFDAACD540022980B65A75FBA17D388F1E6576405CCE7032D95BDA420E7DC0EFA320879E5F8B3B04C1
310
D2D9C1114210C19FCC49DC6A855E12010184DB8968109ED016E4683CD552A36B3AFA13BFC2114068935A7E774CD2C7225642B73325938052D8634ABC18DC9442BF9E0402E85B42F9F3273672DA8E8F1070405D1DC3248487574CD98092B8B956E6AFE1566530B78FAE05B4A0DE51FBAF85DD075C7E11939F80E015A58D1F87
310
E400CFFD2306C4D1D3C634380A201545A92BE01F445800BE12302AB477BD6F62600D211232EB061448A0D2B877BB940D63D059C37E0569A83DE93E214F4BD86209FF6F479C640AFF8AF6D1BFD987D029A94DB7C329B4184D4BB013BF912FB88FEEF913071A8D82B651BC10DB067A7EC52FE1B421883144C00F64FA23A11CF7
310
08BF16CA59F18D4C04B8085964B2D8DA4A855187000BE440BC816FFB13374640B0EB1D0998AF38A1AEF503F14302E2811081FC12EA6CD38A63B33035125F40F170C0B0AA45E9FCA38FC6D688D48563B5C4B4B7C359D3C7AE0EFB16ACD5E2FAA47EF8307044B4EBE1C71E84E742D81431FB06B90B600B9C239E277A57C94C42
310
7EE10E7826980C0136600D916A06058CBE8604DB4D314FBC014EDAACD0820F14BF75449B70339490FE5A0491221BF95F949DF1235380E969AABDBE2D32EB4403D3FDF17F42F9A0A7C28ED75BE86BDB7C7EC80C76F86B8800F77B305EB88F00A4352E0F8089EF811EA02A3DF08F7DA008F803BE4B4EF5F41E56087099E92070
310
8C3D720916444440FDFA013D4E1201414123A09290F5BD7AB729298209C4306D007BB0829FD4EC3A6D7E4F00B67DF38CA0764F832F0448E58439B952CB4F70DF964AFA74CCFDBABBDF273E2FF4F56D3DBFF2A78D42FFF2755DF307066497F44062AADFC0CC546F6DCCFECECFA232E14F408F05477D311B683A35BC245FCF8A
310
5CD2AF20022C21022266905A5BCC8B20235D6FF04019CC04058AC80023662E25F342063165956320BE50370F2A657BACC817DDA3DDD3EFE04028645780A768FE38DBA88BF2EF3ADADFC7FEACA952E5A77568ECF0C971DF32BF1D24F8486B22A649EC81B1B60315CBEFC026091CA45F858D7D04C1B437079431E63E38F88075
310
8842E780A9E03791C0FAAFE10012588C3C592FE35461A6047802BA18686887023A422A49599399893103942CF6DA53A8E387825FA0678B261F139F801E2B17C901D0F5217E07AC2401A87D0480F753FBED44FE949C93A1D042B879FCE499B3D861AEB23F9C1F372F0C24D0B7D6E70FE1AAF60F84BAE642D82F0A9F53E22783
310
915518494FDBC0AFAE7DA282E5050B703570E06319A015E00D693A6BEFFAE493941C3B08C13B96BD20D0115A9565701DC58568A3009DA13E965765C03091F0FF339F7309D44F6E61F837F1B1FF920450EB8FC48F9B40158BE89C81A597CFB0DAF5F5755D3886DC13D4479599B583758CBF35663AA234F133F91D3BCCFCE0A7
310
94367F385C59B19431780F1C099131384056616E15A1563B50021D369C593FB292685A68A8B2A50A0A2085CF05434617E05FC24A6B077B990014421A68401AC4D65788EE25F737EB780D08A6E38F060F2ABD889E1B889C44852C2FF368C1E3E710D73B6589EA83F7417B341ADA1F639A23D15298F087AD0326410E116C3A1B
310
325218433C71AE62C07C1480F1C045629724A076A4BB8D622D24690486727F56108D07046DAB065000678E04C4F8C342DE27F4AC102D854F2D08D59B4ED0E4F697B0FF62F113646BC5B7F3131D4EA8BF8B265EA3F2026E7061B96F6DF3D993276B2180B8E57067587428579460551049049B074CF8B1066C7E14C705F0B392
310
98C0997C17F701097023BAC31081390196801FB0C2A12380042927503D5A01CA127F9841B460310639C674BC8CDF1A320501448E0068905B07F6E5602F8C1F07786253438CEC51AE61FDB25FF71B09893AC026A9EAE3F30F369F5D5EAEA5801FBAD3C98B38C13EE017B054F81A56F05259DBDA64FE270B1FC4C77200FE276F
310
E814B916E222575ED717A62A92956504605268408CFE13FD61F84252228376060206802B9550F00B9D47E6AF1022538A752CF4FFF1F5931384A9FF8700EDD4FFA2B93FCBFABB3EA6C607FF714B0B8B04EBBE83B52B246092AB018C0D0002FC490849F1E214AE6FC42009D6D86616C835B65DB9862EFC4480C14137603C3089
310
D0A5588FA27E693DD184131BA4E88C35045ACEF1CDE1A82323C20B842F2419604821196EE8185BC834AD44F8E9B7549A32900196E9ECBBE20FFB4706861AACADBBFD9B56A23FFD3AB8BFACC18B1B5AC0ECD7B6AE2E2E9CCD2BE8AF1B1BC3A813B94107E82DE67A42E7CC7D4A6116700B5B2EE3C338A09B840F07C40A64800D
310
7C605AC42B72227C4C7020AB1F20056E26F542717F56534261DE3766AC10A6ED2D006DD03BA9DBA507AE0510A8B385C92363B9154167F1230C40D76AF6F3BE0CA08F8BA2FFBBCEFB09D0986550E0F0EAE2F2780CDF850CB0F88CFC2815FE87BD83909F474F45DD47F1C821DB2107A8817FD45384F57891B65F2543D0C1E20A
310
89B4A8DF806862AC27C60F6A054627FD344250718AC0FA21CDC4E28DBF2650D1B39D8B8A420C348A4F846E2BE824BF8C45E1DB8EEB52F576F47A75FF95F90FCE0FD3A7A08D48D5B9AFBE3EA658E1676FE3372FB57F0AD8D70ED4AEBA3D4C2BE0AAF1C3AD63A6004D12900CFC481A47430C9EACB390038642C8C41B13303166
310
614210592736B8603AD4FAB17189DBB32F3915F0C380795A089A15228460BDE8E52203527D41B5470901B088D84FF8B3FE2BA7F4FD30ACAB3DE0B7E2FF95807AB0010FFDE3A048F7360F9F3FB9380EE537F16F8673131325D3351A3F664022020811A0FE8C019CA17370725CBFF64132025DA1BE2555102212E80A907FB43E
310
D80A991A8AAC183932C19AE17524B06590B6AD286EB99BAD18FF4BD64BAB519202F992A963648ED30E7521F909F090C0213E367A77D8836BEB6F34D92EDA624183070248351F1A079E5D3E7A9EE81F2CE6678F92E299EE312B6C0572C0A7B5EEE07853612403813152C7125E2022A20C18F855DBAFA399817FC97FB6E1CDCA
310
31D348434ACD0012F0D32A5456B4007E6E92D72B1A4E9971223A42C1042819E4049C0C5801300C0013FA48F8944FBAE71DAFC27F1826FA2304ECDF3F6C10FF47D5C7E49748DDD687DE8E91C09394EE0682A4F84CFD6067EEDF43E67EA46CB2F4070160439245F00343D03BF25D7E2F26FC400A896DBF19FB8D4D0A66DA669C
310
3D608F9CD048A0533621B25690EE19D5D15248E390F042B12C682511B02BFE3E5700E4C9A9B2107A8F45248FA48234FD23005ED1F4EFE80D1320836F04003BF42856D478D1DCA3ABEEE3C68F9F30C3A16E5C238EA5DE3FF37DACC2F8B7980033F47FAC34421EF0418A045394802CE032D61C70023D788136788613887C0011
310
A4EA316E005718AE191F8D0D841B9C679CD2FC478442D005429166F5A24403B1E6ACF3298F388B6D0BA933D92339D48969A5C11F09B4FF017A9900A4F887010C474717E10F36468032FF33F4AD610517777104CD920C3CD15FC5F3B3A0C75BBCA3B00F2724863C10BCD4A0E00736C7981F2F72E4B001438B99714FCFAF713A
310
2603BC710376A1715FC602022202E06FDEBBC680A3DF1C4C095A12C50B554FE7623B50374FB2129DDEA4C392C9188077658C87F55FF92FFA507FF03FC8DFD3F31BDAB46DD51AEB03F7E1B38B8B87CFF47EA1479C3EBAD5C6B382C221C0F1B358B39D76D9D3142C4A20935F541E492E0EF081BA41B3620A8E172B584EA14856
310
32E22A8221CEDAC6110AFA4B6D43E2B76A18AB240BB24337721C9321D2C033B2D3E2641A55A400A28403C12D1DADE39AD23FC5FC08C47A64DC3FF6DFF76B5235124022D7E6D6D5F3CB870F9F31C96FE477FAFE54100068A3A87FA5908A2C08011CF31309C10025B089FEF9C510522B8DC07C30AA469841723A10C08E27F00F
310
7FBC181C083F2809EC3B2B328E294AEAD5A071B3A95C81D2DE3F930372D022C9C793535B92FDAD5426E90490C3C81D000017C6494441544698C416520C1C40C71FC204B22448FD9303782FBA67089A1A7D4CE38E89050FEF5F1E078A4DCCFADA058032C34C1CBC2E1202B1F8962B1A8024F0EB7A11F209E96FB369D4B64202
310
FE7BA230AD24C46413536EAE955B341B726C593B5D4630C0BE822480908522B0D85430230352618DCD4F7BA6D568BF4343801480006658EA3EDCBFFA9702B4FDE9022163C43F9B72B58001A23FCE6F0B3FF0E4E1DDFB9801A6FC42FD0132CC1F2224F89933107AD30B6C9131A53818AE944BE25A70810821C38F098411980E
310
46D108F483DC63F49B91B852351604091D60546702F58A3872A1716411B642C7629C267E64E77719F46B0548FD6BFFFC86A38DBFADFCDF700228C124C8664FAA02BFB1F92B09800876FCE4F2D1C3FB4FD0A44E0106A8DB8079751CBF0BD9340066C3D52BC64706467C05B5A54401BE4A1B0132A55EAC1CCCB10D378A3DFEB9
310
812022327745EF2102886A9142C812A1A2C9708027BB55B7006357459F9C2080E0BC34489FC629510F3017B62D5073E2A2C64048A0A42580E413BA9E08274091A398EA80B5BF31C87BF5ECF8F1C5DDFB4F22AAC181F070AAFDDAE5650C4000516440D8806786D874215149E69ABEC43FF0EFC820FEA112B0522003C84BE03F
310
B76623513B6D840820358B084119B0CEC8C00AE888826339A54091F5FCA513AFE147975BB1A86FC50618D9D74502F0C7C8815AA306602FEE3A5E79E0D7DED1B221001118B73182CD439A092FF801105D1AA14E1918EC282F6260869D55108065988BD67F68E5581720A708051F7C8070F582389C682BE53F2AFD85853F2A01
310
3D21564028E06E79B7A71E43212180A81541EBC88F451E02385100491AB0C4A3BC5309A95911E66D04C0B448366988ECD204C2FC930F8CEE8FA410EE4C25B58DD1B6EBAD83F6196670F7DE635282C0A56A851AB035831725F0471A10FE52097089C80495804100318405F0DFC2136004B4C40705EC9154315129205EC35793
310
0035688F61AC02188250CFA9A980233925F16A117A48CA54DAB6400221976B75D863330942E20EE3B00B08FBB71AA813B0E502FD2B023DF70114E0D7DF2E2EEEDE7B789504200112075478F2FBD6897835C91F0C20782401E801A2F9142700B74805703426023A81CC0BE88B537D0003E0C5181D29EB8D83050964DD258091
310
0A1E7A8138F76253DC01DC2F3824391AD748276C0B0CDF12366625D038603D0003E0266CB42704C8CE7FA7F11B4D59C0BF454A78F8FCF1E50513715D469607031272358F04E0003C90107223A581218F10008B10247CD20D860FF0BF48801040B361808148714764028EAC137E871501EFDD97C89B52107FF1235B0928C562
310
530082573CE137840EFEF82A0BDC602736C595912FBEC69E6A3A26903B3A300C5A098A9E3F1810CDFFBA019D97B4E7A7A075850F2E92569BD960CA7B8304995FD006FC4213BB1448A6F4BFBB3A9F9FC4962D0A1369129B10073771FEDA38B1737B663A71C088D8848027FC3008DAC4E4397A6F76271DFFFCF77D6BD7F1F67D
310
A51E0E08875A6BAFBD6BD7AE52CC04A0B4A2206F650EC412841A48258258E8662C3838FBE21E25172C2A15A4F78D82DCF68A005DCF07047C183E1CE47731BBCCB5469D9169E0D588945BEB637E87802A03D88FB82486210D28FB3B858D13DC7CE75F5E6F3B03C1744D30CC58C7C7A256146853A05243060B850072A7010CA4
310
7CFBF9A1E24F414037B8781E8E9F219A774B36481CB43E48A79819D638C8760D672FAC19FB9D3FC5EA9158DBD0159C27860409682E8FF2595652FE189D2CC2D7C023E944158355806FC320087CC74116030CC376C559C098B93A041C5DDA48AF33827D2327DC761D19C17CC62780D82A170E6CE7415A5E7FE825E053048F88
310
D2AC2A561CA4D4C60098DA28EF1A01382772484698F60C8DD24BF396EA76260542810A625978C03580A9CAB91D10249BE579B0377A3DD15749A45F24C4D81FF3D7D7996F6A1690288008C0FF6CC186DA9D5FC95BB09B1301004B016E707FDFED306A1BE8FA208828F00BF342186839839F1F6FA338DC5A0200FF383DE92614
310
C03A4508DA18F4D85F9354F7E867AA77A42FF49BBE6757A1A7454448D0BFC3C220714FE43A3D8F1547BE10F0BC5A05985AC3C28829A06FE24CD062700601F4AF12AF99099B08E7071DC4626A97C920C3FF96E190C9D1FD7CB6163E800D79E5F3F10A9306C02B799E80F1AB380E0571A584C0370A220C3125000B500900D96F
310
EA40409F980E2083E4EDF4D8D2480AE5667222E020BCDAD4EF19682120818FE18EC7FD6AAD67C03F7DF1955E697456F517AC4F24700C30171C67E9168B109A4F60AFA60F98BE30941BF776DBC7C70792A2FBE98AAA97224F8BEA39B47BFD14A8CD03320DA2B676E3AA397E652E30A42CE2987B7DA1EF7F75242413800A04C0
310
270C62A13372400B435ACD84B8B5009208F5AC73EB149FFF3508E21C2201E0338BE07E50EB47E7FF6D97724A601028C5519073E7978EC88834410450E074DD58AD13A4900103A6444A9CB99103229F0EF8C0C78161EBC68137240734CDCFC349807851E0EB46CE864D2E405ED341B71A390CF2DE20CF5193189E1901E866D0
310
230409684B193D17E2928534D04240937D3C84477494FC5E0FE0B448E35AFC19007926C1C6A6E622FDB8A12E30993C6710E070397C4B26304C0AE38218D19F01FFB15BAE1C0E7E74DF75F2406E373C414E848FF8E500EFAF3C1029C9C0ADAB2313A7426CA9B2C1B9E30032C84EF31A09A88A386F136E8C2F1D582EA0459207
310
015F10F1F001F0B1B7DF7222011EA2001F00BFD36BAEE0850928B08C077030FE3806C880EAA74BCE0863A952812E6008B3A89199C1EE918AF96AF583F1A073B0A355B9D861AF1460DCFB3BFC6B7EFDC834B09700CBED3510E48DC7129041C991F06BA5006CA6B5B34EE21501374E8DFC910042036111EC9C7CFA1C05D48A72
310
70F7F835BF04A4194DA4CF76CEC66718C84CD020D04C412AC848F03E3C61A1C8D50D0EA6838A00376054D3DF61A0E393E1F8B058A6C994093476D601A4A06F0CFD3C0A6BFA910E75CC10400A80FDA93AC9B5EA4303F6C0D188B559086091CC5910137772E14F2376D03181B5CFE74C0EA38440D0AC256D6C4D104CE05302FC
310
C00B60B9CD4D71E08BD40C144A025E60D4C1F45FE846A2105D717EEA84808A5DD90A168E133640311CF05DD870768683F5D2F1800F485AEBE5CABD8FFA3C0BEB33702493AEB551B1EB035EF5C8E5757FA7832141F88E8578A363802B560007AF93D7D470B478C4D00B412D634C9140C4F9275C00DCE8DFE3C7F8C0AFBC5B2C
310
E82E3C3BDF393D4375D50C43CD1C17E3777CD2C170725B7B42B41DF15BFC344DAD089C1E9118522B4A2C60B794E4E8F33081BB7C8CFCEEA0B2015E49D586429C6C78646180B7710E06018A3082243C275F077FBE412C17DE80D3E6B9462C5204C5D980D1DF84A864401C483CD01B143F4A4868087A0F780F37230200A4FBF6
310
AED325114C367C22512750A5C7C3E32D545CE20A0904183BA10015DCAD89864B3E1EE97EBAE8B204266A48E010511838E2FE413FB116E60880C2D8440AC3880DDA6DF6618C138CF1CB2A09637E18D00F80CB0DC05322E31EADB8081C29410903F06BFCDF5AB46024E4A75828056440503C707856EF0C037623DD4922A400E8
310
A6BD75E4D2800905F18450A00CEE88860C8964C7B3F90F56528BA18F71CFBBBCD2D05797E168FC37DB26DBE0DD2EAEF39686C18440820013C1444055402A541400DD362A0A402F1FE51246404E098249FEE30708C10CA0B54601053159480C00BAA9B1223A773234FE72FD5C3BD81804D8D196FE3D5315A0C981D88D04FA01
310
DFC185CA93F9120E1F480B08063364A0A318F08DF95056E4C91F1150D31B011200383502E079EE43CC18603AE2F88FD139C802A739F208E88D06DC78267C448C27C4113C19B0F51B0E9C1C021CF8F9167C6B1F2E10E461002910105D1042792D1CA303F469714C018C23D72179E165049C40E801CB96CF334562E5807291D1
310
E0C70FE6CAD91656715F0E5C5E70F8D7F83290549B1BAA6F781D25180EBCA93EC84E72A74081CE3020789B3790E1A9E478E658C099BECFF01E530E80EC5FE31204ACFF70AF8177A03059240CD074978A002A878BF883FEEC81DD684E406CA630ACFDE87292822A11953710F000885D6F68A67ED40CD772B0828359B753F7CE
310
23D9479AB9845771B389D6A77130F8C134EFC83947392029B10E4425440A84AF0E54825228FC1634D369874739C837A9DDC83C20D320C36042610ECDFA750303710224D01202488012CA847424F8D53F78AB6BECE9B3B35A7F32396AC6B7444566327DBB4DF06FD9616744F4D3A397EB3B0A3FBA8D763702883ED742FE5CD2
310
4146D8E353ACCF811C806AE09914D8446E93840FF4D6C963FF32BFB6AB015D1D3B0C9A0968776F021F21404B6260CF84A14F35180CE20B5E85BDA2EC91FD5A7DBA7E5705F4F0F97AF26CE18E3BA078138202400A62930FA6CC7882F911A92F33E547E64990B0F27323D73B6222863F86425153FA8009361C675554C25382CE
310
148420C8DCC47A20122806CA178A0918C14CBD33440289078A00EC6070184CA9907FD0A1270478E0B325B67C2193694EDB7DD0F3C238447C8A11485562FB4902134E6AC952FD5320A4F7C780882DA9684285CD81D278C0E8FF8DEC9F45D22DC3C2CA99C2728110888799575B6834BF22B0F01EDE72D7F21B672C40F0A97299
310
9E2200B7C91403F9BB3D09C01990819238CBAE5E7510D7D57450507E3DB04AAA0A3C280064E0775380C8C16EEA4834346A04BF0CE847B4B3AF760D06D24BBB267C32E2C9257DE5EB748AD101AF1FD33265E2B674EED8C01A0AC901392211011AC810560F77778E85B13BAFE3E25C95B70919A4862C15928BD8989664AD8638
310
101D009A80F00BDC41AF27602A4BDA0C077E550048E7F1011410F01405045E1C140B4D0E70E0F6E034171C3D6FD12004FCC1FA304312518910356628A4A326EC9ADF5DFFD1B2C0399503F14B4F8E3E0E4E39A06ABCB56A8014687E86E462BDDE5124615ECDB412B7314F62E6E0C76ADEC0F717B360E741960104CF1706CFA1
310
8E0605004B01AE007869B095ED92144A807841EFF2811C047889A04901C809062057192688C92346F97F279449F89B113500BAD282D1DA80A55C27EFFE02C8D4F395003F285B617BBF0831F49B055342DDDD414378E8888E92C16789F269A27C9A221FAA4A0DFDDB9F935B2ECC04DC51481558A69301E0460B02665AC4DD30
310
C03D480866C3409400051811876014C0F294C542821AB045011A3E3F09001FF304E3A0BED05CC11A811B865001769507FC01ADC611F400CF68C7B093606E30F3C7E0F00C1D10C31951C1E2D7252181DA00345842A19130715C736EC9ECE686A712FDB31E4D3E50AB336E5666D7B212C0113C4A4406029709B43D0228F3FBAF
310
49921B19CA0C82A2D5BC4A2079809240F37D3E10F9637607C3983F0458508A98B8B4EFC92AC13530180CF55359500080061DF59B98BB3FEACEE881DC8127F182A885A86FB12B43C590A4380504E32305E3148BBEEB2D2782029765428092545BA5C2C681FC5F8E869C0EE1034A822FF09A12C94084505AA868080303473F81
310
61F7AA0A6610745E280BE4427FB770106F8800EADABA19F453210435BDB2348471B13B65F2FCB554827632C4C44467333E4127095D22092ED492009930413251B5408345065065E415266E20279A40B3F520370BE2050C8360E6BB4601C1673B9BFE007EF5200B6483CD195400A783E6DEA0653515B0FCE8E86D1618FC1EFC
310
15C2E727F24F2A2DAB57326D8D0877D4E298894E7A0C3C7D9CE8A0E2D17AA2020FA1097D6372F2A9F955060FDD467AD0426368C24A8340FD0D6687A76316DEF5179ED9042005A2BF02A5DD810A4DEFA4A8F700EFC50FF4FB8C06410F0303C106ADF8852ACC6A2CA9046E9ED070739339857222CC009E206479886EA26227BF
310
7A341A15C351A8404A6C10080A2140FA4B4E8D9B9A11645899332363FD69887F436A660566964250FD752E787B64BCF8E6C8190DF8EA0C854C062D8A5A1346F810414313E606ECA0AC3A01D6928544029D5F42E202C0CB386F880F7842A31287061F32F3CBE09F2950783394F2F2B23D85386C6F51943E99DD10C8A0000BA9
310
569A14805693274BD0E4F4DC3F28E331EEA91C4F33ABE057889BFB92819187840A08E57A276A8BFCB75B0342668C70C565C8059996D209C2800941A21FB82B2F520BC2E6FE6F1A8827043DE17000DACC8193E78BBB8DF1467978C06F6AFE986123E3A95272CAC122046F4C65C4B88FED2F1CD1D918F7CDBF8903BF1A90057D
310
42F4DC133AF804ACBB58446A0DB78806FC053FA1E45D0AF1112613CC0DD976C5E70AD3282F42725C0D02AC8588DE451B1C01ABF063E7748A3882F0DD484BB78D037F9812240EB88B6034C0AD53E5116D4C6D920C6A89F084E6D0598AD7EB6930CC7B293E27A666E5CDFE9A3FA52FEB3C97976FDAAE9A60008FCA6B33099CF9
310
880D35D419FC687D424378E3099441E110C5B3C6DC311E6653514A67A530D863326C4D8430E0C28024803B5B069B0E60C10EDB6DF087034171DF01F1F3404B27B1056D8C0E56E7CA6056E7798147BE4C2F01CED5987E413AC6A724876DE3F599E0601CE7B9CEF3BEB3671E12DCE8AF9631B8031D3F360B6955DC2342B2A0E4
310
632A00264C0DA002220CFEC3E10D9BADC8904D88DC51928593AA16C91DF6FFF82B3234404C7214D0F8608E0052283EFB2B0563F1D072936C4017706010BCF1B16CDE0C1FA9C777E44E1F5259B0C9BBC8794A82A6C182A3AF56B16921405351FDDC91B5BAAA617860E8D76C97C377FE701A4EB4378FA97C2C8E3CC8950886C6
310
FD93AF70A1F5F676B7ED16CBC56AF5D09110EEB8607CC08A795882358280DDB98AFFE7087C6EB593D62F041CDB4018935238E73F1098100D0C8769818F777057F64C703C6530E142FDF5C837AE1CF66C94C4887D3A3726AB990DEA248F73B5D32C8E04F6714B1E67C53FC52040252E605B322407CBF8C7F05453462A295ABF
310
4D95592DDD76AC23512E9A2DF964715C80DD752CA8E263AC36F02C3C28A133EB22AC8D099BDEFDE28C3E8FFEE3815D5D00C17C00511058354D62443C1A546280E43572A9C661A34FA5891F8E7570608C8DF21DF51DF9D2A84D4501F41B8CD4F4C9DEB2F901E810C0E4CEB6EC08DFB06341C864CF8D0EEE779A606545E1E64A
310
AF30A4324C20FDD3BD558BD966BA994FA915CD162B1978642AD01694E533EC190368A68234657085B5F88E27A0805E04B8BB6A00A51646EE3C10A50FF007FF410F1963CA69BE2002F0F902E701AEC995FD41F83A3F0C3809A3288A083003A6CC2A20E6D703EE48E3777AC07ADD51EB6101603A9FCF17B3D5928F6D742EE7E4
310
CF38AE2B03C5FB39C81D7B2978FAFE85AF3D2710B0582C970F0FEB0E4D1103B8BE2B4D560CA10002FC8F334C891C07B44FE06B2E3ACE5E1E2D1FC32203110ABF9CA0E8381F68EC3C06701328E5A38278A5FCD944CEA5283DA933DF2A2448BD23F1C5D8BE04CC2DC3B43B3EEC29F8B5FF926D11D3E97EBF7FA1BD1E5E5F5FE6
310
D3D972F548547783146ECD84873F377C5820F7F9FCE5E07378D6CBCB7E036DF7F7104079A05B77C6942D1BA95D47424BFC3DB6411009A42E207871B7EE9B06614BBD20F22F7523FB985F3F7068E37600273A3ED0C1CCC380F6EC4AF01CC1CF95E4848B7BF950AD14C44F10460221E02D21D01DAE800F323704C00035DFE97C
310
B37F797D3D1C0E4FBF35EE1E5E9E0E879FBF3DF6F474780A01FB3DAF01FE0C0798218007C2090A3008BA7682A338F4A8804A06CBFE6A80CEC766F49853F15B2F45FCEA3F8250012841315016E75E797EFEEC4ACA6C79F515CF1738F7C36E2406071051043817C9E8C5888D49D0332E800062FF54FA562BF7446CC0BFDFBF86
310
03D1FEFCC9F7FFB5A7F000430755C2D3F72F2D02A022820897ABDD44594475BDCCA4A10AF34C06B08B4AB58BBFAE30999DC66C7CE903A83CF8EB006EEEAA063430F84B05F0ECF644825F5E95073870E72A0771AB89B080022A0C5A9FAF34C89286257FB7BEA000EC65B59750C68E0815B0D9834B15606328F80709DE09018A
310
C2A7817F83F96DB3D562C10A0A31300230CD4200B87F85808BAF64D04600254047F9C14DE93464009E7F5AABB4FDD6D55142A2C0BF1541FCE19C20C899BF4F76AB54B84CB97F88F48ECC029FD253F0C70DF4816B9AC94BCBD653B1A283C4001A0337955E4AFED3FB790B6B1F5EA0B5514074103A38D84280EE0F5F9BE974EA
310
B2D16AB1EA969684B6E4166CA28264B300474C7308D20013B204A65F82970718D05678B3315D442E1C0A327E2F56556040C005D2FAB1326A68A07507C9E46A3648555A7080F5F50219A00E6222E3E0862CE95B5680930530742F1D041805E69B788161F015944D041182B861A2C17F3AF01CF5BFDF6C343F9171F5B004BF59
310
C016719164B888EA206A02AD05E8464D06B48E4381A0E9345FD171625AC22198F57C003BEA5510F81FF78D31C9B033D0030000000049454E44AE426082504B03041400060808008D56245C51464CB48900000043010000360000006662782F35464633453646332D343538372D344139362D383045392D3633363531393431
310
303339322F6469726563746F72792E786D6C9D8F310EC2300C45AF127987122606C71DD918B841D4B851A43646695A717C52A85029031293A5A76FBF6FACEF7DA7264E43906840EF0FA03836E242F406C6DCEE4EA06AC22492573150D1F66C60C640E8938CB705396EEDD86DE9B5042FE27813D640EA63BB001C722AF6E55C
310
B61E4863F58284D5D3F53DD715CE1C3985E63FD7F1B7EBDD617E9F1E504B03041400060808008D56245C72607EFA42070000541C0000340000006662782F35464633453646332D343538372D344139362D383045392D3633363531393431303339322F6F626A656374732E786D6CDD595B6FE23814FE2B56F665F781245C4B
310
4694118552A15167468366B56F9109867AEB5CE4242D9D5FBFC78E1DE234403A1769B4AD54A8631F9FF39DFBC9E4FD2164E889F094C6D1B5D5B55D0B912888B734DA5F5B79B6EB8C2DF47E8A263C8EB3CA3E0B453824D79658B6A6933D8FF3442D6DC90EE7ACBEBABCF907A5018988850286D3F4DA4A830712621BE759BC25
310
E9A3BDC519B6F7BB83DDB58B8D26D93DC7C943EDAA04731265C02AAC47404571D035FF05919CE9C4111B8C6DFD76DB7A67B639527093511AA5198E82575CD5AEEB9DE0AA765DBF3B58DCF6865E673818F43B8351AFDBB959DE2C3ADDABBE3B1FCDE7DEECD6B3D074B28963562A2021D116B4F8624DBB13473C29C5572834F1
310
1DC45144028566D3862D51742949EB9818C076A568158514B25616FA2D853FB1AD1528064B06DA5A38FD59B5DE78F32F8090B6B1529E1261E569C641D70AFBC21FDC8953AC1A7AA1290A714638C50C31BAE1988382606BA120838CF016410A09CCA41635BD2AAF60D8977DA989CB5DCE98F05F6B2A3DCD077F24592A39A3DF
310
083F725FBD0D780269731A6563256CF69200096FE2C8C5E259BFA71E1640A21DC37BB01610536CEAF76A78CD452C582DACE987E5E6B016F1A1F9F284C709E199B03CE9CCCAEFB4062BA605C6D70294025753774754BE00F41F01F992173401CD717A181C065A768EA37417F310B4835CD471E18F8BC4D757DF264E79788A90
310
112B4F610A6EFB933035C430EEAE403A9D3C81D1C7BCAF845B0798814DDFD348F839180A62312C41BCDF6D0ED67405C11416E11466203DFC4E1CF115C1474107E24D4D434DE1B785A2B4C3D4FDECA8AB3BB0194E835255868CA7F01DFE147C678BF58775CE773820F7CAB1176447239A41326D66C800DD70F9AFAB8FD223EF
310
58BCC1EC78DAD814C035FB58C48D06B5AC955A90D40B7022D270A119B9724FC1DB19C31189F354AD37C5A9206631F7372F7EE1C28D77FDAD6DA0B84C1940632C83E41E709A084CACA9D2561908ED8AA06061982B0BDC175AF5377998F8388CF34884DAD7A658E703E28CB044A02AA969C3D65EABC96EE96E97A710BC1A49CE
310
0D20953F6BC285850F208E35F1CBC98E6348A271E453C8C1E02C8D37181794E09DE739256CE753C6F2D0DF510679C40F7172827E4B09AA99EB91BC3CC77CDB48D0B42CED93DA8604E00A580D92CE5645CC573AE5E4898A3253E6339D0D8C1DAA0EB5A68313E942648A0640B5314A331FDE8E6E0737B35167361B799DC1ECEA
310
AAE30DDD6567BE580E87236FB61C0F7A753E75B4AAE63B50A528730CFFCB1EF2701361CAE081101B6F9377EF65F6BC7620343AC3E5B27F3B5A42A1361C5FC1DDDEA833766FBDCEA83F1A76BD41D7ED7B3D879334CE794052A7E7B8BE36C924DA9FE24A73F73A8642597339D9697DD585F91FC7D07A4E3094F8BB06D1327635
310
14846D83A8385A0FA138781429CA0FA0EA6B749F5A10ADF3D114E7DE18975DBBEFCA9F6ED7EBB95E6FEC0D872DC39EBCE987235D930C01749E79E6C7090E68D69C526BC8B464F94DD9C5EE77870536FA6FAF8700AFD6AB2553E7339362CAA721DE137F87455FD1104A2F49DC98F5F62C4E531A9154F685AFEAC51A4DD786F2
310
CBCCD20D664B533F2419FE1E8B958D46CD0B209A331F3AD84CCC102ED611A50BA89EE51445D12F43AA97F2BFF8290E1356F4C69730E896294877454D162A9816573C817DFA38F3DD2D91A38E4BD44BF67545D1A8B53A75EFBBC99F80475742BF101E7D45FB62CB86442C7EC610862029F74757A52A2EA1A52FCB44EFC772E8
310
568317FF99D0FD43ABE2B49D562A655E5188672484D61767396FE5B123882675F75291A1E612959BDE5850CA9E4F777D70996CFA4E95C4956BA076A511CCC65A09F24A8A462396BA90734031EE7A83679F557695EA0F47CC5F5E6557DD2F9403A3CB3840855D8460157F8C3ABCB152376AA8F419670184D2B5FCECDC80476C
310
C9F6D8CC19E49ACA7A5DD35EAAB85722A48630E5C522D2DE8B2FEC0B065543C79D3A7745A1E714EB2B91DA6C18681FF9309836697DBA5BD7A8C04AEBD39F0546E4B94641ADCE45077D86D4D7D5714E50A3A024FABA3A73FCB7E842B4022BA3379820A731A330C8275BB42731E46F1855B4E8507848529997C1785590D26F11
310
5A9C7E2AE6B019DE307D3A78C030CC66AA7FCB0318A442CEBCB6D43AFA0346A7627A29075AF623B46E2A865928E7F4DA028BCD287468F606466072E028A9D7469CE0D838DA8B8C5F9C2AFF3F1E13E840543ACA55EE69838B92CC7026288513F96E01EABEE2C174F2FDA26B7610CEE0EB26CF4A618E0B47691408FA2542211C
310
4C0A1F15BC072829CECBD5B5E51E039256D3FCB3765050ED6498EFE548BE82F76CF1D911D3F4D52794B07C2FD479AE6336287544A7CEF262723501C3506226585491F377CE671EC36BA9102D291801FAF3301EFDE5CCE3308CA362C999A9975B68FD00AFAAB68E1E1342EBEFF67A8E9C1CA85701FE06A7C4C6DBF4111640B5
310
9C8A796A01B161006534AD1880D688D0051C33F6AF1648554795A94A35EC0A78E47B00048E24DEFF08B7A96EA80C2DC117802BF9F0F8452F4C1C0E83F3E97F504B03041400060808008D56245C7453ED7EE1000000550100003C0000006662782F35464633453646332D343538372D344139362D383045392D363336353139
310
3431303339322F7265736F75726365732F322F636E782E786D6C4D90DD6A032110855F45845EAEBA4BFF08AE79895CF526589D5889EB2CFE94E6EDA3A9855ECD70CEC770E6C8E3CF16C837A4EC31AE746682128806AD8F6EA5B55CA6774A8E4A26C4F20FA324EA0D56DA65AAA44B58F72159B8E81ABA1A7CBC0E519C1D4448
310
DE9CF7E8283141E7BCD26CBE60D34CD78216F295595D349B59828C351968278ADF609C300974014BD52296D749CC93783ECDE2F0B21C96B70FC93BA9E4276218BC8F0512EE4F8B30D8D6D81209C93BA0644D7E50FD8D66FCC5632D9EE4CD563297D43A1858B9ED0DF39B76C01FC8AFAB24EF4FB6F168A0CD5E88BA03504B03
310
041400060808008D56245CFF15A4A45D000000800000003A0000006662782F35464633453646332D343538372D344139362D383045392D3633363531393431303339322F7265736F75726365732F636E782E786D6C4D8B3B0E80201005AF42B6F75B59F0390B113044D83508C6E30BC6C26AF226F3B8BA6360974DA7271430
310
F523308B2B198F9B80925DB700539227A2FCCB80A18E5640D320F996A81C9F32D6E9129A0D1EF74FCE750E6D57BC7165FBCA07504B03041400060808008D56245CC019F3674301000056050000300000006662782F35464633453646332D343538372D344139362D383045392D3633363531393431303339322F636E782E78
310
6D6CCD944D6AC3301085AF62045DDAB24DFF08B2025DF4045D94EE6479E2AAB125238D4B73FB8E52256929A15D04929D187D82F7669E462C3FC6217B071F8CB30DAB8A926560B5EB8CED1B36E32ABF67D9520AEF1C7EC35866D5080D8B652645EFDD3CA552072B350FB13A18BB4E4585E84D3B230496E94185D0B0A05F6154
310
859AD17510D645A7501555E121B8D96BA0F7684648EFB50785D0315997F56D5E567979FD54958B9B7A51DFBD081E49295AE786C41B8BE0DD745597DAD1D1929C52F00848317B93A8E881C983B6A2355670BA9722905EDB270E3753E4A669305A21358A3B8D803941A046C1BF60297874FCC3F7E3C3F341039D3AE341A3F39B
310
B3B5A13AD686BDB48212F1BF2E6CC1BFCCBBF68D2C9F6FEE470D276127B3BB4B6EA0E8FE4E02E549D97EB8C40FB09776FAFCD36241A32FD1F44ED9893CF3ED0AA4C1C78D283F01504B03041400060808008D56245CF324C8B37E000000A30000000B0000006662782F636E782E786D6C4D8C410EC2201405AF42FE1E05A158
310
12A07151EED158DA1029182CC6E30BA60B572F99BC19357CB680DE2EBF7C8A1AE8890072F19E661F570D655F700F68302AA7B4FFDD00C569731A1A06A3D69CCAF340B35BA6121A0D3E3E0ED859CB466119E65D7FC5FC2605EEC928B160A2A39253C2E4A51AE7A6D4F9F5EAB6BCF902504B03041400060808008D56245CA6D7
310
97065F0000008200000007000000636E782E786D6C4DCB3B0E80201045D1AD90E9FD7516806B51190811670C8A61F982B1B0BAC9C97B72CA7B1037C6D3332918DA1E04D2CAC69353902EDB8C20262D23F3F59B81A079470595414B17391D1F19B4730A5583A7ED43BBE4025D9592775E5ADFFA01504B03041400060808008D
310
56245CECFD112DA800000026010000130000005B436F6E74656E745F54797065735D2E786D6C7D4F4B0EC22010BD0A61DF525D18634ABB506FE00510A79458060253536F2FD89D5197F3FED3F68B9BD80362B21E25DFD40D6780DADF2C1AC9671AAA3D677DD75E9E0112CB5A4C928F44E12044D22338956A1F003333F8E814
310
E5331A1194BE2B0362DB343BA13D122055543278D79E6050F344ECBC6478EDCD76CE8EABAE5449AE4298AC56946789C28AAFBEABC53F3EAF09A84A1441B91F0101CD4780756578C173A578FFDDBD00504B03041400060808008D56245C3DEE336E64000000790000001B0000006175746F6465736B2D64657369676E2D7061
310
636B6167652E786D6C35CBC10E83200C00D05F21DCA56CA76D41FC96062B120735B69A7DBE268BB7777961F8D5AF396893C2ADB70FE7ADA196782C2DF776D7A97B5933C430F15651E5469C55D70F80A4992A3ADC954792C525AE70A1E4D6AD9816CC044FEFDF01FE3FDE907802504B03041400060808008D56245C84C32231
310
F30000008E0100003D0000006662782F35464633453646332D343538372D344139362D383045392D3633363531393431303339322F7265736F75726365732F322F636F72652E786D6C8550CB6EC32010FC158B3B3660ECBA11266A6DE50B7AEA0D01715162B07854FDFC42EC4AEDA9A75DCDCECCEE0E3B7FADF7EA53FB609C
310
1D01AE11A8B4954E19BB8C20C52B1C4075E6CC3B177FD14065C5AA475060C0D9E25DDA0E483A1BB52DA8754A1FA008414750C97B6E4610E4875E452D52CC8C70AB37216F62D135AE771E67291975488DCA6EE66AB407FC324C14F57307C933BA404A5F5AF83ACC13EC3B3AE00ED3696E07D6143167D1AC3FDBA5D7226A0538
310
41A487084344DF303A75E4449EDE5953989C85E8F3CFC7D2F25DA6B36647FFB8A54DFDEF968C8D2D39DC7645001CE7E31E03CE9A924E2E8FE8722D49F26F504B03041400060808008D56245C5A8BFF86F9000000960100003B0000006662782F35464633453646332D343538372D344139362D383045392D36333635313934
310
31303339322F7265736F75726365732F636F72652E786D6C8550CB6EC32010FC156BEFD880EDD48D30511B2B5FD0536F086F5C9418221E553FBF90B8527BEA6957B333B3BB230E5FEBB5FA441F8CB323B09A428556BBD9D8658414CF6480EA2085772EFEA24165D58A231418A458BC4BB70DD2CE46B405B56EC60D54216084
310
4A5F733342D01FB8AA5AA59819E152DF94BEA8056B563F7852A464E64D6AE6EC66CE063DC8D370ECE86EEA097FA627D2752F2D791DA623D9F5DDC07AD61DA776104D114B11CDFAB35D7B541167909CF21DA18CD0EE8DD17DCFF7FCE95D34852945883EFFBC2D2DDF81F4185CF21A83681ED33FAEE936FFEF9A8C8D2DDF5C1F
310
8A0092E523EF03299A92522EF708732D89CA6F504B03041400060808008D56245C58CB86F1F1000000B1010000310000006662782F35464633453646332D343538372D344139362D383045392D3633363531393431303339322F636F72652E786D6C8D50CB6EC32010FC156BEFD8801FB1234CD443FC053DF58630715162B0
310
7854FDFC42EC4AED2DA745B333CCECB0CBF7FA28BE94F3DA9A114889A15046DA599B6584186EA887E2C299B336FCA14161C4AA46C83070B6381BB70392D60465326AECAC0E5078AF0214F2911E2378F9A956518A1812C3DFCB4DC8BB585449CA9DC759D0EBAF543A25829A81534C3B8409C2CD3BC1E7969EE9E9835599C959
310
8C7A3EACF49CDCF54D2B07BC9DA6FADA4D356ADAFE849AB7A1433DBE0EA8ABBB960C0DC1F5405995C59CF9E0D2CDC727F9BA57E5BBF05FE6B8CD2F64D626D4F430DC151E3849799E0BCEAA5C601ACF76D3CC65F31F504B03041400060808008D56245C6E2F95A254010000DD0200000C0000006662782F636F72652E786D6C
310
8D525D6F832014FD2B867714A976AE419AAD4D7FC19EF646913A52058360FAF3077EC4F9B06E314172EEBDE7DC7302393EDA261A84E9A5562548630422A1B8AEA4AA4BE0EC0D16203A5262B4B63FDA40A4582B4A106040496DB4EB66886B65850AA8D2959841D6F7C2828837FE52829E7F8996C5CC59DFD1DFE38EF13BAB45
310
9CC6531F25CEC96A1E9595679337290CA097E294A1FD3987F8155D6096BDEDE07B713EC17D9E15699E66A7F3AE204918A6C4CA7651E746302B2A4031C27B885288B28F141D727CC02F9F24099D94F4D678CFB3687007E8EDFA20C9846FF85C57FDCDE7A4B23B3CF34D133DA0A95F6F2C5092847CFC6F0C6F9BA117F6F95976
310
6D160B770F0D825B6D325FA9B45B4B036B9CF0D4281A3F924C55CF3C12FCC6839FF03CE7F0413155FBD598F5D7ABB3417DBB53270C1CEC2352DAB4AC59979B565CCF5568636919E7BAD1E63FD38BD525CC243C4CFA0D504B03041400060808008D56245C5BA5CFC408010000B201000008000000636F72652E786D6C8D50CB
310
6EC32010FC15B4776CC08FBA11266A6DE50B7AEA8D1AE2A0D860191CB57F5F485CA9BDF5B468667667187EFC9C2774D3AB37CEB640330248DBC12963C716B670C60DA0A3E0AB73E1970C9095B36E21C120F8B8BA6DD9A1C1D9A06D42AD537A07A5F73A001AA6F868C10F173DCB4C6E212AFC355BE47095A3CE68F6D0091ECC
310
FCB33AAC5A06AD4030C26A4C2826E51B25878A1DD8D33BCF9352F06D336AB7322ABA9BB3D12B8853D395A4EE2BCC9EC90997E54B815F9BBEC3755536B4A265D7170DCFD3B2E03EACF1CFFB919833202F6FC997E70F4AF00FE7A65D104329E4ECF40582F03C117F426F8BFA47686343C1F6838F0D0F82C64077221AA706E3B8
310
D71B676A5B7C03504B010214001400060808008D56245C0000000000000000000000003700000000000000000000000000000000006662782F35464633453646332D343538372D344139362D383045392D3633363531393431303339322F617474726962757465732E62696E504B010214001400060808008D56245C000000
310
0000000000000000003500000000000000000000000000550000006662782F35464633453646332D343538372D344139362D383045392D3633363531393431303339322F76657274696365732E62696E504B010214001400060808008D56245CF270F13306000000040000003600000000000000000000000000A800000066
310
62782F35464633453646332D343538372D344139362D383045392D3633363531393431303339322F747269616E676C65732E62696E504B010214001400060808008D56245CB5A795FFE3790000DE7900004200000000000000000000000000020100006662782F35464633453646332D343538372D344139362D383045392D
310
3633363531393431303339322F7265736F75726365732F322F305F67656E657269632E706E67504B010214001400060808008D56245C51464CB489000000430100003600000000000000000000000000457B00006662782F35464633453646332D343538372D344139362D383045392D3633363531393431303339322F6469
310
726563746F72792E786D6C504B010214001400060808008D56245C72607EFA42070000541C00003400000000000000000000000000227C00006662782F35464633453646332D343538372D344139362D383045392D3633363531393431303339322F6F626A656374732E786D6C504B010214001400060808008D56245C7453
310
ED7EE1000000550100003C00000000000000000000000000B68300006662782F35464633453646332D343538372D344139362D383045392D3633363531393431303339322F7265736F75726365732F322F636E782E786D6C504B010214001400060808008D56245CFF15A4A45D000000800000003A00000000000000000000
310
000000F18400006662782F35464633453646332D343538372D344139362D383045392D3633363531393431303339322F7265736F75726365732F636E782E786D6C504B010214001400060808008D56245CC019F36743010000560500003000000000000000000000000000A68500006662782F35464633453646332D343538
310
372D344139362D383045392D3633363531393431303339322F636E782E786D6C504B010214001400060808008D56245CF324C8B37E000000A30000000B00000000000000000000000000378700006662782F636E782E786D6C504B010214001400060808008D56245CA6D797065F0000008200000007000000000000000000
310
00000000DE870000636E782E786D6C504B010214001400060808008D56245CECFD112DA8000000260100001300000000000000000000000000628800005B436F6E74656E745F54797065735D2E786D6C504B010214001400060808008D56245C3DEE336E64000000790000001B000000000000000000000000003B89000061
310
75746F6465736B2D64657369676E2D7061636B6167652E786D6C504B010214001400060808008D56245C84C32231F30000008E0100003D00000000000000000000000000D88900006662782F35464633453646332D343538372D344139362D383045392D3633363531393431303339322F7265736F75726365732F322F636F
310
72652E786D6C504B010214001400060808008D56245C5A8BFF86F9000000960100003B00000000000000000000000000268B00006662782F35464633453646332D343538372D344139362D383045392D3633363531393431303339322F7265736F75726365732F636F72652E786D6C504B010214001400060808008D56245C
310
58CB86F1F1000000B10100003100000000000000000000000000788C00006662782F35464633453646332D343538372D344139362D383045392D3633363531393431303339322F636F72652E786D6C504B010214001400060808008D56245C6E2F95A254010000DD0200000C00000000000000000000000000B88D00006662
310
782F636F72652E786D6C504B010214001400060808008D56245C5BA5CFC408010000B20100000800000000000000000000000000368F0000636F72652E786D6C504B050600000000120012002D060000649000000000
  0
XRECORD
  5
113
102
{ACAD_REACTORS
330
110
102
}
330
110
100
AcDbXrecord
280
     1
270
     1
271
     1
  0
XRECORD
  5
114
102
{ACAD_REACTORS
330
110
102
}
330
110
100
AcDbXrecord
280
     1
270
     1
271
     1
  0
CELLSTYLEMAP
  5
24D2
102
{ACAD_REACTORS
330
104
102
}
330
104
100
AcDbCellStyleMap
 90
        3
300
CELLSTYLE
  1
TABLEFORMAT_BEGIN
 90
        5
170
     1
 91
        0
 92
    32768
 62
   257
 93
        1
300
CONTENTFORMAT
  1
CONTENTFORMAT_BEGIN
 90
        0
 91
        0
 92
      512
 93
        0
300

 40
0.0
140
1.0
 94
        5
 62
     0
340
11
144
0.25
309
CONTENTFORMAT_END
171
     1
301
MARGIN
  1
CELLMARGIN_BEGIN
 40
0.06
 40
0.06
 40
0.06
 40
0.06
 40
0.18
 40
0.18
309
CELLMARGIN_END
 94
        6
 95
        1
302
GRIDFORMAT
  1
GRIDFORMAT_BEGIN
 90
        0
 91
        1
 62
     0
 92
       -2
340
0
 93
        0
 40
0.045
309
GRIDFORMAT_END
 95
        2
302
GRIDFORMAT
  1
GRIDFORMAT_BEGIN
 90
        0
 91
        1
 62
     0
 92
       -2
340
0
 93
        0
 40
0.045
309
GRIDFORMAT_END
 95
        4
302
GRIDFORMAT
  1
GRIDFORMAT_BEGIN
 90
        0
 91
        1
 62
     0
 92
       -2
340
0
 93
        0
 40
0.045
309
GRIDFORMAT_END
 95
        8
302
GRIDFORMAT
  1
GRIDFORMAT_BEGIN
 90
        0
 91
        1
 62
     0
 92
       -2
340
0
 93
        0
 40
0.045
309
GRIDFORMAT_END
 95
       16
302
GRIDFORMAT
  1
GRIDFORMAT_BEGIN
 90
        0
 91
        1
 62
     0
 92
       -2
340
0
 93
        0
 40
0.045
309
GRIDFORMAT_END
 95
       32
302
GRIDFORMAT
  1
GRIDFORMAT_BEGIN
 90
        0
 91
        1
 62
     0
 92
       -2
340
0
 93
        0
 40
0.045
309
GRIDFORMAT_END
309
TABLEFORMAT_END
  1
CELLSTYLE_BEGIN
 90
        1
 91
        1
300
_TITLE
309
CELLSTYLE_END
300
CELLSTYLE
  1
TABLEFORMAT_BEGIN
 90
        5
170
     1
 91
        0
 92
        0
 62
   257
 93
        1
300
CONTENTFORMAT
  1
CONTENTFORMAT_BEGIN
 90
        0
 91
        0
 92
      512
 93
        0
300

 40
0.0
140
1.0
 94
        5
 62
     0
340
11
144
0.18
309
CONTENTFORMAT_END
171
     1
301
MARGIN
  1
CELLMARGIN_BEGIN
 40
0.06
 40
0.06
 40
0.06
 40
0.06
 40
0.18
 40
0.18
309
CELLMARGIN_END
 94
        6
 95
        1
302
GRIDFORMAT
  1
GRIDFORMAT_BEGIN
 90
        0
 91
        1
 62
     0
 92
       -2
340
0
 93
        0
 40
0.045
309
GRIDFORMAT_END
 95
        2
302
GRIDFORMAT
  1
GRIDFORMAT_BEGIN
 90
        0
 91
        1
 62
     0
 92
       -2
340
0
 93
        0
 40
0.045
309
GRIDFORMAT_END
 95
        4
302
GRIDFORMAT
  1
GRIDFORMAT_BEGIN
 90
        0
 91
        1
 62
     0
 92
       -2
340
0
 93
        0
 40
0.045
309
GRIDFORMAT_END
 95
        8
302
GRIDFORMAT
  1
GRIDFORMAT_BEGIN
 90
        0
 91
        1
 62
     0
 92
       -2
340
0
 93
        0
 40
0.045
309
GRIDFORMAT_END
 95
       16
302
GRIDFORMAT
  1
GRIDFORMAT_BEGIN
 90
        0
 91
        1
 62
     0
 92
       -2
340
0
 93
        0
 40
0.045
309
GRIDFORMAT_END
 95
       32
302
GRIDFORMAT
  1
GRIDFORMAT_BEGIN
 90
        0
 91
        1
 62
     0
 92
       -2
340
0
 93
        0
 40
0.045
309
GRIDFORMAT_END
309
TABLEFORMAT_END
  1
CELLSTYLE_BEGIN
 90
        2
 91
        1
300
_HEADER
309
CELLSTYLE_END
300
CELLSTYLE
  1
TABLEFORMAT_BEGIN
 90
        5
170
     1
 91
        0
 92
        0
 62
   257
 93
        1
300
CONTENTFORMAT
  1
CONTENTFORMAT_BEGIN
 90
        0
 91
        0
 92
      512
 93
        0
300

 40
0.0
140
1.0
 94
        2
 62
     0
340
11
144
0.18
309
CONTENTFORMAT_END
171
     1
301
MARGIN
  1
CELLMARGIN_BEGIN
 40
0.06
 40
0.06
 40
0.06
 40
0.06
 40
0.18
 40
0.18
309
CELLMARGIN_END
 94
        6
 95
        1
302
GRIDFORMAT
  1
GRIDFORMAT_BEGIN
 90
        0
 91
        1
 62
     0
 92
       -2
340
0
 93
        0
 40
0.045
309
GRIDFORMAT_END
 95
        2
302
GRIDFORMAT
  1
GRIDFORMAT_BEGIN
 90
        0
 91
        1
 62
     0
 92
       -2
340
0
 93
        0
 40
0.045
309
GRIDFORMAT_END
 95
        4
302
GRIDFORMAT
  1
GRIDFORMAT_BEGIN
 90
        0
 91
        1
 62
     0
 92
       -2
340
0
 93
        0
 40
0.045
309
GRIDFORMAT_END
 95
        8
302
GRIDFORMAT
  1
GRIDFORMAT_BEGIN
 90
        0
 91
        1
 62
     0
 92
       -2
340
0
 93
        0
 40
0.045
309
GRIDFORMAT_END
 95
       16
302
GRIDFORMAT
  1
GRIDFORMAT_BEGIN
 90
        0
 91
        1
 62
     0
 92
       -2
340
0
 93
        0
 40
0.045
309
GRIDFORMAT_END
 95
       32
302
GRIDFORMAT
  1
GRIDFORMAT_BEGIN
 90
        0
 91
        1
 62
     0
 92
       -2
340
0
 93
        0
 40
0.045
309
GRIDFORMAT_END
309
TABLEFORMAT_END
  1
CELLSTYLE_BEGIN
 90
        3
 91
        2
300
_DATA
309
CELLSTYLE_END
  0
ENDSEC
  0
SECTION
  2
ACDSDATA
 70
     2
 71
     8
  0
ACDSSCHEMA
 90
        0
  1
AcDb_Thumbnail_Schema
  2
AcDbDs::ID
280
    10
 91
        8
  2
Thumbnail_Data
280
    15
 91
        0
101
ACDSRECORD
 95
        0
 90
        1
  2
AcDbDs::TreatedAsObjectData
280
     1
291
     1
101
ACDSRECORD
 95
        0
 90
        2
  2
AcDbDs::Legacy
280
     1
291
     1
101
ACDSRECORD
  1
AcDbDs::ID
 90
        3
  2
AcDs:Indexable
280
     1
291
     1
101
ACDSRECORD
  1
AcDbDs::ID
 90
        4
  2
AcDbDs::HandleAttribute
280
     7
282
     1
  0
ACDSSCHEMA
 90
        1
  1
AcDbDs::TreatedAsObjectDataSchema
  2
AcDbDs::TreatedAsObjectData
280
     1
 91
        0
  0
ACDSSCHEMA
 90
        2
  1
AcDbDs::LegacySchema
  2
AcDbDs::Legacy
280
     1
 91
        0
  0
ACDSSCHEMA
 90
        3
  1
AcDbDs::IndexedPropertySchema
  2
AcDs:Indexable
280
     1
 91
        0
  0
ACDSSCHEMA
 90
        4
  1
AcDbDs::HandleAttributeSchema
  2
AcDbDs::HandleAttribute
280
     7
 91
        1
284
     1
  0
ACDSRECORD
 90
        0
  2
AcDbDs::ID
280
    10
320
22
  2
Thumbnail_Data
280
    15
 94
     1551
310
89504E470D0A1A0A0000000D49484452000001000000007108030000000DA58D8400000300504C5445212830FFFFFF2128300000000000000000000000000000000000000000000000000000330000660000990000CC0000FF0033000033330033660033990033CC0033FF0066000066330066660066990066CC0066FF0099
310
000099330099660099990099CC0099FF00CC0000CC3300CC6600CC9900CCCC00CCFF00FF0000FF3300FF6600FF9900FFCC00FFFF3300003300333300663300993300CC3300FF3333003333333333663333993333CC3333FF3366003366333366663366993366CC3366FF3399003399333399663399993399CC3399FF33CC00
310
33CC3333CC6633CC9933CCCC33CCFF33FF0033FF3333FF6633FF9933FFCC33FFFF6600006600336600666600996600CC6600FF6633006633336633666633996633CC6633FF6666006666336666666666996666CC6666FF6699006699336699666699996699CC6699FF66CC0066CC3366CC6666CC9966CCCC66CCFF66FF0066
310
FF3366FF6666FF9966FFCC66FFFF9900009900339900669900999900CC9900FF9933009933339933669933999933CC9933FF9966009966339966669966999966CC9966FF9999009999339999669999999999CC9999FF99CC0099CC3399CC6699CC9999CCCC99CCFF99FF0099FF3399FF6699FF9999FFCC99FFFFCC0000CC00
310
33CC0066CC0099CC00CCCC00FFCC3300CC3333CC3366CC3399CC33CCCC33FFCC6600CC6633CC6666CC6699CC66CCCC66FFCC9900CC9933CC9966CC9999CC99CCCC99FFCCCC00CCCC33CCCC66CCCC99CCCCCCCCCCFFCCFF00CCFF33CCFF66CCFF99CCFFCCCCFFFFFF0000FF0033FF0066FF0099FF00CCFF00FFFF3300FF3333
310
FF3366FF3399FF33CCFF33FFFF6600FF6633FF6666FF6699FF66CCFF66FFFF9900FF9933FF9966FF9999FF99CCFF99FFFFCC00FFCC33FFCC66FFCC99FFCCCCFFCCFFFFFF00FFFF33FFFF66FFFF99FFFFCCFFFFFF0000000D0D0D1A1A1A2828283535354343435050505D5D5D6B6B6B787878868686939393A1A1A1AEAEAEBB
310
BBBBC9C9C9D6D6D6E4E4E4F1F1F1FFFFFF0000000000000000000000000000000000000000000000000000000000002E4550F1000000E84944415478DAEDD64B0AC2301440D12CB8BB0CD9887BC85C6B2B966A2238D2F7CE41901227B9CDC7520000000000000000BE7499597FD07BE9A1032C13FD217480DA5AABADD6D7B1
310
25C1FCD700BB3701EE3B207E80F56B1A607FECA103B44180A7A04B61BA020E530E7B1C7C3A034EF38F57607A0B6409707BFD836BF01060FB840C50B64360FC3FE0B006221E82651CA09CAE8198D7E078EC3C943E40114000010410400001041040000104104000010410400001041040000104104000010410E06F034C1408
310
AF0F640F906B05D802D957811590F9D5A7DF02E9B7BAC30E000000000080DF720521B277E5DE71F65F0000000049454E44AE4260825613330DDA19D0FEF5B212B4277A5F00C57DD441BA0A380148A617B805683DD1D4C656061AA0BF04CC7CE0A5074433DB49B457C434E557991034C0490F90B23EA85DD0DB34D8DD03C473
310
80345C06AE7742ED6DB7006A59F05205A81EE0E6966804F0FE2590D41C90EE0D30B819DC1B6019BFB85D074C3506A09F064FBA606B7F9E5682615B091E01C2F2677ABE10D26D504D7F4E6E886B058C0154E59BF400C7A950FC3C0FD0EB80ED91980238C929C0DE0A1D3D12ABABBCB6F89F26B90478F2939E869F01E6C3AD5E
310
A8E37F13C04FF96B00518FC464FA2780A7AC00DD53E1E3A3F0BB03E8FF0BA8A73FA7E3BF1FC0F539BF37C0CB0100000000000000000000000000000000000000000000000000000000000000000000000000000000000000000000000000000000000000000000000000000000000000003E13E0ADDC08E0CD0821E41649AF
310
E5EB01EEC7F0E5E71F002E813B9FDCEFA9805FF4B783722929AAB70000000049454E44AE4260822AFACF5F04F7AD11B89BFE55005626F82000F139FD2B01443CCEFF52002100010840000210800004200001084000021080000420000108400002108000042000010840000210800004200001084000021080000420000108
310
4000021C3FBE00E2418BDCA7BF93E50000000049454E44AE426082
  0
ENDSEC
  0
EOF
