  0
SECTION
  2
HEADER
  9
$ACADVER
  1
AC1032
  9
$ACADMAINTVER
 90
      205
  9
$DWGCODEPAGE
  3
ANSI_1252
  9
$LASTSAVEDBY
  1
Arthur
  9
$REQUIREDVERSIONS
160
                 0
  9
$INSBASE
 10
0.0
 20
0.0
 30
0.0
  9
$EXTMIN
 10
12.196420469804
 20
903.139396881531
 30
0.0
  9
$EXTMAX
 10
2769.565068113405
 20
4091.162036800005
 30
0.0
  9
$LIMMIN
 10
0.0
 20
0.0
  9
$LIMMAX
 10
12.0
 20
9.0
  9
$ORTHOMODE
 70
     0
  9
$REGENMODE
 70
     1
  9
$FILLMODE
 70
     1
  9
$QTEXTMODE
 70
     0
  9
$MIRRTEXT
 70
     0
  9
$LTSCALE
 40
1.0
  9
$ATTMODE
 70
     1
  9
$TEXTSIZE
 40
0.2
  9
$TRACEWID
 40
0.05
  9
$TEXTSTYLE
  7
Standard
  9
$CLAYER
  8
0
  9
$CELTYPE
  6
ByLayer
  9
$CECOLOR
 62
   256
  9
$CELTSCALE
 40
1.0
  9
$DISPSILH
 70
     0
  9
$DIMSCALE
 40
1.0
  9
$DIMASZ
 40
0.18
  9
$DIMEXO
 40
0.0625
  9
$DIMDLI
 40
0.38
  9
$DIMRND
 40
0.0
  9
$DIMDLE
 40
0.0
  9
$DIMEXE
 40
0.18
  9
$DIMTP
 40
0.0
  9
$DIMTM
 40
0.0
  9
$DIMTXT
 40
0.18
  9
$DIMCEN
 40
0.09
  9
$DIMTSZ
 40
0.0
  9
$DIMTOL
 70
     0
  9
$DIMLIM
 70
     0
  9
$DIMTIH
 70
     1
  9
$DIMTOH
 70
     1
  9
$DIMSE1
 70
     0
  9
$DIMSE2
 70
     0
  9
$DIMTAD
 70
     0
  9
$DIMZIN
 70
     0
  9
$DIMBLK
  1

  9
$DIMASO
 70
     1
  9
$DIMSHO
 70
     1
  9
$DIMPOST
  1

  9
$DIMAPOST
  1

  9
$DIMALT
 70
     0
  9
$DIMALTD
 70
     2
  9
$DIMALTF
 40
25.4
  9
$DIMLFAC
 40
1.0
  9
$DIMTOFL
 70
     0
  9
$DIMTVP
 40
0.0
  9
$DIMTIX
 70
     0
  9
$DIMSOXD
 70
     0
  9
$DIMSAH
 70
     0
  9
$DIMBLK1
  1

  9
$DIMBLK2
  1

  9
$DIMSTYLE
  2
Standard
  9
$DIMCLRD
 70
     0
  9
$DIMCLRE
 70
     0
  9
$DIMCLRT
 70
     0
  9
$DIMTFAC
 40
1.0
  9
$DIMGAP
 40
0.09
  9
$DIMJUST
 70
     0
  9
$DIMSD1
 70
     0
  9
$DIMSD2
 70
     0
  9
$DIMTOLJ
 70
     1
  9
$DIMTZIN
 70
     0
  9
$DIMALTZ
 70
     0
  9
$DIMALTTZ
 70
     0
  9
$DIMUPT
 70
     0
  9
$DIMDEC
 70
     4
  9
$DIMTDEC
 70
     4
  9
$DIMALTU
 70
     2
  9
$DIMALTTD
 70
     2
  9
$DIMTXSTY
  7
Standard
  9
$DIMAUNIT
 70
     0
  9
$DIMADEC
 70
     0
  9
$DIMALTRND
 40
0.0
  9
$DIMAZIN
 70
     0
  9
$DIMDSEP
 70
    46
  9
$DIMATFIT
 70
     3
  9
$DIMFRAC
 70
     0
  9
$DIMLDRBLK
  1

  9
$DIMLUNIT
 70
     2
  9
$DIMLWD
 70
    -2
  9
$DIMLWE
 70
    -2
  9
$DIMTMOVE
 70
     0
  9
$DIMFXL
 40
1.0
  9
$DIMFXLON
 70
     0
  9
$DIMJOGANG
 40
0.7853981633974483
  9
$DIMTFILL
 70
     0
  9
$DIMTFILLCLR
 70
     0
  9
$DIMARCSYM
 70
     0
  9
$DIMLTYPE
  6

  9
$DIMLTEX1
  6

  9
$DIMLTEX2
  6

  9
$DIMTXTDIRECTION
 70
     0
  9
$LUNITS
 70
     2
  9
$LUPREC
 70
     4
  9
$SKETCHINC
 40
0.1
  9
$FILLETRAD
 40
0.0
  9
$AUNITS
 70
     0
  9
$AUPREC
 70
     0
  9
$MENU
  1
.
  9
$ELEVATION
 40
0.0
  9
$PELEVATION
 40
0.0
  9
$THICKNESS
 40
0.0
  9
$LIMCHECK
 70
     0
  9
$CHAMFERA
 40
0.0
  9
$CHAMFERB
 40
0.0
  9
$CHAMFERC
 40
0.0
  9
$CHAMFERD
 40
0.0
  9
$SKPOLY
 70
     0
  9
$TDCREATE
 40
2460836.589479167
  9
$TDUCREATE
 40
2460836.714479166
  9
$TDUPDATE
 40
2461045.589375000
  9
$TDUUPDATE
 40
2461045.714375000
  9
$TDINDWG
 40
0.1174421296
  9
$TDUSRTIMER
 40
0.1174421296
  9
$USRTIMER
 70
     1
  9
$ANGBASE
 50
0.0
  9
$ANGDIR
 70
     0
  9
$PDMODE
 70
     0
  9
$PDSIZE
 40
0.0
  9
$PLINEWID
 40
0.0
  9
$SPLFRAME
 70
     0
  9
$SPLINETYPE
 70
     6
  9
$SPLINESEGS
 70
     8
  9
$HANDSEED
  5
2704
  9
$SURFTAB1
 70
     6
  9
$SURFTAB2
 70
     6
  9
$SURFTYPE
 70
     6
  9
$SURFU
 70
     6
  9
$SURFV
 70
     6
  9
$UCSBASE
  2

  9
$UCSNAME
  2

  9
$UCSORG
 10
0.0
 20
0.0
 30
0.0
  9
$UCSXDIR
 10
1.0
 20
0.0
 30
0.0
  9
$UCSYDIR
 10
0.0
 20
1.0
 30
0.0
  9
$UCSORTHOREF
  2

  9
$UCSORTHOVIEW
 70
     0
  9
$UCSORGTOP
 10
0.0
 20
0.0
 30
0.0
  9
$UCSORGBOTTOM
 10
0.0
 20
0.0
 30
0.0
  9
$UCSORGLEFT
 10
0.0
 20
0.0
 30
0.0
  9
$UCSORGRIGHT
 10
0.0
 20
0.0
 30
0.0
  9
$UCSORGFRONT
 10
0.0
 20
0.0
 30
0.0
  9
$UCSORGBACK
 10
0.0
 20
0.0
 30
0.0
  9
$PUCSBASE
  2

  9
$PUCSNAME
  2

  9
$PUCSORG
 10
0.0
 20
0.0
 30
0.0
  9
$PUCSXDIR
 10
1.0
 20
0.0
 30
0.0
  9
$PUCSYDIR
 10
0.0
 20
1.0
 30
0.0
  9
$PUCSORTHOREF
  2

  9
$PUCSORTHOVIEW
 70
     0
  9
$PUCSORGTOP
 10
0.0
 20
0.0
 30
0.0
  9
$PUCSORGBOTTOM
 10
0.0
 20
0.0
 30
0.0
  9
$PUCSORGLEFT
 10
0.0
 20
0.0
 30
0.0
  9
$PUCSORGRIGHT
 10
0.0
 20
0.0
 30
0.0
  9
$PUCSORGFRONT
 10
0.0
 20
0.0
 30
0.0
  9
$PUCSORGBACK
 10
0.0
 20
0.0
 30
0.0
  9
$USERI1
 70
     0
  9
$USERI2
 70
     0
  9
$USERI3
 70
     0
  9
$USERI4
 70
     0
  9
$USERI5
 70
     0
  9
$USERR1
 40
0.0
  9
$USERR2
 40
0.0
  9
$USERR3
 40
0.0
  9
$USERR4
 40
0.0
  9
$USERR5
 40
0.0
  9
$WORLDVIEW
 70
     1
  9
$SHADEDGE
 70
     3
  9
$SHADEDIF
 70
    70
  9
$TILEMODE
 70
     1
  9
$MAXACTVP
 70
    64
  9
$PINSBASE
 10
0.0
 20
0.0
 30
0.0
  9
$PLIMCHECK
 70
     0
  9
$PEXTMIN
 10
0.0
 20
0.0
 30
0.0
  9
$PEXTMAX
 10
0.0
 20
0.0
 30
0.0
  9
$PLIMMIN
 10
0.0
 20
0.0
  9
$PLIMMAX
 10
12.0
 20
9.0
  9
$UNITMODE
 70
     0
  9
$VISRETAIN
 70
     1
  9
$PLINEGEN
 70
     0
  9
$PSLTSCALE
 70
     1
  9
$TREEDEPTH
 70
  3020
  9
$CMLSTYLE
  2
Standard
  9
$CMLJUST
 70
     0
  9
$CMLSCALE
 40
1.0
  9
$PROXYGRAPHICS
 70
     1
  9
$MEASUREMENT
 70
     0
  9
$CELWEIGHT
370
    -1
  9
$ENDCAPS
280
     0
  9
$JOINSTYLE
280
     0
  9
$LWDISPLAY
290
     0
  9
$INSUNITS
 70
     1
  9
$HYPERLINKBASE
  1

  9
$STYLESHEET
  1

  9
$XEDIT
290
     1
  9
$CEPSNTYPE
380
     0
  9
$PSTYLEMODE
290
     1
  9
$FINGERPRINTGUID
  2
{5BDDBD2A-2657-9440-BEAE-6FC517925B00}
  9
$VERSIONGUID
  2
{D5214833-DCE4-6E44-8120-544FCD7E9CF5}
  9
$EXTNAMES
290
     1
  9
$PSVPSCALE
 40
0.0
  9
$OLESTARTUP
290
     0
  9
$SORTENTS
280
   127
  9
$INDEXCTL
280
     0
  9
$HIDETEXT
280
     1
  9
$XCLIPFRAME
280
     2
  9
$HALOGAP
280
     0
  9
$OBSCOLOR
 70
   257
  9
$OBSLTYPE
280
     0
  9
$INTERSECTIONDISPLAY
280
     0
  9
$INTERSECTIONCOLOR
 70
   257
  9
$DIMASSOC
280
     2
  9
$PROJECTNAME
  1

  9
$CAMERADISPLAY
290
     0
  9
$LENSLENGTH
 40
50.0
  9
$CAMERAHEIGHT
 40
0.0
  9
$STEPSPERSEC
 40
2.0
  9
$STEPSIZE
 40
6.0
  9
$3DDWFPREC
 40
2.0
  9
$PSOLWIDTH
 40
0.25
  9
$PSOLHEIGHT
 40
4.0
  9
$LOFTANG1
 40
1.570796326794896
  9
$LOFTANG2
 40
1.570796326794896
  9
$LOFTMAG1
 40
0.0
  9
$LOFTMAG2
 40
0.0
  9
$LOFTPARAM
 70
     7
  9
$LOFTNORMALS
280
     1
  9
$LATITUDE
 40
37.795
  9
$LONGITUDE
 40
-122.394
  9
$NORTHDIRECTION
 40
0.0
  9
$TIMEZONE
 70
 -8000
  9
$LIGHTGLYPHDISPLAY
280
     1
  9
$TILEMODELIGHTSYNCH
280
     1
  9
$CMATERIAL
347
96
  9
$SOLIDHIST
280
     0
  9
$SHOWHIST
280
     1
  9
$DWFFRAME
280
     2
  9
$DGNFRAME
280
     0
  9
$REALWORLDSCALE
290
     1
  9
$INTERFERECOLOR
 62
     1
  9
$INTERFEREOBJVS
345
A3
  9
$INTERFEREVPVS
346
A0
  9
$CSHADOW
280
     0
  9
$SHADOWPLANELOCATION
 40
0.0
  0
ENDSEC
  0
SECTION
  2
CLASSES
  0
CLASS
  1
ACDBDICTIONARYWDFLT
  2
AcDbDictionaryWithDefault
  3
ObjectDBX Classes
 90
        0
 91
        1
280
     0
281
     0
  0
CLASS
  1
DICTIONARYVAR
  2
AcDbDictionaryVar
  3
ObjectDBX Classes
 90
        0
 91
        9
280
     0
281
     0
  0
CLASS
  1
TABLESTYLE
  2
AcDbTableStyle
  3
ObjectDBX Classes
 90
     4095
 91
        1
280
     0
281
     0
  0
CLASS
  1
MATERIAL
  2
AcDbMaterial
  3
ObjectDBX Classes
 90
     1153
 91
        3
280
     0
281
     0
  0
CLASS
  1
VISUALSTYLE
  2
AcDbVisualStyle
  3
ObjectDBX Classes
 90
     4095
 91
       24
280
     0
281
     0
  0
CLASS
  1
SCALE
  2
AcDbScale
  3
ObjectDBX Classes
 90
     1153
 91
       33
280
     0
281
     0
  0
CLASS
  1
MLEADERSTYLE
  2
AcDbMLeaderStyle
  3
ACDB_MLEADERSTYLE_CLASS
 90
     4095
 91
        1
280
     0
281
     0
  0
CLASS
  1
CELLSTYLEMAP
  2
AcDbCellStyleMap
  3
ObjectDBX Classes
 90
     1152
 91
        1
280
     0
281
     0
  0
CLASS
  1
EXACXREFPANELOBJECT
  2
ExAcXREFPanelObject
  3
EXAC_ESW
 90
     1025
 91
        0
280
     0
281
     0
  0
CLASS
  1
NPOCOLLECTION
  2
AcDbImpNonPersistentObjectsCollection
  3
ObjectDBX Classes
 90
     1153
 91
        0
280
     0
281
     0
  0
CLASS
  1
LAYER_INDEX
  2
AcDbLayerIndex
  3
ObjectDBX Classes
 90
        0
 91
        0
280
     0
281
     0
  0
CLASS
  1
SPATIAL_INDEX
  2
AcDbSpatialIndex
  3
ObjectDBX Classes
 90
        0
 91
        0
280
     0
281
     0
  0
CLASS
  1
IDBUFFER
  2
AcDbIdBuffer
  3
ObjectDBX Classes
 90
        0
 91
        0
280
     0
281
     0
  0
CLASS
  1
ACDBSECTIONVIEWSTYLE
  2
AcDbSectionViewStyle
  3
ObjectDBX Classes
 90
     1025
 91
        2
280
     0
281
     0
  0
CLASS
  1
ACDBDETAILVIEWSTYLE
  2
AcDbDetailViewStyle
  3
ObjectDBX Classes
 90
     1025
 91
        2
280
     0
281
     0
  0
CLASS
  1
SORTENTSTABLE
  2
AcDbSortentsTable
  3
ObjectDBX Classes
 90
        0
 91
        1
280
     0
281
     0
  0
CLASS
  1
ACAD_EVALUATION_GRAPH
  2
AcDbEvalGraph
  3
ObjectDBX Classes
 90
     1153
 91
        0
280
     0
281
     0
  0
CLASS
  1
ACAECUSTOBJ
  2
AcAeEditorObj
  3
AcAeEditorObj
 90
     1024
 91
        0
280
     0
281
     0
  0
CLASS
  1
ACDB_DYNAMICBLOCKPURGEPREVENTER_VERSION
  2
AcDbDynamicBlockPurgePreventer
  3
ObjectDBX Classes
 90
     1153
 91
        0
280
     0
281
     0
  0
ENDSEC
  0
SECTION
  2
TABLES
  0
TABLE
  2
VPORT
  5
8
330
0
100
AcDbSymbolTable
 70
     1
  0
VPORT
  5
94
330
8
100
AcDbSymbolTableRecord
100
AcDbViewportTableRecord
  2
*Active
 70
     0
 10
0.0
 20
0.0
 11
1.0
 21
1.0
 12
4091.158326683498
 22
4454.303336126184
 13
0.0
 23
0.0
 14
0.5
 24
0.5
 15
0.5
 25
0.5
 16
0.0
 26
0.0
 36
1.0
 17
0.0
 27
0.0
 37
0.0
 40
11510.33179403361
 41
2.25090909090909
 42
50.0
 43
0.0
 44
0.0
 50
0.0
 51
0.0
 71
     0
 72
  1000
 73
     1
 74
     3
 75
     0
 76
     1
 77
     0
 78
     0
281
     0
 65
     1
110
0.0
120
0.0
130
0.0
111
1.0
121
0.0
131
0.0
112
0.0
122
1.0
132
0.0
 79
     0
146
0.0
348
9F
 60
     3
 61
     5
292
     1
282
     1
141
0.0
142
0.0
 63
   250
421
  3355443
1001
ACAD_NAV_VCDISPLAY
1070
     3
  0
ENDTAB
  0
TABLE
  2
LTYPE
  5
5
330
0
100
AcDbSymbolTable
 70
     2
  0
LTYPE
  5
14
330
5
100
AcDbSymbolTableRecord
100
AcDbLinetypeTableRecord
  2
ByBlock
 70
     0
  3

 72
    65
 73
     0
 40
0.0
  0
LTYPE
  5
15
330
5
100
AcDbSymbolTableRecord
100
AcDbLinetypeTableRecord
  2
ByLayer
 70
     0
  3

 72
    65
 73
     0
 40
0.0
  0
LTYPE
  5
16
330
5
100
AcDbSymbolTableRecord
100
AcDbLinetypeTableRecord
  2
Continuous
 70
     0
  3
Solid line
 72
    65
 73
     0
 40
0.0
  0
LTYPE
  5
4EC
330
5
100
AcDbSymbolTableRecord
100
AcDbLinetypeTableRecord
  2
DASHED2
 70
     0
  3

 72
    65
 73
     2
 40
9.525
 49
6.349999999999997
 74
     0
 49
-3.174999999999998
 74
     0
  0
ENDTAB
  0
TABLE
  2
LAYER
  5
2
102
{ACAD_XDICTIONARY
360
18E
102
}
330
0
100
AcDbSymbolTable
 70
     8
  0
LAYER
  5
10
102
{ACAD_XDICTIONARY
360
E6
102
}
330
2
100
AcDbSymbolTableRecord
100
AcDbLayerTableRecord
  2
0
 70
     0
 62
     7
  6
Continuous
370
    -3
390
F
347
98
348
0
  0
LAYER
  5
437
330
2
100
AcDbSymbolTableRecord
100
AcDbLayerTableRecord
  2
Chapa
 70
     0
 62
   250
  6
Continuous
290
     0
370
    -3
390
F
347
98
348
0
1001
AcAecLayerStandard
1000

1000

1001
AcCmTransparency
1071
        0
  0
LAYER
  5
438
330
2
100
AcDbSymbolTableRecord
100
AcDbLayerTableRecord
  2
Defpoints
 70
     0
 62
     7
  6
Continuous
290
     0
370
    -3
390
F
347
98
348
0
  0
LAYER
  5
4ED
330
2
100
AcDbSymbolTableRecord
100
AcDbLayerTableRecord
  2
MARGEM_DE_SEGURANÇA_20.0MM
 70
     0
 62
    93
420
  6736998
  6
DASHED2
290
     0
370
    -3
390
F
347
98
348
0
  0
LAYER
  5
17CE
330
2
100
AcDbSymbolTableRecord
100
AcDbLayerTableRecord
  2
TOP-CUT-OUTSIDE_10MM
 70
     0
 62
     6
420
 16711935
  6
Continuous
370
    -3
390
F
347
98
348
0
  0
LAYER
  5
17CF
330
2
100
AcDbSymbolTableRecord
100
AcDbLayerTableRecord
  2
TOP-CUT-INSIDE_10MM
 70
     0
 62
   240
420
 16719665
  6
Continuous
370
    -3
390
F
347
98
348
0
  0
LAYER
  5
17D0
330
2
100
AcDbSymbolTableRecord
100
AcDbLayerTableRecord
  2
TOP-CUT-ON-LINE_10MM
 70
     0
 62
     4
  6
Continuous
370
    -3
390
F
347
98
348
0
1001
AcAecLayerStandard
1000

1000

1001
AcCmTransparency
1071
        0
  0
LAYER
  5
17D1
330
2
100
AcDbSymbolTableRecord
100
AcDbLayerTableRecord
  2
TOP-POCKET-INSIDE_2MM
 70
     0
 62
     5
  6
Continuous
370
    -3
390
F
347
98
348
0
1001
AcAecLayerStandard
1000

1000

1001
AcCmTransparency
1071
        0
  0
ENDTAB
  0
TABLE
  2
STYLE
  5
3
330
0
100
AcDbSymbolTable
 70
     2
  0
STYLE
  5
11
330
3
100
AcDbSymbolTableRecord
100
AcDbTextStyleTableRecord
  2
Standard
 70
     0
 40
0.0
 41
1.0
 50
0.0
 71
     0
 42
0.2
  3
arial.ttf
  4

1001
ACAD
1000
Arial
1071
       34
  0
STYLE
  5
230C
330
3
100
AcDbSymbolTableRecord
100
AcDbTextStyleTableRecord
  2
PDF Arial
 70
     0
 40
0.0
 41
1.0
 50
0.0
 71
     0
 42
0.2
  3
arial.ttf
  4

1001
ACAD
1000
Arial
1071
       34
  0
ENDTAB
  0
TABLE
  2
VIEW
  5
6
330
0
100
AcDbSymbolTable
 70
     0
  0
ENDTAB
  0
TABLE
  2
UCS
  5
7
330
0
100
AcDbSymbolTable
 70
     0
  0
ENDTAB
  0
TABLE
  2
APPID
  5
9
330
0
100
AcDbSymbolTable
 70
    16
  0
APPID
  5
12
330
9
100
AcDbSymbolTableRecord
100
AcDbRegAppTableRecord
  2
ACAD
 70
     0
  0
APPID
  5
DD
330
9
100
AcDbSymbolTableRecord
100
AcDbRegAppTableRecord
  2
AcadAnnoPO
 70
     0
  0
APPID
  5
DE
330
9
100
AcDbSymbolTableRecord
100
AcDbRegAppTableRecord
  2
AcadAnnotative
 70
     0
  0
APPID
  5
DF
330
9
100
AcDbSymbolTableRecord
100
AcDbRegAppTableRecord
  2
ACAD_DSTYLE_DIMJAG
 70
     0
  0
APPID
  5
E0
330
9
100
AcDbSymbolTableRecord
100
AcDbRegAppTableRecord
  2
ACAD_DSTYLE_DIMTALN
 70
     0
  0
APPID
  5
107
330
9
100
AcDbSymbolTableRecord
100
AcDbRegAppTableRecord
  2
ACAD_MLEADERVER
 70
     0
  0
APPID
  5
1A6
330
9
100
AcDbSymbolTableRecord
100
AcDbRegAppTableRecord
  2
ACAD_NAV_VCDISPLAY
 70
     0
  0
APPID
  5
43A
330
9
100
AcDbSymbolTableRecord
100
AcDbRegAppTableRecord
  2
ACAD_PSEXT
 70
     0
  0
APPID
  5
43B
330
9
100
AcDbSymbolTableRecord
100
AcDbRegAppTableRecord
  2
AcAecLayerStandard
 70
     0
  0
APPID
  5
43C
330
9
100
AcDbSymbolTableRecord
100
AcDbRegAppTableRecord
  2
AcCmTransparency
 70
     0
  0
APPID
  5
43D
330
9
100
AcDbSymbolTableRecord
100
AcDbRegAppTableRecord
  2
GradientColor1ACI
 70
     0
  0
APPID
  5
43E
330
9
100
AcDbSymbolTableRecord
100
AcDbRegAppTableRecord
  2
GradientColor2ACI
 70
     0
  0
APPID
  5
43F
330
9
100
AcDbSymbolTableRecord
100
AcDbRegAppTableRecord
  2
AcDbDynamicBlockGUID
 70
     0
  0
APPID
  5
60A
330
9
100
AcDbSymbolTableRecord
100
AcDbRegAppTableRecord
  2
ACAD_EXEMPT_FROM_CAD_STANDARDS
 70
     0
  0
APPID
  5
828
330
9
100
AcDbSymbolTableRecord
100
AcDbRegAppTableRecord
  2
ACAUTHENVIRON
 70
     0
  0
APPID
  5
86C
330
9
100
AcDbSymbolTableRecord
100
AcDbRegAppTableRecord
  2
AcDbDynamicBlockTrueName
 70
     0
  0
ENDTAB
  0
TABLE
  2
DIMSTYLE
  5
A
330
0
100
AcDbSymbolTable
 70
     1
100
AcDbDimStyleTable
 71
     1
340
27
  0
DIMSTYLE
105
27
330
A
100
AcDbSymbolTableRecord
100
AcDbDimStyleTableRecord
  2
Standard
 70
     0
340
11
  0
ENDTAB
  0
TABLE
  2
BLOCK_RECORD
  5
1
330
0
100
AcDbSymbolTable
 70
     4
  0
BLOCK_RECORD
  5
1F
102
{ACAD_XDICTIONARY
360
15D
102
}
330
1
100
AcDbSymbolTableRecord
100
AcDbBlockTableRecord
  2
*Model_Space
340
22
 70
     0
280
     1
281
     0
  0
BLOCK_RECORD
  5
58
330
1
100
AcDbSymbolTableRecord
100
AcDbBlockTableRecord
  2
*Paper_Space
340
59
 70
     0
280
     1
281
     0
  0
BLOCK_RECORD
  5
5D
330
1
100
AcDbSymbolTableRecord
100
AcDbBlockTableRecord
  2
*Paper_Space0
340
5E
 70
     0
280
     1
281
     0
  0
BLOCK_RECORD
  5
250
102
{ACAD_XDICTIONARY
360
1EC6
102
}
330
1
100
AcDbSymbolTableRecord
100
AcDbBlockTableRecord
  2
Ativo 34
340
0
102
{BLKREFS
331
22F5
102
}
 70
     0
280
     1
281
     1
1001
AcDbDynamicBlockGUID
1000
{8F09B818-C996-704F-8736-10C309A3D8B0}
  0
BLOCK_RECORD
  5
32C
102
{ACAD_XDICTIONARY
360
32D
102
}
330
1
100
AcDbSymbolTableRecord
100
AcDbBlockTableRecord
  2
Modulo Completo
340
0
102
{BLKREFS
331
4AF
102
}
 70
     0
280
     1
281
     1
1001
AcDbDynamicBlockGUID
1000
{E88E44CA-B1E3-6444-883C-E8508E52B1DA}
  0
BLOCK_RECORD
  5
82C
102
{ACAD_XDICTIONARY
360
22F7
102
}
330
1
100
AcDbSymbolTableRecord
100
AcDbBlockTableRecord
  2
Block sheet
340
0
102
{BLKREFS
331
83F
102
}
 70
     1
280
     1
281
     0
1001
AcDbDynamicBlockGUID
1000
{0FB7E528-5D9E-8D41-9573-94DE4FCC5AFA}
  0
ENDTAB
  0
ENDSEC
  0
SECTION
  2
BLOCKS
  0
BLOCK
  5
20
330
1F
100
AcDbEntity
  8
0
100
AcDbBlockBegin
  2
*Model_Space
 70
     0
 10
0.0
 20
0.0
 30
0.0
  3
*Model_Space
  1

  0
ENDBLK
  5
21
330
1F
100
AcDbEntity
  8
0
100
AcDbBlockEnd
  0
BLOCK
  5
5A
330
58
100
AcDbEntity
 67
     1
  8
0
100
AcDbBlockBegin
  2
*Paper_Space
 70
     0
 10
0.0
 20
0.0
 30
0.0
  3
*Paper_Space
  1

  0
ENDBLK
  5
5B
330
58
100
AcDbEntity
 67
     1
  8
0
100
AcDbBlockEnd
  0
BLOCK
  5
5F
330
5D
100
AcDbEntity
 67
     1
  8
0
100
AcDbBlockBegin
  2
*Paper_Space0
 70
     0
 10
0.0
 20
0.0
 30
0.0
  3
*Paper_Space0
  1

  0
ENDBLK
  5
60
330
5D
100
AcDbEntity
 67
     1
  8
0
100
AcDbBlockEnd
  0
BLOCK
  5
251
330
250
100
AcDbEntity
  8
0
100
AcDbBlockBegin
  2
Ativo 34
 70
     0
 10
0.0
 20
0.0
 30
0.0
  3
Ativo 34
  1

  0
LWPOLYLINE
  5
1DED
330
250
100
AcDbEntity
  8
0
370
   158
100
AcDbPolyline
 90
        2
 70
     0
 43
0.0
 10
14.59035104644097
 20
1.99015131802029
 10
14.73389272699652
 20
2.120581859686956
  0
LWPOLYLINE
  5
1DEE
330
250
100
AcDbEntity
  8
0
370
   158
100
AcDbPolyline
 90
        2
 70
     0
 43
0.0
 10
15.43190661588541
 20
2.629456887464733
 10
15.29708719921875
 20
2.485929123575845
  0
LWPOLYLINE
  5
1DEF
330
250
100
AcDbEntity
  8
0
370
   158
100
AcDbPolyline
 90
        4
 70
     0
 43
0.0
 10
15.76019618055555
 20
2.229345776353623
 10
15.76019618055555
 20
2.7686096791314
 10
15.99940451388889
 20
2.7686096791314
 10
15.99940451388889
 20
2.222790220798068
  0
LWPOLYLINE
  5
1DF0
330
250
100
AcDbEntity
  8
0
370
   158
100
AcDbPolyline
 90
        4
 70
     0
 43
0.0
 10
16.41034895833333
 20
2.222790220798068
 10
16.41034895833333
 20
2.7686096791314
 10
16.64955727777778
 20
2.7686096791314
 10
16.64955727777778
 20
2.222790220798068
  0
LWPOLYLINE
  5
1DF1
330
250
100
AcDbEntity
  8
0
370
   158
100
AcDbPolyline
 90
        2
 70
     0
 43
0.0
 10
16.96481529340278
 20
1.99015131802029
 10
17.10835697395833
 20
2.120581859686956
  0
LWPOLYLINE
  5
1DF2
330
250
100
AcDbEntity
  8
0
370
   158
100
AcDbPolyline
 90
        2
 70
     0
 43
0.0
 10
17.80637086284722
 20
2.629456887464733
 10
17.67153752951389
 20
2.485929123575845
  0
LWPOLYLINE
  5
1DF3
330
250
100
AcDbEntity
  8
0
370
   158
100
AcDbPolyline
 90
        8
 70
     1
 43
0.0
 10
18.95012071397569
 20
2.770772298177083
 10
18.95012071397569
 20
2.562008409288194
 10
18.6152318250868
 20
2.562008409288194
 10
18.6152318250868
 20
1.835730659288194
 10
18.37602350564235
 20
1.835730659288194
 10
18.37602350564235
 20
2.562008409288194
 10
18.04339853342014
 20
2.562008409288194
 10
18.04339853342014
 20
2.770772298177083
  0
LWPOLYLINE
  5
1DF4
330
250
100
AcDbEntity
  8
0
370
   158
100
AcDbPolyline
 90
       12
 70
     1
 43
0.0
 10
19.51112196180555
 20
2.031473583645289
 10
20.03521919791666
 20
2.031473583645289
 10
20.03521919791666
 20
1.835737472534179
 10
19.27189972569444
 20
1.835737472534179
 10
19.27189972569444
 20
2.768584680867513
 10
20.01778862847222
 20
2.768584680867513
 10
20.01778862847222
 20
2.572918041978624
 10
19.51112196180555
 20
2.572918041978624
 10
19.51112196180555
 20
2.412029139200845
 10
19.98514975347221
 20
2.412029139200845
 10
19.98514975347221
 20
2.218501361423068
 10
19.51112196180555
 20
2.218501361423068
  0
LWPOLYLINE
  5
1DF5
330
250
100
AcDbEntity
  8
0
370
   158
100
AcDbPolyline
 90
       10
 70
     1
 43
0.0
 10
21.05499945746528
 20
2.771382013956705
 10
21.2745966796875
 20
2.771382013956705
 10
21.2745966796875
 20
1.835729277845594
 10
21.06370779079861
 20
1.835729277845594
 10
20.62444390190972
 20
2.421340361178927
 10
20.62444390190972
 20
1.835729277845594
 10
20.40483279079861
 20
1.835729277845594
 10
20.40483279079861
 20
2.771020902845594
 10
20.61598558246528
 20
2.771020902845594
 10
21.05499945746528
 20
2.182118152845593
  0
LWPOLYLINE
  5
1DF6
330
250
100
AcDbEntity
  8
0
370
   158
100
AcDbPolyline
 90
        8
 70
     1
 43
0.0
 10
22.49232313368056
 20
2.770772298177083
 10
22.49232313368056
 20
2.562008409288194
 10
22.15743424479167
 20
2.562008409288194
 10
22.15743424479167
 20
1.835730659288194
 10
21.91823980034722
 20
1.835730659288194
 10
21.91823980034722
 20
2.562008409288194
 10
21.585600953125
 20
2.562008409288194
 10
21.585600953125
 20
2.770772298177083
  0
LWPOLYLINE
  5
1DF7
330
250
100
AcDbEntity
  8
0
370
   158
100
AcDbPolyline
 90
        3
 70
     1
 43
0.0
 10
22.98697916666666
 20
2.233676486545137
 10
23.15986805555555
 20
2.233676486545137
 10
23.07613194444444
 20
2.474162611545138
  0
LWPOLYLINE
  5
1DF8
330
250
100
AcDbEntity
  8
0
370
   158
100
AcDbPolyline
 90
        8
 70
     1
 43
0.0
 10
23.29835418055555
 20
1.83577370876736
 10
23.23147916666666
 20
2.029301486545138
 10
22.9098125
 20
2.029301486545138
 10
22.83807638888889
 20
1.83577370876736
 10
22.58584027777778
 20
1.83577370876736
 10
22.97071527777777
 20
2.770745917100693
 10
23.17509027777778
 20
2.770745917100693
 10
23.54468748611111
 20
1.83577370876736
  0
LWPOLYLINE
  5
1DF9
330
250
100
AcDbEntity
  8
0
370
   158
100
AcDbPolyline
 90
        4
 70
     0
 43
0.0
 10
24.3558662109375
 20
2.214088833279079
 10
24.11446343315974
 20
2.214088833279079
 10
24.11446343315974
 20
2.016227722167968
 10
24.35800509982639
 20
2.016227722167968
  0
LWPOLYLINE
  5
1DFA
330
250
100
AcDbEntity
  8
0
370
   158
100
AcDbPolyline
 90
        4
 70
     0
 43
0.0
 10
24.3253662109375
 20
2.590324930501302
 10
24.11446343315974
 20
2.590324930501302
 10
24.11446343315974
 20
2.394588847167967
 10
24.3297412109375
 20
2.394588847167967
  0
LWPOLYLINE
  5
1DFB
330
250
100
AcDbEntity
  8
0
370
   158
100
AcDbPolyline
 90
        4
 70
     0
 43
0.0
 10
24.38193565538194
 20
1.835783277723524
 10
23.87525511371528
 20
1.835783277723524
 10
23.87525511371528
 20
2.770769388834635
 10
24.33626898871529
 20
2.770769388834635
  0
LWPOLYLINE
  5
1DFC
330
250
100
AcDbEntity
  8
0
370
   158
100
AcDbPolyline
 90
        4
 70
     1
 43
0.0
 10
25.10381911111111
 20
2.770791583333333
 10
25.34736077777778
 20
2.770791583333333
 10
25.34736077777778
 20
1.835763819444444
 10
25.10381911111111
 20
1.835763819444444
  0
LWPOLYLINE
  5
1DFD
330
250
100
AcDbEntity
  8
0
370
   158
100
AcDbPolyline
 90
        6
 70
     1
 43
0.0
 10
26.02362738715279
 20
2.046691682603622
 10
26.54765516493056
 20
2.046691682603622
 10
26.54765516493056
 20
1.835747238159179
 10
25.78441905381944
 20
1.835747238159179
 10
25.78441905381944
 20
2.770775002048068
 10
26.02362738715279
 20
2.770775002048068
  0
LWPOLYLINE
  5
1DFE
330
250
100
AcDbEntity
  8
0
370
   158
100
AcDbPolyline
 90
        4
 70
     1
 43
0.0
 10
26.88462490277777
 20
2.770791583333333
 10
27.12816656944444
 20
2.770791583333333
 10
27.12816656944444
 20
1.835763819444444
 10
26.88462490277777
 20
1.835763819444444
  0
LWPOLYLINE
  5
1DFF
330
250
100
AcDbEntity
  8
0
370
   158
100
AcDbPolyline
 90
        4
 70
     0
 43
0.0
 10
27.93280995008681
 20
2.562034824598523
 10
27.80450439453125
 20
2.562034824598523
 10
27.80450439453125
 20
2.044520907931856
 10
27.93494883897569
 20
2.044520907931856
  0
LWPOLYLINE
  5
1E00
330
250
100
AcDbEntity
  8
0
370
   158
100
AcDbPolyline
 90
        4
 70
     0
 43
0.0
 10
27.93714328342014
 20
1.835757019042968
 10
27.56528215842014
 20
1.835757019042968
 10
27.56528215842014
 20
2.770798685709634
 10
27.93714328342014
 20
2.770798685709634
  0
LWPOLYLINE
  5
1E01
330
250
100
AcDbEntity
  8
0
370
   158
100
AcDbPolyline
 90
        3
 70
     1
 43
0.0
 10
29.0601331922743
 20
2.233676486545137
 10
29.23302208116319
 20
2.233676486545137
 10
29.14928597005208
 20
2.474162611545138
  0
LWPOLYLINE
  5
1E02
330
250
100
AcDbEntity
  8
0
370
   158
100
AcDbPolyline
 90
        8
 70
     1
 43
0.0
 10
29.37150820616319
 20
1.83577370876736
 10
29.3046331922743
 20
2.029301486545138
 10
28.98296652560764
 20
2.029301486545138
 10
28.91123041449653
 20
1.83577370876736
 10
28.65899430338542
 20
1.83577370876736
 10
29.04386930338541
 20
2.770745917100693
 10
29.24824430338542
 20
2.770745917100693
 10
29.61784151171875
 20
1.83577370876736
  0
LWPOLYLINE
  5
1E03
330
250
100
AcDbEntity
  8
0
370
   158
100
AcDbPolyline
 90
        4
 70
     0
 43
0.0
 10
30.30513151041667
 20
2.562034824598523
 10
30.17681206597222
 20
2.562034824598523
 10
30.17681206597222
 20
2.044520907931856
 10
30.30725651041667
 20
2.044520907931856
  0
LWPOLYLINE
  5
1E04
330
250
100
AcDbEntity
  8
0
370
   158
100
AcDbPolyline
 90
        4
 70
     0
 43
0.0
 10
30.30945095486111
 20
1.835757019042968
 10
29.93760373263889
 20
1.835757019042968
 10
29.93760373263889
 20
2.770798685709634
 10
30.30945095486111
 20
2.770798685709634
  0
LWPOLYLINE
  5
1E05
330
250
100
AcDbEntity
  8
0
370
   158
100
AcDbPolyline
 90
       12
 70
     1
 43
0.0
 10
31.41183810763889
 20
2.031473583645289
 10
31.93592145486111
 20
2.031473583645289
 10
31.93592145486111
 20
1.835737472534179
 10
31.17261587152778
 20
1.835737472534179
 10
31.17261587152778
 20
2.768584680867513
 10
31.91850477430556
 20
2.768584680867513
 10
31.91850477430556
 20
2.572918041978624
 10
31.41183810763889
 20
2.572918041978624
 10
31.41183810763889
 20
2.412029139200845
 10
31.88586589930555
 20
2.412029139200845
 10
31.88586589930555
 20
2.218501361423068
 10
31.41183810763889
 20
2.218501361423068
  0
LWPOLYLINE
  5
1E06
330
250
100
AcDbEntity
  8
0
370
   158
100
AcDbPolyline
 90
       12
 70
     1
 43
0.0
 10
14.92742241753472
 20
0.2304748959011502
 10
15.45151965364583
 20
0.2304748959011502
 10
15.45151965364583
 20
0.0347387847900391
 10
14.68820018142361
 20
0.0347387847900391
 10
14.68820018142361
 20
0.9675859931233723
 10
15.43408908420139
 20
0.9675859931233723
 10
15.43408908420139
 20
0.7719193542344836
 10
14.92742241753472
 20
0.7719193542344836
 10
14.92742241753472
 20
0.6110165625678168
 10
15.40145020920139
 20
0.6110165625678168
 10
15.40145020920139
 20
0.417488784790039
 10
14.92742241753472
 20
0.417488784790039
  0
LWPOLYLINE
  5
1E07
330
250
100
AcDbEntity
  8
0
370
   158
100
AcDbPolyline
 90
       13
 70
     1
 43
0.0
 10
16.92140028211805
 20
0.0347554948594835
 10
16.69090026822916
 20
0.0347554948594835
 10
16.65824749045138
 20
0.7545194115261502
 10
16.45387251822916
 20
0.1456443837483724
 10
16.26685862934027
 20
0.1456443837483724
 10
16.06460862934028
 20
0.7653666059705948
 10
16.02984471267361
 20
0.0347554948594835
 10
15.8037197265625
 20
0.0347554948594835
 10
15.87113635156249
 20
0.9703943420817056
 10
16.20133082378472
 20
0.9703943420817056
 10
16.36385858767361
 20
0.4651860365261502
 10
16.52628917100694
 20
0.9695610504150387
 10
16.85398361545139
 20
0.9695610504150387
  0
LWPOLYLINE
  5
1E08
330
250
100
AcDbEntity
  8
0
370
   158
100
AcDbPolyline
 90
        4
 70
     0
 43
0.0
 10
17.74768744574653
 20
0.7588626013861762
 10
17.5563402235243
 20
0.7588626013861762
 10
17.5563402235243
 20
0.484876504163954
 10
17.75639577907986
 20
0.484876504163954
  0
LWPOLYLINE
  5
1E09
330
250
100
AcDbEntity
  8
0
370
   158
100
AcDbPolyline
 90
        6
 70
     0
 43
0.0
 10
17.75639577907986
 20
0.2739320319417319
 10
17.5563402235243
 20
0.2739320319417319
 10
17.5563402235243
 20
0.0347792819417318
 10
17.31718744574653
 20
0.0347792819417318
 10
17.31718744574653
 20
0.969765379163954
 10
17.74768744574653
 20
0.969765379163954
  0
LWPOLYLINE
  5
1E0A
330
250
100
AcDbEntity
  8
0
370
   158
100
AcDbPolyline
 90
        4
 70
     1
 43
0.0
 10
18.51527744444444
 20
0.9697638611111107
 10
18.75881911111111
 20
0.9697638611111107
 10
18.75881911111111
 20
0.0347360972222221
 10
18.51527744444444
 20
0.0347360972222221
  0
LWPOLYLINE
  5
1E0B
330
250
100
AcDbEntity
  8
0
370
   158
100
AcDbPolyline
 90
        6
 70
     1
 43
0.0
 10
19.43505859375
 20
0.2456929948594835
 10
19.95908637152778
 20
0.2456929948594835
 10
19.95908637152778
 20
0.0347346615261502
 10
19.19585026041666
 20
0.0347346615261502
 10
19.19585026041666
 20
0.969776314303928
 10
19.43505859375
 20
0.969776314303928
  0
LWPOLYLINE
  5
1E0C
330
250
100
AcDbEntity
  8
0
370
   158
100
AcDbPolyline
 90
       12
 70
     1
 43
0.0
 10
20.93105061848958
 20
0.9697736104329424
 10
21.17025895182292
 20
0.9697736104329424
 10
21.17025895182292
 20
0.0347319715440538
 10
20.93105061848958
 20
0.0347319715440538
 10
20.93105061848958
 20
0.417468068766276
 10
20.5113978407118
 20
0.417468068766276
 10
20.5113978407118
 20
0.0347319715440538
 10
20.27218950737847
 20
0.0347319715440538
 10
20.27218950737847
 20
0.9697736104329424
 10
20.5113978407118
 20
0.9697736104329424
 10
20.5113978407118
 20
0.6262458465440537
 10
20.93105061848958
 20
0.6262458465440537
  0
LWPOLYLINE
  5
1E0D
330
250
100
AcDbEntity
  8
0
370
   158
100
AcDbPolyline
 90
        3
 70
     1
 43
0.0
 10
21.87581380208333
 20
0.4326777988009983
 10
22.04870269097222
 20
0.4326777988009983
 10
21.96496657986111
 20
0.6731639238009982
  0
LWPOLYLINE
  5
1E0E
330
250
100
AcDbEntity
  8
0
370
   158
100
AcDbPolyline
 90
        4
 70
     1
 43
0.0
 10
22.21617492708333
 20
1.376358354356552
 10
21.87916102430556
 20
1.102386159912108
 10
21.74866102430556
 20
1.259011104356553
 10
22.07702213541667
 20
1.543844437689886
  0
LWPOLYLINE
  5
1E0F
330
250
100
AcDbEntity
  8
0
370
   158
100
AcDbPolyline
 90
        8
 70
     1
 43
0.0
 10
22.18718881597222
 20
0.0347750210232205
 10
22.12031380208333
 20
0.2283027988009982
 10
21.79864713541666
 20
0.2283027988009982
 10
21.72691102430555
 20
0.0347750210232205
 10
21.47467491319444
 20
0.0347750210232205
 10
21.85954991319444
 20
0.9697472293565535
 10
22.06392491319444
 20
0.9697472293565535
 10
22.43352212152778
 20
0.0347750210232205
  0
LWPOLYLINE
  5
1E10
330
250
100
AcDbEntity
  8
0
370
   158
100
AcDbPolyline
 90
        7
 70
     1
 43
0.0
 10
23.27292887369791
 20
0.9697736104329424
 10
23.53169277647569
 20
1.044301388210719
 10
23.11617887369791
 20
0.0347319715440538
 10
22.94242887369791
 20
0.0347319715440538
 10
22.55755387369791
 20
0.9700652770996091
 10
22.82069274869792
 20
0.9700652770996091
 10
23.04388722092014
 20
0.350356943766276
  0
LWPOLYLINE
  5
1E11
330
250
100
AcDbEntity
  8
0
370
   158
100
AcDbPolyline
 90
       12
 70
     1
 43
0.0
 10
24.08617485894097
 20
0.2304748959011502
 10
24.61027209505208
 20
0.2304748959011502
 10
24.61027209505208
 20
0.0347387847900391
 10
23.84696652560764
 20
0.0347387847900391
 10
23.84696652560764
 20
0.9675859931233723
 10
24.59284152560764
 20
0.9675859931233723
 10
24.59284152560764
 20
0.7719193542344836
 10
24.08617485894097
 20
0.7719193542344836
 10
24.08617485894097
 20
0.6110165625678168
 10
24.56021653949653
 20
0.6110165625678168
 10
24.56021653949653
 20
0.417488784790039
 10
24.08617485894097
 20
0.417488784790039
  0
LWPOLYLINE
  5
1E12
330
250
100
AcDbEntity
  8
0
370
   158
100
AcDbPolyline
 90
        6
 70
     1
 43
0.0
 10
25.21908230251736
 20
0.2456929948594835
 10
25.74311008029514
 20
0.2456929948594835
 10
25.74311008029514
 20
0.0347346615261502
 10
24.97986006640625
 20
0.0347346615261502
 10
24.97986006640625
 20
0.969776314303928
 10
25.21908230251736
 20
0.969776314303928
  0
LWPOLYLINE
  5
1E13
330
250
100
AcDbEntity
  8
0
370
   158
100
AcDbPolyline
 90
        2
 70
     0
 43
0.0
 10
23.63055461805556
 20
11.16936153255208
 10
22.98795742361111
 20
11.16936153255208
  0
LWPOLYLINE
  5
1E14
330
250
100
AcDbEntity
  8
0
370
   158
100
AcDbPolyline
 90
        2
 70
     0
 43
0.0
 10
17.1989574375
 20
8.805458921440971
 10
17.1989574375
 20
9.396597546440972
  0
LWPOLYLINE
  5
1E15
330
250
100
AcDbEntity
  8
0
370
   158
100
AcDbPolyline
 90
        2
 70
     0
 43
0.0
 10
16.14516575694444
 20
10.09059757421875
 10
16.14516575694444
 20
8.715514282552081
  0
LWPOLYLINE
  5
1E16
330
250
100
AcDbEntity
  8
0
370
   158
100
AcDbPolyline
 90
        4
 70
     0
 43
0.0
 10
21.72259627083333
 20
8.175764296440974
 42
0.020427160852455
 10
21.71340200694444
 20
8.378486629774306
 10
21.71833250694445
 20
8.378486629774306
 42
0.0315299072273513
 10
21.66759639583332
 20
8.700472518663191
  0
LWPOLYLINE
  5
1E17
330
250
100
AcDbEntity
  8
0
370
   158
100
AcDbPolyline
 90
        8
 70
     0
 43
0.0
 10
21.66431850694444
 20
8.716181018663192
 42
0.0503526077463622
 10
21.48290189583333
 20
9.254764129774304
 42
0.1519699664278545
 10
22.75666596527778
 20
9.798472504774306
 10
22.75666596527778
 20
5.632611588107637
 42
0.4141960489198018
 10
22.88612407638889
 20
5.503083976996528
 10
23.71977700694444
 20
5.503083976996528
 42
0.4136199775722871
 10
23.84924910416696
 20
5.632000393663191
 42
-0.0001909062156961
 10
23.88755459027834
 20
10.91237533810767
  0
LWPOLYLINE
  5
1E18
330
250
100
AcDbEntity
  8
0
370
   158
100
AcDbPolyline
 90
        9
 70
     0
 43
0.0
 10
29.77912414713541
 20
6.201667785970051
 42
0.1242867351796315
 10
30.52148521657986
 20
7.427140022081161
 42
0.0626770794224272
 10
31.11636013324653
 20
7.713542730414495
 42
0.1010980463682741
 10
31.90212418880209
 20
8.489209438747829
 42
0.4368453762472499
 10
31.83812417491319
 20
8.768126119303385
 10
31.20020739713542
 20
9.131876105414496
 42
0.3847153589073466
 10
30.94698524435733
 20
9.076834438748047
 42
-0.074276109745702
 10
30.61002688324655
 20
8.725737230414468
 42
0.1409307273492676
 10
30.01937399435765
 20
10.27586216097005
  0
LWPOLYLINE
  5
1E19
330
250
100
AcDbEntity
  8
0
370
   158
100
AcDbPolyline
 90
        6
 70
     0
 43
0.0
 10
25.62216567491319
 20
8.365278883192276
 42
-0.1526177845033806
 10
25.96867963324653
 20
9.514139994303382
 42
0.3802972022725168
 10
25.94717957769097
 20
9.690376119303381
 10
25.31267971657986
 20
10.2497372165256
 42
0.4335013710073705
 10
25.11713791102429
 20
10.23091782763673
 42
0.1669272450994851
 10
24.49766582769099
 20
8.365278883192276
  0
LWPOLYLINE
  5
1E1A
330
250
100
AcDbEntity
  8
0
370
   158
100
AcDbPolyline
 90
       10
 70
     0
 43
0.0
 10
7.678942151909722
 20
8.804061360677081
 10
7.678942151909722
 20
6.093380819010416
 10
7.679969888020832
 20
6.093380819010416
 10
7.679969888020832
 20
5.617325249565972
 42
0.4143133391419236
 10
7.826011651909722
 20
5.471241846788193
 10
8.605025499131942
 20
5.471241846788193
 42
0.4141706549251387
 10
8.751067165798611
 20
5.617325249565972
 10
8.751067165798611
 20
7.529561360677082
 10
8.750094943576387
 20
7.529561360677082
 10
8.750094943576387
 20
9.060255791232636
  0
LWPOLYLINE
  5
1E1B
330
250
100
AcDbEntity
  8
0
370
   158
100
AcDbPolyline
 90
       10
 70
     0
 43
0.0
 10
1.105873110243055
 20
10.44668643012153
 10
1.105873110243055
 20
10.91554747178819
 42
0.4141426900737267
 10
0.9522891519097234
 20
11.06920030512152
 10
0.1883036241319456
 20
11.06920030512152
 42
0.4141426748787268
 10
0.0347196796875
 20
10.91554747178819
 10
0.0347196796875
 20
5.617325249565972
 42
0.4141987735863179
 10
0.1808174991319458
 20
5.471241846788193
 10
0.9597752907986119
 20
5.471241846788193
 42
0.4142335685709212
 10
1.105873110243055
 20
5.617325249565972
 10
1.105873110243055
 20
8.782686332899302
  0
LWPOLYLINE
  5
1E1C
330
250
100
AcDbEntity
  8
0
370
   158
100
AcDbPolyline
 90
        6
 70
     0
 43
0.0
 10
3.856858999131944
 20
8.804061360677081
 10
3.856858999131944
 20
5.617325249565972
 42
0.4143135424790913
 10
4.002900443576389
 20
5.471241846788193
 10
4.781914179687499
 20
5.471241846788193
 42
0.4141703596793425
 10
4.927956054687499
 20
5.617325249565972
 10
4.927956054687499
 20
8.782686332899302
  0
ARC
  5
1E1D
330
250
100
AcDbEntity
  8
0
370
   158
100
AcDbCircle
 10
15.03680213039268
 20
2.527423471999151
 30
0.0
 40
0.7221070895321061
100
AcDbArc
 50
249.0374000389873
 51
270.1206974148712
  0
ARC
  5
1E1E
330
250
100
AcDbEntity
  8
0
370
   158
100
AcDbCircle
 10
15.13629741247219
 20
2.096353515013116
 30
0.0
 40
0.0738176437278037
100
AcDbArc
 50
0.0909943862480134
 51
17.17508301302174
  0
ARC
  5
1E1F
330
250
100
AcDbEntity
  8
0
370
   158
100
AcDbCircle
 10
15.07028475237874
 20
2.013164953480619
 30
0.0
 40
0.1761362965306987
100
AcDbArc
 50
44.99757867621812
 51
52.51380077586317
  0
ARC
  5
1E20
330
250
100
AcDbEntity
  8
0
370
   158
100
AcDbCircle
 10
14.74060956045704
 20
1.204529672045932
 30
0.0
 40
1.046303754778252
100
AcDbArc
 50
66.75512676810436
 51
68.30742035672249
  0
ARC
  5
1E21
330
250
100
AcDbEntity
  8
0
370
   158
100
AcDbCircle
 10
15.0106938508881
 20
2.143930355790649
 30
0.0
 40
0.6573323795164816
100
AcDbArc
 50
69.02527605157047
 51
90.05530068542283
  0
ARC
  5
1E22
330
250
100
AcDbEntity
  8
0
370
   158
100
AcDbCircle
 10
24.01833435847845
 20
41.79843643071774
 30
0.0
 40
40.39992760719044
100
AcDbArc
 50
257.1968149113551
 51
257.3622162400279
  0
ARC
  5
1E23
330
250
100
AcDbEntity
  8
0
370
   158
100
AcDbCircle
 10
17.4112663773545
 20
2.527423471999122
 30
0.0
 40
0.7221070895320764
100
AcDbArc
 50
249.0374000389854
 51
270.1206974148702
  0
ARC
  5
1E24
330
250
100
AcDbEntity
  8
0
370
   158
100
AcDbCircle
 10
17.510299652929
 20
2.096283370572364
 30
0.0
 40
0.0742797934804379
100
AcDbArc
 50
0.1445343296799441
 51
17.12154307004899
  0
ARC
  5
1E25
330
250
100
AcDbEntity
  8
0
370
   158
100
AcDbCircle
 10
17.44474899934185
 20
2.013164953481854
 30
0.0
 40
0.1761362965289085
100
AcDbArc
 50
44.99757867623148
 51
52.51380077595261
  0
ARC
  5
1E26
330
250
100
AcDbEntity
  8
0
370
   158
100
AcDbCircle
 10
17.11507380741085
 20
1.20452967202586
 30
0.0
 40
1.046303754799857
100
AcDbArc
 50
66.75512676813536
 51
68.30742035672151
  0
ARC
  5
1E27
330
250
100
AcDbEntity
  8
0
370
   158
100
AcDbCircle
 10
17.38514403560656
 20
2.143855010568455
 30
0.0
 40
0.6574077660569198
100
AcDbArc
 50
69.02648224876724
 51
90.05891065786688
  0
ARC
  5
1E28
330
250
100
AcDbEntity
  8
0
370
   158
100
AcDbCircle
 10
26.15271647104168
 20
40.73488108922822
 30
0.0
 40
39.30961258379132
100
AcDbArc
 50
257.1945210744004
 51
257.3645100769825
  0
ARC
  5
1E29
330
250
100
AcDbEntity
  8
0
370
   158
100
AcDbCircle
 10
23.20290956636523
 20
12.94762152527988
 30
0.0
 40
0.5526668085953597
100
AcDbArc
 50
108.2135868410797
 51
169.6568969315405
  0
ARC
  5
1E2A
330
250
100
AcDbEntity
  8
0
370
   158
100
AcDbCircle
 10
21.49662786299422
 20
11.38612495428948
 30
0.0
 40
1.19404243294522
100
AcDbArc
 50
260.7742666574247
 51
297.9288978555924
  0
ARC
  5
1E2B
330
250
100
AcDbEntity
  8
0
370
   158
100
AcDbCircle
 10
28.03656230357395
 20
9.569197239486644
 30
0.0
 40
0.7255538361268838
100
AcDbArc
 50
89.98963788842026
 51
97.01449017631503
  0
ARC
  5
1E2C
330
250
100
AcDbEntity
  8
0
370
   158
100
AcDbCircle
 10
29.5526722850729
 20
14.68762181335283
 30
0.0
 40
6.289948459878294
100
AcDbArc
 50
269.1959095478976
 51
269.5559941683828
  0
SPLINE
  5
1E2D
330
250
100
AcDbEntity
  8
0
370
   158
100
AcDbSpline
210
0.0
220
0.0
230
1.0
 70
     8
 71
     3
 72
     8
 73
     4
 74
     0
 42
0.000000001
 43
0.0000000001
 40
0.0
 40
0.0
 40
0.0
 40
0.0
 40
1.0
 40
1.0
 40
1.0
 40
1.0
 10
14.77846219921875
 20
1.853109651353624
 30
0.0
 10
14.69510107421875
 20
1.88502631802029
 30
0.0
 10
14.63243439366319
 20
1.930706873575845
 30
0.0
 10
14.59035104644097
 20
1.99015131802029
 30
0.0
  0
SPLINE
  5
1E2E
330
250
100
AcDbEntity
  8
0
370
   158
100
AcDbSpline
210
0.0
220
0.0
230
1.0
 70
     8
 71
     3
 72
     8
 73
     4
 74
     0
 42
0.000000001
 43
0.0000000001
 40
0.0
 40
0.0
 40
0.0
 40
0.0
 40
1.0
 40
1.0
 40
1.0
 40
1.0
 10
14.73389272699652
 20
2.120581859686956
 30
0.0
 10
14.81214274088541
 20
2.048109665242511
 30
0.0
 10
14.91579551866319
 20
2.0118874291314
 30
0.0
 10
15.0449066297743
 20
2.0118874291314
 30
0.0
  0
SPLINE
  5
1E2F
330
250
100
AcDbEntity
  8
0
370
   158
100
AcDbSpline
210
0.0
220
0.0
230
1.0
 70
     8
 71
     3
 72
     8
 73
     4
 74
     0
 42
0.000000001
 43
0.0000000001
 40
0.0
 40
0.0
 40
0.0
 40
0.0
 40
1.0
 40
1.0
 40
1.0
 40
1.0
 10
15.0449066297743
 20
2.0118874291314
 30
0.0
 10
15.09411496310764
 20
2.0118874291314
 30
0.0
 10
15.13398996310764
 20
2.019081873575845
 30
0.0
 10
15.16444829644097
 20
2.033567984686956
 30
0.0
  0
SPLINE
  5
1E30
330
250
100
AcDbEntity
  8
0
370
   158
100
AcDbSpline
210
0.0
220
0.0
230
1.0
 70
     8
 71
     3
 72
     8
 73
     4
 74
     0
 42
0.000000001
 43
0.0000000001
 40
0.0
 40
0.0
 40
0.0
 40
0.0
 40
1.0
 40
1.0
 40
1.0
 40
1.0
 10
15.16444829644097
 20
2.033567984686956
 30
0.0
 10
15.19489274088541
 20
2.048067998575846
 30
0.0
 10
15.21011496310764
 20
2.0689985541314
 30
0.0
 10
15.21011496310764
 20
2.096470748575845
 30
0.0
  0
SPLINE
  5
1E31
330
250
100
AcDbEntity
  8
0
370
   158
100
AcDbSpline
210
0.0
220
0.0
230
1.0
 70
     8
 71
     3
 72
     8
 73
     4
 74
     0
 42
0.000000001
 43
0.0000000001
 40
0.0
 40
0.0
 40
0.0
 40
0.0
 40
1.0
 40
1.0
 40
1.0
 40
1.0
 10
15.20682329644097
 20
2.11815131802029
 30
0.0
 10
15.20469829644097
 20
2.12540131802029
 30
0.0
 10
15.20067051866319
 20
2.131929109686956
 30
0.0
 10
15.19483718532986
 20
2.137706859686956
 30
0.0
  0
SPLINE
  5
1E32
330
250
100
AcDbEntity
  8
0
370
   158
100
AcDbSpline
210
0.0
220
0.0
230
1.0
 70
     8
 71
     3
 72
     8
 73
     4
 74
     0
 42
0.000000001
 43
0.0000000001
 40
0.0
 40
0.0
 40
0.0
 40
0.0
 40
1.0
 40
1.0
 40
1.0
 40
1.0
 10
15.17747607421875
 20
2.152929095798068
 30
0.0
 10
15.17162885199653
 20
2.1572485541314
 30
0.0
 10
15.16371218532986
 20
2.161567984686956
 30
0.0
 10
15.15354551866319
 20
2.165901318020289
 30
0.0
  0
SPLINE
  5
1E33
330
250
100
AcDbEntity
  8
0
370
   158
100
AcDbSpline
210
0.0
220
0.0
230
1.0
 70
     8
 71
     3
 72
     8
 73
     4
 74
     0
 42
0.000000001
 43
0.0000000001
 40
0.0
 40
0.0
 40
0.0
 40
0.0
 40
1.0
 40
1.0
 40
1.0
 40
1.0
 10
15.12735107421875
 20
2.176734665242511
 30
0.0
 10
15.12011496310764
 20
2.179595762464735
 30
0.0
 10
15.10946218532986
 20
2.182901331909179
 30
0.0
 10
15.09544829644097
 20
2.186540206909179
 30
0.0
  0
SPLINE
  5
1E34
330
250
100
AcDbEntity
  8
0
370
   158
100
AcDbSpline
210
0.0
220
0.0
230
1.0
 70
     8
 71
     3
 72
     8
 73
     4
 74
     0
 42
0.000000001
 43
0.0000000001
 40
0.0
 40
0.0
 40
0.0
 40
0.0
 40
1.0
 40
1.0
 40
1.0
 40
1.0
 10
14.87517051866319
 20
2.243679095798068
 30
0.0
 10
14.85057329644097
 20
2.250054095798068
 30
0.0
 10
14.81793440755208
 20
2.261581901353624
 30
0.0
 10
14.77736496310764
 20
2.278262401353623
 30
0.0
  0
SPLINE
  5
1E35
330
250
100
AcDbEntity
  8
0
370
   158
100
AcDbSpline
210
0.0
220
0.0
230
1.0
 70
     8
 71
     3
 72
     8
 73
     4
 74
     0
 42
0.000000001
 43
0.0000000001
 40
0.0
 40
0.0
 40
0.0
 40
0.0
 40
1.0
 40
1.0
 40
1.0
 40
1.0
 10
14.77736496310764
 20
2.278262401353623
 30
0.0
 10
14.73680940755208
 20
2.29488744302029
 30
0.0
 10
14.70739274088541
 20
2.311984651353624
 30
0.0
 10
14.68930940755208
 20
2.329345762464734
 30
0.0
  0
SPLINE
  5
1E36
330
250
100
AcDbEntity
  8
0
370
   158
100
AcDbSpline
210
0.0
220
0.0
230
1.0
 70
     8
 71
     3
 72
     8
 73
     4
 74
     0
 42
0.000000001
 43
0.0000000001
 40
0.0
 40
0.0
 40
0.0
 40
0.0
 40
1.0
 40
1.0
 40
1.0
 40
1.0
 10
14.68930940755208
 20
2.329345762464734
 30
0.0
 10
14.67115661588541
 20
2.34676244302029
 30
0.0
 10
14.65483718532986
 20
2.370276290242511
 30
0.0
 10
14.6404066297743
 20
2.400054081909178
 30
0.0
  0
SPLINE
  5
1E37
330
250
100
AcDbEntity
  8
0
370
   158
100
AcDbSpline
210
0.0
220
0.0
230
1.0
 70
     8
 71
     3
 72
     8
 73
     4
 74
     0
 42
0.000000001
 43
0.0000000001
 40
0.0
 40
0.0
 40
0.0
 40
0.0
 40
1.0
 40
1.0
 40
1.0
 40
1.0
 10
14.6404066297743
 20
2.400054081909178
 30
0.0
 10
14.6259205047743
 20
2.429706887464734
 30
0.0
 10
14.61867051866319
 20
2.464179095798068
 30
0.0
 10
14.61867051866319
 20
2.503345748575845
 30
0.0
  0
SPLINE
  5
1E38
330
250
100
AcDbEntity
  8
0
370
   158
100
AcDbSpline
210
0.0
220
0.0
230
1.0
 70
     8
 71
     3
 72
     8
 73
     4
 74
     0
 42
0.000000001
 43
0.0000000001
 40
0.0
 40
0.0
 40
0.0
 40
0.0
 40
1.0
 40
1.0
 40
1.0
 40
1.0
 10
14.61867051866319
 20
2.503345748575845
 30
0.0
 10
14.61867051866319
 20
2.600415234686956
 30
0.0
 10
14.65630942144097
 20
2.674345762464735
 30
0.0
 10
14.73169829644097
 20
2.725137387464735
 30
0.0
  0
SPLINE
  5
1E39
330
250
100
AcDbEntity
  8
0
370
   158
100
AcDbSpline
210
0.0
220
0.0
230
1.0
 70
     8
 71
     3
 72
     8
 73
     4
 74
     0
 42
0.000000001
 43
0.0000000001
 40
0.0
 40
0.0
 40
0.0
 40
0.0
 40
1.0
 40
1.0
 40
1.0
 40
1.0
 10
14.73169829644097
 20
2.725137387464735
 30
0.0
 10
14.80708718532986
 20
2.775859623575846
 30
0.0
 10
14.89983718532986
 20
2.8012624291314
 30
0.0
 10
15.01005940755208
 20
2.8012624291314
 30
0.0
  0
SPLINE
  5
1E3A
330
250
100
AcDbEntity
  8
0
370
   158
100
AcDbSpline
210
0.0
220
0.0
230
1.0
 70
     8
 71
     3
 72
     8
 73
     4
 74
     0
 42
0.000000001
 43
0.0000000001
 40
0.0
 40
0.0
 40
0.0
 40
0.0
 40
1.0
 40
1.0
 40
1.0
 40
1.0
 10
15.24598996310763
 20
2.757706859686956
 30
0.0
 10
15.3220455047743
 20
2.728720776353624
 30
0.0
 10
15.38404551866319
 20
2.685970776353623
 30
0.0
 10
15.43190661588541
 20
2.629456887464733
 30
0.0
  0
SPLINE
  5
1E3B
330
250
100
AcDbEntity
  8
0
370
   158
100
AcDbSpline
210
0.0
220
0.0
230
1.0
 70
     8
 71
     3
 72
     8
 73
     4
 74
     0
 42
0.000000001
 43
0.0000000001
 40
0.0
 40
0.0
 40
0.0
 40
0.0
 40
1.0
 40
1.0
 40
1.0
 40
1.0
 10
15.29708719921875
 20
2.485929123575845
 30
0.0
 10
15.22893440755208
 20
2.55840131802029
 30
0.0
 10
15.13033718532986
 20
2.59462356802029
 30
0.0
 10
15.00135107421875
 20
2.59462356802029
 30
0.0
  0
SPLINE
  5
1E3C
330
250
100
AcDbEntity
  8
0
370
   158
100
AcDbSpline
210
0.0
220
0.0
230
1.0
 70
     8
 71
     3
 72
     8
 73
     4
 74
     0
 42
0.000000001
 43
0.0000000001
 40
0.0
 40
0.0
 40
0.0
 40
0.0
 40
1.0
 40
1.0
 40
1.0
 40
1.0
 10
15.00135107421875
 20
2.59462356802029
 30
0.0
 10
14.90276774088541
 20
2.59462356802029
 30
0.0
 10
14.85348996310763
 20
2.569720748575845
 30
0.0
 10
14.85348996310763
 20
2.519901331909179
 30
0.0
  0
SPLINE
  5
1E3D
330
250
100
AcDbEntity
  8
0
370
   158
100
AcDbSpline
210
0.0
220
0.0
230
1.0
 70
     8
 71
     3
 72
     8
 73
     4
 74
     0
 42
0.000000001
 43
0.0000000001
 40
0.0
 40
0.0
 40
0.0
 40
0.0
 40
1.0
 40
1.0
 40
1.0
 40
1.0
 10
14.85348996310763
 20
2.519901331909179
 30
0.0
 10
14.85348996310763
 20
2.489081859686956
 30
0.0
 10
14.87011496310764
 20
2.465998540242511
 30
0.0
 10
14.90337885199652
 20
2.450595748575845
 30
0.0
  0
SPLINE
  5
1E3E
330
250
100
AcDbEntity
  8
0
370
   158
100
AcDbSpline
210
0.0
220
0.0
230
1.0
 70
     8
 71
     3
 72
     8
 73
     4
 74
     0
 42
0.000000001
 43
0.0000000001
 40
0.0
 40
0.0
 40
0.0
 40
0.0
 40
1.0
 40
1.0
 40
1.0
 40
1.0
 10
14.90337885199652
 20
2.450595748575845
 30
0.0
 10
14.93661496310764
 20
2.435248540242511
 30
0.0
 10
14.98362885199652
 20
2.420942998575845
 30
0.0
 10
15.04435107421875
 20
2.4077901791314
 30
0.0
  0
SPLINE
  5
1E3F
330
250
100
AcDbEntity
  8
0
370
   158
100
AcDbSpline
210
0.0
220
0.0
230
1.0
 70
     8
 71
     3
 72
     8
 73
     4
 74
     0
 42
0.000000001
 43
0.0000000001
 40
0.0
 40
0.0
 40
0.0
 40
0.0
 40
1.0
 40
1.0
 40
1.0
 40
1.0
 10
15.04435107421875
 20
2.4077901791314
 30
0.0
 10
15.0542816297743
 20
2.406151290242513
 30
0.0
 10
15.06133718532986
 20
2.404567984686956
 30
0.0
 10
15.06560107421875
 20
2.402970734686956
 30
0.0
  0
SPLINE
  5
1E40
330
250
100
AcDbEntity
  8
0
370
   158
100
AcDbSpline
210
0.0
220
0.0
230
1.0
 70
     8
 71
     3
 72
     8
 73
     4
 74
     0
 42
0.000000001
 43
0.0000000001
 40
0.0
 40
0.0
 40
0.0
 40
0.0
 40
1.0
 40
1.0
 40
1.0
 40
1.0
 10
15.17936496310763
 20
2.37729019302029
 30
0.0
 10
15.20701774088541
 20
2.370998540242513
 30
0.0
 10
15.24001774088541
 20
2.359929081909179
 30
0.0
 10
15.27850383810763
 20
2.3440263041314
 30
0.0
  0
SPLINE
  5
1E41
330
250
100
AcDbEntity
  8
0
370
   158
100
AcDbSpline
210
0.0
220
0.0
230
1.0
 70
     8
 71
     3
 72
     8
 73
     4
 74
     0
 42
0.000000001
 43
0.0000000001
 40
0.0
 40
0.0
 40
0.0
 40
0.0
 40
1.0
 40
1.0
 40
1.0
 40
1.0
 10
15.27850383810763
 20
2.3440263041314
 30
0.0
 10
15.31693439366319
 20
2.328137456909179
 30
0.0
 10
15.34665664366319
 20
2.310776345798068
 30
0.0
 10
15.36772606032986
 20
2.291956845798068
 30
0.0
  0
SPLINE
  5
1E42
330
250
100
AcDbEntity
  8
0
370
   158
100
AcDbSpline
210
0.0
220
0.0
230
1.0
 70
     8
 71
     3
 72
     8
 73
     4
 74
     0
 42
0.000000001
 43
0.0000000001
 40
0.0
 40
0.0
 40
0.0
 40
0.0
 40
1.0
 40
1.0
 40
1.0
 40
1.0
 10
15.36772606032986
 20
2.291956845798068
 30
0.0
 10
15.38872607421875
 20
2.273151290242513
 30
0.0
 10
15.40687883810764
 20
2.248234637464734
 30
0.0
 10
15.42210107421875
 20
2.217109651353624
 30
0.0
  0
SPLINE
  5
1E43
330
250
100
AcDbEntity
  8
0
370
   158
100
AcDbSpline
210
0.0
220
0.0
230
1.0
 70
     8
 71
     3
 72
     8
 73
     4
 74
     0
 42
0.000000001
 43
0.0000000001
 40
0.0
 40
0.0
 40
0.0
 40
0.0
 40
1.0
 40
1.0
 40
1.0
 40
1.0
 10
15.42210107421875
 20
2.217109651353624
 30
0.0
 10
15.43733718532986
 20
2.185998540242513
 30
0.0
 10
15.44494829644097
 20
2.15091519302029
 30
0.0
 10
15.44494829644097
 20
2.1118735541314
 30
0.0
  0
SPLINE
  5
1E44
330
250
100
AcDbEntity
  8
0
370
   158
100
AcDbSpline
210
0.0
220
0.0
230
1.0
 70
     8
 71
     3
 72
     8
 73
     4
 74
     0
 42
0.000000001
 43
0.0000000001
 40
0.0
 40
0.0
 40
0.0
 40
0.0
 40
1.0
 40
1.0
 40
1.0
 40
1.0
 10
15.44494829644097
 20
2.1118735541314
 30
0.0
 10
15.44494829644097
 20
2.014804095798067
 30
0.0
 10
15.40615661588542
 20
1.939345762464735
 30
0.0
 10
15.32862885199653
 20
1.8857624291314
 30
0.0
  0
SPLINE
  5
1E45
330
250
100
AcDbEntity
  8
0
370
   158
100
AcDbSpline
210
0.0
220
0.0
230
1.0
 70
     8
 71
     3
 72
     8
 73
     4
 74
     0
 42
0.000000001
 43
0.0000000001
 40
0.0
 40
0.0
 40
0.0
 40
0.0
 40
1.0
 40
1.0
 40
1.0
 40
1.0
 10
15.32862885199653
 20
1.8857624291314
 30
0.0
 10
15.25104551866319
 20
1.832179095798068
 30
0.0
 10
15.15433718532986
 20
1.805317984686956
 30
0.0
 10
15.03832329644097
 20
1.805317984686956
 30
0.0
  0
SPLINE
  5
1E46
330
250
100
AcDbEntity
  8
0
370
   158
100
AcDbSpline
210
0.0
220
0.0
230
1.0
 70
     8
 71
     3
 72
     8
 73
     4
 74
     0
 42
0.000000001
 43
0.0000000001
 40
0.0
 40
0.0
 40
0.0
 40
0.0
 40
1.0
 40
1.0
 40
1.0
 40
1.0
 10
16.197265625
 20
1.805317984686956
 30
0.0
 10
16.071140625
 20
1.805317984686956
 30
0.0
 10
15.96676561111111
 20
1.8451374291314
 30
0.0
 10
15.88412673611111
 20
1.924915206909179
 30
0.0
  0
SPLINE
  5
1E47
330
250
100
AcDbEntity
  8
0
370
   158
100
AcDbSpline
210
0.0
220
0.0
230
1.0
 70
     8
 71
     3
 72
     8
 73
     4
 74
     0
 42
0.000000001
 43
0.0000000001
 40
0.0
 40
0.0
 40
0.0
 40
0.0
 40
1.0
 40
1.0
 40
1.0
 40
1.0
 10
15.88412673611111
 20
1.924915206909179
 30
0.0
 10
15.80154338888889
 20
2.00465131802029
 30
0.0
 10
15.76019618055555
 20
2.106095762464735
 30
0.0
 10
15.76019618055555
 20
2.229345776353623
 30
0.0
  0
SPLINE
  5
1E48
330
250
100
AcDbEntity
  8
0
370
   158
100
AcDbSpline
210
0.0
220
0.0
230
1.0
 70
     8
 71
     3
 72
     8
 73
     4
 74
     0
 42
0.000000001
 43
0.0000000001
 40
0.0
 40
0.0
 40
0.0
 40
0.0
 40
1.0
 40
1.0
 40
1.0
 40
1.0
 10
15.99940451388889
 20
2.222790220798068
 30
0.0
 10
15.99940451388889
 20
2.164804081909179
 30
0.0
 10
16.01858506944444
 20
2.116567984686956
 30
0.0
 10
16.057015625
 20
2.078192970798068
 30
0.0
  0
SPLINE
  5
1E49
330
250
100
AcDbEntity
  8
0
370
   158
100
AcDbSpline
210
0.0
220
0.0
230
1.0
 70
     8
 71
     3
 72
     8
 73
     4
 74
     0
 42
0.000000001
 43
0.0000000001
 40
0.0
 40
0.0
 40
0.0
 40
0.0
 40
1.0
 40
1.0
 40
1.0
 40
1.0
 10
16.057015625
 20
2.078192970798068
 30
0.0
 10
16.095390625
 20
2.039776331909179
 30
0.0
 10
16.14361284722222
 20
2.020595762464735
 30
0.0
 10
16.20158506944444
 20
2.020595762464735
 30
0.0
  0
SPLINE
  5
1E4A
330
250
100
AcDbEntity
  8
0
370
   158
100
AcDbSpline
210
0.0
220
0.0
230
1.0
 70
     8
 71
     3
 72
     8
 73
     4
 74
     0
 42
0.000000001
 43
0.0000000001
 40
0.0
 40
0.0
 40
0.0
 40
0.0
 40
1.0
 40
1.0
 40
1.0
 40
1.0
 10
16.20158506944444
 20
2.020595762464735
 30
0.0
 10
16.26108506944444
 20
2.020595762464735
 30
0.0
 10
16.31071006944444
 20
2.039776331909179
 30
0.0
 10
16.35054340277777
 20
2.078192970798068
 30
0.0
  0
SPLINE
  5
1E4B
330
250
100
AcDbEntity
  8
0
370
   158
100
AcDbSpline
210
0.0
220
0.0
230
1.0
 70
     8
 71
     3
 72
     8
 73
     4
 74
     0
 42
0.000000001
 43
0.0000000001
 40
0.0
 40
0.0
 40
0.0
 40
0.0
 40
1.0
 40
1.0
 40
1.0
 40
1.0
 10
16.35054340277777
 20
2.078192970798068
 30
0.0
 10
16.39043229166667
 20
2.116567984686956
 30
0.0
 10
16.41034895833333
 20
2.164804081909179
 30
0.0
 10
16.41034895833333
 20
2.222790220798068
 30
0.0
  0
SPLINE
  5
1E4C
330
250
100
AcDbEntity
  8
0
370
   158
100
AcDbSpline
210
0.0
220
0.0
230
1.0
 70
     8
 71
     3
 72
     8
 73
     4
 74
     0
 42
0.000000001
 43
0.0000000001
 40
0.0
 40
0.0
 40
0.0
 40
0.0
 40
1.0
 40
1.0
 40
1.0
 40
1.0
 10
16.64955727777778
 20
2.222790220798068
 30
0.0
 10
16.64955727777778
 20
2.102442984686956
 30
0.0
 10
16.60675173611111
 20
2.002817984686956
 30
0.0
 10
16.52125173611111
 20
1.923817984686956
 30
0.0
  0
SPLINE
  5
1E4D
330
250
100
AcDbEntity
  8
0
370
   158
100
AcDbSpline
210
0.0
220
0.0
230
1.0
 70
     8
 71
     3
 72
     8
 73
     4
 74
     0
 42
0.000000001
 43
0.0000000001
 40
0.0
 40
0.0
 40
0.0
 40
0.0
 40
1.0
 40
1.0
 40
1.0
 40
1.0
 10
16.52125173611111
 20
1.923817984686956
 30
0.0
 10
16.43573784722222
 20
1.84477631802029
 30
0.0
 10
16.327765625
 20
1.805317984686956
 30
0.0
 10
16.197265625
 20
1.805317984686956
 30
0.0
  0
SPLINE
  5
1E4E
330
250
100
AcDbEntity
  8
0
370
   158
100
AcDbSpline
210
0.0
220
0.0
230
1.0
 70
     8
 71
     3
 72
     8
 73
     4
 74
     0
 42
0.000000001
 43
0.0000000001
 40
0.0
 40
0.0
 40
0.0
 40
0.0
 40
1.0
 40
1.0
 40
1.0
 40
1.0
 10
17.15292644618055
 20
1.853109651353624
 30
0.0
 10
17.06956532118055
 20
1.88502631802029
 30
0.0
 10
17.006898640625
 20
1.930706873575845
 30
0.0
 10
16.96481529340278
 20
1.99015131802029
 30
0.0
  0
SPLINE
  5
1E4F
330
250
100
AcDbEntity
  8
0
370
   158
100
AcDbSpline
210
0.0
220
0.0
230
1.0
 70
     8
 71
     3
 72
     8
 73
     4
 74
     0
 42
0.000000001
 43
0.0000000001
 40
0.0
 40
0.0
 40
0.0
 40
0.0
 40
1.0
 40
1.0
 40
1.0
 40
1.0
 10
17.10835697395833
 20
2.120581859686956
 30
0.0
 10
17.18660698784722
 20
2.048109665242511
 30
0.0
 10
17.290259765625
 20
2.0118874291314
 30
0.0
 10
17.41930143229167
 20
2.0118874291314
 30
0.0
  0
SPLINE
  5
1E50
330
250
100
AcDbEntity
  8
0
370
   158
100
AcDbSpline
210
0.0
220
0.0
230
1.0
 70
     8
 71
     3
 72
     8
 73
     4
 74
     0
 42
0.000000001
 43
0.0000000001
 40
0.0
 40
0.0
 40
0.0
 40
0.0
 40
1.0
 40
1.0
 40
1.0
 40
1.0
 10
17.41930143229167
 20
2.0118874291314
 30
0.0
 10
17.46856532118055
 20
2.0118874291314
 30
0.0
 10
17.50845421006944
 20
2.019081873575845
 30
0.0
 10
17.53891254340278
 20
2.033567984686956
 30
0.0
  0
SPLINE
  5
1E51
330
250
100
AcDbEntity
  8
0
370
   158
100
AcDbSpline
210
0.0
220
0.0
230
1.0
 70
     8
 71
     3
 72
     8
 73
     4
 74
     0
 42
0.000000001
 43
0.0000000001
 40
0.0
 40
0.0
 40
0.0
 40
0.0
 40
1.0
 40
1.0
 40
1.0
 40
1.0
 10
17.53891254340278
 20
2.033567984686956
 30
0.0
 10
17.56935698784722
 20
2.048067998575846
 30
0.0
 10
17.58457921006944
 20
2.0689985541314
 30
0.0
 10
17.58457921006944
 20
2.096470748575845
 30
0.0
  0
SPLINE
  5
1E52
330
250
100
AcDbEntity
  8
0
370
   158
100
AcDbSpline
210
0.0
220
0.0
230
1.0
 70
     8
 71
     3
 72
     8
 73
     4
 74
     0
 42
0.000000001
 43
0.0000000001
 40
0.0
 40
0.0
 40
0.0
 40
0.0
 40
1.0
 40
1.0
 40
1.0
 40
1.0
 10
17.58128754340278
 20
2.11815131802029
 30
0.0
 10
17.57916254340277
 20
2.12540131802029
 30
0.0
 10
17.575134765625
 20
2.131929109686956
 30
0.0
 10
17.56930143229167
 20
2.137706859686956
 30
0.0
  0
SPLINE
  5
1E53
330
250
100
AcDbEntity
  8
0
370
   158
100
AcDbSpline
210
0.0
220
0.0
230
1.0
 70
     8
 71
     3
 72
     8
 73
     4
 74
     0
 42
0.000000001
 43
0.0000000001
 40
0.0
 40
0.0
 40
0.0
 40
0.0
 40
1.0
 40
1.0
 40
1.0
 40
1.0
 10
17.55194032118055
 20
2.152929095798068
 30
0.0
 10
17.54609309895833
 20
2.1572485541314
 30
0.0
 10
17.53817643229167
 20
2.161567984686956
 30
0.0
 10
17.528009765625
 20
2.165901318020289
 30
0.0
  0
SPLINE
  5
1E54
330
250
100
AcDbEntity
  8
0
370
   158
100
AcDbSpline
210
0.0
220
0.0
230
1.0
 70
     8
 71
     3
 72
     8
 73
     4
 74
     0
 42
0.000000001
 43
0.0000000001
 40
0.0
 40
0.0
 40
0.0
 40
0.0
 40
1.0
 40
1.0
 40
1.0
 40
1.0
 10
17.50181532118055
 20
2.176734665242511
 30
0.0
 10
17.49457921006944
 20
2.179595762464735
 30
0.0
 10
17.48391254340277
 20
2.182901331909179
 30
0.0
 10
17.46991254340278
 20
2.186540206909179
 30
0.0
  0
SPLINE
  5
1E55
330
250
100
AcDbEntity
  8
0
370
   158
100
AcDbSpline
210
0.0
220
0.0
230
1.0
 70
     8
 71
     3
 72
     8
 73
     4
 74
     0
 42
0.000000001
 43
0.0000000001
 40
0.0
 40
0.0
 40
0.0
 40
0.0
 40
1.0
 40
1.0
 40
1.0
 40
1.0
 10
17.249634765625
 20
2.243679095798068
 30
0.0
 10
17.22503754340278
 20
2.250054095798068
 30
0.0
 10
17.192384765625
 20
2.261581901353624
 30
0.0
 10
17.15182921006944
 20
2.278262401353623
 30
0.0
  0
SPLINE
  5
1E56
330
250
100
AcDbEntity
  8
0
370
   158
100
AcDbSpline
210
0.0
220
0.0
230
1.0
 70
     8
 71
     3
 72
     8
 73
     4
 74
     0
 42
0.000000001
 43
0.0000000001
 40
0.0
 40
0.0
 40
0.0
 40
0.0
 40
1.0
 40
1.0
 40
1.0
 40
1.0
 10
17.15182921006944
 20
2.278262401353623
 30
0.0
 10
17.11127365451389
 20
2.29488744302029
 30
0.0
 10
17.08185698784722
 20
2.311984651353624
 30
0.0
 10
17.06377365451389
 20
2.329345762464734
 30
0.0
  0
SPLINE
  5
1E57
330
250
100
AcDbEntity
  8
0
370
   158
100
AcDbSpline
210
0.0
220
0.0
230
1.0
 70
     8
 71
     3
 72
     8
 73
     4
 74
     0
 42
0.000000001
 43
0.0000000001
 40
0.0
 40
0.0
 40
0.0
 40
0.0
 40
1.0
 40
1.0
 40
1.0
 40
1.0
 10
17.06377365451389
 20
2.329345762464734
 30
0.0
 10
17.04562086284722
 20
2.34676244302029
 30
0.0
 10
17.02930143229167
 20
2.370276290242511
 30
0.0
 10
17.0148708767361
 20
2.400054081909178
 30
0.0
  0
SPLINE
  5
1E58
330
250
100
AcDbEntity
  8
0
370
   158
100
AcDbSpline
210
0.0
220
0.0
230
1.0
 70
     8
 71
     3
 72
     8
 73
     4
 74
     0
 42
0.000000001
 43
0.0000000001
 40
0.0
 40
0.0
 40
0.0
 40
0.0
 40
1.0
 40
1.0
 40
1.0
 40
1.0
 10
17.0148708767361
 20
2.400054081909178
 30
0.0
 10
17.00038475173611
 20
2.429706887464734
 30
0.0
 10
16.993134765625
 20
2.464179095798068
 30
0.0
 10
16.993134765625
 20
2.503345748575845
 30
0.0
  0
SPLINE
  5
1E59
330
250
100
AcDbEntity
  8
0
370
   158
100
AcDbSpline
210
0.0
220
0.0
230
1.0
 70
     8
 71
     3
 72
     8
 73
     4
 74
     0
 42
0.000000001
 43
0.0000000001
 40
0.0
 40
0.0
 40
0.0
 40
0.0
 40
1.0
 40
1.0
 40
1.0
 40
1.0
 10
16.993134765625
 20
2.503345748575845
 30
0.0
 10
16.993134765625
 20
2.600415234686956
 30
0.0
 10
17.03077366840278
 20
2.674345762464735
 30
0.0
 10
17.10616254340278
 20
2.725137387464735
 30
0.0
  0
SPLINE
  5
1E5A
330
250
100
AcDbEntity
  8
0
370
   158
100
AcDbSpline
210
0.0
220
0.0
230
1.0
 70
     8
 71
     3
 72
     8
 73
     4
 74
     0
 42
0.000000001
 43
0.0000000001
 40
0.0
 40
0.0
 40
0.0
 40
0.0
 40
1.0
 40
1.0
 40
1.0
 40
1.0
 10
17.10616254340278
 20
2.725137387464735
 30
0.0
 10
17.18155143229166
 20
2.775859623575846
 30
0.0
 10
17.27430143229167
 20
2.8012624291314
 30
0.0
 10
17.38446809895833
 20
2.8012624291314
 30
0.0
  0
SPLINE
  5
1E5B
330
250
100
AcDbEntity
  8
0
370
   158
100
AcDbSpline
210
0.0
220
0.0
230
1.0
 70
     8
 71
     3
 72
     8
 73
     4
 74
     0
 42
0.000000001
 43
0.0000000001
 40
0.0
 40
0.0
 40
0.0
 40
0.0
 40
1.0
 40
1.0
 40
1.0
 40
1.0
 10
17.62045421006944
 20
2.757706859686956
 30
0.0
 10
17.69650975173611
 20
2.728720776353624
 30
0.0
 10
17.758509765625
 20
2.685970776353623
 30
0.0
 10
17.80637086284722
 20
2.629456887464733
 30
0.0
  0
SPLINE
  5
1E5C
330
250
100
AcDbEntity
  8
0
370
   158
100
AcDbSpline
210
0.0
220
0.0
230
1.0
 70
     8
 71
     3
 72
     8
 73
     4
 74
     0
 42
0.000000001
 43
0.0000000001
 40
0.0
 40
0.0
 40
0.0
 40
0.0
 40
1.0
 40
1.0
 40
1.0
 40
1.0
 10
17.67153752951389
 20
2.485929123575845
 30
0.0
 10
17.60339865451389
 20
2.55840131802029
 30
0.0
 10
17.50480143229166
 20
2.59462356802029
 30
0.0
 10
17.37581532118056
 20
2.59462356802029
 30
0.0
  0
SPLINE
  5
1E5D
330
250
100
AcDbEntity
  8
0
370
   158
100
AcDbSpline
210
0.0
220
0.0
230
1.0
 70
     8
 71
     3
 72
     8
 73
     4
 74
     0
 42
0.000000001
 43
0.0000000001
 40
0.0
 40
0.0
 40
0.0
 40
0.0
 40
1.0
 40
1.0
 40
1.0
 40
1.0
 10
17.37581532118056
 20
2.59462356802029
 30
0.0
 10
17.27721809895833
 20
2.59462356802029
 30
0.0
 10
17.22795421006944
 20
2.569720748575845
 30
0.0
 10
17.22795421006944
 20
2.519901331909179
 30
0.0
  0
SPLINE
  5
1E5E
330
250
100
AcDbEntity
  8
0
370
   158
100
AcDbSpline
210
0.0
220
0.0
230
1.0
 70
     8
 71
     3
 72
     8
 73
     4
 74
     0
 42
0.000000001
 43
0.0000000001
 40
0.0
 40
0.0
 40
0.0
 40
0.0
 40
1.0
 40
1.0
 40
1.0
 40
1.0
 10
17.22795421006944
 20
2.519901331909179
 30
0.0
 10
17.22795421006944
 20
2.489081859686956
 30
0.0
 10
17.24457921006944
 20
2.465998540242511
 30
0.0
 10
17.27782921006944
 20
2.450595748575845
 30
0.0
  0
SPLINE
  5
1E5F
330
250
100
AcDbEntity
  8
0
370
   158
100
AcDbSpline
210
0.0
220
0.0
230
1.0
 70
     8
 71
     3
 72
     8
 73
     4
 74
     0
 42
0.000000001
 43
0.0000000001
 40
0.0
 40
0.0
 40
0.0
 40
0.0
 40
1.0
 40
1.0
 40
1.0
 40
1.0
 10
17.27782921006944
 20
2.450595748575845
 30
0.0
 10
17.31107921006944
 20
2.435248540242511
 30
0.0
 10
17.35803754340278
 20
2.420942998575845
 30
0.0
 10
17.41881532118055
 20
2.4077901791314
 30
0.0
  0
SPLINE
  5
1E60
330
250
100
AcDbEntity
  8
0
370
   158
100
AcDbSpline
210
0.0
220
0.0
230
1.0
 70
     8
 71
     3
 72
     8
 73
     4
 74
     0
 42
0.000000001
 43
0.0000000001
 40
0.0
 40
0.0
 40
0.0
 40
0.0
 40
1.0
 40
1.0
 40
1.0
 40
1.0
 10
17.41881532118055
 20
2.4077901791314
 30
0.0
 10
17.42873198784722
 20
2.406151290242513
 30
0.0
 10
17.43580143229167
 20
2.404567984686956
 30
0.0
 10
17.44006532118055
 20
2.402970734686956
 30
0.0
  0
SPLINE
  5
1E61
330
250
100
AcDbEntity
  8
0
370
   158
100
AcDbSpline
210
0.0
220
0.0
230
1.0
 70
     8
 71
     3
 72
     8
 73
     4
 74
     0
 42
0.000000001
 43
0.0000000001
 40
0.0
 40
0.0
 40
0.0
 40
0.0
 40
1.0
 40
1.0
 40
1.0
 40
1.0
 10
17.55382921006944
 20
2.37729019302029
 30
0.0
 10
17.58148198784722
 20
2.370998540242513
 30
0.0
 10
17.61448198784721
 20
2.359929081909179
 30
0.0
 10
17.65296808506944
 20
2.3440263041314
 30
0.0
  0
SPLINE
  5
1E62
330
250
100
AcDbEntity
  8
0
370
   158
100
AcDbSpline
210
0.0
220
0.0
230
1.0
 70
     8
 71
     3
 72
     8
 73
     4
 74
     0
 42
0.000000001
 43
0.0000000001
 40
0.0
 40
0.0
 40
0.0
 40
0.0
 40
1.0
 40
1.0
 40
1.0
 40
1.0
 10
17.65296808506944
 20
2.3440263041314
 30
0.0
 10
17.691398640625
 20
2.328137456909179
 30
0.0
 10
17.721120890625
 20
2.310776345798068
 30
0.0
 10
17.74219030729167
 20
2.291956845798068
 30
0.0
  0
SPLINE
  5
1E63
330
250
100
AcDbEntity
  8
0
370
   158
100
AcDbSpline
210
0.0
220
0.0
230
1.0
 70
     8
 71
     3
 72
     8
 73
     4
 74
     0
 42
0.000000001
 43
0.0000000001
 40
0.0
 40
0.0
 40
0.0
 40
0.0
 40
1.0
 40
1.0
 40
1.0
 40
1.0
 10
17.74219030729167
 20
2.291956845798068
 30
0.0
 10
17.76319032118055
 20
2.273151290242513
 30
0.0
 10
17.78134308506944
 20
2.248234637464734
 30
0.0
 10
17.79656532118055
 20
2.217109651353624
 30
0.0
  0
SPLINE
  5
1E64
330
250
100
AcDbEntity
  8
0
370
   158
100
AcDbSpline
210
0.0
220
0.0
230
1.0
 70
     8
 71
     3
 72
     8
 73
     4
 74
     0
 42
0.000000001
 43
0.0000000001
 40
0.0
 40
0.0
 40
0.0
 40
0.0
 40
1.0
 40
1.0
 40
1.0
 40
1.0
 10
17.79656532118055
 20
2.217109651353624
 30
0.0
 10
17.81180143229167
 20
2.185998540242513
 30
0.0
 10
17.819398640625
 20
2.15091519302029
 30
0.0
 10
17.819398640625
 20
2.1118735541314
 30
0.0
  0
SPLINE
  5
1E65
330
250
100
AcDbEntity
  8
0
370
   158
100
AcDbSpline
210
0.0
220
0.0
230
1.0
 70
     8
 71
     3
 72
     8
 73
     4
 74
     0
 42
0.000000001
 43
0.0000000001
 40
0.0
 40
0.0
 40
0.0
 40
0.0
 40
1.0
 40
1.0
 40
1.0
 40
1.0
 10
17.819398640625
 20
2.1118735541314
 30
0.0
 10
17.819398640625
 20
2.014804095798067
 30
0.0
 10
17.78060698784722
 20
1.939345762464735
 30
0.0
 10
17.70309309895832
 20
1.8857624291314
 30
0.0
  0
SPLINE
  5
1E66
330
250
100
AcDbEntity
  8
0
370
   158
100
AcDbSpline
210
0.0
220
0.0
230
1.0
 70
     8
 71
     3
 72
     8
 73
     4
 74
     0
 42
0.000000001
 43
0.0000000001
 40
0.0
 40
0.0
 40
0.0
 40
0.0
 40
1.0
 40
1.0
 40
1.0
 40
1.0
 10
17.70309309895832
 20
1.8857624291314
 30
0.0
 10
17.62549587673611
 20
1.832179095798068
 30
0.0
 10
17.52873198784722
 20
1.805317984686956
 30
0.0
 10
17.41278754340278
 20
1.805317984686956
 30
0.0
  0
SPLINE
  5
1E67
330
250
100
AcDbEntity
  8
0
370
   158
100
AcDbSpline
210
0.0
220
0.0
230
1.0
 70
     8
 71
     3
 72
     8
 73
     4
 74
     0
 42
0.000000001
 43
0.0000000001
 40
0.0
 40
0.0
 40
0.0
 40
0.0
 40
1.0
 40
1.0
 40
1.0
 40
1.0
 10
24.35800509982639
 20
2.016227722167968
 30
0.0
 10
24.4014912109375
 20
2.016227722167968
 30
0.0
 10
24.43625509982639
 20
2.026338833279079
 30
0.0
 10
24.46239398871528
 20
2.046672166612413
 30
0.0
  0
SPLINE
  5
1E68
330
250
100
AcDbEntity
  8
0
370
   158
100
AcDbSpline
210
0.0
220
0.0
230
1.0
 70
     8
 71
     3
 72
     8
 73
     4
 74
     0
 42
0.000000001
 43
0.0000000001
 40
0.0
 40
0.0
 40
0.0
 40
0.0
 40
1.0
 40
1.0
 40
1.0
 40
1.0
 10
24.46239398871528
 20
2.046672166612413
 30
0.0
 10
24.48850509982639
 20
2.06694994439019
 30
0.0
 10
24.50154676649306
 20
2.090158277723524
 30
0.0
 10
24.50154676649306
 20
2.116283277723524
 30
0.0
  0
SPLINE
  5
1E69
330
250
100
AcDbEntity
  8
0
370
   158
100
AcDbSpline
210
0.0
220
0.0
230
1.0
 70
     8
 71
     3
 72
     8
 73
     4
 74
     0
 42
0.000000001
 43
0.0000000001
 40
0.0
 40
0.0
 40
0.0
 40
0.0
 40
1.0
 40
1.0
 40
1.0
 40
1.0
 10
24.50154676649306
 20
2.116283277723524
 30
0.0
 10
24.50154676649306
 20
2.143811055501301
 30
0.0
 10
24.48881065538194
 20
2.167005499945745
 30
0.0
 10
24.46347732204861
 20
2.18582494439019
 30
0.0
  0
SPLINE
  5
1E6A
330
250
100
AcDbEntity
  8
0
370
   158
100
AcDbSpline
210
0.0
220
0.0
230
1.0
 70
     8
 71
     3
 72
     8
 73
     4
 74
     0
 42
0.000000001
 43
0.0000000001
 40
0.0
 40
0.0
 40
0.0
 40
0.0
 40
1.0
 40
1.0
 40
1.0
 40
1.0
 10
24.46347732204861
 20
2.18582494439019
 30
0.0
 10
24.43808843315972
 20
2.204644388834634
 30
0.0
 10
24.40221343315972
 20
2.214088833279079
 30
0.0
 10
24.3558662109375
 20
2.214088833279079
 30
0.0
  0
SPLINE
  5
1E6B
330
250
100
AcDbEntity
  8
0
370
   158
100
AcDbSpline
210
0.0
220
0.0
230
1.0
 70
     8
 71
     3
 72
     8
 73
     4
 74
     0
 42
0.000000001
 43
0.0000000001
 40
0.0
 40
0.0
 40
0.0
 40
0.0
 40
1.0
 40
1.0
 40
1.0
 40
1.0
 10
24.3297412109375
 20
2.394588847167967
 30
0.0
 10
24.36744954427084
 20
2.394588847167967
 30
0.0
 10
24.39715787760416
 20
2.404699930501301
 30
0.0
 10
24.41890787760417
 20
2.425047152723523
 30
0.0
  0
SPLINE
  5
1E6C
330
250
100
AcDbEntity
  8
0
370
   158
100
AcDbSpline
210
0.0
220
0.0
230
1.0
 70
     8
 71
     3
 72
     8
 73
     4
 74
     0
 42
0.000000001
 43
0.0000000001
 40
0.0
 40
0.0
 40
0.0
 40
0.0
 40
1.0
 40
1.0
 40
1.0
 40
1.0
 10
24.41890787760417
 20
2.425047152723523
 30
0.0
 10
24.44064398871528
 20
2.445324944390189
 30
0.0
 10
24.45154676649306
 20
2.469255499945746
 30
0.0
 10
24.45154676649306
 20
2.496783249945746
 30
0.0
  0
SPLINE
  5
1E6D
330
250
100
AcDbEntity
  8
0
370
   158
100
AcDbSpline
210
0.0
220
0.0
230
1.0
 70
     8
 71
     3
 72
     8
 73
     4
 74
     0
 42
0.000000001
 43
0.0000000001
 40
0.0
 40
0.0
 40
0.0
 40
0.0
 40
1.0
 40
1.0
 40
1.0
 40
1.0
 10
24.45154676649306
 20
2.496783249945746
 30
0.0
 10
24.45154676649306
 20
2.522894388834634
 30
0.0
 10
24.44064398871528
 20
2.544949958279079
 30
0.0
 10
24.41890787760417
 20
2.563102722167968
 30
0.0
  0
SPLINE
  5
1E6E
330
250
100
AcDbEntity
  8
0
370
   158
100
AcDbSpline
210
0.0
220
0.0
230
1.0
 70
     8
 71
     3
 72
     8
 73
     4
 74
     0
 42
0.000000001
 43
0.0000000001
 40
0.0
 40
0.0
 40
0.0
 40
0.0
 40
1.0
 40
1.0
 40
1.0
 40
1.0
 10
24.41890787760417
 20
2.563102722167968
 30
0.0
 10
24.39715787760416
 20
2.581255486056856
 30
0.0
 10
24.36597732204861
 20
2.590324930501302
 30
0.0
 10
24.3253662109375
 20
2.590324930501302
 30
0.0
  0
SPLINE
  5
1E6F
330
250
100
AcDbEntity
  8
0
370
   158
100
AcDbSpline
210
0.0
220
0.0
230
1.0
 70
     8
 71
     3
 72
     8
 73
     4
 74
     0
 42
0.000000001
 43
0.0000000001
 40
0.0
 40
0.0
 40
0.0
 40
0.0
 40
1.0
 40
1.0
 40
1.0
 40
1.0
 10
24.58418565538194
 20
2.318477708279079
 30
0.0
 10
24.63631065538195
 20
2.2937971805013
 30
0.0
 10
24.67583844704861
 20
2.261588833279079
 30
0.0
 10
24.70268564149306
 20
2.221769388834634
 30
0.0
  0
SPLINE
  5
1E70
330
250
100
AcDbEntity
  8
0
370
   158
100
AcDbSpline
210
0.0
220
0.0
230
1.0
 70
     8
 71
     3
 72
     8
 73
     4
 74
     0
 42
0.000000001
 43
0.0000000001
 40
0.0
 40
0.0
 40
0.0
 40
0.0
 40
1.0
 40
1.0
 40
1.0
 40
1.0
 10
24.70268564149306
 20
2.221769388834634
 30
0.0
 10
24.72943565538195
 20
2.181880499945745
 30
0.0
 10
24.74288009982639
 20
2.139422166612413
 30
0.0
 10
24.74288009982639
 20
2.094547166612413
 30
0.0
  0
SPLINE
  5
1E71
330
250
100
AcDbEntity
  8
0
370
   158
100
AcDbSpline
210
0.0
220
0.0
230
1.0
 70
     8
 71
     3
 72
     8
 73
     4
 74
     0
 42
0.000000001
 43
0.0000000001
 40
0.0
 40
0.0
 40
0.0
 40
0.0
 40
1.0
 40
1.0
 40
1.0
 40
1.0
 10
24.74288009982639
 20
2.094547166612413
 30
0.0
 10
24.74288009982639
 20
2.024936055501302
 30
0.0
 10
24.71097732204861
 20
1.964408277723524
 30
0.0
 10
24.64721343315972
 20
1.912936055501301
 30
0.0
  0
SPLINE
  5
1E72
330
250
100
AcDbEntity
  8
0
370
   158
100
AcDbSpline
210
0.0
220
0.0
230
1.0
 70
     8
 71
     3
 72
     8
 73
     4
 74
     0
 42
0.000000001
 43
0.0000000001
 40
0.0
 40
0.0
 40
0.0
 40
0.0
 40
1.0
 40
1.0
 40
1.0
 40
1.0
 10
24.64721343315972
 20
1.912936055501301
 30
0.0
 10
24.58344954427083
 20
1.861477722167968
 30
0.0
 10
24.49503287760417
 20
1.835783277723524
 30
0.0
 10
24.38193565538194
 20
1.835783277723524
 30
0.0
  0
SPLINE
  5
1E73
330
250
100
AcDbEntity
  8
0
370
   158
100
AcDbSpline
210
0.0
220
0.0
230
1.0
 70
     8
 71
     3
 72
     8
 73
     4
 74
     0
 42
0.000000001
 43
0.0000000001
 40
0.0
 40
0.0
 40
0.0
 40
0.0
 40
1.0
 40
1.0
 40
1.0
 40
1.0
 10
24.33626898871529
 20
2.770769388834635
 30
0.0
 10
24.44929676649306
 20
2.770769388834635
 30
0.0
 10
24.5369912109375
 20
2.745366624945746
 30
0.0
 10
24.59933841927083
 20
2.694713861056857
 30
0.0
  0
SPLINE
  5
1E74
330
250
100
AcDbEntity
  8
0
370
   158
100
AcDbSpline
210
0.0
220
0.0
230
1.0
 70
     8
 71
     3
 72
     8
 73
     4
 74
     0
 42
0.000000001
 43
0.0000000001
 40
0.0
 40
0.0
 40
0.0
 40
0.0
 40
1.0
 40
1.0
 40
1.0
 40
1.0
 10
24.59933841927083
 20
2.694713861056857
 30
0.0
 10
24.66171344704861
 20
2.643908291612413
 30
0.0
 10
24.69288009982639
 20
2.583797194390189
 30
0.0
 10
24.69288009982639
 20
2.514199944390191
 30
0.0
  0
SPLINE
  5
1E75
330
250
100
AcDbEntity
  8
0
370
   158
100
AcDbSpline
210
0.0
220
0.0
230
1.0
 70
     8
 71
     3
 72
     8
 73
     4
 74
     0
 42
0.000000001
 43
0.0000000001
 40
0.0
 40
0.0
 40
0.0
 40
0.0
 40
1.0
 40
1.0
 40
1.0
 40
1.0
 10
24.69288009982639
 20
2.514199944390191
 30
0.0
 10
24.69288009982639
 20
2.434477722167968
 30
0.0
 10
24.65658841927083
 20
2.36919994439019
 30
0.0
 10
24.58418565538194
 20
2.318477708279079
 30
0.0
  0
SPLINE
  5
1E76
330
250
100
AcDbEntity
  8
0
370
   158
100
AcDbSpline
210
0.0
220
0.0
230
1.0
 70
     8
 71
     3
 72
     8
 73
     4
 74
     0
 42
0.000000001
 43
0.0000000001
 40
0.0
 40
0.0
 40
0.0
 40
0.0
 40
1.0
 40
1.0
 40
1.0
 40
1.0
 10
27.93494883897569
 20
2.044520907931856
 30
0.0
 10
28.01605995008681
 20
2.044520907931856
 30
0.0
 10
28.08353217230903
 20
2.069118130154079
 30
0.0
 10
28.13712938064236
 20
2.118437574598524
 30
0.0
  0
SPLINE
  5
1E77
330
250
100
AcDbEntity
  8
0
370
   158
100
AcDbSpline
210
0.0
220
0.0
230
1.0
 70
     8
 71
     3
 72
     8
 73
     4
 74
     0
 42
0.000000001
 43
0.0000000001
 40
0.0
 40
0.0
 40
0.0
 40
0.0
 40
1.0
 40
1.0
 40
1.0
 40
1.0
 10
28.13712938064236
 20
2.118437574598524
 30
0.0
 10
28.19078217230903
 20
2.167715352376301
 30
0.0
 10
28.21764328342014
 20
2.230007019042968
 30
0.0
 10
28.21764328342014
 20
2.305465352376301
 30
0.0
  0
SPLINE
  5
1E78
330
250
100
AcDbEntity
  8
0
370
   158
100
AcDbSpline
210
0.0
220
0.0
230
1.0
 70
     8
 71
     3
 72
     8
 73
     4
 74
     0
 42
0.000000001
 43
0.0000000001
 40
0.0
 40
0.0
 40
0.0
 40
0.0
 40
1.0
 40
1.0
 40
1.0
 40
1.0
 10
28.21764328342014
 20
2.305465352376301
 30
0.0
 10
28.21764328342014
 20
2.379395907931856
 30
0.0
 10
28.19078217230903
 20
2.44060424126519
 30
0.0
 10
28.13712938064236
 20
2.489201435709634
 30
0.0
  0
SPLINE
  5
1E79
330
250
100
AcDbEntity
  8
0
370
   158
100
AcDbSpline
210
0.0
220
0.0
230
1.0
 70
     8
 71
     3
 72
     8
 73
     4
 74
     0
 42
0.000000001
 43
0.0000000001
 40
0.0
 40
0.0
 40
0.0
 40
0.0
 40
1.0
 40
1.0
 40
1.0
 40
1.0
 10
28.13712938064236
 20
2.489201435709634
 30
0.0
 10
28.08353217230903
 20
2.537743144042968
 30
0.0
 10
28.01539328342014
 20
2.562034824598523
 30
0.0
 10
27.93280995008681
 20
2.562034824598523
 30
0.0
  0
SPLINE
  5
1E7A
330
250
100
AcDbEntity
  8
0
370
   158
100
AcDbSpline
210
0.0
220
0.0
230
1.0
 70
     8
 71
     3
 72
     8
 73
     4
 74
     0
 42
0.000000001
 43
0.0000000001
 40
0.0
 40
0.0
 40
0.0
 40
0.0
 40
1.0
 40
1.0
 40
1.0
 40
1.0
 10
27.93714328342014
 20
2.770798685709634
 30
0.0
 10
28.0893238389757
 20
2.770798685709634
 30
0.0
 10
28.21508772786458
 20
2.726520907931857
 30
0.0
 10
28.31440718619792
 20
2.638159810709634
 30
0.0
  0
SPLINE
  5
1E7B
330
250
100
AcDbEntity
  8
0
370
   158
100
AcDbSpline
210
0.0
220
0.0
230
1.0
 70
     8
 71
     3
 72
     8
 73
     4
 74
     0
 42
0.000000001
 43
0.0000000001
 40
0.0
 40
0.0
 40
0.0
 40
0.0
 40
1.0
 40
1.0
 40
1.0
 40
1.0
 10
28.31440718619792
 20
2.638159810709634
 30
0.0
 10
28.41367107508681
 20
2.54972924126519
 30
0.0
 10
28.46336550564236
 20
2.4381042273763
 30
0.0
 10
28.46336550564236
 20
2.303270894042968
 30
0.0
  0
SPLINE
  5
1E7C
330
250
100
AcDbEntity
  8
0
370
   158
100
AcDbSpline
210
0.0
220
0.0
230
1.0
 70
     8
 71
     3
 72
     8
 73
     4
 74
     0
 42
0.000000001
 43
0.0000000001
 40
0.0
 40
0.0
 40
0.0
 40
0.0
 40
1.0
 40
1.0
 40
1.0
 40
1.0
 10
28.46336550564236
 20
2.303270894042968
 30
0.0
 10
28.46336550564236
 20
2.168451463487413
 30
0.0
 10
28.41367107508681
 20
2.056812574598524
 30
0.0
 10
28.31440718619792
 20
1.968395907931856
 30
0.0
  0
SPLINE
  5
1E7D
330
250
100
AcDbEntity
  8
0
370
   158
100
AcDbSpline
210
0.0
220
0.0
230
1.0
 70
     8
 71
     3
 72
     8
 73
     4
 74
     0
 42
0.000000001
 43
0.0000000001
 40
0.0
 40
0.0
 40
0.0
 40
0.0
 40
1.0
 40
1.0
 40
1.0
 40
1.0
 10
28.31440718619792
 20
1.968395907931856
 30
0.0
 10
28.21508772786458
 20
1.8799653523763
 30
0.0
 10
28.0893238389757
 20
1.835757019042968
 30
0.0
 10
27.93714328342014
 20
1.835757019042968
 30
0.0
  0
SPLINE
  5
1E7E
330
250
100
AcDbEntity
  8
0
370
   158
100
AcDbSpline
210
0.0
220
0.0
230
1.0
 70
     8
 71
     3
 72
     8
 73
     4
 74
     0
 42
0.000000001
 43
0.0000000001
 40
0.0
 40
0.0
 40
0.0
 40
0.0
 40
1.0
 40
1.0
 40
1.0
 40
1.0
 10
30.30725651041667
 20
2.044520907931856
 30
0.0
 10
30.38836762152778
 20
2.044520907931856
 30
0.0
 10
30.45585373263889
 20
2.069118130154079
 30
0.0
 10
30.50943705208333
 20
2.118437574598524
 30
0.0
  0
SPLINE
  5
1E7F
330
250
100
AcDbEntity
  8
0
370
   158
100
AcDbSpline
210
0.0
220
0.0
230
1.0
 70
     8
 71
     3
 72
     8
 73
     4
 74
     0
 42
0.000000001
 43
0.0000000001
 40
0.0
 40
0.0
 40
0.0
 40
0.0
 40
1.0
 40
1.0
 40
1.0
 40
1.0
 10
30.50943705208333
 20
2.118437574598524
 30
0.0
 10
30.56308984375
 20
2.167715352376301
 30
0.0
 10
30.58995095486111
 20
2.230007019042968
 30
0.0
 10
30.58995095486111
 20
2.305465352376301
 30
0.0
  0
SPLINE
  5
1E80
330
250
100
AcDbEntity
  8
0
370
   158
100
AcDbSpline
210
0.0
220
0.0
230
1.0
 70
     8
 71
     3
 72
     8
 73
     4
 74
     0
 42
0.000000001
 43
0.0000000001
 40
0.0
 40
0.0
 40
0.0
 40
0.0
 40
1.0
 40
1.0
 40
1.0
 40
1.0
 10
30.58995095486111
 20
2.305465352376301
 30
0.0
 10
30.58995095486111
 20
2.379395907931856
 30
0.0
 10
30.56308984375
 20
2.44060424126519
 30
0.0
 10
30.50943705208333
 20
2.489201435709634
 30
0.0
  0
SPLINE
  5
1E81
330
250
100
AcDbEntity
  8
0
370
   158
100
AcDbSpline
210
0.0
220
0.0
230
1.0
 70
     8
 71
     3
 72
     8
 73
     4
 74
     0
 42
0.000000001
 43
0.0000000001
 40
0.0
 40
0.0
 40
0.0
 40
0.0
 40
1.0
 40
1.0
 40
1.0
 40
1.0
 10
30.50943705208333
 20
2.489201435709634
 30
0.0
 10
30.45585373263889
 20
2.537743144042968
 30
0.0
 10
30.38770095486111
 20
2.562034824598523
 30
0.0
 10
30.30513151041667
 20
2.562034824598523
 30
0.0
  0
SPLINE
  5
1E82
330
250
100
AcDbEntity
  8
0
370
   158
100
AcDbSpline
210
0.0
220
0.0
230
1.0
 70
     8
 71
     3
 72
     8
 73
     4
 74
     0
 42
0.000000001
 43
0.0000000001
 40
0.0
 40
0.0
 40
0.0
 40
0.0
 40
1.0
 40
1.0
 40
1.0
 40
1.0
 10
30.30945095486111
 20
2.770798685709634
 30
0.0
 10
30.46163151041667
 20
2.770798685709634
 30
0.0
 10
30.58739539930556
 20
2.726520907931857
 30
0.0
 10
30.68671485763889
 20
2.638159810709634
 30
0.0
  0
SPLINE
  5
1E83
330
250
100
AcDbEntity
  8
0
370
   158
100
AcDbSpline
210
0.0
220
0.0
230
1.0
 70
     8
 71
     3
 72
     8
 73
     4
 74
     0
 42
0.000000001
 43
0.0000000001
 40
0.0
 40
0.0
 40
0.0
 40
0.0
 40
1.0
 40
1.0
 40
1.0
 40
1.0
 10
30.68671485763889
 20
2.638159810709634
 30
0.0
 10
30.78597874652778
 20
2.54972924126519
 30
0.0
 10
30.83567317708333
 20
2.4381042273763
 30
0.0
 10
30.83567317708333
 20
2.303270894042968
 30
0.0
  0
SPLINE
  5
1E84
330
250
100
AcDbEntity
  8
0
370
   158
100
AcDbSpline
210
0.0
220
0.0
230
1.0
 70
     8
 71
     3
 72
     8
 73
     4
 74
     0
 42
0.000000001
 43
0.0000000001
 40
0.0
 40
0.0
 40
0.0
 40
0.0
 40
1.0
 40
1.0
 40
1.0
 40
1.0
 10
30.83567317708333
 20
2.303270894042968
 30
0.0
 10
30.83567317708333
 20
2.168451463487413
 30
0.0
 10
30.78597874652778
 20
2.056812574598524
 30
0.0
 10
30.68671485763889
 20
1.968395907931856
 30
0.0
  0
SPLINE
  5
1E85
330
250
100
AcDbEntity
  8
0
370
   158
100
AcDbSpline
210
0.0
220
0.0
230
1.0
 70
     8
 71
     3
 72
     8
 73
     4
 74
     0
 42
0.000000001
 43
0.0000000001
 40
0.0
 40
0.0
 40
0.0
 40
0.0
 40
1.0
 40
1.0
 40
1.0
 40
1.0
 10
30.68671485763889
 20
1.968395907931856
 30
0.0
 10
30.58739539930556
 20
1.8799653523763
 30
0.0
 10
30.46163151041667
 20
1.835757019042968
 30
0.0
 10
30.30945095486111
 20
1.835757019042968
 30
0.0
  0
SPLINE
  5
1E86
330
250
100
AcDbEntity
  8
0
370
   158
100
AcDbSpline
210
0.0
220
0.0
230
1.0
 70
     8
 71
     3
 72
     8
 73
     4
 74
     0
 42
0.000000001
 43
0.0000000001
 40
0.0
 40
0.0
 40
0.0
 40
0.0
 40
1.0
 40
1.0
 40
1.0
 40
1.0
 10
17.75639577907986
 20
0.484876504163954
 30
0.0
 10
17.8013402235243
 20
0.484876504163954
 30
0.0
 10
17.8368402235243
 20
0.4971820458306208
 30
0.0
 10
17.86290966796875
 20
0.5218486986083986
 30
0.0
  0
SPLINE
  5
1E87
330
250
100
AcDbEntity
  8
0
370
   158
100
AcDbSpline
210
0.0
220
0.0
230
1.0
 70
     8
 71
     3
 72
     8
 73
     4
 74
     0
 42
0.000000001
 43
0.0000000001
 40
0.0
 40
0.0
 40
0.0
 40
0.0
 40
1.0
 40
1.0
 40
1.0
 40
1.0
 10
17.86290966796875
 20
0.5218486986083986
 30
0.0
 10
17.88903466796875
 20
0.5464459347195097
 30
0.0
 10
17.90206244574653
 20
0.5783626013861764
 30
0.0
 10
17.90206244574653
 20
0.6175153791639541
 30
0.0
  0
SPLINE
  5
1E88
330
250
100
AcDbEntity
  8
0
370
   158
100
AcDbSpline
210
0.0
220
0.0
230
1.0
 70
     8
 71
     3
 72
     8
 73
     4
 74
     0
 42
0.000000001
 43
0.0000000001
 40
0.0
 40
0.0
 40
0.0
 40
0.0
 40
1.0
 40
1.0
 40
1.0
 40
1.0
 10
17.90206244574653
 20
0.6175153791639541
 30
0.0
 10
17.90206244574653
 20
0.6580709347195098
 30
0.0
 10
17.88793744574653
 20
0.6918209347195096
 30
0.0
 10
17.85967355685764
 20
0.7186126013861763
 30
0.0
  0
SPLINE
  5
1E89
330
250
100
AcDbEntity
  8
0
370
   158
100
AcDbSpline
210
0.0
220
0.0
230
1.0
 70
     8
 71
     3
 72
     8
 73
     4
 74
     0
 42
0.000000001
 43
0.0000000001
 40
0.0
 40
0.0
 40
0.0
 40
0.0
 40
1.0
 40
1.0
 40
1.0
 40
1.0
 10
17.85967355685764
 20
0.7186126013861763
 30
0.0
 10
17.83142355685764
 20
0.7454042680528429
 30
0.0
 10
17.79409022352431
 20
0.7588626013861762
 30
0.0
 10
17.74768744574653
 20
0.7588626013861762
 30
0.0
  0
SPLINE
  5
1E8A
330
250
100
AcDbEntity
  8
0
370
   158
100
AcDbSpline
210
0.0
220
0.0
230
1.0
 70
     8
 71
     3
 72
     8
 73
     4
 74
     0
 42
0.000000001
 43
0.0000000001
 40
0.0
 40
0.0
 40
0.0
 40
0.0
 40
1.0
 40
1.0
 40
1.0
 40
1.0
 10
17.74768744574653
 20
0.969765379163954
 30
0.0
 10
17.86802077907986
 20
0.969765379163954
 30
0.0
 10
17.96472911241319
 20
0.937473712497287
 30
0.0
 10
18.03799300130208
 20
0.8729876013861762
 30
0.0
  0
SPLINE
  5
1E8B
330
250
100
AcDbEntity
  8
0
370
   158
100
AcDbSpline
210
0.0
220
0.0
230
1.0
 70
     8
 71
     3
 72
     8
 73
     4
 74
     0
 42
0.000000001
 43
0.0000000001
 40
0.0
 40
0.0
 40
0.0
 40
0.0
 40
1.0
 40
1.0
 40
1.0
 40
1.0
 10
18.03799300130208
 20
0.8729876013861762
 30
0.0
 10
18.11118745963542
 20
0.8084876013861761
 30
0.0
 10
18.14779857074652
 20
0.7247653791639542
 30
0.0
 10
18.14779857074652
 20
0.621904268052843
 30
0.0
  0
SPLINE
  5
1E8C
330
250
100
AcDbEntity
  8
0
370
   158
100
AcDbSpline
210
0.0
220
0.0
230
1.0
 70
     8
 71
     3
 72
     8
 73
     4
 74
     0
 42
0.000000001
 43
0.0000000001
 40
0.0
 40
0.0
 40
0.0
 40
0.0
 40
1.0
 40
1.0
 40
1.0
 40
1.0
 10
18.14779857074652
 20
0.621904268052843
 30
0.0
 10
18.14779857074652
 20
0.5189320458306207
 30
0.0
 10
18.11222911241319
 20
0.4351820458306209
 30
0.0
 10
18.04128466796875
 20
0.3706959347195096
 30
0.0
  0
SPLINE
  5
1E8D
330
250
100
AcDbEntity
  8
0
370
   158
100
AcDbSpline
210
0.0
220
0.0
230
1.0
 70
     8
 71
     3
 72
     8
 73
     4
 74
     0
 42
0.000000001
 43
0.0000000001
 40
0.0
 40
0.0
 40
0.0
 40
0.0
 40
1.0
 40
1.0
 40
1.0
 40
1.0
 10
18.04128466796875
 20
0.3706959347195096
 30
0.0
 10
17.97021520963541
 20
0.3061959486083984
 30
0.0
 10
17.87527077907986
 20
0.2739320319417319
 30
0.0
 10
17.75639577907986
 20
0.2739320319417319
 30
0.0
  0
SPLINE
  5
1E8E
330
250
100
AcDbEntity
  8
0
370
   158
100
AcDbSpline
210
0.0
220
0.0
230
1.0
 70
     8
 71
     3
 72
     8
 73
     4
 74
     0
 42
0.000000001
 43
0.0000000001
 40
0.0
 40
0.0
 40
0.0
 40
0.0
 40
1.0
 40
1.0
 40
1.0
 40
1.0
 10
23.30926513671875
 20
12.15991804334852
 30
0.0
 10
23.75900126171875
 20
12.15991804334852
 30
0.0
 10
24.01605680338542
 20
12.4554596961263
 30
0.0
 10
24.01605680338542
 20
12.87955691834852
 30
0.0
  0
SPLINE
  5
1E8F
330
250
100
AcDbEntity
  8
0
370
   158
100
AcDbSpline
210
0.0
220
0.0
230
1.0
 70
     8
 71
     3
 72
     8
 73
     4
 74
     0
 42
0.000000001
 43
0.0000000001
 40
0.0
 40
0.0
 40
0.0
 40
0.0
 40
1.0
 40
1.0
 40
1.0
 40
1.0
 10
24.01605680338542
 20
12.87955691834852
 30
0.0
 10
24.01605680338542
 20
13.39964029334852
 30
0.0
 10
23.52289013671875
 20
13.63195971001519
 30
0.0
 10
23.03016792838542
 20
13.47259859890408
 30
0.0
  0
SPLINE
  5
1E90
330
250
100
AcDbEntity
  8
0
370
   158
100
AcDbSpline
210
0.0
220
0.0
230
1.0
 70
     8
 71
     3
 72
     8
 73
     4
 74
     0
 42
0.000000001
 43
0.0000000001
 40
0.0
 40
0.0
 40
0.0
 40
0.0
 40
1.0
 40
1.0
 40
1.0
 40
1.0
 10
22.65922345616319
 20
13.04684861279297
 30
0.0
 10
22.56154292838542
 20
12.51330693223741
 30
0.0
 10
22.86804291449653
 20
12.15991804334852
 30
0.0
 10
23.30926513671875
 20
12.15991804334852
 30
0.0
  0
SPLINE
  5
1E91
330
250
100
AcDbEntity
  8
0
370
   158
100
AcDbSpline
210
0.0
220
0.0
230
1.0
 70
     8
 71
     3
 72
     8
 73
     4
 74
     0
 42
0.000000001
 43
0.0000000001
 40
0.0
 40
0.0
 40
0.0
 40
0.0
 40
1.0
 40
1.0
 40
1.0
 40
1.0
 10
18.8310546875
 20
13.62469482421875
 30
0.0
 10
19.29370747916667
 20
13.62469482421875
 30
0.0
 10
19.58930471527778
 20
13.32908371310764
 30
0.0
 10
19.58930471527778
 20
12.85358371310764
 30
0.0
  0
SPLINE
  5
1E92
330
250
100
AcDbEntity
  8
0
370
   158
100
AcDbSpline
210
0.0
220
0.0
230
1.0
 70
     8
 71
     3
 72
     8
 73
     4
 74
     0
 42
0.000000001
 43
0.0000000001
 40
0.0
 40
0.0
 40
0.0
 40
0.0
 40
1.0
 40
1.0
 40
1.0
 40
1.0
 10
19.58930471527778
 20
12.85358371310764
 30
0.0
 10
19.58930471527778
 20
11.73554208810764
 30
0.0
 10
18.26561021527778
 20
10.69459767144097
 30
0.0
 10
17.1989574375
 20
10.37329207421875
 30
0.0
  0
SPLINE
  5
1E93
330
250
100
AcDbEntity
  8
0
370
   158
100
AcDbSpline
210
0.0
220
0.0
230
1.0
 70
     8
 71
     3
 72
     8
 73
     4
 74
     0
 42
0.000000001
 43
0.0000000001
 40
0.0
 40
0.0
 40
0.0
 40
0.0
 40
1.0
 40
1.0
 40
1.0
 40
1.0
 10
17.1989574375
 20
10.37329207421875
 30
0.0
 10
17.25036027083333
 20
12.14679208810764
 30
0.0
 10
17.76441584027778
 20
13.62469482421875
 30
0.0
 10
18.8310546875
 20
13.62469482421875
 30
0.0
  0
SPLINE
  5
1E94
330
250
100
AcDbEntity
  8
0
370
   158
100
AcDbSpline
210
0.0
220
0.0
230
1.0
 70
     8
 71
     3
 72
     8
 73
     4
 74
     0
 42
0.000000001
 43
0.0000000001
 40
0.0
 40
0.0
 40
0.0
 40
0.0
 40
1.0
 40
1.0
 40
1.0
 40
1.0
 10
22.98795742361111
 20
11.16936153255208
 30
0.0
 10
22.77681859027778
 20
11.16936153255208
 30
0.0
 10
22.73029072916667
 20
10.98301421310764
 30
0.0
 10
22.62511020138889
 20
10.83929210199652
 30
0.0
  0
SPLINE
  5
1E95
330
250
100
AcDbEntity
  8
0
370
   158
100
AcDbSpline
210
0.0
220
0.0
230
1.0
 70
     8
 71
     3
 72
     8
 73
     4
 74
     0
 42
0.000000001
 43
0.0000000001
 40
0.0
 40
0.0
 40
0.0
 40
0.0
 40
1.0
 40
1.0
 40
1.0
 40
1.0
 10
22.62511020138889
 20
10.83929210199652
 30
0.0
 10
22.47323524305556
 20
10.63181982421875
 30
0.0
 10
22.28334638194445
 20
10.4533197547743
 30
0.0
 10
22.05588807638889
 20
10.33115322699653
 30
0.0
  0
SPLINE
  5
1E96
330
250
100
AcDbEntity
  8
0
370
   158
100
AcDbSpline
210
0.0
220
0.0
230
1.0
 70
     8
 71
     3
 72
     8
 73
     4
 74
     0
 42
0.000000001
 43
0.0000000001
 40
0.0
 40
0.0
 40
0.0
 40
0.0
 40
1.0
 40
1.0
 40
1.0
 40
1.0
 10
21.30519357638889
 20
10.20752822699653
 30
0.0
 10
20.65290196527778
 20
10.31038919921875
 30
0.0
 10
20.24323527083334
 20
10.48377821310764
 30
0.0
 10
20.13751304861111
 20
10.48377821310764
 30
0.0
  0
SPLINE
  5
1E97
330
250
100
AcDbEntity
  8
0
370
   158
100
AcDbSpline
210
0.0
220
0.0
230
1.0
 70
     8
 71
     3
 72
     8
 73
     4
 74
     0
 42
0.000000001
 43
0.0000000001
 40
0.0
 40
0.0
 40
0.0
 40
0.0
 40
1.0
 40
1.0
 40
1.0
 40
1.0
 10
20.13751304861111
 20
10.48377821310764
 30
0.0
 10
19.98709636805555
 20
10.48377821310764
 30
0.0
 10
19.64880465972222
 20
9.894944935329858
 30
0.0
 10
19.64880465972222
 20
9.744514463107636
 30
0.0
  0
SPLINE
  5
1E98
330
250
100
AcDbEntity
  8
0
370
   158
100
AcDbSpline
210
0.0
220
0.0
230
1.0
 70
     8
 71
     3
 72
     8
 73
     4
 74
     0
 42
0.000000001
 43
0.0000000001
 40
0.0
 40
0.0
 40
0.0
 40
0.0
 40
1.0
 40
1.0
 40
1.0
 40
1.0
 10
19.64880465972222
 20
9.744514463107636
 30
0.0
 10
19.64880465972222
 20
9.669361532552084
 30
0.0
 10
19.68644359027778
 20
9.631736338107641
 30
0.0
 10
19.73655467361111
 20
9.606764476996527
 30
0.0
  0
SPLINE
  5
1E99
330
250
100
AcDbEntity
  8
0
370
   158
100
AcDbSpline
210
0.0
220
0.0
230
1.0
 70
     8
 71
     3
 72
     8
 73
     4
 74
     0
 42
0.000000001
 43
0.0000000001
 40
0.0
 40
0.0
 40
0.0
 40
0.0
 40
1.0
 40
1.0
 40
1.0
 40
1.0
 10
19.73655467361111
 20
9.606764476996527
 30
0.0
 10
19.99958250694444
 20
9.475458782552083
 30
0.0
 10
20.20913802083333
 20
9.346236338107637
 30
0.0
 10
20.37965192361111
 20
9.095097435329858
 30
0.0
  0
SPLINE
  5
1E9A
330
250
100
AcDbEntity
  8
0
370
   158
100
AcDbSpline
210
0.0
220
0.0
230
1.0
 70
     8
 71
     3
 72
     8
 73
     4
 74
     0
 42
0.000000001
 43
0.0000000001
 40
0.0
 40
0.0
 40
0.0
 40
0.0
 40
1.0
 40
1.0
 40
1.0
 40
1.0
 10
20.37965192361111
 20
9.095097435329858
 30
0.0
 10
20.55815188194444
 20
8.832305907552083
 30
0.0
 10
20.63024922916667
 20
8.480806143663192
 30
0.0
 10
20.63024922916667
 20
8.162847726996528
 30
0.0
  0
SPLINE
  5
1E9B
330
250
100
AcDbEntity
  8
0
370
   158
100
AcDbSpline
210
0.0
220
0.0
230
1.0
 70
     8
 71
     3
 72
     8
 73
     4
 74
     0
 42
0.000000001
 43
0.0000000001
 40
0.0
 40
0.0
 40
0.0
 40
0.0
 40
1.0
 40
1.0
 40
1.0
 40
1.0
 10
20.63024922916667
 20
8.162847726996528
 30
0.0
 10
20.63024922916667
 20
7.147597421440972
 30
0.0
 10
19.94909636805555
 20
6.376569963107637
 30
0.0
 10
18.97245746527778
 20
6.376569963107637
 30
0.0
  0
SPLINE
  5
1E9C
330
250
100
AcDbEntity
  8
0
370
   158
100
AcDbSpline
210
0.0
220
0.0
230
1.0
 70
     8
 71
     3
 72
     8
 73
     4
 74
     0
 42
0.000000001
 43
0.0000000001
 40
0.0
 40
0.0
 40
0.0
 40
0.0
 40
1.0
 40
1.0
 40
1.0
 40
1.0
 10
18.97245746527778
 20
6.376569963107637
 30
0.0
 10
17.79011027083333
 20
6.376569963107637
 30
0.0
 10
17.1989574375
 20
7.468903018663192
 30
0.0
 10
17.1989574375
 20
8.805458921440971
 30
0.0
  0
SPLINE
  5
1E9D
330
250
100
AcDbEntity
  8
0
370
   158
100
AcDbSpline
210
0.0
220
0.0
230
1.0
 70
     8
 71
     3
 72
     8
 73
     4
 74
     0
 42
0.000000001
 43
0.0000000001
 40
0.0
 40
0.0
 40
0.0
 40
0.0
 40
1.0
 40
1.0
 40
1.0
 40
1.0
 10
17.1989574375
 20
9.396597546440972
 30
0.0
 10
18.77965190972222
 20
9.820694824218751
 30
0.0
 10
20.5917074375
 20
11.2086531297743
 30
0.0
 10
20.5917074375
 20
12.85358371310764
 30
0.0
  0
SPLINE
  5
1E9E
330
250
100
AcDbEntity
  8
0
370
   158
100
AcDbSpline
210
0.0
220
0.0
230
1.0
 70
     8
 71
     3
 72
     8
 73
     4
 74
     0
 42
0.000000001
 43
0.0000000001
 40
0.0
 40
0.0
 40
0.0
 40
0.0
 40
1.0
 40
1.0
 40
1.0
 40
1.0
 10
20.5917074375
 20
12.85358371310764
 30
0.0
 10
20.5917074375
 20
13.84313926866319
 30
0.0
 10
19.87199910416666
 20
14.55000040755208
 30
0.0
 10
18.86959635416667
 20
14.55000040755208
 30
0.0
  0
SPLINE
  5
1E9F
330
250
100
AcDbEntity
  8
0
370
   158
100
AcDbSpline
210
0.0
220
0.0
230
1.0
 70
     8
 71
     3
 72
     8
 73
     4
 74
     0
 42
0.000000001
 43
0.0000000001
 40
0.0
 40
0.0
 40
0.0
 40
0.0
 40
1.0
 40
1.0
 40
1.0
 40
1.0
 10
18.86959635416667
 20
14.55000040755208
 30
0.0
 10
16.85195753472222
 20
14.55000040755208
 30
0.0
 10
16.14516575694444
 20
12.3009865047743
 30
0.0
 10
16.14516575694444
 20
10.09059757421875
 30
0.0
  0
SPLINE
  5
1EA0
330
250
100
AcDbEntity
  8
0
370
   158
100
AcDbSpline
210
0.0
220
0.0
230
1.0
 70
     8
 71
     3
 72
     8
 73
     4
 74
     0
 42
0.000000001
 43
0.0000000001
 40
0.0
 40
0.0
 40
0.0
 40
0.0
 40
1.0
 40
1.0
 40
1.0
 40
1.0
 10
16.14516575694444
 20
8.715514282552081
 30
0.0
 10
16.14516575694444
 20
6.852055865885417
 30
0.0
 10
17.10901302083333
 20
5.412708713107638
 30
0.0
 10
18.90815190972222
 20
5.412708713107638
 30
0.0
  0
SPLINE
  5
1EA1
330
250
100
AcDbEntity
  8
0
370
   158
100
AcDbSpline
210
0.0
220
0.0
230
1.0
 70
     8
 71
     3
 72
     8
 73
     4
 74
     0
 42
0.000000001
 43
0.0000000001
 40
0.0
 40
0.0
 40
0.0
 40
0.0
 40
1.0
 40
1.0
 40
1.0
 40
1.0
 10
18.90815190972222
 20
5.412708713107638
 30
0.0
 10
20.52745745138889
 20
5.412708713107638
 30
0.0
 10
21.72259627083333
 20
6.517917213107637
 30
0.0
 10
21.72259627083333
 20
8.175764296440974
 30
0.0
  0
SPLINE
  5
1EA2
330
250
100
AcDbEntity
  8
0
370
   158
100
AcDbSpline
210
0.0
220
0.0
230
1.0
 70
     8
 71
     3
 72
     8
 73
     4
 74
     0
 42
0.000000001
 43
0.0000000001
 40
0.0
 40
0.0
 40
0.0
 40
0.0
 40
1.0
 40
1.0
 40
1.0
 40
1.0
 10
21.66759639583333
 20
8.700472518663191
 30
0.0
 10
21.66651302083333
 20
8.705639310329861
 30
0.0
 10
21.66572125694445
 20
8.711000226996528
 30
0.0
 10
21.66431850694444
 20
8.716181018663192
 30
0.0
  0
SPLINE
  5
1EA3
330
250
100
AcDbEntity
  8
0
370
   158
100
AcDbSpline
210
0.0
220
0.0
230
1.0
 70
     8
 71
     3
 72
     8
 73
     4
 74
     0
 42
0.000000001
 43
0.0000000001
 40
0.0
 40
0.0
 40
0.0
 40
0.0
 40
1.0
 40
1.0
 40
1.0
 40
1.0
 10
23.88755459027778
 20
10.91237533810764
 30
0.0
 10
23.88755459027778
 20
11.10512542144097
 30
0.0
 10
23.79761038194445
 20
11.16936153255208
 30
0.0
 10
23.63055461805556
 20
11.16936153255208
 30
0.0
  0
SPLINE
  5
1EA4
330
250
100
AcDbEntity
  8
0
370
   158
100
AcDbSpline
210
0.0
220
0.0
230
1.0
 70
     8
 71
     3
 72
     8
 73
     4
 74
     0
 42
0.000000001
 43
0.0000000001
 40
0.0
 40
0.0
 40
0.0
 40
0.0
 40
1.0
 40
1.0
 40
1.0
 40
1.0
 10
14.45654975043402
 20
8.36526150173611
 30
0.0
 10
14.45654975043402
 20
7.239483723958332
 30
0.0
 10
13.61717473654514
 20
6.390553154513886
 30
0.0
 10
12.50406370876736
 20
6.390553154513886
 30
0.0
  0
SPLINE
  5
1EA5
330
250
100
AcDbEntity
  8
0
370
   158
100
AcDbSpline
210
0.0
220
0.0
230
1.0
 70
     8
 71
     3
 72
     8
 73
     4
 74
     0
 42
0.000000001
 43
0.0000000001
 40
0.0
 40
0.0
 40
0.0
 40
0.0
 40
1.0
 40
1.0
 40
1.0
 40
1.0
 10
12.50406370876736
 20
6.390553154513886
 30
0.0
 10
11.38461918098958
 20
6.390553154513886
 30
0.0
 10
10.5404942782118
 20
7.239483723958332
 30
0.0
 10
10.5404942782118
 20
8.36526150173611
 30
0.0
  0
SPLINE
  5
1EA6
330
250
100
AcDbEntity
  8
0
370
   158
100
AcDbSpline
210
0.0
220
0.0
230
1.0
 70
     8
 71
     3
 72
     8
 73
     4
 74
     0
 42
0.000000001
 43
0.0000000001
 40
0.0
 40
0.0
 40
0.0
 40
0.0
 40
1.0
 40
1.0
 40
1.0
 40
1.0
 10
10.5404942782118
 20
8.36526150173611
 30
0.0
 10
10.5404942782118
 20
9.491039279513886
 30
0.0
 10
11.38461918098958
 20
10.33990033506944
 30
0.0
 10
12.50406370876736
 20
10.33990033506944
 30
0.0
  0
SPLINE
  5
1EA7
330
250
100
AcDbEntity
  8
0
370
   158
100
AcDbSpline
210
0.0
220
0.0
230
1.0
 70
     8
 71
     3
 72
     8
 73
     4
 74
     0
 42
0.000000001
 43
0.0000000001
 40
0.0
 40
0.0
 40
0.0
 40
0.0
 40
1.0
 40
1.0
 40
1.0
 40
1.0
 10
12.50406370876736
 20
10.33990033506944
 30
0.0
 10
13.61717473654514
 20
10.33990033506944
 30
0.0
 10
14.45654975043402
 20
9.491039279513886
 30
0.0
 10
14.45654975043402
 20
8.36526150173611
 30
0.0
  0
SPLINE
  5
1EA8
330
250
100
AcDbEntity
  8
0
370
   158
100
AcDbSpline
210
0.0
220
0.0
230
1.0
 70
     8
 71
     3
 72
     8
 73
     4
 74
     0
 42
0.000000001
 43
0.0000000001
 40
0.0
 40
0.0
 40
0.0
 40
0.0
 40
1.0
 40
1.0
 40
1.0
 40
1.0
 10
12.50406370876736
 20
11.39784473784722
 30
0.0
 10
10.74359130598958
 20
11.39784473784722
 30
0.0
 10
9.416008000434022
 20
10.09412257118055
 30
0.0
 10
9.416008000434022
 20
8.36526150173611
 30
0.0
  0
SPLINE
  5
1EA9
330
250
100
AcDbEntity
  8
0
370
   158
100
AcDbSpline
210
0.0
220
0.0
230
1.0
 70
     8
 71
     3
 72
     8
 73
     4
 74
     0
 42
0.000000001
 43
0.0000000001
 40
0.0
 40
0.0
 40
0.0
 40
0.0
 40
1.0
 40
1.0
 40
1.0
 40
1.0
 10
9.416008000434022
 20
8.36526150173611
 30
0.0
 10
9.416008000434022
 20
6.636400432291666
 30
0.0
 10
10.74359130598958
 20
5.332678265624998
 30
0.0
 10
12.50406370876736
 20
5.332678265624998
 30
0.0
  0
SPLINE
  5
1EAA
330
250
100
AcDbEntity
  8
0
370
   158
100
AcDbSpline
210
0.0
220
0.0
230
1.0
 70
     8
 71
     3
 72
     8
 73
     4
 74
     0
 42
0.000000001
 43
0.0000000001
 40
0.0
 40
0.0
 40
0.0
 40
0.0
 40
1.0
 40
1.0
 40
1.0
 40
1.0
 10
12.50406370876736
 20
5.332678265624998
 30
0.0
 10
13.34934138932291
 20
5.332678265624998
 30
0.0
 10
14.12829973654513
 20
5.641303168402777
 30
0.0
 10
14.69746643098958
 20
6.201636418402777
 30
0.0
  0
SPLINE
  5
1EAB
330
250
100
AcDbEntity
  8
0
370
   158
100
AcDbSpline
210
0.0
220
0.0
230
1.0
 70
     8
 71
     3
 72
     8
 73
     4
 74
     0
 42
0.000000001
 43
0.0000000001
 40
0.0
 40
0.0
 40
0.0
 40
0.0
 40
1.0
 40
1.0
 40
1.0
 40
1.0
 10
14.69746643098958
 20
6.201636418402777
 30
0.0
 10
15.26723029210069
 20
6.762580973958332
 30
0.0
 10
15.58104970876736
 20
7.531011473958332
 30
0.0
 10
15.58104970876736
 20
8.36526150173611
 30
0.0
  0
SPLINE
  5
1EAC
330
250
100
AcDbEntity
  8
0
370
   158
100
AcDbSpline
210
0.0
220
0.0
230
1.0
 70
     8
 71
     3
 72
     8
 73
     4
 74
     0
 42
0.000000001
 43
0.0000000001
 40
0.0
 40
0.0
 40
0.0
 40
0.0
 40
1.0
 40
1.0
 40
1.0
 40
1.0
 10
15.58104970876736
 20
8.36526150173611
 30
0.0
 10
15.58104970876736
 20
9.199511529513886
 30
0.0
 10
15.26723029210069
 20
9.967942029513887
 30
0.0
 10
14.69746643098958
 20
10.52887259895833
 30
0.0
  0
SPLINE
  5
1EAD
330
250
100
AcDbEntity
  8
0
370
   158
100
AcDbSpline
210
0.0
220
0.0
230
1.0
 70
     8
 71
     3
 72
     8
 73
     4
 74
     0
 42
0.000000001
 43
0.0000000001
 40
0.0
 40
0.0
 40
0.0
 40
0.0
 40
1.0
 40
1.0
 40
1.0
 40
1.0
 10
14.69746643098958
 20
10.52887259895833
 30
0.0
 10
14.12829973654513
 20
11.08920584895833
 30
0.0
 10
13.34934138932291
 20
11.39784473784722
 30
0.0
 10
12.50406370876736
 20
11.39784473784722
 30
0.0
  0
SPLINE
  5
1EAE
330
250
100
AcDbEntity
  8
0
370
   158
100
AcDbSpline
210
0.0
220
0.0
230
1.0
 70
     8
 71
     3
 72
     8
 73
     4
 74
     0
 42
0.000000001
 43
0.0000000001
 40
0.0
 40
0.0
 40
0.0
 40
0.0
 40
1.0
 40
1.0
 40
1.0
 40
1.0
 10
27.81051296657986
 20
9.095403883192274
 30
0.0
 10
27.57774906380209
 20
9.42054277208116
 30
0.0
 10
27.41362407769097
 20
9.919181660970052
 30
0.0
 10
27.55022131380208
 20
10.11497328597005
 30
0.0
  0
SPLINE
  5
1EAF
330
250
100
AcDbEntity
  8
0
370
   158
100
AcDbSpline
210
0.0
220
0.0
230
1.0
 70
     8
 71
     3
 72
     8
 73
     4
 74
     0
 42
0.000000001
 43
0.0000000001
 40
0.0
 40
0.0
 40
0.0
 40
0.0
 40
1.0
 40
1.0
 40
1.0
 40
1.0
 10
27.55022131380208
 20
10.11497328597005
 30
0.0
 10
27.5860962860243
 20
10.16636223041449
 30
0.0
 10
27.68536018880209
 20
10.25729274430338
 30
0.0
 10
27.94795741102431
 20
10.28932052208116
 30
0.0
  0
SPLINE
  5
1EB0
330
250
100
AcDbEntity
  8
0
370
   158
100
AcDbSpline
210
0.0
220
0.0
230
1.0
 70
     8
 71
     3
 72
     8
 73
     4
 74
     0
 42
0.000000001
 43
0.0000000001
 40
0.0
 40
0.0
 40
0.0
 40
0.0
 40
1.0
 40
1.0
 40
1.0
 40
1.0
 10
28.03669352213542
 20
10.29475106374783
 30
0.0
 10
28.57155460546875
 20
10.29475106374783
 30
0.0
 10
29.03524907769097
 20
9.720348299858939
 30
0.0
 10
29.12677691102431
 20
9.599515008192273
 30
0.0
  0
SPLINE
  5
1EB1
330
250
100
AcDbEntity
  8
0
370
   158
100
AcDbSpline
210
0.0
220
0.0
230
1.0
 70
     8
 71
     3
 72
     8
 73
     4
 74
     0
 42
0.000000001
 43
0.0000000001
 40
0.0
 40
0.0
 40
0.0
 40
0.0
 40
1.0
 40
1.0
 40
1.0
 40
1.0
 10
29.12677691102431
 20
9.599515008192273
 30
0.0
 10
29.44461017491319
 20
9.180181660970053
 30
0.0
 10
29.50477685546875
 20
8.702973341525607
 30
0.0
 10
29.5039296749132
 20
8.397862216525606
 30
0.0
  0
SPLINE
  5
1EB2
330
250
100
AcDbEntity
  8
0
370
   158
100
AcDbSpline
210
0.0
220
0.0
230
1.0
 70
     8
 71
     3
 72
     8
 73
     4
 74
     0
 42
0.000000001
 43
0.0000000001
 40
0.0
 40
0.0
 40
0.0
 40
0.0
 40
1.0
 40
1.0
 40
1.0
 40
1.0
 10
29.46440188324653
 20
8.398292758192273
 30
0.0
 10
29.02958245269097
 20
8.40322329985894
 30
0.0
 10
28.23649907769097
 20
8.500417758192272
 30
0.0
 10
27.81051296657986
 20
9.095403883192274
 30
0.0
  0
SPLINE
  5
1EB3
330
250
100
AcDbEntity
  8
0
370
   158
100
AcDbSpline
210
0.0
220
0.0
230
1.0
 70
     8
 71
     3
 72
     8
 73
     4
 74
     0
 42
0.000000001
 43
0.0000000001
 40
0.0
 40
0.0
 40
0.0
 40
0.0
 40
1.0
 40
1.0
 40
1.0
 40
1.0
 10
30.01937399435764
 20
10.27586216097005
 30
0.0
 10
29.79240184157986
 20
10.57536220263671
 30
0.0
 10
28.96247132769097
 20
11.54134835541449
 30
0.0
 10
27.8120962999132
 20
11.40097342485894
 30
0.0
  0
SPLINE
  5
1EB4
330
250
100
AcDbEntity
  8
0
370
   158
100
AcDbSpline
210
0.0
220
0.0
230
1.0
 70
     8
 71
     3
 72
     8
 73
     4
 74
     0
 42
0.000000001
 43
0.0000000001
 40
0.0
 40
0.0
 40
0.0
 40
0.0
 40
1.0
 40
1.0
 40
1.0
 40
1.0
 10
27.8120962999132
 20
11.40097342485894
 30
0.0
 10
27.15244350824653
 20
11.32040384152561
 30
0.0
 10
26.80616568880208
 20
11.00568156374783
 30
0.0
 10
26.63187407769097
 20
10.7558067165256
 30
0.0
  0
SPLINE
  5
1EB5
330
250
100
AcDbEntity
  8
0
370
   158
100
AcDbSpline
210
0.0
220
0.0
230
1.0
 70
     8
 71
     3
 72
     8
 73
     4
 74
     0
 42
0.000000001
 43
0.0000000001
 40
0.0
 40
0.0
 40
0.0
 40
0.0
 40
1.0
 40
1.0
 40
1.0
 40
1.0
 10
26.63187407769097
 20
10.7558067165256
 30
0.0
 10
26.12641578602431
 20
10.03154277208116
 30
0.0
 10
26.46038796657987
 20
9.057514994303382
 30
0.0
 10
26.89988793880208
 20
8.44354279985894
 30
0.0
  0
SPLINE
  5
1EB6
330
250
100
AcDbEntity
  8
0
370
   158
100
AcDbSpline
210
0.0
220
0.0
230
1.0
 70
     8
 71
     3
 72
     8
 73
     4
 74
     0
 42
0.000000001
 43
0.0000000001
 40
0.0
 40
0.0
 40
0.0
 40
0.0
 40
1.0
 40
1.0
 40
1.0
 40
1.0
 10
26.89988793880208
 20
8.44354279985894
 30
0.0
 10
27.39463795269097
 20
7.75245942485894
 30
0.0
 10
28.22005463324653
 20
7.34589004985894
 30
0.0
 10
29.23895741102431
 20
7.286028966525607
 30
0.0
  0
SPLINE
  5
1EB7
330
250
100
AcDbEntity
  8
0
370
   158
100
AcDbSpline
210
0.0
220
0.0
230
1.0
 70
     8
 71
     3
 72
     8
 73
     4
 74
     0
 42
0.000000001
 43
0.0000000001
 40
0.0
 40
0.0
 40
0.0
 40
0.0
 40
1.0
 40
1.0
 40
1.0
 40
1.0
 10
29.23895741102431
 20
7.286028966525607
 30
0.0
 10
28.89937411935764
 20
6.739403827636718
 30
0.0
 10
28.29898516102431
 20
6.390570535970052
 30
0.0
 10
27.58573518880208
 20
6.390570535970052
 30
0.0
  0
SPLINE
  5
1EB8
330
250
100
AcDbEntity
  8
0
370
   158
100
AcDbSpline
210
0.0
220
0.0
230
1.0
 70
     8
 71
     3
 72
     8
 73
     4
 74
     0
 42
0.000000001
 43
0.0000000001
 40
0.0
 40
0.0
 40
0.0
 40
0.0
 40
1.0
 40
1.0
 40
1.0
 40
1.0
 10
27.58573518880208
 20
6.390570535970052
 30
0.0
 10
26.46634631380209
 20
6.390570535970052
 30
0.0
 10
25.62216567491319
 20
7.239501105414496
 30
0.0
 10
25.62216567491319
 20
8.365278883192273
 30
0.0
  0
SPLINE
  5
1EB9
330
250
100
AcDbEntity
  8
0
370
   158
100
AcDbSpline
210
0.0
220
0.0
230
1.0
 70
     8
 71
     3
 72
     8
 73
     4
 74
     0
 42
0.000000001
 43
0.0000000001
 40
0.0
 40
0.0
 40
0.0
 40
0.0
 40
1.0
 40
1.0
 40
1.0
 40
1.0
 10
24.49766582769097
 20
8.365278883192273
 30
0.0
 10
24.49766582769097
 20
6.636431591525607
 30
0.0
 10
25.82527691102431
 20
5.332695424858941
 30
0.0
 10
27.58573518880208
 20
5.332695424858941
 30
0.0
  0
SPLINE
  5
1EBA
330
250
100
AcDbEntity
  8
0
370
   158
100
AcDbSpline
210
0.0
220
0.0
230
1.0
 70
     8
 71
     3
 72
     8
 73
     4
 74
     0
 42
0.000000001
 43
0.0000000001
 40
0.0
 40
0.0
 40
0.0
 40
0.0
 40
1.0
 40
1.0
 40
1.0
 40
1.0
 10
27.58573518880208
 20
5.332695424858941
 30
0.0
 10
28.43101295269097
 20
5.332695424858941
 30
0.0
 10
29.20997132769097
 20
5.641265022081161
 30
0.0
 10
29.77912414713541
 20
6.201667785970052
 30
0.0
  0
SPLINE
  5
1EBB
330
250
100
AcDbEntity
  8
0
370
   158
100
AcDbSpline
210
0.0
220
0.0
230
1.0
 70
     8
 71
     3
 72
     8
 73
     4
 74
     0
 42
0.000000001
 43
0.0000000001
 40
0.0
 40
0.0
 40
0.0
 40
0.0
 40
1.0
 40
1.0
 40
1.0
 40
1.0
 10
8.750094943576387
 20
9.060255791232636
 30
0.0
 10
8.750094943576387
 20
9.692811332899305
 30
0.0
 10
8.549067165798611
 20
10.22964477734375
 30
0.0
 10
8.168747749131945
 20
10.6128807078993
 30
0.0
  0
SPLINE
  5
1EBC
330
250
100
AcDbEntity
  8
0
370
   158
100
AcDbSpline
210
0.0
220
0.0
230
1.0
 70
     8
 71
     3
 72
     8
 73
     4
 74
     0
 42
0.000000001
 43
0.0000000001
 40
0.0
 40
0.0
 40
0.0
 40
0.0
 40
1.0
 40
1.0
 40
1.0
 40
1.0
 10
8.168747749131945
 20
10.6128807078993
 30
0.0
 10
7.789219957465277
 20
10.99520026345486
 30
0.0
 10
7.258678221354165
 20
11.19726986067708
 30
0.0
 10
6.634455999131943
 20
11.19726986067708
 30
0.0
  0
SPLINE
  5
1EBD
330
250
100
AcDbEntity
  8
0
370
   158
100
AcDbSpline
210
0.0
220
0.0
230
1.0
 70
     8
 71
     3
 72
     8
 73
     4
 74
     0
 42
0.000000001
 43
0.0000000001
 40
0.0
 40
0.0
 40
0.0
 40
0.0
 40
1.0
 40
1.0
 40
1.0
 40
1.0
 10
6.634455999131943
 20
11.19726986067708
 30
0.0
 10
5.777317263020832
 20
11.19726986067708
 30
0.0
 10
5.087331138020832
 20
10.82803365234375
 30
0.0
 10
4.675525665798611
 20
10.15351973567708
 30
0.0
  0
SPLINE
  5
1EBE
330
250
100
AcDbEntity
  8
0
370
   158
100
AcDbSpline
210
0.0
220
0.0
230
1.0
 70
     8
 71
     3
 72
     8
 73
     4
 74
     0
 42
0.000000001
 43
0.0000000001
 40
0.0
 40
0.0
 40
0.0
 40
0.0
 40
1.0
 40
1.0
 40
1.0
 40
1.0
 10
4.675525665798611
 20
10.15351973567708
 30
0.0
 10
4.324567165798611
 20
10.81895023567708
 30
0.0
 10
3.653817068576389
 20
11.19726986067708
 30
0.0
 10
2.81226179079861
 20
11.19726986067708
 30
0.0
  0
SPLINE
  5
1EBF
330
250
100
AcDbEntity
  8
0
370
   158
100
AcDbSpline
210
0.0
220
0.0
230
1.0
 70
     8
 71
     3
 72
     8
 73
     4
 74
     0
 42
0.000000001
 43
0.0000000001
 40
0.0
 40
0.0
 40
0.0
 40
0.0
 40
1.0
 40
1.0
 40
1.0
 40
1.0
 10
2.81226179079861
 20
11.19726986067708
 30
0.0
 10
2.095358957465278
 20
11.19726986067708
 30
0.0
 10
1.510233554687499
 20
10.93881140234375
 30
0.0
 10
1.105873110243055
 20
10.44668643012153
 30
0.0
  0
SPLINE
  5
1EC0
330
250
100
AcDbEntity
  8
0
370
   158
100
AcDbSpline
210
0.0
220
0.0
230
1.0
 70
     8
 71
     3
 72
     8
 73
     4
 74
     0
 42
0.000000001
 43
0.0000000001
 40
0.0
 40
0.0
 40
0.0
 40
0.0
 40
1.0
 40
1.0
 40
1.0
 40
1.0
 10
1.105873110243055
 20
8.782686332899302
 30
0.0
 10
1.105873110243055
 20
9.618269596788193
 30
0.0
 10
1.662553151909721
 20
10.15814463845486
 30
0.0
 10
2.524094901909723
 20
10.15814463845486
 30
0.0
  0
SPLINE
  5
1EC1
330
250
100
AcDbEntity
  8
0
370
   158
100
AcDbSpline
210
0.0
220
0.0
230
1.0
 70
     8
 71
     3
 72
     8
 73
     4
 74
     0
 42
0.000000001
 43
0.0000000001
 40
0.0
 40
0.0
 40
0.0
 40
0.0
 40
1.0
 40
1.0
 40
1.0
 40
1.0
 10
2.524094901909723
 20
10.15814463845486
 30
0.0
 10
3.333678346354167
 20
10.15814463845486
 30
0.0
 10
3.856858999131944
 20
9.626617013454859
 30
0.0
 10
3.856858999131944
 20
8.804061360677081
 30
0.0
  0
SPLINE
  5
1EC2
330
250
100
AcDbEntity
  8
0
370
   158
100
AcDbSpline
210
0.0
220
0.0
230
1.0
 70
     8
 71
     3
 72
     8
 73
     4
 74
     0
 42
0.000000001
 43
0.0000000001
 40
0.0
 40
0.0
 40
0.0
 40
0.0
 40
1.0
 40
1.0
 40
1.0
 40
1.0
 10
4.927956054687499
 20
8.782686332899302
 30
0.0
 10
4.927956054687499
 20
9.618269596788193
 30
0.0
 10
5.484636513020832
 20
10.15814463845486
 30
0.0
 10
6.346178263020832
 20
10.15814463845486
 30
0.0
  0
SPLINE
  5
1EC3
330
250
100
AcDbEntity
  8
0
370
   158
100
AcDbSpline
210
0.0
220
0.0
230
1.0
 70
     8
 71
     3
 72
     8
 73
     4
 74
     0
 42
0.000000001
 43
0.0000000001
 40
0.0
 40
0.0
 40
0.0
 40
0.0
 40
1.0
 40
1.0
 40
1.0
 40
1.0
 10
6.346178263020832
 20
10.15814463845486
 30
0.0
 10
7.155761610243057
 20
10.15814463845486
 30
0.0
 10
7.678942151909722
 20
9.626617013454859
 30
0.0
 10
7.678942151909722
 20
8.804061360677081
 30
0.0
  0
LWPOLYLINE
  5
1EC4
330
250
100
AcDbEntity
  8
0
370
   158
100
AcDbPolyline
 90
        5
 70
     0
 43
0.0
 10
14.87517051866328
 20
2.243679095798043
 42
0.0003031046835178
 10
14.9921566297743
 20
2.213345762464736
 42
0.0021398549609543
 10
15.02693440755208
 20
2.204276318020287
 42
-0.0004305124345225
 10
15.06273996310764
 20
2.195012443020289
 42
0.0009382216623254
 10
15.09544829644096
 20
2.186540206909181
  0
LWPOLYLINE
  5
1EC5
330
250
100
AcDbEntity
  8
0
370
   158
100
AcDbPolyline
 90
        5
 70
     0
 43
0.0
 10
17.24963476562496
 20
2.243679095798086
 42
0.0003255107287487
 10
17.3666208767361
 20
2.213345762464732
 42
0.0021398549609367
 10
17.40139865451389
 20
2.204276318020287
 42
-0.0004305124345578
 10
17.43720421006944
 20
2.195012443020289
 42
0.0009382216623367
 10
17.46991254340277
 20
2.186540206909179
  0
ENDBLK
  5
32B
330
250
100
AcDbEntity
  8
0
100
AcDbBlockEnd
  0
BLOCK
  5
32E
330
32C
100
AcDbEntity
  8
0
100
AcDbBlockBegin
  2
Modulo Completo
 70
     0
 10
0.0
 20
0.0
 30
0.0
  3
Modulo Completo
  1

  0
ENDBLK
  5
436
330
32C
100
AcDbEntity
  8
0
100
AcDbBlockEnd
  0
BLOCK
  5
82D
330
82C
100
AcDbEntity
  8
0
100
AcDbBlockBegin
  2
Block sheet
 70
     0
 10
0.0
 20
0.0
 30
0.0
  3
Block sheet
  1

  0
POLYLINE
  5
22E8
330
82C
100
AcDbEntity
  8
Chapa
100
AcDb2dPolyline
 66
     1
 10
0.0
 20
0.0
 30
0.0
 70
     1
  0
VERTEX
  5
22E9
330
22E8
100
AcDbEntity
  8
Chapa
100
AcDbVertex
100
AcDb2dVertex
 10
15.21351692273715
 20
1591.162036800005
 30
0.0
  0
VERTEX
  5
22EA
330
22E8
100
AcDbEntity
  8
Chapa
100
AcDbVertex
100
AcDb2dVertex
 10
15.21351692273715
 20
4091.162036800005
 30
0.0
  0
VERTEX
  5
22EB
330
22E8
100
AcDbEntity
  8
Chapa
100
AcDbVertex
100
AcDb2dVertex
 10
1615.213516922735
 20
4091.162036800005
 30
0.0
  0
VERTEX
  5
22EC
330
22E8
100
AcDbEntity
  8
Chapa
100
AcDbVertex
100
AcDb2dVertex
 10
1615.213516922735
 20
1591.162036800005
 30
0.0
  0
SEQEND
  5
22ED
330
22E8
100
AcDbEntity
  8
Chapa
  0
MTEXT
  5
22EE
330
82C
100
AcDbEntity
  8
0
 62
     0
100
AcDbMText
 10
1654.06778546227
 20
3829.948957113725
 30
0.0
 40
23.1574
 41
458.2044733207116
 46
23.43640481927711
 71
     1
 72
     1
  1
\A1;Modelo: MOBIO 2 NS\PVersão: V-03\P\PDesigner: Arthur Carvalho\P\PFresa recomendada: 3.175MM 1/8"\PChapa recomendada: plástico reciclado 250x160mm #8mm
 73
     2
 44
0.9638554216867472
1001
ACAD
1000
ACAD_MTEXT_DEFINED_HEIGHT_BEGIN
1070
    46
1040
23.43640481927711
1000
ACAD_MTEXT_DEFINED_HEIGHT_END
  0
POLYLINE
  5
22EF
330
82C
100
AcDbEntity
  8
MARGEM_DE_SEGURANÇA_20.0MM
100
AcDb2dPolyline
 66
     1
 10
0.0
 20
0.0
 30
0.0
 70
     1
  0
VERTEX
  5
22F0
330
22EF
100
AcDbEntity
  8
MARGEM_DE_SEGURANÇA_20.0MM
100
AcDbVertex
100
AcDb2dVertex
 10
1595.213516922737
 20
4071.162036800004
 30
0.0
  0
VERTEX
  5
22F1
330
22EF
100
AcDbEntity
  8
MARGEM_DE_SEGURANÇA_20.0MM
100
AcDbVertex
100
AcDb2dVertex
 10
1595.213516922737
 20
1611.162036800005
 30
0.0
  0
VERTEX
  5
22F2
330
22EF
100
AcDbEntity
  8
MARGEM_DE_SEGURANÇA_20.0MM
100
AcDbVertex
100
AcDb2dVertex
 10
35.21351692273716
 20
1611.162036800005
 30
0.0
  0
VERTEX
  5
22F3
330
22EF
100
AcDbEntity
  8
MARGEM_DE_SEGURANÇA_20.0MM
100
AcDbVertex
100
AcDb2dVertex
 10
35.21351692273716
 20
4071.162036800004
 30
0.0
  0
SEQEND
  5
22F4
330
22EF
100
AcDbEntity
  8
MARGEM_DE_SEGURANÇA_20.0MM
  0
INSERT
  5
22F5
330
82C
100
AcDbEntity
  8
0
100
AcDbBlockReference
  2
Ativo 34
 10
1653.602304894049
 20
3896.092770081978
 30
0.0
 41
13.40682207931606
 42
13.40682207931606
 43
13.40682207931606
  0
MTEXT
  5
22F6
330
82C
100
AcDbEntity
  8
0
 62
     0
100
AcDbMText
 10
15.21351692273715
 20
1491.162036800005
 30
0.0
 40
23.1574
 41
1599.999999999999
 46
1481.701593574299
 71
     1
 72
     1
  3
Este projeto foi desenvolvido para ser produzido em chapas recicladas com 8 mm de espessura.^JTodos os encaixes foram dimensionados com folgas padrão, mas é essencial conferir as medidas durante a produção, pois a espessura real das chapas pode variar
  3
 de acordo com o fabricante ou lote.^JAo baixar este arquivo, você concorda com os termos da licença Creative Commons sob a qual este projeto está registrado.^JSe tiver dúvidas, sugestões ou quiser compartilhar melhorias, entre em contato conosco! Fica
  3
mos felizes em colaborar e buscar novas soluções em conjunto.\P\PThis project was designed to be produced using 8 mm recycled plywood sheets.^JAll joints have been designed with standard tolerances, but it's important to check measurements during prod
  3
uction, as the actual thickness may vary depending on the supplier, batch, or type of recycled material used.^JBy downloading this file, you agree to the terms of the Creative Commons license under which this project is registered.^JIf you have any que
  1
stions, suggestions, or would like to share improvements, feel free to contact us! We're always happy to collaborate and explore creative, sustainable solutions together.
 73
     2
 44
0.9638554216867472
1001
ACAD
1000
ACAD_MTEXT_DEFINED_HEIGHT_BEGIN
1070
    46
1040
23.43640481927711
1000
ACAD_MTEXT_DEFINED_HEIGHT_END
  0
ENDBLK
  5
82E
330
82C
100
AcDbEntity
  8
0
100
AcDbBlockEnd
  0
ENDSEC
  0
SECTION
  2
ENTITIES
  0
INSERT
  5
4AF
330
1F
100
AcDbEntity
  8
0
100
AcDbBlockReference
  2
Modulo Completo
 10
1919.705054110896
 20
3269.826623068361
 30
0.0
  0
INSERT
  5
83F
330
1F
100
AcDbEntity
  8
Defpoints
100
AcDbBlockReference
  2
Block sheet
 10
0.0
 20
0.0
 30
0.0
  0
LWPOLYLINE
  5
254C
330
1F
100
AcDbEntity
  8
TOP-CUT-INSIDE_10MM
  6
Continuous
370
    -3
100
AcDbPolyline
 90
        4
 70
     1
 43
0.0
 10
264.4135169227375
 20
3952.713740128381
 42
-0.9999999999999998
 10
264.4135169227375
 20
3966.713740128381
 10
320.4135169227375
 20
3966.713740128381
 42
-0.9999999999999998
 10
320.4135169227375
 20
3952.713740128381
  0
LWPOLYLINE
  5
254D
330
1F
100
AcDbEntity
  8
TOP-CUT-INSIDE_10MM
100
AcDbPolyline
 90
        8
 70
     1
 43
0.0
 10
169.3135169227398
 20
4061.412036800005
 10
169.3135169227398
 20
4052.912036800004
 42
0.9999999999999998
 10
172.3135169227398
 20
4052.912036800004
 10
188.3135169227398
 20
4052.912036800004
 42
1.0
 10
191.3135169227398
 20
4052.912036800004
 10
191.3135169227398
 20
4061.412036800005
 42
0.9999999999999996
 10
188.3135169227398
 20
4061.412036800005
 10
172.3135169227398
 20
4061.412036800005
 42
0.9999999999999998
  0
LWPOLYLINE
  5
254E
330
1F
100
AcDbEntity
  8
TOP-CUT-INSIDE_10MM
100
AcDbPolyline
 90
        8
 70
     1
 43
0.0
 10
393.5135169227424
 20
4061.412036800005
 10
393.5135169227424
 20
4052.912036800004
 42
0.9999999999999998
 10
396.5135169227424
 20
4052.912036800004
 10
412.5135169227424
 20
4052.912036800004
 42
1.0
 10
415.5135169227423
 20
4052.912036800004
 10
415.5135169227423
 20
4061.412036800005
 42
0.9999999999999996
 10
412.5135169227424
 20
4061.412036800005
 10
396.5135169227424
 20
4061.412036800005
 42
0.9999999999999998
  0
LWPOLYLINE
  5
254F
330
1F
100
AcDbEntity
  8
TOP-CUT-INSIDE_10MM
100
AcDbPolyline
 90
        8
 70
     1
 43
0.0
 10
154.9635169227413
 20
3997.162036800006
 10
163.4635169227413
 20
3997.162036800006
 42
0.9999999999999998
 10
163.4635169227413
 20
4000.162036800005
 10
163.4635169227413
 20
4016.162036800005
 42
1.0
 10
163.4635169227413
 20
4019.162036800005
 10
154.9635169227413
 20
4019.162036800005
 42
0.9999999999999996
 10
154.9635169227413
 20
4016.162036800005
 10
154.9635169227413
 20
4000.162036800005
 42
0.9999999999999998
  0
LWPOLYLINE
  5
2550
330
1F
100
AcDbEntity
  8
TOP-CUT-INSIDE_10MM
100
AcDbPolyline
 90
        8
 70
     1
 43
0.0
 10
429.8635169227337
 20
3997.162036800006
 10
421.3635169227336
 20
3997.162036800006
 42
-0.9999999999999998
 10
421.3635169227336
 20
4000.162036800005
 10
421.3635169227336
 20
4016.162036800005
 42
-1.0
 10
421.3635169227336
 20
4019.162036800005
 10
429.8635169227337
 20
4019.162036800005
 42
-0.9999999999999996
 10
429.8635169227337
 20
4016.162036800005
 10
429.8635169227337
 20
4000.162036800005
 42
-0.9999999999999998
  0
LWPOLYLINE
  5
2551
330
1F
100
AcDbEntity
  8
TOP-CUT-OUTSIDE_10MM
  6
Continuous
370
    -3
100
AcDbPolyline
 90
       14
 70
     1
 43
0.0
 10
215.4135169227375
 20
4071.162036800004
 10
199.3135169227389
 20
4071.162036800004
 10
145.2135169227403
 20
4071.162036800004
 10
145.2135169227403
 20
3973.162036800005
 10
215.4135169227375
 20
3973.162036800005
 10
250.4135169227375
 20
3938.162036800005
 10
334.4135169227375
 20
3938.162036800005
 10
369.4135169227375
 20
3973.162036800005
 10
439.6135169227346
 20
3973.162036800005
 10
439.6135169227346
 20
4071.162036800004
 10
413.513516922736
 20
4071.162036800004
 10
369.4135169227375
 20
4071.162036800004
 10
334.4135169227375
 20
4036.162036800004
 10
250.4135169227375
 20
4036.162036800004
  0
LWPOLYLINE
  5
2584
330
1F
100
AcDbEntity
  8
TOP-CUT-OUTSIDE_10MM
100
AcDbPolyline
 90
       84
 70
     1
 43
0.0
 10
195.3135169227416
 20
3683.774036799999
 10
389.5135169227369
 20
3683.774036799999
 10
389.5135169227378
 20
3693.774036799998
 42
-0.9999999999999998
 10
394.5135169227378
 20
3693.774036799998
 10
394.513516922737
 20
3683.774036799999
 10
394.513516922737
 20
3675.274036799998
 10
391.5135169227369
 20
3675.274036799997
 10
391.5135169227369
 20
3672.632447275263
 10
396.6217157757164
 20
3665.885564985116
 42
0.7190355538064958
 10
402.0135169227369
 20
3667.696445233258
 10
402.0135169227369
 20
3693.774036799999
 42
-0.9999999999999998
 10
407.0135169227369
 20
3693.774036799999
 10
407.0135169227369
 20
3667.696445233258
 42
0.7190355538067285
 10
412.4053180697565
 20
3665.885564985117
 10
417.5135169227369
 20
3672.632447275263
 10
417.5135169227369
 20
3675.274036799997
 10
414.5135169227369
 20
3675.274036799998
 10
414.5135169227369
 20
3683.774036799999
 10
414.5135169227378
 20
3693.774036799999
 42
-0.9999999999999998
 10
419.5135169227378
 20
3693.774036799999
 10
419.5135169227369
 20
3683.774036799999
 10
439.6135169227363
 20
3683.774036799999
 10
439.6135169227346
 20
3918.162036800005
 10
419.513516922735
 20
3918.162036800005
 10
419.513516922736
 20
3908.162036800005
 42
-0.9999999999999998
 10
414.5135169227359
 20
3908.162036800005
 10
414.5135169227351
 20
3918.162036800005
 10
414.5135169227351
 20
3926.662036800006
 10
417.5135169227351
 20
3926.662036800007
 10
417.5135169227351
 20
3929.303626324741
 10
412.4053180697546
 20
3936.050508614887
 42
0.7190355538067285
 10
407.013516922735
 20
3934.239628366746
 10
407.013516922735
 20
3908.162036800005
 42
-0.9999999999999998
 10
402.0135169227351
 20
3908.162036800005
 10
402.0135169227351
 20
3934.239628366746
 42
0.7190355538064958
 10
396.6217157757146
 20
3936.050508614888
 10
391.5135169227351
 20
3929.303626324741
 10
391.5135169227351
 20
3926.662036800007
 10
394.5135169227351
 20
3926.662036800006
 10
394.5135169227351
 20
3918.162036800005
 10
394.513516922736
 20
3908.162036800006
 42
-0.9999999999999998
 10
389.513516922736
 20
3908.162036800006
 10
389.5135169227351
 20
3918.162036800005
 10
195.3135169227398
 20
3918.162036800005
 10
195.3135169227389
 20
3908.162036800006
 42
-0.9999999999999998
 10
190.3135169227389
 20
3908.162036800006
 10
190.3135169227398
 20
3918.162036800005
 10
190.3135169227398
 20
3926.662036800006
 10
193.3135169227398
 20
3926.662036800007
 10
193.3135169227398
 20
3929.303626324741
 10
188.2053180697603
 20
3936.050508614888
 42
0.7190355538064958
 10
182.8135169227398
 20
3934.239628366746
 10
182.8135169227398
 20
3908.162036800005
 42
-0.9999999999999998
 10
177.8135169227398
 20
3908.162036800005
 10
177.8135169227398
 20
3934.239628366746
 42
0.7190355538067285
 10
172.4217157757202
 20
3936.050508614887
 10
167.3135169227398
 20
3929.303626324741
 10
167.3135169227398
 20
3926.662036800007
 10
170.3135169227398
 20
3926.662036800006
 10
170.3135169227398
 20
3918.162036800005
 10
170.3135169227389
 20
3908.162036800005
 42
-0.9999999999999998
 10
165.3135169227389
 20
3908.162036800005
 10
165.3135169227398
 20
3918.162036800005
 10
145.2135169227403
 20
3918.162036800005
 10
145.2135169227422
 20
3683.774036799999
 10
165.3135169227416
 20
3683.774036799999
 10
165.3135169227407
 20
3693.774036799999
 42
-0.9999999999999998
 10
170.3135169227407
 20
3693.774036799999
 10
170.3135169227416
 20
3683.774036799999
 10
170.3135169227416
 20
3675.274036799998
 10
167.3135169227416
 20
3675.274036799997
 10
167.3135169227416
 20
3672.632447275263
 10
172.421715775722
 20
3665.885564985117
 42
0.7190355538067285
 10
177.8135169227416
 20
3667.696445233258
 10
177.8135169227416
 20
3693.774036799999
 42
-0.9999999999999998
 10
182.8135169227416
 20
3693.774036799999
 10
182.8135169227416
 20
3667.696445233258
 42
0.7190355538064958
 10
188.2053180697621
 20
3665.885564985116
 10
193.3135169227416
 20
3672.632447275263
 10
193.3135169227416
 20
3675.274036799997
 10
190.3135169227416
 20
3675.274036799998
 10
190.3135169227416
 20
3683.774036799999
 10
190.3135169227407
 20
3693.774036799998
 42
-0.9999999999999998
 10
195.3135169227407
 20
3693.774036799998
  0
LINE
  5
2585
330
1F
100
AcDbEntity
  8
TOP-POCKET-INSIDE_2MM
100
AcDbLine
 10
225.4135169227411
 20
3963.162036800005
 30
0.0
 11
359.4135169227411
 21
3963.162036800007
 31
0.0
  0
LINE
  5
2586
330
1F
100
AcDbEntity
  8
TOP-POCKET-INSIDE_2MM
100
AcDbLine
 10
359.4135169227411
 20
3963.162036800007
 30
0.0
 11
359.4135169227411
 21
3954.147435959966
 31
0.0
  0
LINE
  5
2587
330
1F
100
AcDbEntity
  8
TOP-POCKET-INSIDE_2MM
100
AcDbLine
 10
359.4135169227411
 20
3954.147435959966
 30
0.0
 11
225.4135169227411
 21
3954.147435959966
 31
0.0
  0
LINE
  5
2588
330
1F
100
AcDbEntity
  8
TOP-POCKET-INSIDE_2MM
100
AcDbLine
 10
225.4135169227411
 20
3954.147435959966
 30
0.0
 11
225.4135169227411
 21
3963.162036800005
 31
0.0
  0
LWPOLYLINE
  5
2589
330
1F
100
AcDbEntity
  8
TOP-CUT-INSIDE_10MM
  6
Continuous
370
    -3
100
AcDbPolyline
 90
        4
 70
     1
 43
0.0
 10
264.4135169227375
 20
3649.222333471622
 42
0.9999999999999998
 10
264.4135169227375
 20
3635.222333471622
 10
320.4135169227375
 20
3635.222333471622
 42
0.9999999999999998
 10
320.4135169227375
 20
3649.222333471622
  0
LWPOLYLINE
  5
258A
330
1F
100
AcDbEntity
  8
TOP-CUT-INSIDE_10MM
100
AcDbPolyline
 90
        8
 70
     1
 43
0.0
 10
169.3135169227398
 20
3540.524036799998
 10
169.3135169227398
 20
3549.024036799998
 42
-0.9999999999999998
 10
172.3135169227398
 20
3549.024036799998
 10
188.3135169227398
 20
3549.024036799998
 42
-1.0
 10
191.3135169227398
 20
3549.024036799998
 10
191.3135169227398
 20
3540.524036799998
 42
-0.9999999999999996
 10
188.3135169227398
 20
3540.524036799998
 10
172.3135169227398
 20
3540.524036799998
 42
-0.9999999999999998
  0
LWPOLYLINE
  5
258B
330
1F
100
AcDbEntity
  8
TOP-CUT-INSIDE_10MM
100
AcDbPolyline
 90
        8
 70
     1
 43
0.0
 10
393.5135169227424
 20
3540.524036799998
 10
393.5135169227424
 20
3549.024036799998
 42
-0.9999999999999998
 10
396.5135169227424
 20
3549.024036799998
 10
412.5135169227424
 20
3549.024036799998
 42
-1.0
 10
415.5135169227423
 20
3549.024036799998
 10
415.5135169227423
 20
3540.524036799998
 42
-0.9999999999999996
 10
412.5135169227424
 20
3540.524036799998
 10
396.5135169227424
 20
3540.524036799998
 42
-0.9999999999999998
  0
LWPOLYLINE
  5
258C
330
1F
100
AcDbEntity
  8
TOP-CUT-INSIDE_10MM
100
AcDbPolyline
 90
        8
 70
     1
 43
0.0
 10
154.9635169227413
 20
3604.774036799998
 10
163.4635169227413
 20
3604.774036799998
 42
-0.9999999999999998
 10
163.4635169227413
 20
3601.774036799998
 10
163.4635169227413
 20
3585.774036799998
 42
-1.0
 10
163.4635169227413
 20
3582.774036799998
 10
154.9635169227413
 20
3582.774036799998
 42
-0.9999999999999996
 10
154.9635169227413
 20
3585.774036799998
 10
154.9635169227413
 20
3601.774036799998
 42
-0.9999999999999998
  0
LWPOLYLINE
  5
258D
330
1F
100
AcDbEntity
  8
TOP-CUT-INSIDE_10MM
100
AcDbPolyline
 90
        8
 70
     1
 43
0.0
 10
429.8635169227337
 20
3604.774036799998
 10
421.3635169227336
 20
3604.774036799998
 42
0.9999999999999998
 10
421.3635169227336
 20
3601.774036799998
 10
421.3635169227336
 20
3585.774036799998
 42
1.0
 10
421.3635169227336
 20
3582.774036799998
 10
429.8635169227337
 20
3582.774036799998
 42
0.9999999999999996
 10
429.8635169227337
 20
3585.774036799998
 10
429.8635169227337
 20
3601.774036799998
 42
0.9999999999999998
  0
LWPOLYLINE
  5
258E
330
1F
100
AcDbEntity
  8
TOP-CUT-OUTSIDE_10MM
  6
Continuous
370
    -3
100
AcDbPolyline
 90
       14
 70
     1
 43
0.0
 10
215.4135169227375
 20
3530.774036799998
 10
199.3135169227389
 20
3530.774036799998
 10
145.2135169227403
 20
3530.774036799998
 10
145.2135169227403
 20
3628.774036799998
 10
215.4135169227375
 20
3628.774036799998
 10
250.4135169227375
 20
3663.774036799998
 10
334.4135169227375
 20
3663.774036799998
 10
369.4135169227375
 20
3628.774036799998
 10
439.6135169227346
 20
3628.774036799998
 10
439.6135169227346
 20
3530.774036799998
 10
413.513516922736
 20
3530.774036799998
 10
369.4135169227375
 20
3530.774036799998
 10
334.4135169227375
 20
3565.774036799998
 10
250.4135169227375
 20
3565.774036799998
  0
LINE
  5
258F
330
1F
100
AcDbEntity
  8
TOP-POCKET-INSIDE_2MM
100
AcDbLine
 10
225.413516922742
 20
3638.774036799997
 30
0.0
 11
359.413516922742
 21
3638.774036799996
 31
0.0
  0
LINE
  5
2590
330
1F
100
AcDbEntity
  8
TOP-POCKET-INSIDE_2MM
100
AcDbLine
 10
359.413516922742
 20
3638.774036799996
 30
0.0
 11
359.413516922742
 21
3647.788637640036
 31
0.0
  0
LINE
  5
2591
330
1F
100
AcDbEntity
  8
TOP-POCKET-INSIDE_2MM
100
AcDbLine
 10
359.413516922742
 20
3647.788637640036
 30
0.0
 11
225.413516922742
 21
3647.788637640036
 31
0.0
  0
LINE
  5
2592
330
1F
100
AcDbEntity
  8
TOP-POCKET-INSIDE_2MM
100
AcDbLine
 10
225.413516922742
 20
3647.788637640036
 30
0.0
 11
225.413516922742
 21
3638.774036799997
 31
0.0
  0
LWPOLYLINE
  5
2593
330
1F
100
AcDbEntity
  8
TOP-CUT-INSIDE_10MM
100
AcDbPolyline
 90
        8
 70
     1
 43
0.0
 10
69.21351692273674
 20
4061.412036800003
 10
69.21351692273674
 20
4052.912036800004
 42
0.9999999999999998
 10
72.21351692273675
 20
4052.912036800004
 10
88.21351692273674
 20
4052.912036800004
 42
1.0
 10
91.21351692273675
 20
4052.912036800004
 10
91.21351692273675
 20
4061.412036800003
 42
0.9999999999999996
 10
88.21351692273674
 20
4061.412036800003
 10
72.21351692273675
 20
4061.412036800003
 42
0.9999999999999998
  0
LWPOLYLINE
  5
2594
330
1F
100
AcDbEntity
  8
TOP-CUT-INSIDE_10MM
100
AcDbPolyline
 90
        8
 70
     1
 43
0.0
 10
69.21351692273765
 20
3786.512036800012
 10
69.21351692273765
 20
3795.012036800012
 42
-0.9999999999999998
 10
72.21351692273765
 20
3795.012036800012
 10
88.21351692273765
 20
3795.012036800012
 42
-1.0
 10
91.21351692273766
 20
3795.012036800012
 10
91.21351692273766
 20
3786.512036800012
 42
-0.9999999999999996
 10
88.21351692273765
 20
3786.512036800012
 10
72.21351692273765
 20
3786.512036800012
 42
-0.9999999999999998
  0
LWPOLYLINE
  5
2595
330
1F
100
AcDbEntity
  8
TOP-CUT-OUTSIDE_10MM
100
AcDbPolyline
 90
        4
 70
     1
 43
0.0
 10
125.2135169227367
 20
4071.162036800004
 10
125.2135169227376
 20
3776.762036800011
 10
35.21351692273765
 20
3776.762036800011
 10
35.21351692273674
 20
4071.162036800004
  0
LWPOLYLINE
  5
259C
330
1F
100
AcDbEntity
  8
TOP-CUT-INSIDE_10MM
100
AcDbPolyline
 90
        8
 70
     1
 43
0.0
 10
515.6135169227336
 20
4061.412036800005
 10
515.6135169227336
 20
4052.912036800004
 42
-0.9999999999999998
 10
512.6135169227336
 20
4052.912036800004
 10
496.6135169227336
 20
4052.912036800004
 42
-1.0
 10
493.6135169227336
 20
4052.912036800004
 10
493.6135169227336
 20
4061.412036800005
 42
-0.9999999999999996
 10
496.6135169227336
 20
4061.412036800005
 10
512.6135169227336
 20
4061.412036800005
 42
-0.9999999999999998
  0
LWPOLYLINE
  5
259D
330
1F
100
AcDbEntity
  8
TOP-CUT-INSIDE_10MM
100
AcDbPolyline
 90
        8
 70
     1
 43
0.0
 10
515.6135169227336
 20
3786.512036800013
 10
515.6135169227336
 20
3795.012036800013
 42
0.9999999999999998
 10
512.6135169227336
 20
3795.012036800013
 10
496.6135169227336
 20
3795.012036800013
 42
1.0
 10
493.6135169227336
 20
3795.012036800013
 10
493.6135169227336
 20
3786.512036800013
 42
0.9999999999999996
 10
496.6135169227336
 20
3786.512036800013
 10
512.6135169227336
 20
3786.512036800013
 42
0.9999999999999998
  0
LWPOLYLINE
  5
259E
330
1F
100
AcDbEntity
  8
TOP-CUT-OUTSIDE_10MM
100
AcDbPolyline
 90
        4
 70
     1
 43
0.0
 10
459.6135169227336
 20
4071.162036800006
 10
459.6135169227336
 20
3776.762036800012
 10
549.6135169227336
 20
3776.762036800012
 10
549.6135169227336
 20
4071.162036800006
  0
LWPOLYLINE
  5
25C0
330
1F
100
AcDbEntity
  8
TOP-CUT-OUTSIDE_10MM
100
AcDbPolyline
 90
       44
 70
     1
 43
0.0
 10
90.21351692273674
 20
3520.774036799997
 42
-0.9999999999999998
 10
95.21351692273674
 20
3520.774036799997
 10
95.21351692273766
 20
3510.774036799998
 10
125.2135169227376
 20
3510.774036799998
 10
125.2135169227376
 20
3729.162036800007
 10
95.21351692273766
 20
3729.162036800007
 10
95.21351692273674
 20
3719.162036800008
 42
-0.9999999999999998
 10
90.21351692273674
 20
3719.162036800008
 10
90.21351692273766
 20
3729.162036800007
 10
90.21351692273766
 20
3745.662036800008
 10
93.21351692273765
 20
3745.662036800009
 10
93.21351692273765
 20
3748.303626324742
 10
88.10531806975815
 20
3755.050508614889
 42
0.7190355538065063
 10
82.71351692273766
 20
3753.239628366748
 10
82.71351692273766
 20
3719.162036800007
 42
-0.9999999999999998
 10
77.71351692273765
 20
3719.162036800007
 10
77.71351692273765
 20
3753.239628366748
 42
0.7190355538065431
 10
72.32171577571808
 20
3755.050508614889
 10
67.21351692273765
 20
3748.303626324742
 10
67.21351692273765
 20
3745.662036800009
 10
70.21351692273765
 20
3745.662036800008
 10
70.21351692273765
 20
3729.162036800007
 10
70.21351692273674
 20
3719.162036800007
 42
-0.9999999999999998
 10
65.21351692273674
 20
3719.162036800007
 10
65.21351692273765
 20
3729.162036800006
 10
35.21351692273765
 20
3729.162036800007
 10
35.21351692273765
 20
3510.774036799998
 10
65.21351692273765
 20
3510.774036799998
 10
65.21351692273674
 20
3520.774036799998
 42
-0.9999999999999998
 10
70.21351692273674
 20
3520.774036799998
 10
70.21351692273765
 20
3510.774036799999
 10
70.21351692273765
 20
3494.274036799997
 10
67.21351692273765
 20
3494.274036799996
 10
67.21351692273765
 20
3491.632447275262
 10
72.32171577571716
 20
3484.885564985115
 42
0.7190355538066662
 10
77.71351692273765
 20
3486.696445233257
 10
77.71351692273765
 20
3520.774036799998
 42
-0.9999999999999998
 10
82.71351692273766
 20
3520.774036799998
 10
82.71351692273766
 20
3486.696445233257
 42
0.7190355538066528
 10
88.10531806975722
 20
3484.885564985117
 10
93.21351692273765
 20
3491.632447275262
 10
93.21351692273765
 20
3494.274036799996
 10
90.21351692273766
 20
3494.274036799997
 10
90.21351692273766
 20
3510.774036799998
  0
LWPOLYLINE
  5
25C1
330
1F
100
AcDbEntity
  8
TOP-CUT-OUTSIDE_10MM
100
AcDbPolyline
 90
       44
 70
     1
 43
0.0
 10
494.6135169227382
 20
3520.774036799997
 42
0.9999999999999998
 10
489.6135169227382
 20
3520.774036799997
 10
489.6135169227372
 20
3510.774036799998
 10
459.6135169227372
 20
3510.774036799998
 10
459.6135169227372
 20
3729.162036800007
 10
489.6135169227372
 20
3729.162036800007
 10
489.6135169227382
 20
3719.162036800008
 42
0.9999999999999998
 10
494.6135169227382
 20
3719.162036800008
 10
494.6135169227373
 20
3729.162036800007
 10
494.6135169227373
 20
3745.662036800008
 10
491.6135169227373
 20
3745.662036800009
 10
491.6135169227373
 20
3748.303626324742
 10
496.7217157757167
 20
3755.050508614889
 42
-0.7190355538065063
 10
502.1135169227372
 20
3753.239628366748
 10
502.1135169227372
 20
3719.162036800007
 42
0.9999999999999998
 10
507.1135169227373
 20
3719.162036800007
 10
507.1135169227373
 20
3753.239628366748
 42
-0.7190355538065431
 10
512.5053180697559
 20
3755.050508614889
 10
517.6135169227364
 20
3748.303626324742
 10
517.6135169227364
 20
3745.662036800009
 10
514.6135169227363
 20
3745.662036800008
 10
514.6135169227363
 20
3729.162036800007
 10
514.6135169227382
 20
3719.162036800007
 42
0.9999999999999998
 10
519.6135169227382
 20
3719.162036800007
 10
519.6135169227363
 20
3729.162036800006
 10
549.6135169227364
 20
3729.162036800007
 10
549.6135169227364
 20
3510.774036799998
 10
519.6135169227363
 20
3510.774036799998
 10
519.6135169227382
 20
3520.774036799998
 42
0.9999999999999998
 10
514.6135169227382
 20
3520.774036799998
 10
514.6135169227363
 20
3510.774036799999
 10
514.6135169227363
 20
3494.274036799997
 10
517.6135169227364
 20
3494.274036799996
 10
517.6135169227364
 20
3491.632447275262
 10
512.5053180697578
 20
3484.885564985115
 42
-0.7190355538066662
 10
507.1135169227373
 20
3486.696445233257
 10
507.1135169227373
 20
3520.774036799998
 42
0.9999999999999998
 10
502.1135169227372
 20
3520.774036799998
 10
502.1135169227372
 20
3486.696445233257
 42
-0.7190355538066528
 10
496.7217157757176
 20
3484.885564985117
 10
491.6135169227373
 20
3491.632447275262
 10
491.6135169227373
 20
3494.274036799996
 10
494.6135169227373
 20
3494.274036799997
 10
494.6135169227373
 20
3510.774036799998
  0
LWPOLYLINE
  5
25C2
330
1F
100
AcDbEntity
  8
TOP-CUT-INSIDE_10MM
  6
Continuous
370
    -3
100
AcDbPolyline
 90
        4
 70
     1
 43
0.0
 10
589.6135169227336
 20
3980.968036800003
 10
589.6135169227336
 20
3924.968036800003
 42
0.9999999999999998
 10
603.6135169227336
 20
3924.968036800003
 10
603.6135169227336
 20
3980.968036800003
 42
0.9999999999999998
  0
LWPOLYLINE
  5
25C3
330
1F
100
AcDbEntity
  8
TOP-CUT-INSIDE_10MM
  6
Continuous
370
    -3
100
AcDbPolyline
 90
        4
 70
     1
 43
0.0
 10
841.3275169227336
 20
3980.968036800003
 10
841.3275169227336
 20
3924.968036800003
 42
-0.9999999999999998
 10
827.3275169227336
 20
3924.968036800003
 10
827.3275169227336
 20
3980.968036800003
 42
-0.9999999999999998
  0
LWPOLYLINE
  5
25C4
330
1F
100
AcDbEntity
  8
TOP-CUT-OUTSIDE_10MM
100
AcDbPolyline
 90
        4
 70
     1
 43
0.0
 10
569.6135169227336
 20
4071.162036800004
 10
569.6135169227336
 20
3834.774036800003
 10
861.3275169227335
 20
3834.774036800003
 10
861.3275169227335
 20
4071.162036800004
  0
LWPOLYLINE
  5
25C7
102
{ACAD_REACTORS
330
26FC
102
}
330
1F
100
AcDbEntity
  8
0
370
    50
100
AcDbPolyline
 90
        2
 70
     0
 43
0.0
 10
2742.090280216717
 20
3633.372337971334
 10
2743.367543240688
 20
3632.642473386207
  0
LWPOLYLINE
  5
25C8
102
{ACAD_REACTORS
330
26FC
102
}
330
1F
100
AcDbEntity
  8
0
370
    25
100
AcDbPolyline
 90
        2
 70
     0
 43
0.0
 10
2743.367543240688
 20
3632.642473386207
 10
2744.888094459704
 20
3633.493982068856
  0
LWPOLYLINE
  5
25C9
102
{ACAD_REACTORS
330
26FC
102
}
330
1F
100
AcDbEntity
  8
0
370
    50
100
AcDbPolyline
 90
        2
 70
     0
 43
0.0
 10
2743.367543240688
 20
3658.43102206069
 10
2739.049177778687
 20
3660.924726059874
  0
SPLINE
  5
25CA
102
{ACAD_REACTORS
330
26FC
102
}
330
1F
100
AcDbEntity
  8
0
370
    50
100
AcDbSpline
210
0.0
220
0.0
230
1.0
 70
     8
 71
     3
 72
     8
 73
     4
 74
     0
 42
0.000000001
 43
0.0000000001
 40
0.0
 40
0.0
 40
0.0
 40
0.0
 40
1.0
 40
1.0
 40
1.0
 40
1.0
 10
2743.397744098354
 20
3654.934545104107
 30
0.0
 10
2744.241022877917
 20
3654.447737226711
 30
0.0
 10
2744.924729322868
 20
3654.842444989957
 30
0.0
 10
2744.924845531804
 20
3655.816149768651
 30
0.0
  0
SPLINE
  5
25CB
102
{ACAD_REACTORS
330
26FC
102
}
330
1F
100
AcDbEntity
  8
0
370
    50
100
AcDbSpline
210
0.0
220
0.0
230
1.0
 70
     8
 71
     3
 72
     8
 73
     4
 74
     0
 42
0.000000001
 43
0.0000000001
 40
0.0
 40
0.0
 40
0.0
 40
0.0
 40
1.0
 40
1.0
 40
1.0
 40
1.0
 10
2744.924845531804
 20
3655.816149768651
 30
0.0
 10
2744.92496174074
 20
3656.789854547348
 30
0.0
 10
2744.241443211347
 20
3657.973834360525
 30
0.0
 10
2743.398164431785
 20
3658.460642237923
 30
0.0
  0
LWPOLYLINE
  5
25CC
102
{ACAD_REACTORS
330
26FC
102
}
330
1F
100
AcDbEntity
  8
0
370
    50
100
AcDbPolyline
 90
        3
 70
     0
 43
0.0
 10
2743.367543240688
 20
3636.170152214321
 10
2743.367543240688
 20
3654.903343232577
 10
2744.888094459704
 20
3655.815673963986
  0
SPLINE
  5
25CD
102
{ACAD_REACTORS
330
26FC
102
}
330
1F
100
AcDbEntity
  8
0
370
    50
100
AcDbSpline
210
0.0
220
0.0
230
1.0
 70
     8
 71
     3
 72
     8
 73
     4
 74
     0
 42
0.000000001
 43
0.0000000001
 40
0.0
 40
0.0
 40
0.0
 40
0.0
 40
1.0
 40
1.0
 40
1.0
 40
1.0
 10
2743.397744098354
 20
3632.673675257736
 30
0.0
 10
2744.241022877917
 20
3632.186867380339
 30
0.0
 10
2744.924729322868
 20
3632.581575143587
 30
0.0
 10
2744.924845531804
 20
3633.555279922282
 30
0.0
  0
SPLINE
  5
25CE
102
{ACAD_REACTORS
330
26FC
102
}
330
1F
100
AcDbEntity
  8
0
370
    50
100
AcDbSpline
210
0.0
220
0.0
230
1.0
 70
     8
 71
     3
 72
     8
 73
     4
 74
     0
 42
0.000000001
 43
0.0000000001
 40
0.0
 40
0.0
 40
0.0
 40
0.0
 40
1.0
 40
1.0
 40
1.0
 40
1.0
 10
2744.924845531804
 20
3633.555279922282
 30
0.0
 10
2744.92496174074
 20
3634.528984700977
 30
0.0
 10
2744.241443211347
 20
3635.712964514155
 30
0.0
 10
2743.398164431785
 20
3636.199772391552
 30
0.0
  0
LWPOLYLINE
  5
25CF
102
{ACAD_REACTORS
330
26FC
102
}
330
1F
100
AcDbEntity
  8
0
370
    50
100
AcDbPolyline
 90
        4
 70
     1
 43
0.0
 10
2761.431691722579
 20
3697.296311218698
 10
2753.281537188662
 20
3692.613013464135
 10
2753.281537188662
 20
3587.025936815776
 10
2761.431691722579
 20
3591.70923457034
  0
LWPOLYLINE
  5
25D0
102
{ACAD_REACTORS
330
26FC
102
}
330
1F
100
AcDbEntity
  8
0
370
    50
100
AcDbPolyline
 90
        2
 70
     0
 43
0.0
 10
2753.281537188662
 20
3692.613013464135
 10
2753.281537188662
 20
3692.613013464135
  0
LWPOLYLINE
  5
25D1
102
{ACAD_REACTORS
330
26FC
102
}
330
1F
100
AcDbEntity
  8
0
370
    50
100
AcDbPolyline
 90
        2
 70
     0
 43
0.0
 10
2761.370869673819
 20
3697.296311218698
 10
2761.431691722579
 20
3697.296311218698
  0
LWPOLYLINE
  5
25D2
102
{ACAD_REACTORS
330
26FC
102
}
330
1F
100
AcDbEntity
  8
0
370
    50
100
AcDbPolyline
 90
        2
 70
     0
 43
0.0
 10
2753.281537188662
 20
3587.025936815776
 10
2743.124255045647
 20
3592.864853496791
  0
LWPOLYLINE
  5
25D3
102
{ACAD_REACTORS
330
26FC
102
}
330
1F
100
AcDbEntity
  8
0
370
    50
100
AcDbPolyline
 90
        2
 70
     0
 43
0.0
 10
2633.644567276612
 20
3656.058962159028
 10
2627.07578601047
 20
3659.890751230945
  0
SPLINE
  5
25D4
102
{ACAD_REACTORS
330
26FC
102
}
330
1F
100
AcDbEntity
  8
0
370
    50
100
AcDbSpline
210
0.0
220
0.0
230
1.0
 70
     8
 71
     3
 72
     8
 73
     4
 74
     0
 42
0.000000001
 43
0.0000000001
 40
0.0
 40
0.0
 40
0.0
 40
0.0
 40
1.0
 40
1.0
 40
1.0
 40
1.0
 10
2262.910109104249
 20
3595.480677398162
 30
0.0
 10
2262.910225313186
 20
3596.454382176857
 30
0.0
 10
2262.226706783794
 20
3597.638361990035
 30
0.0
 10
2261.38342800423
 20
3598.125169867432
 30
0.0
  0
SPLINE
  5
25D5
102
{ACAD_REACTORS
330
26FC
102
}
330
1F
100
AcDbEntity
  8
0
370
    50
100
AcDbSpline
210
0.0
220
0.0
230
1.0
 70
     8
 71
     3
 72
     8
 73
     4
 74
     0
 42
0.000000001
 43
0.0000000001
 40
0.0
 40
0.0
 40
0.0
 40
0.0
 40
1.0
 40
1.0
 40
1.0
 40
1.0
 10
2261.38342800423
 20
3598.125169867432
 30
0.0
 10
2260.540149224667
 20
3598.611977744829
 30
0.0
 10
2259.856442779716
 20
3598.217269981583
 30
0.0
 10
2259.85632657078
 20
3597.243565202888
 30
0.0
  0
LWPOLYLINE
  5
25D6
102
{ACAD_REACTORS
330
26FC
102
}
330
1F
100
AcDbEntity
  8
0
370
    50
100
AcDbPolyline
 90
        3
 70
     0
 43
0.0
 10
2261.352806813134
 20
3598.095549690201
 10
2259.832255594121
 20
3597.244041007554
 10
2243.531946526287
 20
3606.610636516682
  0
SPLINE
  5
25D7
102
{ACAD_REACTORS
330
26FC
102
}
330
1F
100
AcDbEntity
  8
0
370
    50
100
AcDbSpline
210
0.0
220
0.0
230
1.0
 70
     8
 71
     3
 72
     8
 73
     4
 74
     0
 42
0.000000001
 43
0.0000000001
 40
0.0
 40
0.0
 40
0.0
 40
0.0
 40
1.0
 40
1.0
 40
1.0
 40
1.0
 10
2243.568697598387
 20
3606.671934370107
 30
0.0
 10
2243.568813807323
 20
3607.645639148803
 30
0.0
 10
2242.885295277932
 20
3608.82961896198
 30
0.0
 10
2242.042016498368
 20
3609.316426839378
 30
0.0
  0
SPLINE
  5
25D8
102
{ACAD_REACTORS
330
26FC
102
}
330
1F
100
AcDbEntity
  8
0
370
    50
100
AcDbSpline
210
0.0
220
0.0
230
1.0
 70
     8
 71
     3
 72
     8
 73
     4
 74
     0
 42
0.000000001
 43
0.0000000001
 40
0.0
 40
0.0
 40
0.0
 40
0.0
 40
1.0
 40
1.0
 40
1.0
 40
1.0
 10
2242.042016498368
 20
3609.316426839378
 30
0.0
 10
2241.198737718804
 20
3609.803234716775
 30
0.0
 10
2240.515031273853
 20
3609.408526953529
 30
0.0
 10
2240.514915064918
 20
3608.434822174834
 30
0.0
  0
LWPOLYLINE
  5
25D9
102
{ACAD_REACTORS
330
26FC
102
}
330
1F
100
AcDbEntity
  8
0
370
    25
100
AcDbPolyline
 90
        2
 70
     0
 43
0.0
 10
2242.011395307272
 20
3609.225984613387
 10
2240.490844088257
 20
3608.374475930739
  0
LWPOLYLINE
  5
25DA
102
{ACAD_REACTORS
330
26FC
102
}
330
1F
100
AcDbEntity
  8
0
370
    50
100
AcDbPolyline
 90
        2
 70
     0
 43
0.0
 10
2240.490844088257
 20
3608.070365686935
 10
2240.490844088257
 20
3608.374475930739
  0
LWPOLYLINE
  5
25DB
102
{ACAD_REACTORS
330
26FC
102
}
330
1F
100
AcDbEntity
  8
0
370
    50
100
AcDbPolyline
 90
        2
 70
     0
 43
0.0
 10
2262.873358032149
 20
3595.480201593497
 10
2262.873358032149
 20
3595.176091349694
  0
LWPOLYLINE
  5
25DC
102
{ACAD_REACTORS
330
26FC
102
}
330
1F
100
AcDbEntity
  8
0
370
    50
100
AcDbPolyline
 90
        2
 70
     0
 43
0.0
 10
2337.137079568811
 20
3670.169677471482
 10
2394.005695159948
 20
3637.26494909201
  0
SPLINE
  5
25DD
102
{ACAD_REACTORS
330
26FC
102
}
330
1F
100
AcDbEntity
  8
0
370
    50
100
AcDbSpline
210
0.0
220
0.0
230
1.0
 70
     8
 71
     3
 72
     8
 73
     4
 74
     0
 42
0.000000001
 43
0.0000000001
 40
0.0
 40
0.0
 40
0.0
 40
0.0
 40
1.0
 40
1.0
 40
1.0
 40
1.0
 10
2340.737589840824
 20
3663.031092389385
 30
0.0
 10
2342.020454663611
 20
3661.043743759156
 30
0.0
 10
2343.643033633743
 20
3659.423023484851
 30
0.0
 10
2345.319288996691
 20
3658.454641487941
 30
0.0
  0
SPLINE
  5
25DE
102
{ACAD_REACTORS
330
26FC
102
}
330
1F
100
AcDbEntity
  8
0
370
    50
100
AcDbSpline
210
0.0
220
0.0
230
1.0
 70
     8
 71
     3
 72
     8
 73
     4
 74
     0
 42
0.000000001
 43
0.0000000001
 40
0.0
 40
0.0
 40
0.0
 40
0.0
 40
1.0
 40
1.0
 40
1.0
 40
1.0
 10
2337.165846723607
 20
3670.206880092993
 30
0.0
 10
2333.235954131521
 20
3672.477202159516
 30
0.0
 10
2330.05088189892
 20
3670.638441173725
 30
0.0
 10
2330.051790111056
 20
3666.099893251072
 30
0.0
  0
SPLINE
  5
25DF
102
{ACAD_REACTORS
330
26FC
102
}
330
1F
100
AcDbEntity
  8
0
370
    50
100
AcDbSpline
210
0.0
220
0.0
230
1.0
 70
     8
 71
     3
 72
     8
 73
     4
 74
     0
 42
0.000000001
 43
0.0000000001
 40
0.0
 40
0.0
 40
0.0
 40
0.0
 40
1.0
 40
1.0
 40
1.0
 40
1.0
 10
2330.051790111056
 20
3666.099893251072
 30
0.0
 10
2330.052697269705
 20
3661.561344720233
 30
0.0
 10
2333.239240817202
 20
3656.041665191715
 30
0.0
 10
2337.169134462774
 20
3653.771343733376
 30
0.0
  0
LWPOLYLINE
  5
25E0
102
{ACAD_REACTORS
330
26FC
102
}
330
1F
100
AcDbEntity
  8
0
370
    25
100
AcDbPolyline
 90
        2
 70
     0
 43
0.0
 10
2345.287234102728
 20
3658.43102206069
 10
2337.137079568811
 20
3653.747724306127
  0
LWPOLYLINE
  5
25E1
102
{ACAD_REACTORS
330
26FC
102
}
330
1F
100
AcDbEntity
  8
0
370
    50
100
AcDbPolyline
 90
        2
 70
     0
 43
0.0
 10
2401.061052816174
 20
3626.195336217587
 10
2345.287234102728
 20
3658.43102206069
  0
LWPOLYLINE
  5
25E2
102
{ACAD_REACTORS
330
26FC
102
}
330
1F
100
AcDbEntity
  8
0
370
    50
100
AcDbPolyline
 90
        2
 70
     0
 43
0.0
 10
2394.005695159948
 20
3620.842995926656
 10
2337.137079568811
 20
3653.747724306127
  0
LWPOLYLINE
  5
25E3
102
{ACAD_REACTORS
330
26FC
102
}
330
1F
100
AcDbEntity
  8
0
370
    25
100
AcDbPolyline
 90
        2
 70
     0
 43
0.0
 10
2401.121874864936
 20
3624.978895242375
 10
2394.005695159948
 20
3620.842995926656
  0
SPLINE
  5
25E4
102
{ACAD_REACTORS
330
26FC
102
}
330
1F
100
AcDbEntity
  8
0
370
    50
100
AcDbSpline
210
0.0
220
0.0
230
1.0
 70
     8
 71
     3
 72
     8
 73
     4
 74
     0
 42
0.000000001
 43
0.0000000001
 40
0.0
 40
0.0
 40
0.0
 40
0.0
 40
1.0
 40
1.0
 40
1.0
 40
1.0
 10
2394.037750053912
 20
3620.866615353906
 30
0.0
 10
2397.967642645998
 20
3618.596293287383
 30
0.0
 10
2401.152714878599
 20
3620.435054273173
 30
0.0
 10
2401.151806666463
 20
3624.973602195827
 30
0.0
  0
SPLINE
  5
25E5
102
{ACAD_REACTORS
330
26FC
102
}
330
1F
100
AcDbEntity
  8
0
370
    50
100
AcDbSpline
210
0.0
220
0.0
230
1.0
 70
     8
 71
     3
 72
     8
 73
     4
 74
     0
 42
0.000000001
 43
0.0000000001
 40
0.0
 40
0.0
 40
0.0
 40
0.0
 40
1.0
 40
1.0
 40
1.0
 40
1.0
 10
2401.151806666463
 20
3624.973602195827
 30
0.0
 10
2401.150899507814
 20
3629.512150726664
 30
0.0
 10
2397.964355960318
 20
3635.031830255183
 30
0.0
 10
2394.034462314745
 20
3637.302151713522
 30
0.0
  0
LWPOLYLINE
  5
25E6
102
{ACAD_REACTORS
330
26FC
102
}
330
1F
100
AcDbEntity
  8
0
370
    50
100
AcDbPolyline
 90
        2
 70
     0
 43
0.0
 10
2505.249222343038
 20
3495.123821138548
 10
2505.005934147997
 20
3495.306287284831
  0
LWPOLYLINE
  5
25E7
102
{ACAD_REACTORS
330
26FC
102
}
330
1F
100
AcDbEntity
  8
0
370
    25
100
AcDbPolyline
 90
        2
 70
     0
 43
0.0
 10
2506.769773562053
 20
3496.036151869957
 10
2505.249222343038
 20
3495.123821138548
  0
SPLINE
  5
25E8
102
{ACAD_REACTORS
330
26FC
102
}
330
1F
100
AcDbEntity
  8
0
370
    50
100
AcDbSpline
210
0.0
220
0.0
230
1.0
 70
     8
 71
     3
 72
     8
 73
     4
 74
     0
 42
0.000000001
 43
0.0000000001
 40
0.0
 40
0.0
 40
0.0
 40
0.0
 40
1.0
 40
1.0
 40
1.0
 40
1.0
 10
2505.279423200704
 20
3495.155023010078
 30
0.0
 10
2506.122701980267
 20
3494.66821513268
 30
0.0
 10
2506.806408425218
 20
3495.062922895928
 30
0.0
 10
2506.806524634154
 20
3496.036627674623
 30
0.0
  0
SPLINE
  5
25E9
102
{ACAD_REACTORS
330
26FC
102
}
330
1F
100
AcDbEntity
  8
0
370
    50
100
AcDbSpline
210
0.0
220
0.0
230
1.0
 70
     8
 71
     3
 72
     8
 73
     4
 74
     0
 42
0.000000001
 43
0.0000000001
 40
0.0
 40
0.0
 40
0.0
 40
0.0
 40
1.0
 40
1.0
 40
1.0
 40
1.0
 10
2506.806524634154
 20
3496.036627674623
 30
0.0
 10
2506.80664084309
 20
3497.010332453318
 30
0.0
 10
2506.123122313699
 20
3498.194312266495
 30
0.0
 10
2505.279843534135
 20
3498.681120143892
 30
0.0
  0
LWPOLYLINE
  5
25EA
102
{ACAD_REACTORS
330
26FC
102
}
330
1F
100
AcDbEntity
  8
0
370
    50
100
AcDbPolyline
 90
        3
 70
     0
 43
0.0
 10
2506.769773562053
 20
3518.297021716327
 10
2505.249222343038
 20
3517.445513033678
 10
2505.249222343038
 20
3498.651499966662
  0
SPLINE
  5
25EB
102
{ACAD_REACTORS
330
26FC
102
}
330
1F
100
AcDbEntity
  8
0
370
    50
100
AcDbSpline
210
0.0
220
0.0
230
1.0
 70
     8
 71
     3
 72
     8
 73
     4
 74
     0
 42
0.000000001
 43
0.0000000001
 40
0.0
 40
0.0
 40
0.0
 40
0.0
 40
1.0
 40
1.0
 40
1.0
 40
1.0
 10
2505.279423200704
 20
3517.476714905209
 30
0.0
 10
2506.122701980267
 20
3516.989907027812
 30
0.0
 10
2506.806408425218
 20
3517.384614791058
 30
0.0
 10
2506.806524634154
 20
3518.358319569753
 30
0.0
  0
SPLINE
  5
25EC
102
{ACAD_REACTORS
330
26FC
102
}
330
1F
100
AcDbEntity
  8
0
370
    50
100
AcDbSpline
210
0.0
220
0.0
230
1.0
 70
     8
 71
     3
 72
     8
 73
     4
 74
     0
 42
0.000000001
 43
0.0000000001
 40
0.0
 40
0.0
 40
0.0
 40
0.0
 40
1.0
 40
1.0
 40
1.0
 40
1.0
 10
2506.806524634154
 20
3518.358319569753
 30
0.0
 10
2506.80664084309
 20
3519.332024348449
 30
0.0
 10
2506.123122313699
 20
3520.516004161627
 30
0.0
 10
2505.279843534135
 20
3521.002812039024
 30
0.0
  0
LWPOLYLINE
  5
25ED
102
{ACAD_REACTORS
330
26FC
102
}
330
1F
100
AcDbEntity
  8
0
370
    50
100
AcDbPolyline
 90
        2
 70
     0
 43
0.0
 10
2505.005934147997
 20
3521.094835959313
 10
2505.249222343038
 20
3520.912369813032
  0
LWPOLYLINE
  5
25EE
102
{ACAD_REACTORS
330
26FC
102
}
330
1F
100
AcDbEntity
  8
0
370
    50
100
AcDbPolyline
 90
        3
 70
     0
 43
0.0
 10
2236.111656577496
 20
3674.548864982243
 10
2234.591105358482
 20
3673.697356299595
 10
2234.591105358482
 20
3654.903343232577
  0
SPLINE
  5
25EF
102
{ACAD_REACTORS
330
26FC
102
}
330
1F
100
AcDbEntity
  8
0
370
    50
100
AcDbSpline
210
0.0
220
0.0
230
1.0
 70
     8
 71
     3
 72
     8
 73
     4
 74
     0
 42
0.000000001
 43
0.0000000001
 40
0.0
 40
0.0
 40
0.0
 40
0.0
 40
1.0
 40
1.0
 40
1.0
 40
1.0
 10
2234.621306216147
 20
3673.728558171125
 30
0.0
 10
2235.46458499571
 20
3673.241750293728
 30
0.0
 10
2236.148291440661
 20
3673.636458056974
 30
0.0
 10
2236.148407649597
 20
3674.610162835669
 30
0.0
  0
SPLINE
  5
25F0
102
{ACAD_REACTORS
330
26FC
102
}
330
1F
100
AcDbEntity
  8
0
370
    50
100
AcDbSpline
210
0.0
220
0.0
230
1.0
 70
     8
 71
     3
 72
     8
 73
     4
 74
     0
 42
0.000000001
 43
0.0000000001
 40
0.0
 40
0.0
 40
0.0
 40
0.0
 40
1.0
 40
1.0
 40
1.0
 40
1.0
 10
2236.148407649597
 20
3674.610162835669
 30
0.0
 10
2236.148523858533
 20
3675.583867614365
 30
0.0
 10
2235.465005329141
 20
3676.767847427542
 30
0.0
 10
2234.621726549577
 20
3677.25465530494
 30
0.0
  0
LWPOLYLINE
  5
25F1
102
{ACAD_REACTORS
330
26FC
102
}
330
1F
100
AcDbEntity
  8
0
370
    50
100
AcDbPolyline
 90
        2
 70
     0
 43
0.0
 10
2234.286995114679
 20
3677.346679225229
 10
2234.591105358482
 20
3677.225035127708
  0
LWPOLYLINE
  5
25F2
102
{ACAD_REACTORS
330
26FC
102
}
330
1F
100
AcDbEntity
  8
0
370
    50
100
AcDbPolyline
 90
        2
 70
     0
 43
0.0
 10
2234.591105358482
 20
3651.375664404464
 10
2234.286995114679
 20
3651.558130550746
  0
LWPOLYLINE
  5
25F3
102
{ACAD_REACTORS
330
26FC
102
}
330
1F
100
AcDbEntity
  8
0
370
    25
100
AcDbPolyline
 90
        2
 70
     0
 43
0.0
 10
2236.111656577496
 20
3652.287995135873
 10
2234.591105358482
 20
3651.375664404464
  0
SPLINE
  5
25F4
102
{ACAD_REACTORS
330
26FC
102
}
330
1F
100
AcDbEntity
  8
0
370
    50
100
AcDbSpline
210
0.0
220
0.0
230
1.0
 70
     8
 71
     3
 72
     8
 73
     4
 74
     0
 42
0.000000001
 43
0.0000000001
 40
0.0
 40
0.0
 40
0.0
 40
0.0
 40
1.0
 40
1.0
 40
1.0
 40
1.0
 10
2234.621306216147
 20
3651.406866275994
 30
0.0
 10
2235.46458499571
 20
3650.920058398597
 30
0.0
 10
2236.148291440661
 20
3651.314766161843
 30
0.0
 10
2236.148407649597
 20
3652.288470940539
 30
0.0
  0
SPLINE
  5
25F5
102
{ACAD_REACTORS
330
26FC
102
}
330
1F
100
AcDbEntity
  8
0
370
    50
100
AcDbSpline
210
0.0
220
0.0
230
1.0
 70
     8
 71
     3
 72
     8
 73
     4
 74
     0
 42
0.000000001
 43
0.0000000001
 40
0.0
 40
0.0
 40
0.0
 40
0.0
 40
1.0
 40
1.0
 40
1.0
 40
1.0
 10
2236.148407649597
 20
3652.288470940539
 30
0.0
 10
2236.148523858533
 20
3653.262175719234
 30
0.0
 10
2235.465005329141
 20
3654.446155532411
 30
0.0
 10
2234.621726549577
 20
3654.932963409809
 30
0.0
  0
LWPOLYLINE
  5
25F6
102
{ACAD_REACTORS
330
26FC
102
}
330
1F
100
AcDbEntity
  8
0
370
    50
100
AcDbPolyline
 90
        2
 70
     0
 43
0.0
 10
2490.651930640501
 20
3463.982932173134
 10
2490.651930640501
 20
3463.678821929331
  0
SPLINE
  5
25F7
102
{ACAD_REACTORS
330
26FC
102
}
330
1F
100
AcDbEntity
  8
0
370
    50
100
AcDbSpline
210
0.0
220
0.0
230
1.0
 70
     8
 71
     3
 72
     8
 73
     4
 74
     0
 42
0.000000001
 43
0.0000000001
 40
0.0
 40
0.0
 40
0.0
 40
0.0
 40
1.0
 40
1.0
 40
1.0
 40
1.0
 10
2490.688681712601
 20
3463.983407977799
 30
0.0
 10
2490.688797921537
 20
3464.957112756494
 30
0.0
 10
2490.005279392146
 20
3466.141092569672
 30
0.0
 10
2489.162000612582
 20
3466.627900447071
 30
0.0
  0
SPLINE
  5
25F8
102
{ACAD_REACTORS
330
26FC
102
}
330
1F
100
AcDbEntity
  8
0
370
    50
100
AcDbSpline
210
0.0
220
0.0
230
1.0
 70
     8
 71
     3
 72
     8
 73
     4
 74
     0
 42
0.000000001
 43
0.0000000001
 40
0.0
 40
0.0
 40
0.0
 40
0.0
 40
1.0
 40
1.0
 40
1.0
 40
1.0
 10
2489.162000612582
 20
3466.627900447071
 30
0.0
 10
2488.318721833019
 20
3467.114708324467
 30
0.0
 10
2487.635015388068
 20
3466.72000056122
 30
0.0
 10
2487.634899179132
 20
3465.746295782525
 30
0.0
  0
LWPOLYLINE
  5
25F9
102
{ACAD_REACTORS
330
26FC
102
}
330
1F
100
AcDbEntity
  8
0
370
    50
100
AcDbPolyline
 90
        3
 70
     0
 43
0.0
 10
2489.131379421487
 20
3466.59828026984
 10
2487.610828202472
 20
3465.68594953843
 10
2471.371341183399
 20
3475.113367096319
  0
SPLINE
  5
25FA
102
{ACAD_REACTORS
330
26FC
102
}
330
1F
100
AcDbEntity
  8
0
370
    50
100
AcDbSpline
210
0.0
220
0.0
230
1.0
 70
     8
 71
     3
 72
     8
 73
     4
 74
     0
 42
0.000000001
 43
0.0000000001
 40
0.0
 40
0.0
 40
0.0
 40
0.0
 40
1.0
 40
1.0
 40
1.0
 40
1.0
 10
2471.408092255499
 20
3475.113842900984
 30
0.0
 10
2471.408208464436
 20
3476.087547679679
 30
0.0
 10
2470.724689935043
 20
3477.271527492857
 30
0.0
 10
2469.881411155479
 20
3477.758335370255
 30
0.0
  0
SPLINE
  5
25FB
102
{ACAD_REACTORS
330
26FC
102
}
330
1F
100
AcDbEntity
  8
0
370
    50
100
AcDbSpline
210
0.0
220
0.0
230
1.0
 70
     8
 71
     3
 72
     8
 73
     4
 74
     0
 42
0.000000001
 43
0.0000000001
 40
0.0
 40
0.0
 40
0.0
 40
0.0
 40
1.0
 40
1.0
 40
1.0
 40
1.0
 10
2469.881411155479
 20
3477.758335370255
 30
0.0
 10
2469.038132375917
 20
3478.245143247652
 30
0.0
 10
2468.354425930967
 20
3477.850435484405
 30
0.0
 10
2468.35430972203
 20
3476.87673070571
 30
0.0
  0
LWPOLYLINE
  5
25FC
102
{ACAD_REACTORS
330
26FC
102
}
330
1F
100
AcDbEntity
  8
0
370
    25
100
AcDbPolyline
 90
        2
 70
     0
 43
0.0
 10
2469.850789964385
 20
3477.728715193024
 10
2468.33023874537
 20
3476.877206510376
  0
LWPOLYLINE
  5
25FD
102
{ACAD_REACTORS
330
26FC
102
}
330
1F
100
AcDbEntity
  8
0
370
    50
100
AcDbPolyline
 90
        2
 70
     0
 43
0.0
 10
2468.33023874537
 20
3476.573096266573
 10
2468.33023874537
 20
3476.877206510376
  0
LWPOLYLINE
  5
25FE
102
{ACAD_REACTORS
330
26FC
102
}
330
1F
100
AcDbEntity
  8
0
370
    50
100
AcDbPolyline
 90
        6
 70
     0
 43
0.0
 10
2248.884286817217
 20
3582.099350866169
 10
2287.323821633901
 20
3559.89930306856
 10
2322.904720158836
 20
3580.457155549634
 10
2408.238054569923
 20
3531.191296053569
 10
2443.818953094858
 20
3469.578560659107
 10
2461.94392362551
 20
3459.117168272288
  0
LWPOLYLINE
  5
25FF
102
{ACAD_REACTORS
330
26FC
102
}
330
1F
100
AcDbEntity
  8
0
370
    50
100
AcDbPolyline
 90
        3
 70
     0
 43
0.0
 10
2216.040380486507
 20
3654.781699135057
 10
2216.040380486507
 20
3601.075830079468
 10
2234.165351017158
 20
3590.61443769265
  0
LWPOLYLINE
  5
2600
102
{ACAD_REACTORS
330
26FC
102
}
330
1F
100
AcDbEntity
  8
0
370
    50
100
AcDbPolyline
 90
        2
 70
     0
 43
0.0
 10
2237.753851894032
 20
3588.54648803479
 10
2245.295785940343
 20
3584.167300524029
  0
LWPOLYLINE
  5
2602
102
{ACAD_REACTORS
330
26FC
102
}
330
1F
100
AcDbEntity
  8
0
370
    50
100
AcDbPolyline
 90
        2
 70
     0
 43
0.0
 10
2216.040380486507
 20
3716.090324285716
 10
2216.040380486507
 20
3671.811872788018
  0
LWPOLYLINE
  5
2603
102
{ACAD_REACTORS
330
26FC
102
}
330
1F
100
AcDbEntity
  8
0
370
    50
100
AcDbPolyline
 90
        2
 70
     0
 43
0.0
 10
2216.040380486507
 20
3667.675973472299
 10
2216.040380486507
 20
3658.917598450776
  0
LWPOLYLINE
  5
2605
102
{ACAD_REACTORS
330
26FC
102
}
330
1F
100
AcDbEntity
  8
0
370
    50
100
AcDbPolyline
 90
        7
 70
     0
 43
0.0
 10
2295.473976167817
 20
3679.597095029371
 10
2224.129712971663
 20
3720.77362204028
 10
2216.040380486507
 20
3716.090324285716
 10
2287.323821633901
 20
3674.913797274807
 10
2322.904720158836
 20
3695.41082770712
 10
2331.054874692753
 20
3700.094125461685
 10
2416.38820910384
 20
3650.828265965619
  0
LWPOLYLINE
  5
2606
102
{ACAD_REACTORS
330
26FC
102
}
330
1F
100
AcDbEntity
  8
0
370
    50
100
AcDbPolyline
 90
        4
 70
     0
 43
0.0
 10
2434.148247341927
 20
3620.052309292768
 10
2416.38820910384
 20
3650.828265965619
 10
2408.238054569923
 20
3646.144968211054
 10
2322.904720158836
 20
3695.41082770712
  0
LWPOLYLINE
  5
2607
102
{ACAD_REACTORS
330
26FC
102
}
330
1F
100
AcDbEntity
  8
0
370
    50
100
AcDbPolyline
 90
        2
 70
     0
 43
0.0
 10
2443.697308997337
 20
3603.508712029892
 10
2451.969107628776
 20
3589.276352619918
  0
LWPOLYLINE
  5
2608
102
{ACAD_REACTORS
330
26FC
102
}
330
1F
100
AcDbEntity
  8
0
370
    50
100
AcDbPolyline
 90
        4
 70
     0
 43
0.0
 10
2523.252548776169
 20
3548.099825609009
 10
2451.969107628776
 20
3589.276352619918
 10
2443.818953094858
 20
3584.532232816592
 10
2408.238054569923
 20
3646.144968211054
  0
LWPOLYLINE
  5
2609
102
{ACAD_REACTORS
330
26FC
102
}
330
1F
100
AcDbEntity
  8
0
370
    50
100
AcDbPolyline
 90
        6
 70
     0
 43
0.0
 10
2515.163216291013
 20
3543.355705805684
 10
2515.163216291013
 20
3428.402033648197
 10
2523.252548776169
 20
3433.085331402762
 10
2523.252548776169
 20
3548.099825609009
 10
2515.163216291013
 20
3543.355705805684
 10
2443.818953094858
 20
3584.532232816592
  0
LWPOLYLINE
  5
260C
102
{ACAD_REACTORS
330
26FC
102
}
330
1F
100
AcDbEntity
  8
0
370
    50
100
AcDbPolyline
 90
        2
 70
     0
 43
0.0
 10
2465.532424502384
 20
3457.049218614429
 10
2473.135180597456
 20
3452.670031103667
  0
LWPOLYLINE
  5
260D
102
{ACAD_REACTORS
330
26FC
102
}
330
1F
100
AcDbEntity
  8
0
370
    50
100
AcDbPolyline
 90
        2
 70
     0
 43
0.0
 10
2476.72368147433
 20
3450.602081445808
 10
2515.163216291013
 20
3428.402033648197
  0
LWPOLYLINE
  5
260F
102
{ACAD_REACTORS
330
26FC
102
}
330
1F
100
AcDbEntity
  8
0
370
    50
100
AcDbPolyline
 90
        2
 70
     0
 43
0.0
 10
2409.150385301331
 20
3804.829693427394
 10
2352.220947661432
 20
3771.985787096684
  0
SPLINE
  5
2610
102
{ACAD_REACTORS
330
26FC
102
}
330
1F
100
AcDbEntity
  8
0
370
    50
100
AcDbSpline
210
0.0
220
0.0
230
1.0
 70
     8
 71
     3
 72
     8
 73
     4
 74
     0
 42
0.000000001
 43
0.0000000001
 40
0.0
 40
0.0
 40
0.0
 40
0.0
 40
1.0
 40
1.0
 40
1.0
 40
1.0
 10
2338.078217447173
 20
3780.259308208542
 30
0.0
 10
2334.147206934233
 20
3777.990954765782
 30
0.0
 10
2334.147206934233
 20
3774.313240107786
 30
0.0
 10
2338.078217447173
 20
3772.044886665023
 30
0.0
  0
SPLINE
  5
2611
102
{ACAD_REACTORS
330
26FC
102
}
330
1F
100
AcDbEntity
  8
0
370
    50
100
AcDbSpline
210
0.0
220
0.0
230
1.0
 70
     8
 71
     3
 72
     8
 73
     4
 74
     0
 42
0.000000001
 43
0.0000000001
 40
0.0
 40
0.0
 40
0.0
 40
0.0
 40
1.0
 40
1.0
 40
1.0
 40
1.0
 10
2338.078217447173
 20
3772.044886665023
 30
0.0
 10
2342.00925837114
 20
3769.776473616654
 30
0.0
 10
2348.382743688034
 20
3769.776473616654
 30
0.0
 10
2352.313784612
 20
3772.044886665023
 30
0.0
  0
LWPOLYLINE
  5
2612
102
{ACAD_REACTORS
330
26FC
102
}
330
1F
100
AcDbEntity
  8
0
370
    25
100
AcDbPolyline
 90
        2
 70
     0
 43
0.0
 10
2338.049410300219
 20
3780.196763679362
 10
2338.049410300219
 20
3771.985787096684
  0
LWPOLYLINE
  5
2613
102
{ACAD_REACTORS
330
26FC
102
}
330
1F
100
AcDbEntity
  8
0
370
    50
100
AcDbPolyline
 90
        2
 70
     0
 43
0.0
 10
2338.049410300219
 20
3780.196763679362
 10
2394.918025891357
 20
3813.040670010071
  0
LWPOLYLINE
  5
2614
102
{ACAD_REACTORS
330
26FC
102
}
330
1F
100
AcDbEntity
  8
0
370
    50
100
AcDbPolyline
 90
        2
 70
     0
 43
0.0
 10
2394.918025891357
 20
3804.282294988548
 10
2338.535986690304
 20
3771.681676852881
  0
LWPOLYLINE
  5
2615
102
{ACAD_REACTORS
330
26FC
102
}
330
1F
100
AcDbEntity
  8
0
370
    25
100
AcDbPolyline
 90
        2
 70
     0
 43
0.0
 10
2394.918025891357
 20
3813.040670010071
 10
2394.918025891357
 20
3804.282294988548
  0
SPLINE
  5
2616
102
{ACAD_REACTORS
330
26FC
102
}
330
1F
100
AcDbEntity
  8
0
370
    50
100
AcDbSpline
210
0.0
220
0.0
230
1.0
 70
     8
 71
     3
 72
     8
 73
     4
 74
     0
 42
0.000000001
 43
0.0000000001
 40
0.0
 40
0.0
 40
0.0
 40
0.0
 40
1.0
 40
1.0
 40
1.0
 40
1.0
 10
2409.182388038728
 20
3804.888770491576
 30
0.0
 10
2413.11342470515
 20
3807.157132449424
 30
0.0
 10
2413.11342470515
 20
3810.834875085562
 30
0.0
 10
2409.182388038728
 20
3813.10323704341
 30
0.0
  0
SPLINE
  5
2617
102
{ACAD_REACTORS
330
26FC
102
}
330
1F
100
AcDbEntity
  8
0
370
    50
100
AcDbSpline
210
0.0
220
0.0
230
1.0
 70
     8
 71
     3
 72
     8
 73
     4
 74
     0
 42
0.000000001
 43
0.0000000001
 40
0.0
 40
0.0
 40
0.0
 40
0.0
 40
1.0
 40
1.0
 40
1.0
 40
1.0
 10
2409.182388038728
 20
3813.10323704341
 30
0.0
 10
2405.251351372305
 20
3815.371600217701
 30
0.0
 10
2398.877881869143
 20
3815.371600217701
 30
0.0
 10
2394.946845202722
 20
3813.10323704341
 30
0.0
  0
SPLINE
  5
2618
102
{ACAD_REACTORS
330
26FC
102
}
330
1F
100
AcDbEntity
  8
0
370
    50
100
AcDbSpline
210
0.0
220
0.0
230
1.0
 70
     8
 71
     3
 72
     8
 73
     4
 74
     0
 42
0.000000001
 43
0.0000000001
 40
0.0
 40
0.0
 40
0.0
 40
0.0
 40
1.0
 40
1.0
 40
1.0
 40
1.0
 10
2408.655552926348
 20
3804.567041924908
 30
0.0
 10
2404.66461079944
 20
3806.562052565453
 30
0.0
 10
2398.680528918207
 20
3806.438507778908
 30
0.0
 10
2394.946833038311
 20
3804.28401746897
 30
0.0
  0
LWPOLYLINE
  5
2619
102
{ACAD_REACTORS
330
26FC
102
}
330
1F
100
AcDbEntity
  8
0
370
    50
100
AcDbPolyline
 90
        2
 70
     0
 43
0.0
 10
2579.087189538376
 20
3641.035916115167
 10
2636.016627178275
 20
3673.879822445877
  0
LWPOLYLINE
  5
261A
102
{ACAD_REACTORS
330
26FC
102
}
330
1F
100
AcDbEntity
  8
0
370
    25
100
AcDbPolyline
 90
        2
 70
     0
 43
0.0
 10
2579.087189538376
 20
3641.035916115167
 10
2579.087189538376
 20
3632.82493953249
  0
LWPOLYLINE
  5
261B
102
{ACAD_REACTORS
330
26FC
102
}
330
1F
100
AcDbEntity
  8
0
370
    50
100
AcDbPolyline
 90
        2
 70
     0
 43
0.0
 10
2636.016627178275
 20
3665.060625375594
 10
2579.634587977222
 20
3632.520829288686
  0
LWPOLYLINE
  5
261C
102
{ACAD_REACTORS
330
26FC
102
}
330
1F
100
AcDbEntity
  8
0
370
    25
100
AcDbPolyline
 90
        2
 70
     0
 43
0.0
 10
2636.016627178275
 20
3673.879822445877
 10
2636.016627178275
 20
3665.060625375594
  0
SPLINE
  5
261D
102
{ACAD_REACTORS
330
26FC
102
}
330
1F
100
AcDbEntity
  8
0
370
    50
100
AcDbSpline
210
0.0
220
0.0
230
1.0
 70
     8
 71
     3
 72
     8
 73
     4
 74
     0
 42
0.000000001
 43
0.0000000001
 40
0.0
 40
0.0
 40
0.0
 40
0.0
 40
1.0
 40
1.0
 40
1.0
 40
1.0
 10
2650.280989325646
 20
3665.66710087862
 30
0.0
 10
2654.212025992068
 20
3667.935462836469
 30
0.0
 10
2654.212025992068
 20
3671.613205472607
 30
0.0
 10
2650.280989325646
 20
3673.881567430456
 30
0.0
  0
SPLINE
  5
261E
102
{ACAD_REACTORS
330
26FC
102
}
330
1F
100
AcDbEntity
  8
0
370
    50
100
AcDbSpline
210
0.0
220
0.0
230
1.0
 70
     8
 71
     3
 72
     8
 73
     4
 74
     0
 42
0.000000001
 43
0.0000000001
 40
0.0
 40
0.0
 40
0.0
 40
0.0
 40
1.0
 40
1.0
 40
1.0
 40
1.0
 10
2650.280989325646
 20
3673.881567430456
 30
0.0
 10
2646.349952659223
 20
3676.149930604746
 30
0.0
 10
2639.976483156061
 20
3676.149930604746
 30
0.0
 10
2636.045446489639
 20
3673.881567430456
 30
0.0
  0
SPLINE
  5
261F
102
{ACAD_REACTORS
330
26FC
102
}
330
1F
100
AcDbEntity
  8
0
370
    50
100
AcDbSpline
210
0.0
220
0.0
230
1.0
 70
     8
 71
     3
 72
     8
 73
     4
 74
     0
 42
0.000000001
 43
0.0000000001
 40
0.0
 40
0.0
 40
0.0
 40
0.0
 40
1.0
 40
1.0
 40
1.0
 40
1.0
 10
2649.754154213266
 20
3665.406194360713
 30
0.0
 10
2645.763241889162
 20
3667.401205001258
 30
0.0
 10
2639.779100402321
 20
3667.277660214713
 30
0.0
 10
2636.045434325229
 20
3665.123199707578
 30
0.0
  0
LWPOLYLINE
  5
2620
102
{ACAD_REACTORS
330
26FC
102
}
330
1F
100
AcDbEntity
  8
0
370
    50
100
AcDbPolyline
 90
        2
 70
     0
 43
0.0
 10
2650.248986588249
 20
3665.668845863199
 10
2593.319548948352
 20
3632.82493953249
  0
SPLINE
  5
2621
102
{ACAD_REACTORS
330
26FC
102
}
330
1F
100
AcDbEntity
  8
0
370
    50
100
AcDbSpline
210
0.0
220
0.0
230
1.0
 70
     8
 71
     3
 72
     8
 73
     4
 74
     0
 42
0.000000001
 43
0.0000000001
 40
0.0
 40
0.0
 40
0.0
 40
0.0
 40
1.0
 40
1.0
 40
1.0
 40
1.0
 10
2579.115996685331
 20
3641.037668398392
 30
0.0
 10
2575.184956369586
 20
3638.769285152826
 30
0.0
 10
2575.184956369586
 20
3635.091570494829
 30
0.0
 10
2579.115996685331
 20
3632.823187249265
 30
0.0
  0
SPLINE
  5
2622
102
{ACAD_REACTORS
330
26FC
102
}
330
1F
100
AcDbEntity
  8
0
370
    50
100
AcDbSpline
210
0.0
220
0.0
230
1.0
 70
     8
 71
     3
 72
     8
 73
     4
 74
     0
 42
0.000000001
 43
0.0000000001
 40
0.0
 40
0.0
 40
0.0
 40
0.0
 40
1.0
 40
1.0
 40
1.0
 40
1.0
 10
2579.115996685331
 20
3632.823187249265
 30
0.0
 10
2583.047037609296
 20
3630.554833806503
 30
0.0
 10
2589.420522926192
 20
3630.554833806503
 30
0.0
 10
2593.351563850157
 20
3632.823187249265
 30
0.0
  0
LWPOLYLINE
  5
2623
102
{ACAD_REACTORS
330
26FC
102
}
330
1F
100
AcDbEntity
  8
0
370
    50
100
AcDbPolyline
 90
        4
 70
     1
 43
0.0
 10
2521.306243215831
 20
3567.502059163632
 10
2763.317175234157
 20
3707.210305166671
 10
2763.317175234157
 20
3698.451930145149
 10
2521.306243215831
 20
3558.682862093348
  0
LWPOLYLINE
  5
2624
102
{ACAD_REACTORS
330
26FC
102
}
330
1F
100
AcDbEntity
  8
0
370
    50
100
AcDbPolyline
 90
        2
 70
     0
 43
0.0
 10
2521.306243215831
 20
3558.682862093348
 10
2439.804697876661
 20
3605.759127834033
  0
LWPOLYLINE
  5
2625
102
{ACAD_REACTORS
330
26FC
102
}
330
1F
100
AcDbEntity
  8
0
370
    50
100
AcDbPolyline
 90
        2
 70
     0
 43
0.0
 10
2400.63529847485
 20
3628.384929972968
 10
2337.137079568811
 20
3665.060625375594
  0
LWPOLYLINE
  5
2626
102
{ACAD_REACTORS
330
26FC
102
}
330
1F
100
AcDbEntity
  8
0
370
    50
100
AcDbPolyline
 90
        5
 70
     0
 43
0.0
 10
2303.684952750495
 20
3684.341214832696
 10
2224.92039960555
 20
3729.836107305606
 10
2224.92039960555
 20
3738.594482327129
 10
2466.931331623877
 20
3878.363550378928
 10
2553.359462912654
 20
3828.489470395258
  0
LWPOLYLINE
  5
2627
102
{ACAD_REACTORS
330
26FC
102
}
330
1F
100
AcDbEntity
  8
0
370
    50
100
AcDbPolyline
 90
        2
 70
     0
 43
0.0
 10
2224.92039960555
 20
3738.594482327129
 10
2311.287708845566
 20
3688.720402343457
  0
LWPOLYLINE
  5
2628
102
{ACAD_REACTORS
330
26FC
102
}
330
1F
100
AcDbEntity
  8
0
370
    50
100
AcDbPolyline
 90
        2
 70
     0
 43
0.0
 10
2432.201941781589
 20
3618.957512415078
 10
2521.306243215831
 20
3567.502059163632
  0
LWPOLYLINE
  5
262A
102
{ACAD_REACTORS
330
26FC
102
}
330
1F
100
AcDbEntity
  8
0
370
    50
100
AcDbPolyline
 90
        2
 70
     0
 43
0.0
 10
2763.317175234157
 20
3707.210305166671
 10
2674.273695848676
 20
3758.665758418118
  0
LWPOLYLINE
  5
262B
102
{ACAD_REACTORS
330
26FC
102
}
330
1F
100
AcDbEntity
  8
0
370
    50
100
AcDbPolyline
 90
        2
 70
     0
 43
0.0
 10
2643.984315565909
 20
3776.121686412403
 10
2579.695410025982
 20
3813.283958205114
  0
LWPOLYLINE
  5
262D
102
{ACAD_REACTORS
330
26FC
102
}
330
1F
100
AcDbEntity
  8
0
370
    50
100
AcDbPolyline
 90
        2
 70
     0
 43
0.0
 10
2583.405555000378
 20
3812.310805424944
 10
2640.274170591514
 20
3779.466899094235
  0
SPLINE
  5
262E
102
{ACAD_REACTORS
330
26FC
102
}
330
1F
100
AcDbEntity
  8
0
370
    50
100
AcDbSpline
210
0.0
220
0.0
230
1.0
 70
     8
 71
     3
 72
     8
 73
     4
 74
     0
 42
0.000000001
 43
0.0000000001
 40
0.0
 40
0.0
 40
0.0
 40
0.0
 40
1.0
 40
1.0
 40
1.0
 40
1.0
 10
2583.434322155174
 20
3812.348008046456
 30
0.0
 10
2581.132100815278
 20
3813.6780151872
 30
0.0
 10
2578.972395047125
 20
3813.639488682382
 30
0.0
 10
2577.637822913246
 20
3812.244604974011
 30
0.0
  0
ARC
  5
262F
102
{ACAD_REACTORS
330
26FC
102
}
330
1F
100
AcDbEntity
  8
0
370
    50
100
AcDbCircle
 10
2597.105828785406
 20
3813.194970903519
 30
0.0
 40
12.64986806211981
100
AcDbArc
 50
186.749123884854
 51
192.9058275429343
  0
SPLINE
  5
2630
102
{ACAD_REACTORS
330
26FC
102
}
330
1F
100
AcDbEntity
  8
0
370
    50
100
AcDbSpline
210
0.0
220
0.0
230
1.0
 70
     8
 71
     3
 72
     8
 73
     4
 74
     0
 42
0.000000001
 43
0.0000000001
 40
0.0
 40
0.0
 40
0.0
 40
0.0
 40
1.0
 40
1.0
 40
1.0
 40
1.0
 10
2646.100818515412
 20
3772.702558892627
 30
0.0
 10
2644.765380210504
 20
3775.639922943281
 30
0.0
 10
2642.605159835603
 20
3778.174095709928
 30
0.0
 10
2640.302937746312
 20
3779.504101715746
 30
0.0
  0
LWPOLYLINE
  5
2631
102
{ACAD_REACTORS
330
26FC
102
}
330
1F
100
AcDbEntity
  8
0
370
    50
100
AcDbPolyline
 90
        6
 70
     0
 43
0.0
 10
2551.413157352316
 20
3827.333851468807
 10
2569.173195590403
 20
3837.612777709344
 10
2577.32335012432
 20
3842.296075463908
 10
2662.656684535406
 20
3793.030215967843
 10
2654.506530001489
 20
3788.346918213278
 10
2569.173195590403
 20
3837.612777709344
  0
LWPOLYLINE
  5
2633
102
{ACAD_REACTORS
330
26FC
102
}
330
1F
100
AcDbEntity
  8
0
370
    50
100
AcDbPolyline
 90
        2
 70
     0
 43
0.0
 10
2654.506530001489
 20
3788.346918213278
 10
2672.327390288338
 20
3757.570961540428
  0
LWPOLYLINE
  5
2634
102
{ACAD_REACTORS
330
26FC
102
}
330
1F
100
AcDbEntity
  8
0
370
    50
100
AcDbPolyline
 90
        2
 70
     0
 43
0.0
 10
2686.620571747072
 20
3751.549578713131
 10
2662.656684535406
 20
3793.030215967843
  0
LWPOLYLINE
  5
2635
102
{ACAD_REACTORS
330
26FC
102
}
330
1F
100
AcDbEntity
  8
0
370
    50
100
AcDbPolyline
 90
        6
 70
     0
 43
0.0
 10
2769.521024207735
 20
3690.240953562471
 10
2769.521024207735
 20
3575.287281404985
 10
2761.431691722579
 20
3570.60398365042
 10
2761.431691722579
 20
3685.557655807907
 10
2769.521024207735
 20
3690.240953562471
 10
2761.431691722579
 20
3694.924251317035
  0
LWPOLYLINE
  5
2636
102
{ACAD_REACTORS
330
26FC
102
}
330
1F
100
AcDbEntity
  8
0
370
    50
100
AcDbPolyline
 90
        2
 70
     0
 43
0.0
 10
2761.431691722579
 20
3570.60398365042
 10
2751.274409579564
 20
3576.442900331436
  0
LWPOLYLINE
  5
2637
102
{ACAD_REACTORS
330
26FC
102
}
330
1F
100
AcDbEntity
  8
0
370
    50
100
AcDbPolyline
 90
        5
 70
     0
 43
0.0
 10
2262.204315495783
 20
3583.072503646339
 10
2264.880485641248
 20
3584.593054865353
 10
2264.880485641248
 20
3594.020472423243
 10
2261.83938320322
 20
3595.784311837299
 10
2262.751713934628
 20
3596.270888227384
  0
LWPOLYLINE
  5
2638
102
{ACAD_REACTORS
330
26FC
102
}
330
1F
100
AcDbEntity
  8
0
370
    50
100
AcDbPolyline
 90
        4
 70
     0
 43
0.0
 10
2250.161549841189
 20
3582.099350866169
 10
2262.204315495783
 20
3583.072503646339
 10
2262.204315495783
 20
3592.439099155467
 10
2264.880485641248
 20
3594.020472423243
  0
LWPOLYLINE
  5
2639
102
{ACAD_REACTORS
330
26FC
102
}
330
1F
100
AcDbEntity
  8
0
370
    50
100
AcDbPolyline
 90
        2
 70
     0
 43
0.0
 10
2250.161549841189
 20
3591.465946375298
 10
2262.204315495783
 20
3592.439099155467
  0
LWPOLYLINE
  5
263A
102
{ACAD_REACTORS
330
26FC
102
}
330
1F
100
AcDbEntity
  8
0
370
    25
100
AcDbPolyline
 90
        2
 70
     0
 43
0.0
 10
2250.161549841189
 20
3582.099350866169
 10
2250.161549841189
 20
3591.465946375298
  0
SPLINE
  5
263B
102
{ACAD_REACTORS
330
26FC
102
}
330
1F
100
AcDbEntity
  8
0
370
    50
100
AcDbSpline
210
0.0
220
0.0
230
1.0
 70
     8
 71
     3
 72
     8
 73
     4
 74
     0
 42
0.000000001
 43
0.0000000001
 40
0.0
 40
0.0
 40
0.0
 40
0.0
 40
1.0
 40
1.0
 40
1.0
 40
1.0
 10
2245.295785940343
 20
3584.623465889734
 30
0.0
 10
2245.295785940343
 20
3583.91133093182
 30
0.0
 10
2245.83228506805
 20
3583.234032410555
 30
0.0
 10
2246.766978850347
 20
3582.766195901915
 30
0.0
  0
SPLINE
  5
263C
102
{ACAD_REACTORS
330
26FC
102
}
330
1F
100
AcDbEntity
  8
0
370
    50
100
AcDbSpline
210
0.0
220
0.0
230
1.0
 70
     8
 71
     3
 72
     8
 73
     4
 74
     0
 42
0.000000001
 43
0.0000000001
 40
0.0
 40
0.0
 40
0.0
 40
0.0
 40
1.0
 40
1.0
 40
1.0
 40
1.0
 10
2246.766978850347
 20
3582.766195901915
 30
0.0
 10
2247.701642221619
 20
3582.298388587857
 30
0.0
 10
2248.943000165546
 20
3582.085838031597
 30
0.0
 10
2250.1709936807
 20
3582.183397206029
 30
0.0
  0
SPLINE
  5
263D
102
{ACAD_REACTORS
330
26FC
102
}
330
1F
100
AcDbEntity
  8
0
370
    50
100
AcDbSpline
210
0.0
220
0.0
230
1.0
 70
     8
 71
     3
 72
     8
 73
     4
 74
     0
 42
0.000000001
 43
0.0000000001
 40
0.0
 40
0.0
 40
0.0
 40
0.0
 40
1.0
 40
1.0
 40
1.0
 40
1.0
 10
2246.551696167657
 20
3595.731864984652
 30
0.0
 10
2245.249129954959
 20
3594.983587132484
 30
0.0
 10
2244.924052526287
 20
3593.840976217602
 30
0.0
 10
2245.74417034135
 20
3592.893423437756
 30
0.0
  0
SPLINE
  5
263E
102
{ACAD_REACTORS
330
26FC
102
}
330
1F
100
AcDbEntity
  8
0
370
    50
100
AcDbSpline
210
0.0
220
0.0
230
1.0
 70
     8
 71
     3
 72
     8
 73
     4
 74
     0
 42
0.000000001
 43
0.0000000001
 40
0.0
 40
0.0
 40
0.0
 40
0.0
 40
1.0
 40
1.0
 40
1.0
 40
1.0
 10
2245.74417034135
 20
3592.893423437756
 30
0.0
 10
2246.564258353608
 20
3591.945840855107
 30
0.0
 10
2248.346243417692
 20
3591.405035526346
 30
0.0
 10
2250.1709936807
 20
3591.549992715158
 30
0.0
  0
LWPOLYLINE
  5
263F
102
{ACAD_REACTORS
330
26FC
102
}
330
1F
100
AcDbEntity
  8
0
370
    50
100
AcDbPolyline
 90
        2
 70
     0
 43
0.0
 10
2254.47991530319
 20
3600.285143445582
 10
2246.512226915555
 20
3595.723489788539
  0
LWPOLYLINE
  5
2640
102
{ACAD_REACTORS
330
26FC
102
}
330
1F
100
AcDbEntity
  8
0
370
    50
100
AcDbPolyline
 90
        2
 70
     0
 43
0.0
 10
2245.234963891582
 20
3591.465946375298
 10
2241.463996868427
 20
3589.276352619918
  0
LWPOLYLINE
  5
2641
102
{ACAD_REACTORS
330
26FC
102
}
330
1F
100
AcDbEntity
  8
0
370
    50
100
AcDbPolyline
 90
        2
 70
     0
 43
0.0
 10
2241.463996868427
 20
3598.642948129047
 10
2249.370863207302
 20
3603.26542383485
  0
LWPOLYLINE
  5
2642
102
{ACAD_REACTORS
330
26FC
102
}
330
1F
100
AcDbEntity
  8
0
370
    25
100
AcDbPolyline
 90
        2
 70
     0
 43
0.0
 10
2241.463996868427
 20
3589.276352619918
 10
2241.463996868427
 20
3598.642948129047
  0
SPLINE
  5
2643
102
{ACAD_REACTORS
330
26FC
102
}
330
1F
100
AcDbEntity
  8
0
370
    50
100
AcDbSpline
210
0.0
220
0.0
230
1.0
 70
     8
 71
     3
 72
     8
 73
     4
 74
     0
 42
0.000000001
 43
0.0000000001
 40
0.0
 40
0.0
 40
0.0
 40
0.0
 40
1.0
 40
1.0
 40
1.0
 40
1.0
 10
2234.165351017158
 20
3591.070603058354
 30
0.0
 10
2234.165351017158
 20
3590.074285592695
 30
0.0
 10
2235.210076751426
 20
3589.176091121859
 30
0.0
 10
2236.812387401267
 20
3588.7948250681
 30
0.0
  0
SPLINE
  5
2644
102
{ACAD_REACTORS
330
26FC
102
}
330
1F
100
AcDbEntity
  8
0
370
    50
100
AcDbSpline
210
0.0
220
0.0
230
1.0
 70
     8
 71
     3
 72
     8
 73
     4
 74
     0
 42
0.000000001
 43
0.0000000001
 40
0.0
 40
0.0
 40
0.0
 40
0.0
 40
1.0
 40
1.0
 40
1.0
 40
1.0
 10
2236.812387401267
 20
3588.7948250681
 30
0.0
 10
2238.414668248303
 20
3588.413558406121
 30
0.0
 10
2240.258989830161
 20
3588.624297681771
 30
0.0
 10
2241.485349665086
 20
3589.328799472563
 30
0.0
  0
SPLINE
  5
2645
102
{ACAD_REACTORS
330
26FC
102
}
330
1F
100
AcDbEntity
  8
0
370
    50
100
AcDbSpline
210
0.0
220
0.0
230
1.0
 70
     8
 71
     3
 72
     8
 73
     4
 74
     0
 42
0.000000001
 43
0.0000000001
 40
0.0
 40
0.0
 40
0.0
 40
0.0
 40
1.0
 40
1.0
 40
1.0
 40
1.0
 10
2234.205740506858
 20
3600.774571173313
 30
0.0
 10
2233.953483492506
 20
3599.726311069791
 30
0.0
 10
2234.894829382275
 20
3598.702612125998
 30
0.0
 10
2236.544330643308
 20
3598.231478454094
 30
0.0
  0
SPLINE
  5
2646
102
{ACAD_REACTORS
330
26FC
102
}
330
1F
100
AcDbEntity
  8
0
370
    50
100
AcDbSpline
210
0.0
220
0.0
230
1.0
 70
     8
 71
     3
 72
     8
 73
     4
 74
     0
 42
0.000000001
 43
0.0000000001
 40
0.0
 40
0.0
 40
0.0
 40
0.0
 40
1.0
 40
1.0
 40
1.0
 40
1.0
 10
2236.544330643308
 20
3598.231478454094
 30
0.0
 10
2238.193802101537
 20
3597.760375193214
 30
0.0
 10
2240.182784060609
 20
3597.947117737744
 30
0.0
 10
2241.485349665086
 20
3598.695394981693
 30
0.0
  0
LWPOLYLINE
  5
2647
102
{ACAD_REACTORS
330
26FC
102
}
330
1F
100
AcDbEntity
  8
0
370
    50
100
AcDbPolyline
 90
        5
 70
     0
 43
0.0
 10
2242.984548087441
 20
3608.313653881977
 10
2241.524818917187
 20
3607.52296724809
 10
2238.483716479159
 20
3609.225984613387
 10
2235.807546333694
 20
3607.705433394372
 10
2234.104528968397
 20
3600.771719835667
  0
LWPOLYLINE
  5
2648
102
{ACAD_REACTORS
330
26FC
102
}
330
1F
100
AcDbEntity
  8
0
370
    50
100
AcDbPolyline
 90
        4
 70
     1
 43
0.0
 10
2523.252548776169
 20
3454.190582322682
 10
2523.252548776169
 20
3444.823986813553
 10
2761.431691722579
 20
3582.342639061212
 10
2761.431691722579
 20
3591.70923457034
  0
LWPOLYLINE
  5
2649
102
{ACAD_REACTORS
330
26FC
102
}
330
1F
100
AcDbEntity
  8
0
370
    50
100
AcDbPolyline
 90
        5
 70
     0
 43
0.0
 10
2489.982888104135
 20
3451.575234225977
 10
2492.6590582496
 20
3453.095785444991
 10
2492.6590582496
 20
3462.46238095412
 10
2489.617955811571
 20
3464.226220368176
 10
2490.53028654298
 20
3464.773618807021
  0
LWPOLYLINE
  5
264A
102
{ACAD_REACTORS
330
26FC
102
}
330
1F
100
AcDbEntity
  8
0
370
    50
100
AcDbPolyline
 90
        4
 70
     0
 43
0.0
 10
2477.940122449542
 20
3450.602081445808
 10
2489.982888104135
 20
3451.575234225977
 10
2489.982888104135
 20
3460.941829735106
 10
2492.6590582496
 20
3462.46238095412
  0
LWPOLYLINE
  5
264B
102
{ACAD_REACTORS
330
26FC
102
}
330
1F
100
AcDbEntity
  8
0
370
    50
100
AcDbPolyline
 90
        2
 70
     0
 43
0.0
 10
2477.940122449542
 20
3459.968676954936
 10
2489.982888104135
 20
3460.941829735106
  0
LWPOLYLINE
  5
264C
102
{ACAD_REACTORS
330
26FC
102
}
330
1F
100
AcDbEntity
  8
0
370
    25
100
AcDbPolyline
 90
        2
 70
     0
 43
0.0
 10
2477.940122449542
 20
3450.602081445808
 10
2477.940122449542
 20
3459.968676954936
  0
SPLINE
  5
264D
102
{ACAD_REACTORS
330
26FC
102
}
330
1F
100
AcDbEntity
  8
0
370
    50
100
AcDbSpline
210
0.0
220
0.0
230
1.0
 70
     8
 71
     3
 72
     8
 73
     4
 74
     0
 42
0.000000001
 43
0.0000000001
 40
0.0
 40
0.0
 40
0.0
 40
0.0
 40
1.0
 40
1.0
 40
1.0
 40
1.0
 10
2473.135180597456
 20
3453.065374420611
 30
0.0
 10
2473.135180597456
 20
3452.353239462698
 30
0.0
 10
2473.671709527967
 20
3451.675940941433
 30
0.0
 10
2474.60637350746
 20
3451.208104432792
 30
0.0
  0
SPLINE
  5
264E
102
{ACAD_REACTORS
330
26FC
102
}
330
1F
100
AcDbEntity
  8
0
370
    50
100
AcDbSpline
210
0.0
220
0.0
230
1.0
 70
     8
 71
     3
 72
     8
 73
     4
 74
     0
 42
0.000000001
 43
0.0000000001
 40
0.0
 40
0.0
 40
0.0
 40
0.0
 40
1.0
 40
1.0
 40
1.0
 40
1.0
 10
2474.60637350746
 20
3451.208104432792
 30
0.0
 10
2475.541036878733
 20
3450.740297118734
 30
0.0
 10
2476.782424625464
 20
3450.527746562475
 30
0.0
 10
2478.010388337813
 20
3450.625305736906
 30
0.0
  0
SPLINE
  5
264F
102
{ACAD_REACTORS
330
26FC
102
}
330
1F
100
AcDbEntity
  8
0
370
    50
100
AcDbSpline
210
0.0
220
0.0
230
1.0
 70
     8
 71
     3
 72
     8
 73
     4
 74
     0
 42
0.000000001
 43
0.0000000001
 40
0.0
 40
0.0
 40
0.0
 40
0.0
 40
1.0
 40
1.0
 40
1.0
 40
1.0
 10
2474.391120019353
 20
3464.234595564291
 30
0.0
 10
2473.088554414876
 20
3463.486317712122
 30
0.0
 10
2472.763476986204
 20
3462.343706797239
 30
0.0
 10
2473.583564998462
 20
3461.396154017393
 30
0.0
  0
SPLINE
  5
2650
102
{ACAD_REACTORS
330
26FC
102
}
330
1F
100
AcDbEntity
  8
0
370
    50
100
AcDbSpline
210
0.0
220
0.0
230
1.0
 70
     8
 71
     3
 72
     8
 73
     4
 74
     0
 42
0.000000001
 43
0.0000000001
 40
0.0
 40
0.0
 40
0.0
 40
0.0
 40
1.0
 40
1.0
 40
1.0
 40
1.0
 10
2473.583564998462
 20
3461.396154017393
 30
0.0
 10
2474.40365301072
 20
3460.448571434744
 30
0.0
 10
2476.185667877608
 20
3459.907766105985
 30
0.0
 10
2478.010388337813
 20
3460.052723294796
 30
0.0
  0
LWPOLYLINE
  5
2651
102
{ACAD_REACTORS
330
26FC
102
}
330
1F
100
AcDbEntity
  8
0
370
    50
100
AcDbPolyline
 90
        2
 70
     0
 43
0.0
 10
2482.258487911542
 20
3468.787874025219
 10
2474.290799523906
 20
3464.226220368176
  0
LWPOLYLINE
  5
2652
102
{ACAD_REACTORS
330
26FC
102
}
330
1F
100
AcDbEntity
  8
0
370
    50
100
AcDbPolyline
 90
        2
 70
     0
 43
0.0
 10
2473.074358548695
 20
3459.968676954936
 10
2469.242569476779
 20
3457.779083199556
  0
LWPOLYLINE
  5
2653
102
{ACAD_REACTORS
330
26FC
102
}
330
1F
100
AcDbEntity
  8
0
370
    50
100
AcDbPolyline
 90
        2
 70
     0
 43
0.0
 10
2469.242569476779
 20
3467.145678708684
 10
2477.210257864415
 20
3471.707332365727
  0
LWPOLYLINE
  5
2654
102
{ACAD_REACTORS
330
26FC
102
}
330
1F
100
AcDbEntity
  8
0
370
    25
100
AcDbPolyline
 90
        2
 70
     0
 43
0.0
 10
2469.242569476779
 20
3457.779083199556
 10
2469.242569476779
 20
3467.145678708684
  0
SPLINE
  5
2655
102
{ACAD_REACTORS
330
26FC
102
}
330
1F
100
AcDbEntity
  8
0
370
    50
100
AcDbSpline
210
0.0
220
0.0
230
1.0
 70
     8
 71
     3
 72
     8
 73
     4
 74
     0
 42
0.000000001
 43
0.0000000001
 40
0.0
 40
0.0
 40
0.0
 40
0.0
 40
1.0
 40
1.0
 40
1.0
 40
1.0
 10
2461.94392362551
 20
3459.512511589232
 30
0.0
 10
2461.94392362551
 20
3458.516194123571
 30
0.0
 10
2462.988649359779
 20
3457.617999652736
 30
0.0
 10
2464.590930206815
 20
3457.236733598977
 30
0.0
  0
SPLINE
  5
2656
102
{ACAD_REACTORS
330
26FC
102
}
330
1F
100
AcDbEntity
  8
0
370
    50
100
AcDbSpline
210
0.0
220
0.0
230
1.0
 70
     8
 71
     3
 72
     8
 73
     4
 74
     0
 42
0.000000001
 43
0.0000000001
 40
0.0
 40
0.0
 40
0.0
 40
0.0
 40
1.0
 40
1.0
 40
1.0
 40
1.0
 10
2464.590930206815
 20
3457.236733598977
 30
0.0
 10
2466.193270051239
 20
3456.855466937
 30
0.0
 10
2468.037592241318
 20
3457.066206212647
 30
0.0
 10
2469.263893078854
 20
3457.770708003442
 30
0.0
  0
SPLINE
  5
2657
102
{ACAD_REACTORS
330
26FC
102
}
330
1F
100
AcDbEntity
  8
0
370
    50
100
AcDbSpline
210
0.0
220
0.0
230
1.0
 70
     8
 71
     3
 72
     8
 73
     4
 74
     0
 42
0.000000001
 43
0.0000000001
 40
0.0
 40
0.0
 40
0.0
 40
0.0
 40
1.0
 40
1.0
 40
1.0
 40
1.0
 10
2461.98431311521
 20
3469.27730175295
 30
0.0
 10
2461.732056100857
 20
3468.229041649428
 30
0.0
 10
2462.673431793432
 20
3467.205342705636
 30
0.0
 10
2464.322873448856
 20
3466.734209033731
 30
0.0
  0
SPLINE
  5
2658
102
{ACAD_REACTORS
330
26FC
102
}
330
1F
100
AcDbEntity
  8
0
370
    50
100
AcDbSpline
210
0.0
220
0.0
230
1.0
 70
     8
 71
     3
 72
     8
 73
     4
 74
     0
 42
0.000000001
 43
0.0000000001
 40
0.0
 40
0.0
 40
0.0
 40
0.0
 40
1.0
 40
1.0
 40
1.0
 40
1.0
 10
2464.322873448856
 20
3466.734209033731
 30
0.0
 10
2465.972374709889
 20
3466.263105772853
 30
0.0
 10
2467.961326866156
 20
3466.449848317382
 30
0.0
 10
2469.263893078854
 20
3467.19812556133
 30
0.0
  0
LWPOLYLINE
  5
2659
102
{ACAD_REACTORS
330
26FC
102
}
330
1F
100
AcDbEntity
  8
0
370
    50
100
AcDbPolyline
 90
        5
 70
     0
 43
0.0
 10
2470.763120695793
 20
3476.816384461615
 10
2469.303391525539
 20
3475.964875778968
 10
2466.262289087511
 20
3477.728715193024
 10
2463.586118942046
 20
3476.208163974009
 10
2461.94392362551
 20
3469.213628366544
  0
LWPOLYLINE
  5
265A
102
{ACAD_REACTORS
330
26FC
102
}
330
1F
100
AcDbEntity
  8
0
370
    50
100
AcDbPolyline
 90
        2
 70
     0
 43
0.0
 10
2425.511516417926
 20
3501.266848063366
 10
2305.631258310833
 20
3570.482339552901
  0
LWPOLYLINE
  5
265B
102
{ACAD_REACTORS
330
26FC
102
}
330
1F
100
AcDbEntity
  8
0
370
    50
100
AcDbPolyline
 90
        2
 70
     1
 43
0.0
 10
2313.78141284475
 20
3575.165637307465
 10
2417.42218393277
 20
3515.31674132706
  0
LWPOLYLINE
  5
265C
102
{ACAD_REACTORS
330
26FC
102
}
330
1F
100
AcDbEntity
  8
0
370
    50
100
AcDbPolyline
 90
        2
 70
     0
 43
0.0
 10
2245.234963891582
 20
3584.593054865353
 10
2245.234963891582
 20
3593.959650374482
  0
LWPOLYLINE
  5
265D
102
{ACAD_REACTORS
330
26FC
102
}
330
1F
100
AcDbEntity
  8
0
370
    50
100
AcDbPolyline
 90
        2
 70
     0
 43
0.0
 10
2234.104528968397
 20
3591.040192033974
 10
2234.104528968397
 20
3600.406787543103
  0
LWPOLYLINE
  5
265E
102
{ACAD_REACTORS
330
26FC
102
}
330
1F
100
AcDbEntity
  8
0
370
    50
100
AcDbPolyline
 90
        2
 70
     0
 43
0.0
 10
2473.074358548695
 20
3453.034963396231
 10
2473.074358548695
 20
3462.46238095412
  0
LWPOLYLINE
  5
265F
102
{ACAD_REACTORS
330
26FC
102
}
330
1F
100
AcDbEntity
  8
0
370
    50
100
AcDbPolyline
 90
        2
 70
     0
 43
0.0
 10
2461.883101576749
 20
3459.482100564851
 10
2461.883101576749
 20
3468.90951812274
  0
LWPOLYLINE
  5
2660
102
{ACAD_REACTORS
330
26FC
102
}
330
1F
100
AcDbEntity
  8
0
370
    50
100
AcDbPolyline
 90
        7
 70
     0
 43
0.0
 10
2224.798755508029
 20
3668.223371911144
 10
2231.610824969214
 20
3678.137365859117
 10
2223.521492484058
 20
3682.881485662441
 10
2226.197662629523
 20
3684.402036881456
 10
2234.286995114679
 20
3679.718739126892
 10
2234.286995114679
 20
3676.191060298779
 10
2235.199325846087
 20
3676.677636688864
  0
LWPOLYLINE
  5
2661
102
{ACAD_REACTORS
330
26FC
102
}
330
1F
100
AcDbEntity
  8
0
370
    50
100
AcDbPolyline
 90
        5
 70
     0
 43
0.0
 10
2224.798755508029
 20
3649.672647039168
 10
2231.610824969214
 20
3647.665519430069
 10
2234.286995114679
 20
3649.186070649083
 10
2234.286995114679
 20
3652.713749477197
 10
2235.746724284933
 20
3653.565258159846
  0
SPLINE
  5
2662
102
{ACAD_REACTORS
330
26FC
102
}
330
1F
100
AcDbEntity
  8
0
370
    50
100
AcDbSpline
210
0.0
220
0.0
230
1.0
 70
     8
 71
     3
 72
     8
 73
     4
 74
     0
 42
0.000000001
 43
0.0000000001
 40
0.0
 40
0.0
 40
0.0
 40
0.0
 40
1.0
 40
1.0
 40
1.0
 40
1.0
 10
2218.511124963669
 20
3661.775689891694
 30
0.0
 10
2217.287866010073
 20
3661.065852136217
 30
0.0
 10
2216.183241876716
 20
3659.573960063286
 30
0.0
 10
2215.712336570098
 20
3657.995681461331
 30
0.0
  0
SPLINE
  5
2663
102
{ACAD_REACTORS
330
26FC
102
}
330
1F
100
AcDbEntity
  8
0
370
    50
100
AcDbSpline
210
0.0
220
0.0
230
1.0
 70
     8
 71
     3
 72
     8
 73
     4
 74
     0
 42
0.000000001
 43
0.0000000001
 40
0.0
 40
0.0
 40
0.0
 40
0.0
 40
1.0
 40
1.0
 40
1.0
 40
1.0
 10
2215.712336570098
 20
3657.995681461331
 30
0.0
 10
2215.241430959388
 20
3656.417402332632
 30
0.0
 10
2215.496981477578
 20
3655.06355146365
 30
0.0
 10
2216.359824881133
 20
3654.565426877633
 30
0.0
  0
SPLINE
  5
2664
102
{ACAD_REACTORS
330
26FC
102
}
330
1F
100
AcDbEntity
  8
0
370
    50
100
AcDbSpline
210
0.0
220
0.0
230
1.0
 70
     8
 71
     3
 72
     8
 73
     4
 74
     0
 42
0.000000001
 43
0.0000000001
 40
0.0
 40
0.0
 40
0.0
 40
0.0
 40
1.0
 40
1.0
 40
1.0
 40
1.0
 10
2226.661279497585
 20
3657.09239213713
 30
0.0
 10
2225.361992399093
 20
3656.338436078027
 30
0.0
 10
2224.205842846004
 20
3654.709274488258
 30
0.0
 10
2223.789158927873
 20
3653.045208626303
 30
0.0
  0
SPLINE
  5
2665
102
{ACAD_REACTORS
330
26FC
102
}
330
1F
100
AcDbEntity
  8
0
370
    50
100
AcDbSpline
210
0.0
220
0.0
230
1.0
 70
     8
 71
     3
 72
     8
 73
     4
 74
     0
 42
0.000000001
 43
0.0000000001
 40
0.0
 40
0.0
 40
0.0
 40
0.0
 40
1.0
 40
1.0
 40
1.0
 40
1.0
 10
2223.789158927873
 20
3653.045208626303
 30
0.0
 10
2223.372475313835
 20
3651.381143291092
 30
0.0
 10
2223.788377167174
 20
3650.054059234241
 30
0.0
 10
2224.822348713946
 20
3649.748450801322
 30
0.0
  0
LWPOLYLINE
  5
2666
102
{ACAD_REACTORS
330
26FC
102
}
330
1F
100
AcDbEntity
  8
0
370
    25
100
AcDbPolyline
 90
        2
 70
     0
 43
0.0
 10
2218.47326243693
 20
3661.776234742523
 10
2226.623416970847
 20
3657.092936987959
  0
LWPOLYLINE
  5
2667
102
{ACAD_REACTORS
330
26FC
102
}
330
1F
100
AcDbEntity
  8
0
370
    50
100
AcDbPolyline
 90
        2
 70
     0
 43
0.0
 10
2222.305051508846
 20
3663.965828497904
 10
2218.47326243693
 20
3661.776234742523
  0
LWPOLYLINE
  5
2668
102
{ACAD_REACTORS
330
26FC
102
}
330
1F
100
AcDbEntity
  8
0
370
    50
100
AcDbPolyline
 90
        2
 70
     0
 43
0.0
 10
2234.591105358482
 20
3661.654590645002
 10
2226.623416970847
 20
3657.092936987959
  0
LWPOLYLINE
  5
2669
102
{ACAD_REACTORS
330
26FC
102
}
330
1F
100
AcDbEntity
  8
0
370
    50
100
AcDbPolyline
 90
        2
 70
     0
 43
0.0
 10
2226.623416970847
 20
3662.931853668974
 10
2234.591105358482
 20
3667.554329374777
  0
SPLINE
  5
266A
102
{ACAD_REACTORS
330
26FC
102
}
330
1F
100
AcDbEntity
  8
0
370
    50
100
AcDbSpline
210
0.0
220
0.0
230
1.0
 70
     8
 71
     3
 72
     8
 73
     4
 74
     0
 42
0.000000001
 43
0.0000000001
 40
0.0
 40
0.0
 40
0.0
 40
0.0
 40
1.0
 40
1.0
 40
1.0
 40
1.0
 10
2216.684076256628
 20
3672.901798170095
 30
0.0
 10
2215.985653625423
 20
3671.887077321031
 30
0.0
 10
2215.549075803135
 20
3670.70573786566
 30
0.0
 10
2215.486910054334
 20
3669.662378051614
 30
0.0
  0
SPLINE
  5
266B
102
{ACAD_REACTORS
330
26FC
102
}
330
1F
100
AcDbEntity
  8
0
370
    50
100
AcDbSpline
210
0.0
220
0.0
230
1.0
 70
     8
 71
     3
 72
     8
 73
     4
 74
     0
 42
0.000000001
 43
0.0000000001
 40
0.0
 40
0.0
 40
0.0
 40
0.0
 40
1.0
 40
1.0
 40
1.0
 40
1.0
 10
2215.486910054334
 20
3669.662378051614
 30
0.0
 10
2215.42474430553
 20
3668.619018237567
 30
0.0
 10
2215.743075933829
 20
3667.815754019807
 30
0.0
 10
2216.359824881133
 20
3667.459701214875
 30
0.0
  0
SPLINE
  5
266C
102
{ACAD_REACTORS
330
26FC
102
}
330
1F
100
AcDbEntity
  8
0
370
    50
100
AcDbSpline
210
0.0
220
0.0
230
1.0
 70
     8
 71
     3
 72
     8
 73
     4
 74
     0
 42
0.000000001
 43
0.0000000001
 40
0.0
 40
0.0
 40
0.0
 40
0.0
 40
1.0
 40
1.0
 40
1.0
 40
1.0
 10
2224.834230790545
 20
3668.218500415531
 30
0.0
 10
2223.796395158546
 20
3666.71065509014
 30
0.0
 10
2223.373799390447
 20
3664.897003881789
 30
0.0
 10
2223.784414273931
 20
3663.713006608833
 30
0.0
  0
SPLINE
  5
266D
102
{ACAD_REACTORS
330
26FC
102
}
330
1F
100
AcDbEntity
  8
0
370
    50
100
AcDbSpline
210
0.0
220
0.0
230
1.0
 70
     8
 71
     3
 72
     8
 73
     4
 74
     0
 42
0.000000001
 43
0.0000000001
 40
0.0
 40
0.0
 40
0.0
 40
0.0
 40
1.0
 40
1.0
 40
1.0
 40
1.0
 10
2223.784414273931
 20
3663.713006608833
 30
0.0
 10
2224.195028853324
 20
3662.529008809134
 30
0.0
 10
2225.347088867633
 20
3662.239264813551
 30
0.0
 10
2226.646376492869
 20
3662.993220568563
 30
0.0
  0
LWPOLYLINE
  5
266E
102
{ACAD_REACTORS
330
26FC
102
}
330
1F
100
AcDbEntity
  8
0
370
    25
100
AcDbPolyline
 90
        2
 70
     0
 43
0.0
 10
2216.648600974113
 20
3672.906669665707
 10
2224.798755508029
 20
3668.223371911144
  0
LWPOLYLINE
  5
266F
102
{ACAD_REACTORS
330
26FC
102
}
330
1F
100
AcDbEntity
  8
0
370
    50
100
AcDbPolyline
 90
        2
 70
     0
 43
0.0
 10
2223.521492484058
 20
3682.881485662441
 10
2216.648600974113
 20
3672.906669665707
  0
LWPOLYLINE
  5
2671
102
{ACAD_REACTORS
330
26FC
102
}
330
1F
100
AcDbEntity
  8
0
370
    50
100
AcDbPolyline
 90
        2
 70
     0
 43
0.0
 10
2234.286995114679
 20
3679.718739126892
 10
2231.610824969214
 20
3678.137365859117
  0
LWPOLYLINE
  5
2672
102
{ACAD_REACTORS
330
26FC
102
}
330
1F
100
AcDbEntity
  8
0
370
    50
100
AcDbPolyline
 90
        2
 70
     0
 43
0.0
 10
2216.344490730309
 20
3654.538410940014
 10
2224.433823215466
 20
3649.855113185451
  0
LWPOLYLINE
  5
2673
102
{ACAD_REACTORS
330
26FC
102
}
330
1F
100
AcDbEntity
  8
0
370
    50
100
AcDbPolyline
 90
        2
 70
     0
 43
0.0
 10
2216.344490730309
 20
3667.432685277256
 10
2224.433823215466
 20
3662.749387522692
  0
LWPOLYLINE
  5
2674
102
{ACAD_REACTORS
330
26FC
102
}
330
1F
100
AcDbEntity
  8
0
370
    50
100
AcDbPolyline
 90
        4
 70
     1
 43
0.0
 10
2523.252548776169
 20
3454.190582322682
 10
2523.252548776169
 20
3559.777658971039
 10
2531.402703310086
 20
3564.521778774363
 10
2531.402703310086
 20
3458.934702126007
  0
LWPOLYLINE
  5
2675
102
{ACAD_REACTORS
330
26FC
102
}
330
1F
100
AcDbEntity
  8
0
370
    50
100
AcDbPolyline
 90
        2
 70
     0
 43
0.0
 10
2531.341881261325
 20
3564.521778774363
 10
2531.402703310086
 20
3564.521778774363
  0
LWPOLYLINE
  5
2676
102
{ACAD_REACTORS
330
26FC
102
}
330
1F
100
AcDbEntity
  8
0
370
    50
100
AcDbPolyline
 90
        3
 70
     0
 43
0.0
 10
2224.92039960555
 20
3732.938031792395
 10
2224.129712971663
 20
3732.512277451071
 10
2224.92039960555
 20
3732.086523109747
  0
LWPOLYLINE
  5
2677
102
{ACAD_REACTORS
330
26FC
102
}
330
1F
100
AcDbEntity
  8
0
370
    50
100
AcDbPolyline
 90
        2
 70
     0
 43
0.0
 10
2523.252548776169
 20
3559.8384810198
 10
2523.252548776169
 20
3559.777658971039
  0
LWPOLYLINE
  5
2678
102
{ACAD_REACTORS
330
26FC
102
}
330
1F
100
AcDbEntity
  8
0
370
    50
100
AcDbPolyline
 90
        2
 70
     0
 43
0.0
 10
2224.129712971663
 20
3720.77362204028
 10
2224.129712971663
 20
3732.512277451071
  0
LWPOLYLINE
  5
267A
102
{ACAD_REACTORS
330
26FC
102
}
330
1F
100
AcDbEntity
  8
0
370
    50
100
AcDbPolyline
 90
        5
 70
     0
 43
0.0
 10
2505.857442830645
 20
3520.425793422948
 10
2505.005934147997
 20
3519.939217032862
 10
2505.005934147997
 20
3523.466895860976
 10
2496.85577961408
 20
3528.15019361554
 10
2494.179609468615
 20
3526.568820347765
  0
SPLINE
  5
267B
102
{ACAD_REACTORS
330
26FC
102
}
330
1F
100
AcDbEntity
  8
0
370
    50
100
AcDbSpline
210
0.0
220
0.0
230
1.0
 70
     8
 71
     3
 72
     8
 73
     4
 74
     0
 42
0.000000001
 43
0.0000000001
 40
0.0
 40
0.0
 40
0.0
 40
0.0
 40
1.0
 40
1.0
 40
1.0
 40
1.0
 10
2531.438712327269
 20
3535.197423672567
 30
0.0
 10
2532.854992219508
 20
3536.011668460745
 30
0.0
 10
2534.00060773146
 20
3537.996085241692
 30
0.0
 10
2533.99751572405
 20
3539.629741799149
 30
0.0
  0
SPLINE
  5
267C
102
{ACAD_REACTORS
330
26FC
102
}
330
1F
100
AcDbEntity
  8
0
370
    50
100
AcDbSpline
210
0.0
220
0.0
230
1.0
 70
     8
 71
     3
 72
     8
 73
     4
 74
     0
 42
0.000000001
 43
0.0000000001
 40
0.0
 40
0.0
 40
0.0
 40
0.0
 40
1.0
 40
1.0
 40
1.0
 40
1.0
 10
2533.99751572405
 20
3539.629741799149
 30
0.0
 10
2533.994424547476
 20
3541.263398579258
 30
0.0
 10
2532.843796011251
 20
3541.927663219757
 30
0.0
 10
2531.427516341663
 20
3541.113417600743
 30
0.0
  0
LWPOLYLINE
  5
267D
102
{ACAD_REACTORS
330
26FC
102
}
330
1F
100
AcDbEntity
  8
0
370
    50
100
AcDbPolyline
 90
        3
 70
     0
 43
0.0
 10
2732.96697290263
 20
3657.397047231762
 10
2743.124255045647
 20
3663.296785961537
 10
2743.124255045647
 20
3686.774096783119
  0
SPLINE
  5
267E
102
{ACAD_REACTORS
330
26FC
102
}
330
1F
100
AcDbEntity
  8
0
370
    50
100
AcDbSpline
210
0.0
220
0.0
230
1.0
 70
     8
 71
     3
 72
     8
 73
     4
 74
     0
 42
0.000000001
 43
0.0000000001
 40
0.0
 40
0.0
 40
0.0
 40
0.0
 40
1.0
 40
1.0
 40
1.0
 40
1.0
 10
2732.991785934208
 20
3657.465996879722
 30
0.0
 10
2731.575506041969
 20
3656.651752091544
 30
0.0
 10
2730.429890530018
 20
3654.667335310597
 30
0.0
 10
2730.432982537427
 20
3653.033678753139
 30
0.0
  0
SPLINE
  5
267F
102
{ACAD_REACTORS
330
26FC
102
}
330
1F
100
AcDbEntity
  8
0
370
    50
100
AcDbSpline
210
0.0
220
0.0
230
1.0
 70
     8
 71
     3
 72
     8
 73
     4
 74
     0
 42
0.000000001
 43
0.0000000001
 40
0.0
 40
0.0
 40
0.0
 40
0.0
 40
1.0
 40
1.0
 40
1.0
 40
1.0
 10
2730.432982537427
 20
3653.033678753139
 30
0.0
 10
2730.436073714001
 20
3651.400021973031
 30
0.0
 10
2731.586702250226
 20
3650.735757332533
 30
0.0
 10
2733.002981919815
 20
3651.550002951546
 30
0.0
  0
LWPOLYLINE
  5
2680
102
{ACAD_REACTORS
330
26FC
102
}
330
1F
100
AcDbEntity
  8
0
370
    25
100
AcDbPolyline
 90
        2
 70
     0
 43
0.0
 10
2732.96697290263
 20
3651.558130550746
 10
2730.412446854686
 20
3653.017859721
  0
LWPOLYLINE
  5
2681
102
{ACAD_REACTORS
330
26FC
102
}
330
1F
100
AcDbEntity
  8
0
370
    50
100
AcDbPolyline
 90
        2
 70
     0
 43
0.0
 10
2743.975763728295
 20
3657.944445670607
 10
2732.96697290263
 20
3651.558130550746
  0
SPLINE
  5
2682
102
{ACAD_REACTORS
330
26FC
102
}
330
1F
100
AcDbEntity
  8
0
370
    50
100
AcDbSpline
210
0.0
220
0.0
230
1.0
 70
     8
 71
     3
 72
     8
 73
     4
 74
     0
 42
0.000000001
 43
0.0000000001
 40
0.0
 40
0.0
 40
0.0
 40
0.0
 40
1.0
 40
1.0
 40
1.0
 40
1.0
 10
2769.556276328121
 20
3665.357743795431
 30
0.0
 10
2770.335280181046
 20
3667.036951194293
 30
0.0
 10
2770.338835226099
 20
3668.705077179458
 30
0.0
 10
2769.565068113405
 20
3669.483236575501
 30
0.0
  0
LWPOLYLINE
  5
2683
102
{ACAD_REACTORS
330
26FC
102
}
330
1F
100
AcDbEntity
  8
0
370
    50
100
AcDbPolyline
 90
        2
 70
     0
 43
0.0
 10
2732.96697290263
 20
3642.738933480463
 10
2743.367543240688
 20
3648.76031630776
  0
SPLINE
  5
2684
102
{ACAD_REACTORS
330
26FC
102
}
330
1F
100
AcDbEntity
  8
0
370
    50
100
AcDbSpline
210
0.0
220
0.0
230
1.0
 70
     8
 71
     3
 72
     8
 73
     4
 74
     0
 42
0.000000001
 43
0.0000000001
 40
0.0
 40
0.0
 40
0.0
 40
0.0
 40
1.0
 40
1.0
 40
1.0
 40
1.0
 10
2732.991785934208
 20
3642.807883128423
 30
0.0
 10
2731.575506041969
 20
3641.993638340246
 30
0.0
 10
2730.429890530018
 20
3640.009221559298
 30
0.0
 10
2730.432982537427
 20
3638.375565001842
 30
0.0
  0
SPLINE
  5
2685
102
{ACAD_REACTORS
330
26FC
102
}
330
1F
100
AcDbEntity
  8
0
370
    50
100
AcDbSpline
210
0.0
220
0.0
230
1.0
 70
     8
 71
     3
 72
     8
 73
     4
 74
     0
 42
0.000000001
 43
0.0000000001
 40
0.0
 40
0.0
 40
0.0
 40
0.0
 40
1.0
 40
1.0
 40
1.0
 40
1.0
 10
2730.432982537427
 20
3638.375565001842
 30
0.0
 10
2730.436073714001
 20
3636.741908221733
 30
0.0
 10
2731.586702250226
 20
3636.077643581234
 30
0.0
 10
2733.002981919815
 20
3636.891889200248
 30
0.0
  0
LWPOLYLINE
  5
2686
102
{ACAD_REACTORS
330
26FC
102
}
330
1F
100
AcDbEntity
  8
0
370
    25
100
AcDbPolyline
 90
        2
 70
     0
 43
0.0
 10
2732.96697290263
 20
3636.900016799447
 10
2730.412446854686
 20
3638.359745969701
  0
LWPOLYLINE
  5
2687
102
{ACAD_REACTORS
330
26FC
102
}
330
1F
100
AcDbEntity
  8
0
370
    50
100
AcDbPolyline
 90
        2
 70
     0
 43
0.0
 10
2743.367543240688
 20
3642.921399626744
 10
2732.96697290263
 20
3636.900016799447
  0
SPLINE
  5
2688
102
{ACAD_REACTORS
330
26FC
102
}
330
1F
100
AcDbEntity
  8
0
370
    50
100
AcDbSpline
210
0.0
220
0.0
230
1.0
 70
     8
 71
     3
 72
     8
 73
     4
 74
     0
 42
0.000000001
 43
0.0000000001
 40
0.0
 40
0.0
 40
0.0
 40
0.0
 40
1.0
 40
1.0
 40
1.0
 40
1.0
 10
2769.556276328121
 20
3652.463469458189
 30
0.0
 10
2770.335280181046
 20
3654.142676857051
 30
0.0
 10
2770.338835226099
 20
3655.810802842217
 30
0.0
 10
2769.565068113405
 20
3656.588962238259
 30
0.0
  0
LWPOLYLINE
  5
2689
102
{ACAD_REACTORS
330
26FC
102
}
330
1F
100
AcDbEntity
  8
0
370
    50
100
AcDbPolyline
 90
        2
 70
     0
 43
0.0
 10
2732.96697290263
 20
3628.080819729163
 10
2744.583984215899
 20
3634.771245092828
  0
SPLINE
  5
268A
102
{ACAD_REACTORS
330
26FC
102
}
330
1F
100
AcDbEntity
  8
0
370
    50
100
AcDbSpline
210
0.0
220
0.0
230
1.0
 70
     8
 71
     3
 72
     8
 73
     4
 74
     0
 42
0.000000001
 43
0.0000000001
 40
0.0
 40
0.0
 40
0.0
 40
0.0
 40
1.0
 40
1.0
 40
1.0
 40
1.0
 10
2732.991785934208
 20
3628.149769377125
 30
0.0
 10
2731.575506041969
 20
3627.335524588947
 30
0.0
 10
2730.429890530018
 20
3625.351107808
 30
0.0
 10
2730.432982537427
 20
3623.717451250543
 30
0.0
  0
SPLINE
  5
268B
102
{ACAD_REACTORS
330
26FC
102
}
330
1F
100
AcDbEntity
  8
0
370
    50
100
AcDbSpline
210
0.0
220
0.0
230
1.0
 70
     8
 71
     3
 72
     8
 73
     4
 74
     0
 42
0.000000001
 43
0.0000000001
 40
0.0
 40
0.0
 40
0.0
 40
0.0
 40
1.0
 40
1.0
 40
1.0
 40
1.0
 10
2730.432982537427
 20
3623.717451250543
 30
0.0
 10
2730.436073714001
 20
3622.083794470434
 30
0.0
 10
2731.586702250226
 20
3621.419529829936
 30
0.0
 10
2733.002981919815
 20
3622.233775448948
 30
0.0
  0
LWPOLYLINE
  5
268C
102
{ACAD_REACTORS
330
26FC
102
}
330
1F
100
AcDbEntity
  8
0
370
    25
100
AcDbPolyline
 90
        2
 70
     0
 43
0.0
 10
2732.96697290263
 20
3622.241903048149
 10
2730.412446854686
 20
3623.701632218403
  0
LWPOLYLINE
  5
268D
102
{ACAD_REACTORS
330
26FC
102
}
330
1F
100
AcDbEntity
  8
0
370
    50
100
AcDbPolyline
 90
        3
 70
     0
 43
0.0
 10
2738.015202949759
 20
3631.000278069671
 10
2743.124255045647
 20
3628.080819729163
 10
2732.96697290263
 20
3622.241903048149
  0
LWPOLYLINE
  5
268E
102
{ACAD_REACTORS
330
26FC
102
}
330
1F
100
AcDbEntity
  8
0
370
    50
100
AcDbPolyline
 90
        3
 70
     0
 43
0.0
 10
2531.402703310086
 20
3470.673357536797
 10
2743.124255045647
 20
3592.864853496791
 10
2743.124255045647
 20
3628.080819729163
  0
SPLINE
  5
268F
102
{ACAD_REACTORS
330
26FC
102
}
330
1F
100
AcDbEntity
  8
0
370
    50
100
AcDbSpline
210
0.0
220
0.0
230
1.0
 70
     8
 71
     3
 72
     8
 73
     4
 74
     0
 42
0.000000001
 43
0.0000000001
 40
0.0
 40
0.0
 40
0.0
 40
0.0
 40
1.0
 40
1.0
 40
1.0
 40
1.0
 10
2531.438712327269
 20
3505.88119616997
 30
0.0
 10
2532.854992219508
 20
3506.695440958148
 30
0.0
 10
2534.00060773146
 20
3508.679857739095
 30
0.0
 10
2533.99751572405
 20
3510.313514296552
 30
0.0
  0
SPLINE
  5
2690
102
{ACAD_REACTORS
330
26FC
102
}
330
1F
100
AcDbEntity
  8
0
370
    50
100
AcDbSpline
210
0.0
220
0.0
230
1.0
 70
     8
 71
     3
 72
     8
 73
     4
 74
     0
 42
0.000000001
 43
0.0000000001
 40
0.0
 40
0.0
 40
0.0
 40
0.0
 40
1.0
 40
1.0
 40
1.0
 40
1.0
 10
2533.99751572405
 20
3510.313514296552
 30
0.0
 10
2533.994424547476
 20
3511.947171076661
 30
0.0
 10
2532.843796011251
 20
3512.61143571716
 30
0.0
 10
2531.427516341663
 20
3511.797190098146
 30
0.0
  0
LWPOLYLINE
  5
2691
102
{ACAD_REACTORS
330
26FC
102
}
330
1F
100
AcDbEntity
  8
0
370
    50
100
AcDbPolyline
 90
        5
 70
     0
 43
0.0
 10
2495.456872492587
 20
3493.420803773252
 10
2502.268941953771
 20
3491.413676164153
 10
2505.005934147997
 20
3492.934227383168
 10
2505.005934147997
 20
3496.461906211281
 10
2506.40484126949
 20
3497.313414893929
  0
SPLINE
  5
2692
102
{ACAD_REACTORS
330
26FC
102
}
330
1F
100
AcDbEntity
  8
0
370
    50
100
AcDbSpline
210
0.0
220
0.0
230
1.0
 70
     8
 71
     3
 72
     8
 73
     4
 74
     0
 42
0.000000001
 43
0.0000000001
 40
0.0
 40
0.0
 40
0.0
 40
0.0
 40
1.0
 40
1.0
 40
1.0
 40
1.0
 10
2497.319396482142
 20
3500.840548871213
 30
0.0
 10
2496.02010938365
 20
3500.08659281211
 30
0.0
 10
2494.863959830562
 20
3498.457431222341
 30
0.0
 10
2494.447275912431
 20
3496.793365360387
 30
0.0
  0
SPLINE
  5
2693
102
{ACAD_REACTORS
330
26FC
102
}
330
1F
100
AcDbEntity
  8
0
370
    50
100
AcDbSpline
210
0.0
220
0.0
230
1.0
 70
     8
 71
     3
 72
     8
 73
     4
 74
     0
 42
0.000000001
 43
0.0000000001
 40
0.0
 40
0.0
 40
0.0
 40
0.0
 40
1.0
 40
1.0
 40
1.0
 40
1.0
 10
2494.447275912431
 20
3496.793365360387
 30
0.0
 10
2494.030592298392
 20
3495.129300025175
 30
0.0
 10
2494.446494151731
 20
3493.802215968325
 30
0.0
 10
2495.480465698502
 20
3493.496607535406
 30
0.0
  0
LWPOLYLINE
  5
2694
102
{ACAD_REACTORS
330
26FC
102
}
330
1F
100
AcDbEntity
  8
0
370
    25
100
AcDbPolyline
 90
        2
 70
     0
 43
0.0
 10
2497.281533955403
 20
3500.841093722043
 10
2489.131379421487
 20
3505.524391476606
  0
SPLINE
  5
2695
102
{ACAD_REACTORS
330
26FC
102
}
330
1F
100
AcDbEntity
  8
0
370
    50
100
AcDbSpline
210
0.0
220
0.0
230
1.0
 70
     8
 71
     3
 72
     8
 73
     4
 74
     0
 42
0.000000001
 43
0.0000000001
 40
0.0
 40
0.0
 40
0.0
 40
0.0
 40
1.0
 40
1.0
 40
1.0
 40
1.0
 10
2489.169241948225
 20
3505.523846625778
 30
0.0
 10
2487.94598299463
 20
3504.8140088703
 30
0.0
 10
2486.841358861273
 20
3503.322116797371
 30
0.0
 10
2486.370453554655
 20
3501.743838195415
 30
0.0
  0
SPLINE
  5
2696
102
{ACAD_REACTORS
330
26FC
102
}
330
1F
100
AcDbEntity
  8
0
370
    50
100
AcDbSpline
210
0.0
220
0.0
230
1.0
 70
     8
 71
     3
 72
     8
 73
     4
 74
     0
 42
0.000000001
 43
0.0000000001
 40
0.0
 40
0.0
 40
0.0
 40
0.0
 40
1.0
 40
1.0
 40
1.0
 40
1.0
 10
2486.370453554655
 20
3501.743838195415
 30
0.0
 10
2485.899547943945
 20
3500.165559066715
 30
0.0
 10
2486.155098462135
 20
3498.811708197735
 30
0.0
 10
2487.01794186569
 20
3498.313583611717
 30
0.0
  0
LWPOLYLINE
  5
2697
102
{ACAD_REACTORS
330
26FC
102
}
330
1F
100
AcDbEntity
  8
0
370
    50
100
AcDbPolyline
 90
        2
 70
     0
 43
0.0
 10
2505.249222343038
 20
3505.402747379085
 10
2497.281533955403
 20
3500.841093722043
  0
LWPOLYLINE
  5
2698
102
{ACAD_REACTORS
330
26FC
102
}
330
1F
100
AcDbEntity
  8
0
370
    50
100
AcDbPolyline
 90
        2
 70
     0
 43
0.0
 10
2492.963168493403
 20
3507.713985231987
 10
2489.131379421487
 20
3505.524391476606
  0
SPLINE
  5
2699
102
{ACAD_REACTORS
330
26FC
102
}
330
1F
100
AcDbEntity
  8
0
370
    50
100
AcDbSpline
210
0.0
220
0.0
230
1.0
 70
     8
 71
     3
 72
     8
 73
     4
 74
     0
 42
0.000000001
 43
0.0000000001
 40
0.0
 40
0.0
 40
0.0
 40
0.0
 40
1.0
 40
1.0
 40
1.0
 40
1.0
 10
2531.438712327269
 20
3520.539309921268
 30
0.0
 10
2532.854992219508
 20
3521.353554709446
 30
0.0
 10
2534.00060773146
 20
3523.337971490394
 30
0.0
 10
2533.99751572405
 20
3524.971628047851
 30
0.0
  0
SPLINE
  5
269A
102
{ACAD_REACTORS
330
26FC
102
}
330
1F
100
AcDbEntity
  8
0
370
    50
100
AcDbSpline
210
0.0
220
0.0
230
1.0
 70
     8
 71
     3
 72
     8
 73
     4
 74
     0
 42
0.000000001
 43
0.0000000001
 40
0.0
 40
0.0
 40
0.0
 40
0.0
 40
1.0
 40
1.0
 40
1.0
 40
1.0
 10
2533.99751572405
 20
3524.971628047851
 30
0.0
 10
2533.994424547476
 20
3526.60528482796
 30
0.0
 10
2532.843796011251
 20
3527.269549468458
 30
0.0
 10
2531.427516341663
 20
3526.455303849444
 30
0.0
  0
LWPOLYLINE
  5
269B
102
{ACAD_REACTORS
330
26FC
102
}
330
1F
100
AcDbEntity
  8
0
370
    50
100
AcDbPolyline
 90
        2
 70
     0
 43
0.0
 10
2497.281533955403
 20
3506.680010403057
 10
2505.249222343038
 20
3511.241664060101
  0
SPLINE
  5
269C
102
{ACAD_REACTORS
330
26FC
102
}
330
1F
100
AcDbEntity
  8
0
370
    50
100
AcDbSpline
210
0.0
220
0.0
230
1.0
 70
     8
 71
     3
 72
     8
 73
     4
 74
     0
 42
0.000000001
 43
0.0000000001
 40
0.0
 40
0.0
 40
0.0
 40
0.0
 40
1.0
 40
1.0
 40
1.0
 40
1.0
 10
2495.492347775102
 20
3511.966657149615
 30
0.0
 10
2494.454512143103
 20
3510.458811824224
 30
0.0
 10
2494.031916375004
 20
3508.645160615873
 30
0.0
 10
2494.442531258489
 20
3507.461163342917
 30
0.0
  0
SPLINE
  5
269D
102
{ACAD_REACTORS
330
26FC
102
}
330
1F
100
AcDbEntity
  8
0
370
    50
100
AcDbSpline
210
0.0
220
0.0
230
1.0
 70
     8
 71
     3
 72
     8
 73
     4
 74
     0
 42
0.000000001
 43
0.0000000001
 40
0.0
 40
0.0
 40
0.0
 40
0.0
 40
1.0
 40
1.0
 40
1.0
 40
1.0
 10
2494.442531258489
 20
3507.461163342917
 30
0.0
 10
2494.853145837881
 20
3506.277165543217
 30
0.0
 10
2496.00520585219
 20
3505.987421547636
 30
0.0
 10
2497.304493477426
 20
3506.741377302647
 30
0.0
  0
LWPOLYLINE
  5
269E
102
{ACAD_REACTORS
330
26FC
102
}
330
1F
100
AcDbEntity
  8
0
370
    25
100
AcDbPolyline
 90
        2
 70
     0
 43
0.0
 10
2495.456872492587
 20
3511.971528645228
 10
2487.306717958669
 20
3516.654826399791
  0
SPLINE
  5
269F
102
{ACAD_REACTORS
330
26FC
102
}
330
1F
100
AcDbEntity
  8
0
370
    50
100
AcDbSpline
210
0.0
220
0.0
230
1.0
 70
     8
 71
     3
 72
     8
 73
     4
 74
     0
 42
0.000000001
 43
0.0000000001
 40
0.0
 40
0.0
 40
0.0
 40
0.0
 40
1.0
 40
1.0
 40
1.0
 40
1.0
 10
2487.342193241185
 20
3516.64995490418
 30
0.0
 10
2486.64377060998
 20
3515.635234055115
 30
0.0
 10
2486.207192787694
 20
3514.453894599743
 30
0.0
 10
2486.14502703889
 20
3513.410534785697
 30
0.0
  0
SPLINE
  5
26A0
102
{ACAD_REACTORS
330
26FC
102
}
330
1F
100
AcDbEntity
  8
0
370
    50
100
AcDbSpline
210
0.0
220
0.0
230
1.0
 70
     8
 71
     3
 72
     8
 73
     4
 74
     0
 42
0.000000001
 43
0.0000000001
 40
0.0
 40
0.0
 40
0.0
 40
0.0
 40
1.0
 40
1.0
 40
1.0
 40
1.0
 10
2486.14502703889
 20
3513.410534785697
 30
0.0
 10
2486.082861290087
 20
3512.367174971652
 30
0.0
 10
2486.401192918387
 20
3511.563910753891
 30
0.0
 10
2487.01794186569
 20
3511.207857948959
 30
0.0
  0
LWPOLYLINE
  5
26A1
102
{ACAD_REACTORS
330
26FC
102
}
330
1F
100
AcDbEntity
  8
0
370
    50
100
AcDbPolyline
 90
        4
 70
     0
 43
0.0
 10
2487.306717958669
 20
3516.654826399791
 10
2494.179609468615
 20
3526.568820347765
 10
2502.268941953771
 20
3521.885522593201
 10
2495.456872492587
 20
3511.971528645228
  0
LWPOLYLINE
  5
26A2
102
{ACAD_REACTORS
330
26FC
102
}
330
1F
100
AcDbEntity
  8
0
370
    50
100
AcDbPolyline
 90
        2
 70
     0
 43
0.0
 10
2505.005934147997
 20
3523.466895860976
 10
2502.268941953771
 20
3521.885522593201
  0
LWPOLYLINE
  5
26A4
102
{ACAD_REACTORS
330
26FC
102
}
330
1F
100
AcDbEntity
  8
0
370
    50
100
AcDbPolyline
 90
        2
 70
     0
 43
0.0
 10
2487.002607714867
 20
3498.225745625337
 10
2495.152762248784
 20
3493.542447870773
  0
LWPOLYLINE
  5
26A5
102
{ACAD_REACTORS
330
26FC
102
}
330
1F
100
AcDbEntity
  8
0
370
    50
100
AcDbPolyline
 90
        2
 70
     0
 43
0.0
 10
2487.002607714867
 20
3511.180842011341
 10
2495.152762248784
 20
3506.436722208016
  0
LWPOLYLINE
  5
26A6
102
{ACAD_REACTORS
330
26FC
102
}
330
1F
100
AcDbEntity
  8
0
370
    25
100
AcDbPolyline
 90
        3
 70
     0
 43
0.0
 10
2674.273695848676
 20
3758.665758418118
 10
2672.327390288338
 20
3757.570961540428
 10
2646.11308727253
 20
3772.654829633051
  0
LWPOLYLINE
  5
26A7
102
{ACAD_REACTORS
330
26FC
102
}
330
1F
100
AcDbEntity
  8
0
370
    25
100
AcDbPolyline
 90
        3
 70
     0
 43
0.0
 10
2579.269655684658
 20
3813.162314107593
 10
2577.627460368122
 20
3812.249983376185
 10
2551.413157352316
 20
3827.333851468807
  0
LWPOLYLINE
  5
26AA
102
{ACAD_REACTORS
330
26FC
102
}
330
1F
100
AcDbEntity
  8
0
370
    25
100
AcDbPolyline
 90
        3
 70
     0
 43
0.0
 10
2439.804697876661
 20
3605.759127834033
 10
2432.201941781589
 20
3618.957512415078
 10
2434.148247341927
 20
3620.052309292768
  0
SPLINE
  5
26AB
102
{ACAD_REACTORS
330
26FC
102
}
330
1F
100
AcDbEntity
  8
0
370
    25
100
AcDbSpline
210
0.0
220
0.0
230
1.0
 70
     8
 71
     3
 72
     8
 73
     4
 74
     0
 42
0.000000001
 43
0.0000000001
 40
0.0
 40
0.0
 40
0.0
 40
0.0
 40
1.0
 40
1.0
 40
1.0
 40
1.0
 10
2336.309620015944
 20
3670.608467779472
 30
0.0
 10
2336.122168603494
 20
3668.969524318006
 30
0.0
 10
2336.425702182443
 20
3667.023482273878
 30
0.0
 10
2337.175495877542
 20
3665.057081968579
 30
0.0
  0
ENDSEC
  0
SECTION
  2
OBJECTS
  0
DICTIONARY
  5
C
330
0
100
AcDbDictionary
281
     1
  3
ACAD_CIP_PREVIOUS_PRODUCT_INFO
350
1A5
  3
ACAD_COLOR
350
73
  3
ACAD_DETAILVIEWSTYLE
350
1AB
  3
ACAD_GROUP
350
D
  3
ACAD_LAST_SAVED_VERSION_INFO
350
8F8
  3
ACAD_LAYOUT
350
1A
  3
ACAD_MATERIAL
350
72
  3
ACAD_MLEADERSTYLE
350
D7
  3
ACAD_MLINESTYLE
350
17
  3
ACAD_PLOTSETTINGS
350
19
  3
ACAD_PLOTSTYLENAME
350
E
  3
ACAD_SCALELIST
350
B6
  3
ACAD_SECTIONVIEWSTYLE
350
1A8
  3
ACAD_TABLESTYLE
350
86
  3
ACAD_VISUALSTYLE
350
99
  3
ACDB_RECOMPOSE_DATA
350
2703
  3
AcDbVariableDictionary
350
66
  0
DICTIONARY
  5
18E
330
2
100
AcDbDictionary
280
     1
281
     1
  3
ACAD_LAYERSTATES
360
18F
  0
DICTIONARY
  5
E6
330
10
100
AcDbDictionary
280
     1
281
     1
  0
DICTIONARY
  5
15D
330
1F
100
AcDbDictionary
280
     1
281
     1
  3
ACAD_SORTENTS
360
608
  0
DICTIONARY
  5
1EC6
330
250
100
AcDbDictionary
280
     1
281
     1
  0
DICTIONARY
  5
32D
330
32C
100
AcDbDictionary
280
     1
281
     1
  0
DICTIONARY
  5
22F7
330
82C
100
AcDbDictionary
280
     1
281
     1
  0
XRECORD
  5
1A5
102
{ACAD_REACTORS
330
C
102
}
330
C
100
AcDbXrecord
280
     1
300
ACD
300
2022
300

  0
DICTIONARY
  5
73
102
{ACAD_REACTORS
330
C
102
}
330
C
100
AcDbDictionary
281
     1
  0
DICTIONARY
  5
1AB
102
{ACAD_REACTORS
330
C
102
}
330
C
100
AcDbDictionary
281
     1
  3
Imperial24
350
1AC
  3
Metric50
350
4B6
  0
DICTIONARY
  5
D
102
{ACAD_REACTORS
330
C
102
}
330
C
100
AcDbDictionary
281
     1
  3
*A2
350
26FC
  0
XRECORD
  5
8F8
102
{ACAD_REACTORS
330
C
102
}
330
C
100
AcDbXrecord
280
     1
300
{28543E12-79DE-C344-9E0C-B0DE995C73E1}
301
{665A5DBC-5DB2-6041-B04D-8C1B42FC48A3}
302
{28543E12-79DE-C344-9E0C-B0DE995C73E1}
303

  0
DICTIONARY
  5
1A
102
{ACAD_REACTORS
330
C
102
}
330
C
100
AcDbDictionary
281
     1
  3
Layout1
350
59
  3
Layout2
350
5E
  3
Model
350
22
  0
DICTIONARY
  5
72
102
{ACAD_REACTORS
330
C
102
}
330
C
100
AcDbDictionary
281
     1
  3
ByBlock
350
97
  3
ByLayer
350
96
  3
Global
350
98
  0
DICTIONARY
  5
D7
102
{ACAD_REACTORS
330
C
102
}
330
C
100
AcDbDictionary
281
     1
  3
Standard
350
D8
  0
DICTIONARY
  5
17
102
{ACAD_REACTORS
330
C
102
}
330
C
100
AcDbDictionary
281
     1
  3
Standard
350
18
  0
DICTIONARY
  5
19
102
{ACAD_REACTORS
330
C
102
}
330
C
100
AcDbDictionary
281
     1
  0
ACDBDICTIONARYWDFLT
  5
E
102
{ACAD_REACTORS
330
C
102
}
330
C
100
AcDbDictionary
281
     1
  3
Normal
350
F
100
AcDbDictionaryWithDefault
340
F
  0
DICTIONARY
  5
B6
102
{ACAD_REACTORS
330
C
102
}
330
C
100
AcDbDictionary
281
     1
  3
A0
350
B7
  3
A1
350
124
  3
A2
350
125
  3
A3
350
126
  3
A4
350
127
  3
A5
350
128
  3
A6
350
129
  3
A7
350
12A
  3
A8
350
12B
  3
A9
350
12C
  3
B0
350
12D
  3
B1
350
12E
  3
B2
350
12F
  3
B3
350
130
  3
B4
350
131
  3
B5
350
132
  3
B6
350
133
  3
B7
350
134
  3
B8
350
135
  3
B9
350
136
  3
C0
350
137
  3
C1
350
138
  3
C2
350
139
  3
C3
350
13A
  3
C4
350
13B
  3
C5
350
13C
  3
C6
350
13D
  3
C7
350
13E
  3
C8
350
13F
  3
C9
350
140
  3
D0
350
141
  3
D1
350
142
  3
D2
350
143
  0
DICTIONARY
  5
1A8
102
{ACAD_REACTORS
330
C
102
}
330
C
100
AcDbDictionary
281
     1
  3
Imperial24
350
1AA
  3
Metric50
350
4B5
  0
DICTIONARY
  5
86
102
{ACAD_REACTORS
330
C
102
}
330
C
100
AcDbDictionary
281
     1
  3
Standard
350
87
  0
DICTIONARY
  5
99
102
{ACAD_REACTORS
330
C
102
}
330
C
100
AcDbDictionary
281
     1
  3
2dWireframe
350
9F
  3
Basic
350
9E
  3
Brighten
350
A5
  3
ColorChange
350
A9
  3
Conceptual
350
A2
  3
Dim
350
A4
  3
EdgeColorOff
350
175
  3
Facepattern
350
A8
  3
Flat
350
9A
  3
FlatWithEdges
350
9B
  3
Gouraud
350
9C
  3
GouraudWithEdges
350
9D
  3
Hidden
350
A1
  3
JitterOff
350
173
  3
Linepattern
350
A7
  3
OverhangOff
350
174
  3
Realistic
350
A3
  3
Shaded
350
182
  3
Shaded with edges
350
181
  3
Shades of Gray
350
17E
  3
Sketchy
350
17F
  3
Thicken
350
A6
  3
Wireframe
350
A0
  3
X-Ray
350
180
  0
XRECORD
  5
2703
102
{ACAD_REACTORS
330
C
102
}
330
C
100
AcDbXrecord
280
     1
 90
        1
330
87
  0
DICTIONARY
  5
66
102
{ACAD_REACTORS
330
C
102
}
330
C
100
AcDbDictionary
281
     1
  3
CANNOSCALE
350
F0
  3
CMLEADERSTYLE
350
EF
  3
CTABLESTYLE
350
89
  3
CVIEWDETAILSTYLE
350
1B7
  3
CVIEWSECTIONSTYLE
350
1B8
  3
DIMASSOC
350
67
  3
HIDETEXT
350
6B
  3
LAYEREVAL
350
14D
  3
LAYERNOTIFY
350
14E
  0
DICTIONARY
  5
18F
102
{ACAD_REACTORS
330
18E
102
}
330
18E
100
AcDbDictionary
281
     1
  0
SORTENTSTABLE
  5
608
102
{ACAD_REACTORS
330
15D
102
}
330
15D
100
AcDbSortentsTable
330
1F
  0
ACDBDETAILVIEWSTYLE
  5
1AC
102
{ACAD_REACTORS
330
1AB
102
}
330
1AB
100
AcDbModelDocViewStyle
 70
     0
  3
Imperial24
290
     0
300
Imperial24
 90
        0
100
AcDbDetailViewStyle
 70
     0
 71
     0
 90
        3
 71
     1
340
11
 62
   256
 40
0.24
340
0
 62
   256
 40
0.24
300

 40
0.36
280
     3
 71
     2
340
16
 90
       25
 62
   256
 71
     3
340
11
 62
   256
 40
0.24
 90
        1
 40
0.75
 90
        1
300
%<\AcVar ViewType \f "%tc1">% %<\AcVar ViewDetailId>%\PSCALE %<\AcVar ViewScale \f "%sn">%
 71
     4
340
16
 90
       25
 62
   256
340
16
 90
       25
 62
   256
280
     0
  0
ACDBDETAILVIEWSTYLE
  5
4B6
102
{ACAD_REACTORS
330
1AB
102
}
330
1AB
100
AcDbModelDocViewStyle
 70
     0
  3
Metric50
290
     0
300
Metric50
 90
        0
100
AcDbDetailViewStyle
 70
     0
 71
     0
 90
        3
 71
     1
340
11
 62
   256
 40
5.0
340
0
 62
   256
 40
5.0
300

 40
0.0
280
     1
 71
     2
340
16
 90
       25
 62
   256
 71
     3
340
11
 62
   256
 40
5.0
 90
        0
 40
15.0
 90
        1
300
%<\AcVar ViewDetailId>% (%<\AcVar ViewScale \f "%sn">%)
 71
     4
340
16
 90
       25
 62
   256
340
16
 90
       25
 62
   256
280
     0
  0
GROUP
  5
26FC
102
{ACAD_REACTORS
330
D
102
}
330
D
100
AcDbGroup
300

 70
     1
 71
     1
340
26AB
340
26AA
340
26A7
340
26A6
340
26A5
340
26A4
340
26A2
340
26A1
340
26A0
340
269F
340
269E
340
269D
340
269C
340
269B
340
269A
340
2699
340
2698
340
2697
340
2696
340
2695
340
2694
340
2693
340
2692
340
2691
340
2690
340
268F
340
268E
340
268D
340
268C
340
268B
340
268A
340
2689
340
2688
340
2687
340
2686
340
2685
340
2684
340
2683
340
2682
340
2681
340
2680
340
267F
340
267E
340
267D
340
267C
340
267B
340
267A
340
2678
340
2677
340
2676
340
2675
340
2674
340
2673
340
2672
340
2671
340
266F
340
266E
340
266D
340
266C
340
266B
340
266A
340
2669
340
2668
340
2667
340
2666
340
2665
340
2664
340
2663
340
2662
340
2661
340
2660
340
265F
340
265E
340
265D
340
265C
340
265B
340
265A
340
2659
340
2658
340
2657
340
2656
340
2655
340
2654
340
2653
340
2652
340
2651
340
2650
340
264F
340
264E
340
264D
340
264C
340
264B
340
264A
340
2649
340
2648
340
2647
340
2646
340
2645
340
2644
340
2643
340
2642
340
2641
340
2640
340
263F
340
263E
340
263D
340
263C
340
263B
340
263A
340
2639
340
2638
340
2637
340
2636
340
2635
340
2634
340
2633
340
2631
340
2630
340
262F
340
262E
340
262D
340
262B
340
262A
340
2628
340
2627
340
2626
340
2625
340
2624
340
2623
340
2622
340
2621
340
2620
340
261F
340
261E
340
261D
340
261C
340
261B
340
261A
340
2619
340
2618
340
2617
340
2616
340
2615
340
2614
340
2613
340
2612
340
2611
340
2610
340
260F
340
260D
340
260C
340
2609
340
2608
340
2607
340
2606
340
2605
340
2603
340
2602
340
2600
340
25FF
340
25FE
340
25FD
340
25FC
340
25FB
340
25FA
340
25F9
340
25F8
340
25F7
340
25F6
340
25F5
340
25F4
340
25F3
340
25F2
340
25F1
340
25F0
340
25EF
340
25EE
340
25ED
340
25EC
340
25EB
340
25EA
340
25E9
340
25E8
340
25E7
340
25E6
340
25E5
340
25E4
340
25E3
340
25E2
340
25E1
340
25E0
340
25DF
340
25DE
340
25DD
340
25DC
340
25DB
340
25DA
340
25D9
340
25D8
340
25D7
340
25D6
340
25D5
340
25D4
340
25D3
340
25D2
340
25D1
340
25D0
340
25CF
340
25CE
340
25CD
340
25CC
340
25CB
340
25CA
340
25C9
340
25C8
340
25C7
  0
LAYOUT
  5
59
102
{ACAD_REACTORS
330
1A
102
}
330
1A
100
AcDbPlotSettings
  1

  2
None
  4

  6

 40
0.0
 41
0.0
 42
0.0
 43
0.0
 44
0.0
 45
0.0
 46
0.0
 47
0.0
 48
0.0
 49
0.0
140
0.0
141
0.0
142
1.0
143
1.0
 70
   688
 72
     0
 73
     0
 74
     5
  7

 75
    16
147
1.0
 76
     0
 77
     2
 78
   300
148
0.0
149
0.0
100
AcDbLayout
  1
Layout1
 70
     1
 71
     1
 10
0.0
 20
0.0
 11
12.0
 21
9.0
 12
0.0
 22
0.0
 32
0.0
 14
0.0
 24
0.0
 34
0.0
 15
0.0
 25
0.0
 35
0.0
146
0.0
 13
0.0
 23
0.0
 33
0.0
 16
1.0
 26
0.0
 36
0.0
 17
0.0
 27
1.0
 37
0.0
 76
     0
330
58
  0
LAYOUT
  5
5E
102
{ACAD_REACTORS
330
1A
102
}
330
1A
100
AcDbPlotSettings
  1

  2
None
  4

  6

 40
0.0
 41
0.0
 42
0.0
 43
0.0
 44
0.0
 45
0.0
 46
0.0
 47
0.0
 48
0.0
 49
0.0
140
0.0
141
0.0
142
1.0
143
1.0
 70
   688
 72
     0
 73
     0
 74
     5
  7

 75
    16
147
1.0
 76
     0
 77
     2
 78
   300
148
0.0
149
0.0
100
AcDbLayout
  1
Layout2
 70
     1
 71
     2
 10
0.0
 20
0.0
 11
12.0
 21
9.0
 12
0.0
 22
0.0
 32
0.0
 14
0.0
 24
0.0
 34
0.0
 15
0.0
 25
0.0
 35
0.0
146
0.0
 13
0.0
 23
0.0
 33
0.0
 16
1.0
 26
0.0
 36
0.0
 17
0.0
 27
1.0
 37
0.0
 76
     0
330
5D
  0
LAYOUT
  5
22
102
{ACAD_XDICTIONARY
360
194
102
}
102
{ACAD_REACTORS
330
1A
102
}
330
1A
100
AcDbPlotSettings
  1

  2
none_device
  4
ANSI_A_(8.50_x_11.00_Inches)
  6

 40
6.349999904632567
 41
19.04999923706055
 42
6.350006103515625
 43
19.04998779296875
 44
215.8999938964844
 45
279.3999938964844
 46
0.0
 47
0.0
 48
0.0
 49
0.0
140
0.0
141
0.0
142
1.0
143
2.584895464708373
 70
 11952
 72
     0
 73
     1
 74
     0
  7

 75
     0
147
0.3868628397755418
 76
     0
 77
     2
 78
   300
148
0.0
149
0.0
100
AcDbLayout
  1
Model
 70
     1
 71
     0
 10
0.0
 20
0.0
 11
12.0
 21
9.0
 12
0.0
 22
0.0
 32
0.0
 14
0.0
 24
0.0
 34
0.0
 15
0.0
 25
0.0
 35
0.0
146
0.0
 13
0.0
 23
0.0
 33
0.0
 16
1.0
 26
0.0
 36
0.0
 17
0.0
 27
1.0
 37
0.0
 76
     0
330
1F
331
94
  0
MATERIAL
  5
97
102
{ACAD_XDICTIONARY
360
188
102
}
102
{ACAD_REACTORS
330
72
102
}
330
72
100
AcDbMaterial
  1
ByBlock
 94
       63
  0
MATERIAL
  5
96
102
{ACAD_XDICTIONARY
360
186
102
}
102
{ACAD_REACTORS
330
72
102
}
330
72
100
AcDbMaterial
  1
ByLayer
 94
       63
  0
MATERIAL
  5
98
102
{ACAD_XDICTIONARY
360
110
102
}
102
{ACAD_REACTORS
330
72
102
}
330
72
100
AcDbMaterial
  1
Global
 43
0.0208000000566244
 43
0.0
 43
0.0
 43
0.0
 43
0.0
 43
0.0208000000566244
 43
0.0
 43
0.0
 43
0.0
 43
0.0
 43
1.0
 43
0.0
 43
0.0
 43
0.0
 43
0.0
 43
1.0
 49
0.0208000000566244
 49
0.0
 49
0.0
 49
0.0
 49
0.0
 49
0.0208000000566244
 49
0.0
 49
0.0
 49
0.0
 49
0.0
 49
1.0
 49
0.0
 49
0.0
 49
0.0
 49
0.0
 49
1.0
142
0.0208000000566244
142
0.0
142
0.0
142
0.0
142
0.0
142
0.0208000000566244
142
0.0
142
0.0
142
0.0
142
0.0
142
1.0
142
0.0
142
0.0
142
0.0
142
0.0
142
1.0
144
0.0208000000566244
144
0.0
144
0.0
144
0.0
144
0.0
144
0.0208000000566244
144
0.0
144
0.0
144
0.0
144
0.0
144
1.0
144
0.0
144
0.0
144
0.0
144
0.0
144
1.0
 94
       63
1001
ACAD
1070
    -1
1070
     3
1070
     0
1000

1071
        0
1070
     0
  0
MLEADERSTYLE
  5
D8
102
{ACAD_REACTORS
330
D7
102
}
330
D7
100
AcDbMLeaderStyle
179
     2
170
     2
171
     1
172
     0
 90
        2
 40
0.0
 41
0.0
173
     1
 91
-1056964608
340
14
 92
       -2
290
     1
 42
0.09
291
     1
 43
0.36
  3
Standard
 44
0.18
300

342
11
174
     1
178
     1
175
     1
176
     0
 93
-1056964608
 45
0.18
292
     0
297
     0
 46
0.18
 94
-1056964608
 47
1.0
 49
1.0
140
1.0
293
     1
141
0.0
294
     1
177
     0
142
1.0
295
     0
296
     0
143
0.125
271
     0
272
     9
273
     9
298
     0
  0
MLINESTYLE
  5
18
102
{ACAD_REACTORS
330
17
102
}
330
17
100
AcDbMlineStyle
  2
STANDARD
 70
     0
  3

 62
   256
 51
90.0
 52
90.0
 71
     2
 49
0.5
 62
   256
  6
BYLAYER
 49
-0.5
 62
   256
  6
BYLAYER
  0
ACDBPLACEHOLDER
  5
F
102
{ACAD_REACTORS
330
E
102
}
330
E
  0
SCALE
  5
B7
102
{ACAD_REACTORS
330
B6
102
}
330
B6
100
AcDbScale
 70
     0
300
1:1
140
1.0
141
1.0
290
     1
  0
SCALE
  5
124
102
{ACAD_REACTORS
330
B6
102
}
330
B6
100
AcDbScale
 70
     0
300
1:2
140
1.0
141
2.0
290
     0
  0
SCALE
  5
125
102
{ACAD_REACTORS
330
B6
102
}
330
B6
100
AcDbScale
 70
     0
300
1:4
140
1.0
141
4.0
290
     0
  0
SCALE
  5
126
102
{ACAD_REACTORS
330
B6
102
}
330
B6
100
AcDbScale
 70
     0
300
1:5
140
1.0
141
5.0
290
     0
  0
SCALE
  5
127
102
{ACAD_REACTORS
330
B6
102
}
330
B6
100
AcDbScale
 70
     0
300
1:8
140
1.0
141
8.0
290
     0
  0
SCALE
  5
128
102
{ACAD_REACTORS
330
B6
102
}
330
B6
100
AcDbScale
 70
     0
300
1:10
140
1.0
141
10.0
290
     0
  0
SCALE
  5
129
102
{ACAD_REACTORS
330
B6
102
}
330
B6
100
AcDbScale
 70
     0
300
1:16
140
1.0
141
16.0
290
     0
  0
SCALE
  5
12A
102
{ACAD_REACTORS
330
B6
102
}
330
B6
100
AcDbScale
 70
     0
300
1:20
140
1.0
141
20.0
290
     0
  0
SCALE
  5
12B
102
{ACAD_REACTORS
330
B6
102
}
330
B6
100
AcDbScale
 70
     0
300
1:30
140
1.0
141
30.0
290
     0
  0
SCALE
  5
12C
102
{ACAD_REACTORS
330
B6
102
}
330
B6
100
AcDbScale
 70
     0
300
1:40
140
1.0
141
40.0
290
     0
  0
SCALE
  5
12D
102
{ACAD_REACTORS
330
B6
102
}
330
B6
100
AcDbScale
 70
     0
300
1:50
140
1.0
141
50.0
290
     0
  0
SCALE
  5
12E
102
{ACAD_REACTORS
330
B6
102
}
330
B6
100
AcDbScale
 70
     0
300
1:100
140
1.0
141
100.0
290
     0
  0
SCALE
  5
12F
102
{ACAD_REACTORS
330
B6
102
}
330
B6
100
AcDbScale
 70
     0
300
2:1
140
2.0
141
1.0
290
     0
  0
SCALE
  5
130
102
{ACAD_REACTORS
330
B6
102
}
330
B6
100
AcDbScale
 70
     0
300
4:1
140
4.0
141
1.0
290
     0
  0
SCALE
  5
131
102
{ACAD_REACTORS
330
B6
102
}
330
B6
100
AcDbScale
 70
     0
300
8:1
140
8.0
141
1.0
290
     0
  0
SCALE
  5
132
102
{ACAD_REACTORS
330
B6
102
}
330
B6
100
AcDbScale
 70
     0
300
10:1
140
10.0
141
1.0
290
     0
  0
SCALE
  5
133
102
{ACAD_REACTORS
330
B6
102
}
330
B6
100
AcDbScale
 70
     0
300
100:1
140
100.0
141
1.0
290
     0
  0
SCALE
  5
134
102
{ACAD_REACTORS
330
B6
102
}
330
B6
100
AcDbScale
 70
     0
300
1/128" = 1'-0"
140
0.0078125
141
12.0
290
     0
  0
SCALE
  5
135
102
{ACAD_REACTORS
330
B6
102
}
330
B6
100
AcDbScale
 70
     0
300
1/64" = 1'-0"
140
0.015625
141
12.0
290
     0
  0
SCALE
  5
136
102
{ACAD_REACTORS
330
B6
102
}
330
B6
100
AcDbScale
 70
     0
300
1/32" = 1'-0"
140
0.03125
141
12.0
290
     0
  0
SCALE
  5
137
102
{ACAD_REACTORS
330
B6
102
}
330
B6
100
AcDbScale
 70
     0
300
1/16" = 1'-0"
140
0.0625
141
12.0
290
     0
  0
SCALE
  5
138
102
{ACAD_REACTORS
330
B6
102
}
330
B6
100
AcDbScale
 70
     0
300
3/32" = 1'-0"
140
0.09375
141
12.0
290
     0
  0
SCALE
  5
139
102
{ACAD_REACTORS
330
B6
102
}
330
B6
100
AcDbScale
 70
     0
300
1/8" = 1'-0"
140
0.125
141
12.0
290
     0
  0
SCALE
  5
13A
102
{ACAD_REACTORS
330
B6
102
}
330
B6
100
AcDbScale
 70
     0
300
3/16" = 1'-0"
140
0.1875
141
12.0
290
     0
  0
SCALE
  5
13B
102
{ACAD_REACTORS
330
B6
102
}
330
B6
100
AcDbScale
 70
     0
300
1/4" = 1'-0"
140
0.25
141
12.0
290
     0
  0
SCALE
  5
13C
102
{ACAD_REACTORS
330
B6
102
}
330
B6
100
AcDbScale
 70
     0
300
3/8" = 1'-0"
140
0.375
141
12.0
290
     0
  0
SCALE
  5
13D
102
{ACAD_REACTORS
330
B6
102
}
330
B6
100
AcDbScale
 70
     0
300
1/2" = 1'-0"
140
0.5
141
12.0
290
     0
  0
SCALE
  5
13E
102
{ACAD_REACTORS
330
B6
102
}
330
B6
100
AcDbScale
 70
     0
300
3/4" = 1'-0"
140
0.75
141
12.0
290
     0
  0
SCALE
  5
13F
102
{ACAD_REACTORS
330
B6
102
}
330
B6
100
AcDbScale
 70
     0
300
1" = 1'-0"
140
1.0
141
12.0
290
     0
  0
SCALE
  5
140
102
{ACAD_REACTORS
330
B6
102
}
330
B6
100
AcDbScale
 70
     0
300
1-1/2" = 1'-0"
140
1.5
141
12.0
290
     0
  0
SCALE
  5
141
102
{ACAD_REACTORS
330
B6
102
}
330
B6
100
AcDbScale
 70
     0
300
3" = 1'-0"
140
3.0
141
12.0
290
     0
  0
SCALE
  5
142
102
{ACAD_REACTORS
330
B6
102
}
330
B6
100
AcDbScale
 70
     0
300
6" = 1'-0"
140
6.0
141
12.0
290
     0
  0
SCALE
  5
143
102
{ACAD_REACTORS
330
B6
102
}
330
B6
100
AcDbScale
 70
     0
300
1'-0" = 1'-0"
140
12.0
141
12.0
290
     0
  0
ACDBSECTIONVIEWSTYLE
  5
1AA
102
{ACAD_REACTORS
330
1A8
102
}
330
1A8
100
AcDbModelDocViewStyle
 70
     0
  3
Imperial24
290
     0
300
Imperial24
 90
        0
100
AcDbSectionViewStyle
 70
     0
 71
     0
 90
       78
 71
     1
340
11
 62
   256
 40
0.24
340
0
340
0
 62
   256
 40
0.24
300
I, O, Q, S, X, Z
 40
0.48
 90
        3
 40
0.18
 90
        1
 71
     2
340
16
 90
       25
 62
   256
340
16
 90
       50
 62
   256
 40
0.24
 40
0.0
 40
0.24
 71
     3
340
11
 62
   256
 40
0.24
 90
        1
 40
0.75
 90
        1
300
%<\AcVar ViewType \f "%tc1">% %<\AcVar ViewSectionStartId>%-%<\AcVar ViewSectionEndId>%\PSCALE %<\AcVar ViewScale \f "%sn">%
 71
     4
 62
   256
 62
   257
300
ANSI31
 40
1.0
 90
        0
290
     0
290
     0
 90
        6
 40
0.0
 40
1.570796326794896
 40
0.2617993877991494
 40
1.308996938995747
 40
-0.2617993877991494
 40
1.832595714594045
  0
ACDBSECTIONVIEWSTYLE
  5
4B5
102
{ACAD_REACTORS
330
1A8
102
}
330
1A8
100
AcDbModelDocViewStyle
 70
     0
  3
Metric50
290
     0
300
Metric50
 90
        0
100
AcDbSectionViewStyle
 70
     0
 71
     0
 90
      102
 71
     1
340
11
 62
   256
 40
5.0
340
0
340
0
 62
   256
 40
5.0
300
I, O, Q, S, X, Z
 40
10.0
 90
        0
 40
2.5
 90
        0
 71
     2
340
16
 90
       25
 62
   256
340
16
 90
       50
 62
   256
 40
5.0
 40
2.5
 40
5.0
 71
     3
340
11
 62
   256
 40
5.0
 90
        0
 40
15.0
 90
        1
300
%<\AcVar ViewSectionStartId>%-%<\AcVar ViewSectionEndId>% (%<\AcVar ViewScale \f "%sn">%)
 71
     4
 62
   256
 62
   257
300
ANSI31
 40
1.0
 90
        0
290
     0
290
     0
 90
        6
 40
0.0
 40
1.570796326794896
 40
0.2617993877991494
 40
1.308996938995747
 40
-0.2617993877991494
 40
1.832595714594045
  0
TABLESTYLE
  5
87
102
{ACAD_XDICTIONARY
360
104
102
}
102
{ACAD_REACTORS
330
86
102
}
330
86
100
AcDbTableStyle
280
     0
  3
Standard
 70
     0
 71
     0
 40
0.06
 41
0.06
280
     0
281
     0
  7
Standard
140
0.18
170
     2
 62
     0
 63
     7
283
     0
 90
      512
 91
        0
  1

274
    -2
284
     1
 64
     0
275
    -2
285
     1
 65
     0
276
    -2
286
     1
 66
     0
277
    -2
287
     1
 67
     0
278
    -2
288
     1
 68
     0
279
    -2
289
     1
 69
     0
  7
Standard
140
0.25
170
     5
 62
     0
 63
     7
283
     0
 90
      512
 91
        0
  1

274
    -2
284
     1
 64
     0
275
    -2
285
     1
 65
     0
276
    -2
286
     1
 66
     0
277
    -2
287
     1
 67
     0
278
    -2
288
     1
 68
     0
279
    -2
289
     1
 69
     0
  7
Standard
140
0.18
170
     5
 62
     0
 63
     7
283
     0
 90
      512
 91
        0
  1

274
    -2
284
     1
 64
     0
275
    -2
285
     1
 65
     0
276
    -2
286
     1
 66
     0
277
    -2
287
     1
 67
     0
278
    -2
288
     1
 68
     0
279
    -2
289
     1
 69
     0
  0
VISUALSTYLE
  5
9F
102
{ACAD_REACTORS
330
99
102
}
330
99
100
AcDbVisualStyle
  2
2dWireframe
 70
     4
177
     3
291
     0
 70
    58
 90
        0
176
     1
 90
        2
176
     1
 90
        1
176
     1
 90
        0
176
     1
 40
0.6
176
     1
 40
30.0
176
     1
 62
     7
420
 16777215
176
     1
 90
        1
176
     1
 90
        4
176
     1
 62
     7
176
     1
 62
   257
176
     1
 90
        1
176
     1
 90
        1
176
     1
 40
1.0
176
     1
 90
        0
176
     1
 62
   257
176
     1
 40
1.0
176
     1
 90
        1
176
     1
 90
        6
176
     1
 90
        2
176
     1
 62
     7
176
     1
 90
        5
176
     1
 90
        0
176
     1
 90
        0
176
     1
290
     0
176
     1
 90
        1
176
     1
 40
0.0
176
     1
 90
        0
176
     1
290
     1
176
     1
290
     1
176
     1
290
     0
176
     1
290
     0
176
     1
290
     0
176
     1
290
     0
176
     1
290
     0
176
     1
290
     0
176
     1
290
     0
176
     1
 90
       50
176
     1
 40
0.0
176
     1
 40
1.0
176
     1
 90
        0
176
     1
 62
    18
176
     1
 90
       50
176
     1
 90
        3
176
     1
 62
     5
420
      255
176
     1
290
     0
176
     1
 90
       50
176
     1
 90
       50
176
     1
 90
       50
176
     1
290
     0
176
     1
 90
       50
176
     1
 62
   256
176
     0
 40
1.0
176
     0
 90
        2
176
     1
  1
strokes_ogs.tif
176
     1
290
     0
176
     1
 40
1.0
176
     1
 40
1.0
176
     1
  0
VISUALSTYLE
  5
9E
102
{ACAD_REACTORS
330
99
102
}
330
99
100
AcDbVisualStyle
  2
Basic
 70
     7
177
     3
291
     1
 70
    58
 90
        1
176
     1
 90
        0
176
     1
 90
        1
176
     1
 90
        0
176
     1
 40
0.6
176
     1
 40
30.0
176
     1
 62
     7
420
 16777215
176
     1
 90
        0
176
     1
 90
        4
176
     1
 62
     7
176
     1
 62
   257
176
     1
 90
        1
176
     1
 90
        1
176
     1
 40
1.0
176
     1
 90
        8
176
     1
 62
     7
176
     1
 40
1.0
176
     1
 90
        1
176
     1
 90
        6
176
     1
 90
        2
176
     1
 62
     7
176
     1
 90
        5
176
     1
 90
        0
176
     1
 90
        0
176
     1
290
     0
176
     1
 90
        1
176
     1
 40
0.0
176
     1
 90
        0
176
     1
290
     0
176
     1
290
     1
176
     1
290
     1
176
     1
290
     0
176
     1
290
     0
176
     1
290
     0
176
     1
290
     0
176
     1
290
     0
176
     1
290
     0
176
     1
 90
       50
176
     1
 40
0.0
176
     1
 40
1.0
176
     1
 90
        0
176
     1
 62
    18
176
     1
 90
       50
176
     1
 90
        3
176
     1
 62
     5
420
      255
176
     1
290
     0
176
     1
 90
       50
176
     1
 90
       50
176
     1
 90
       50
176
     1
290
     0
176
     1
 90
       50
176
     1
 62
   256
176
     0
 40
1.0
176
     0
 90
        2
176
     1
  1
strokes_ogs.tif
176
     1
290
     0
176
     1
 40
1.0
176
     1
 40
1.0
176
     1
  0
VISUALSTYLE
  5
A5
102
{ACAD_REACTORS
330
99
102
}
330
99
100
AcDbVisualStyle
  2
Brighten
 70
    12
177
     3
291
     1
 70
    58
 90
        2
176
     1
 90
        2
176
     1
 90
        1
176
     1
 90
        0
176
     1
 40
0.6
176
     1
 40
30.0
176
     1
 62
     7
420
 16777215
176
     1
 90
        1
176
     1
 90
        4
176
     1
 62
     7
176
     1
 62
   257
176
     1
 90
        1
176
     1
 90
        1
176
     1
 40
1.0
176
     1
 90
        8
176
     1
 62
     7
176
     1
 40
1.0
176
     1
 90
        1
176
     1
 90
        6
176
     1
 90
        2
176
     1
 62
     7
176
     1
 90
        5
176
     1
 90
        0
176
     1
 90
        0
176
     1
290
     0
176
     1
 90
        1
176
     1
 40
50.0
176
     1
 90
        0
176
     1
290
     0
176
     1
290
     1
176
     1
290
     1
176
     1
290
     0
176
     1
290
     0
176
     1
290
     0
176
     1
290
     0
176
     1
290
     0
176
     1
290
     0
176
     1
 90
       50
176
     1
 40
0.0
176
     1
 40
1.0
176
     1
 90
        0
176
     1
 62
    18
176
     1
 90
       50
176
     1
 90
        3
176
     1
 62
     5
420
      255
176
     1
290
     0
176
     1
 90
       50
176
     1
 90
       50
176
     1
 90
       50
176
     1
290
     0
176
     1
 90
       50
176
     1
 62
   256
176
     0
 40
1.0
176
     0
 90
        2
176
     1
  1
strokes_ogs.tif
176
     1
290
     0
176
     1
 40
1.0
176
     1
 40
1.0
176
     1
  0
VISUALSTYLE
  5
A9
102
{ACAD_REACTORS
330
99
102
}
330
99
100
AcDbVisualStyle
  2
ColorChange
 70
    16
177
     3
291
     1
 70
    58
 90
        2
176
     1
 90
        2
176
     1
 90
        3
176
     1
 90
        0
176
     1
 40
0.6
176
     1
 40
30.0
176
     1
 62
     8
420
  8421504
176
     1
 90
        1
176
     1
 90
        4
176
     1
 62
     7
176
     1
 62
   257
176
     1
 90
        1
176
     1
 90
        1
176
     1
 40
1.0
176
     1
 90
        8
176
     1
 62
     8
420
  8421504
176
     1
 40
1.0
176
     1
 90
        1
176
     1
 90
        6
176
     1
 90
        2
176
     1
 62
     7
176
     1
 90
        5
176
     1
 90
        0
176
     1
 90
        0
176
     1
290
     0
176
     1
 90
        1
176
     1
 40
0.0
176
     1
 90
        0
176
     1
290
     0
176
     1
290
     1
176
     1
290
     1
176
     1
290
     0
176
     1
290
     0
176
     1
290
     0
176
     1
290
     0
176
     1
290
     0
176
     1
290
     0
176
     1
 90
       50
176
     1
 40
0.0
176
     1
 40
1.0
176
     1
 90
        0
176
     1
 62
    18
176
     1
 90
       50
176
     1
 90
        3
176
     1
 62
     5
420
      255
176
     1
290
     0
176
     1
 90
       50
176
     1
 90
       50
176
     1
 90
       50
176
     1
290
     0
176
     1
 90
       50
176
     1
 62
   256
176
     0
 40
1.0
176
     0
 90
        2
176
     1
  1
strokes_ogs.tif
176
     1
290
     0
176
     1
 40
1.0
176
     1
 40
1.0
176
     1
  0
VISUALSTYLE
  5
A2
102
{ACAD_REACTORS
330
99
102
}
330
99
100
AcDbVisualStyle
  2
Conceptual
 70
     9
177
     3
291
     0
 70
    58
 90
        3
176
     1
 90
        2
176
     1
 90
        1
176
     1
 90
        0
176
     1
 40
0.6
176
     1
 40
30.0
176
     1
 62
     7
420
 16777215
176
     1
 90
        2
176
     1
 90
        2
176
     1
 62
     7
176
     1
 62
   257
176
     1
 90
        1
176
     1
 90
        1
176
     1
 40
40.0
176
     1
 90
        8
176
     1
 62
     7
176
     1
 40
1.0
176
     1
 90
        1
176
     1
 90
        6
176
     1
 90
        2
176
     1
 62
     7
176
     1
 90
        3
176
     1
 90
        0
176
     1
 90
        0
176
     1
290
     0
176
     1
 90
        1
176
     1
 40
0.0
176
     1
 90
        0
176
     1
290
     0
176
     1
290
     1
176
     1
290
     1
176
     1
290
     0
176
     1
290
     0
176
     1
290
     0
176
     1
290
     0
176
     1
290
     0
176
     1
290
     0
176
     1
 90
       50
176
     1
 40
0.0
176
     1
 40
1.0
176
     1
 90
        0
176
     1
 62
    18
176
     1
 90
       50
176
     1
 90
        3
176
     1
 62
     5
420
      255
176
     1
290
     0
176
     1
 90
       50
176
     1
 90
       50
176
     1
 90
       50
176
     1
290
     0
176
     1
 90
       50
176
     1
 62
   256
176
     0
 40
1.0
176
     0
 90
        2
176
     1
  1
strokes_ogs.tif
176
     1
290
     0
176
     1
 40
1.0
176
     1
 40
1.0
176
     1
  0
VISUALSTYLE
  5
A4
102
{ACAD_REACTORS
330
99
102
}
330
99
100
AcDbVisualStyle
  2
Dim
 70
    11
177
     3
291
     1
 70
    58
 90
        2
176
     1
 90
        2
176
     1
 90
        1
176
     1
 90
        0
176
     1
 40
0.6
176
     1
 40
30.0
176
     1
 62
     7
420
 16777215
176
     1
 90
        1
176
     1
 90
        4
176
     1
 62
     7
176
     1
 62
   257
176
     1
 90
        1
176
     1
 90
        1
176
     1
 40
1.0
176
     1
 90
        8
176
     1
 62
     7
176
     1
 40
1.0
176
     1
 90
        1
176
     1
 90
        6
176
     1
 90
        2
176
     1
 62
     7
176
     1
 90
        5
176
     1
 90
        0
176
     1
 90
        0
176
     1
290
     0
176
     1
 90
        1
176
     1
 40
-50.0
176
     1
 90
        0
176
     1
290
     0
176
     1
290
     1
176
     1
290
     1
176
     1
290
     0
176
     1
290
     0
176
     1
290
     0
176
     1
290
     0
176
     1
290
     0
176
     1
290
     0
176
     1
 90
       50
176
     1
 40
0.0
176
     1
 40
1.0
176
     1
 90
        0
176
     1
 62
    18
176
     1
 90
       50
176
     1
 90
        3
176
     1
 62
     5
420
      255
176
     1
290
     0
176
     1
 90
       50
176
     1
 90
       50
176
     1
 90
       50
176
     1
290
     0
176
     1
 90
       50
176
     1
 62
   256
176
     0
 40
1.0
176
     0
 90
        2
176
     1
  1
strokes_ogs.tif
176
     1
290
     0
176
     1
 40
1.0
176
     1
 40
1.0
176
     1
  0
VISUALSTYLE
  5
175
102
{ACAD_REACTORS
330
99
102
}
330
99
100
AcDbVisualStyle
  2
EdgeColorOff
 70
    22
177
     3
291
     1
 70
    58
 90
        2
176
     0
 90
        2
176
     0
 90
        0
176
     0
 90
        0
176
     0
 40
0.6
176
     0
 40
30.0
176
     0
 62
     7
420
 16777215
176
     0
 90
        1
176
     0
 90
        4
176
     0
 62
     7
176
     0
 62
   257
176
     0
 90
        1
176
     0
 90
        1
176
     0
 40
1.0
176
     0
 90
        8
176
     2
 62
     7
176
     0
 40
1.0
176
     0
 90
        1
176
     0
 90
        6
176
     0
 90
        2
176
     0
 62
     7
176
     0
 90
        5
176
     0
 90
        0
176
     0
 90
        0
176
     0
290
     0
176
     0
 90
        1
176
     0
 40
0.0
176
     0
 90
        0
176
     0
290
     0
176
     1
290
     1
176
     1
290
     1
176
     1
290
     0
176
     1
290
     0
176
     1
290
     0
176
     1
290
     0
176
     1
290
     0
176
     1
290
     0
176
     1
 90
       50
176
     1
 40
0.0
176
     1
 40
1.0
176
     1
 90
        0
176
     1
 62
    18
176
     1
 90
       50
176
     1
 90
        3
176
     1
 62
     5
420
      255
176
     1
290
     0
176
     1
 90
       50
176
     1
 90
       50
176
     1
 90
       50
176
     1
290
     0
176
     1
 90
       50
176
     1
 62
   256
176
     0
 40
1.0
176
     0
 90
        2
176
     1
  1
strokes_ogs.tif
176
     1
290
     0
176
     1
 40
1.0
176
     1
 40
1.0
176
     1
  0
VISUALSTYLE
  5
A8
102
{ACAD_REACTORS
330
99
102
}
330
99
100
AcDbVisualStyle
  2
Facepattern
 70
    15
177
     3
291
     1
 70
    58
 90
        2
176
     1
 90
        2
176
     1
 90
        1
176
     1
 90
        0
176
     1
 40
0.6
176
     1
 40
30.0
176
     1
 62
     7
420
 16777215
176
     1
 90
        1
176
     1
 90
        4
176
     1
 62
     7
176
     1
 62
   257
176
     1
 90
        1
176
     1
 90
        1
176
     1
 40
1.0
176
     1
 90
        8
176
     1
 62
     7
176
     1
 40
1.0
176
     1
 90
        1
176
     1
 90
        6
176
     1
 90
        2
176
     1
 62
     7
176
     1
 90
        5
176
     1
 90
        0
176
     1
 90
        0
176
     1
290
     0
176
     1
 90
        1
176
     1
 40
0.0
176
     1
 90
        0
176
     1
290
     0
176
     1
290
     1
176
     1
290
     1
176
     1
290
     0
176
     1
290
     0
176
     1
290
     0
176
     1
290
     0
176
     1
290
     0
176
     1
290
     0
176
     1
 90
       50
176
     1
 40
0.0
176
     1
 40
1.0
176
     1
 90
        0
176
     1
 62
    18
176
     1
 90
       50
176
     1
 90
        3
176
     1
 62
     5
420
      255
176
     1
290
     0
176
     1
 90
       50
176
     1
 90
       50
176
     1
 90
       50
176
     1
290
     0
176
     1
 90
       50
176
     1
 62
   256
176
     0
 40
1.0
176
     0
 90
        2
176
     1
  1
strokes_ogs.tif
176
     1
290
     0
176
     1
 40
1.0
176
     1
 40
1.0
176
     1
  0
VISUALSTYLE
  5
9A
102
{ACAD_REACTORS
330
99
102
}
330
99
100
AcDbVisualStyle
  2
Flat
 70
     0
177
     3
291
     1
 70
    58
 90
        2
176
     1
 90
        1
176
     1
 90
        1
176
     1
 90
        2
176
     1
 40
0.6
176
     1
 40
30.0
176
     1
 62
     7
420
 16777215
176
     1
 90
        0
176
     1
 90
        0
176
     1
 62
     7
176
     1
 62
   257
176
     1
 90
        1
176
     1
 90
        1
176
     1
 40
1.0
176
     1
 90
        8
176
     1
 62
     7
176
     1
 40
1.0
176
     1
 90
        1
176
     1
 90
        6
176
     1
 90
        2
176
     1
 62
     7
176
     1
 90
        5
176
     1
 90
        0
176
     1
 90
        0
176
     1
290
     0
176
     1
 90
       13
176
     1
 40
0.0
176
     1
 90
        0
176
     1
290
     0
176
     1
290
     1
176
     1
290
     1
176
     1
290
     0
176
     1
290
     0
176
     1
290
     0
176
     1
290
     0
176
     1
290
     0
176
     1
290
     0
176
     1
 90
       50
176
     1
 40
0.0
176
     1
 40
1.0
176
     1
 90
        0
176
     1
 62
    18
176
     1
 90
       50
176
     1
 90
        3
176
     1
 62
     5
420
      255
176
     1
290
     0
176
     1
 90
       50
176
     1
 90
       50
176
     1
 90
       50
176
     1
290
     0
176
     1
 90
       50
176
     1
 62
   256
176
     0
 40
1.0
176
     0
 90
        2
176
     1
  1
strokes_ogs.tif
176
     1
290
     0
176
     1
 40
1.0
176
     1
 40
1.0
176
     1
  0
VISUALSTYLE
  5
9B
102
{ACAD_REACTORS
330
99
102
}
330
99
100
AcDbVisualStyle
  2
FlatWithEdges
 70
     1
177
     3
291
     1
 70
    58
 90
        2
176
     1
 90
        1
176
     1
 90
        1
176
     1
 90
        2
176
     1
 40
0.6
176
     1
 40
30.0
176
     1
 62
     7
420
 16777215
176
     1
 90
        1
176
     1
 90
        0
176
     1
 62
     7
176
     1
 62
   257
176
     1
 90
        1
176
     1
 90
        1
176
     1
 40
1.0
176
     1
 90
        0
176
     1
 62
   257
176
     1
 40
1.0
176
     1
 90
        1
176
     1
 90
        6
176
     1
 90
        2
176
     1
 62
     7
176
     1
 90
        5
176
     1
 90
        0
176
     1
 90
        0
176
     1
290
     0
176
     1
 90
       13
176
     1
 40
0.0
176
     1
 90
        0
176
     1
290
     0
176
     1
290
     1
176
     1
290
     1
176
     1
290
     0
176
     1
290
     0
176
     1
290
     0
176
     1
290
     0
176
     1
290
     0
176
     1
290
     0
176
     1
 90
       50
176
     1
 40
0.0
176
     1
 40
1.0
176
     1
 90
        0
176
     1
 62
    18
176
     1
 90
       50
176
     1
 90
        3
176
     1
 62
     5
420
      255
176
     1
290
     0
176
     1
 90
       50
176
     1
 90
       50
176
     1
 90
       50
176
     1
290
     0
176
     1
 90
       50
176
     1
 62
   256
176
     0
 40
1.0
176
     0
 90
        2
176
     1
  1
strokes_ogs.tif
176
     1
290
     0
176
     1
 40
1.0
176
     1
 40
1.0
176
     1
  0
VISUALSTYLE
  5
9C
102
{ACAD_REACTORS
330
99
102
}
330
99
100
AcDbVisualStyle
  2
Gouraud
 70
     2
177
     3
291
     1
 70
    58
 90
        2
176
     1
 90
        2
176
     1
 90
        1
176
     1
 90
        2
176
     1
 40
0.6
176
     1
 40
30.0
176
     1
 62
     7
420
 16777215
176
     1
 90
        0
176
     1
 90
        0
176
     1
 62
     7
176
     1
 62
   257
176
     1
 90
        1
176
     1
 90
        1
176
     1
 40
1.0
176
     1
 90
        0
176
     1
 62
     7
176
     1
 40
1.0
176
     1
 90
        1
176
     1
 90
        6
176
     1
 90
        2
176
     1
 62
     7
176
     1
 90
        5
176
     1
 90
        0
176
     1
 90
        0
176
     1
290
     0
176
     1
 90
       13
176
     1
 40
0.0
176
     1
 90
        0
176
     1
290
     0
176
     1
290
     1
176
     1
290
     1
176
     1
290
     0
176
     1
290
     0
176
     1
290
     0
176
     1
290
     0
176
     1
290
     0
176
     1
290
     0
176
     1
 90
       50
176
     1
 40
0.0
176
     1
 40
1.0
176
     1
 90
        0
176
     1
 62
    18
176
     1
 90
       50
176
     1
 90
        3
176
     1
 62
     5
420
      255
176
     1
290
     0
176
     1
 90
       50
176
     1
 90
       50
176
     1
 90
       50
176
     1
290
     0
176
     1
 90
       50
176
     1
 62
   256
176
     0
 40
1.0
176
     0
 90
        2
176
     1
  1
strokes_ogs.tif
176
     1
290
     0
176
     1
 40
1.0
176
     1
 40
1.0
176
     1
  0
VISUALSTYLE
  5
9D
102
{ACAD_REACTORS
330
99
102
}
330
99
100
AcDbVisualStyle
  2
GouraudWithEdges
 70
     3
177
     3
291
     1
 70
    58
 90
        2
176
     1
 90
        2
176
     1
 90
        1
176
     1
 90
        2
176
     1
 40
0.6
176
     1
 40
30.0
176
     1
 62
     7
420
 16777215
176
     1
 90
        1
176
     1
 90
        0
176
     1
 62
     7
176
     1
 62
   257
176
     1
 90
        1
176
     1
 90
        1
176
     1
 40
1.0
176
     1
 90
        0
176
     1
 62
   257
176
     1
 40
1.0
176
     1
 90
        1
176
     1
 90
        6
176
     1
 90
        2
176
     1
 62
     7
176
     1
 90
        5
176
     1
 90
        0
176
     1
 90
        0
176
     1
290
     0
176
     1
 90
       13
176
     1
 40
0.0
176
     1
 90
        0
176
     1
290
     0
176
     1
290
     1
176
     1
290
     1
176
     1
290
     0
176
     1
290
     0
176
     1
290
     0
176
     1
290
     0
176
     1
290
     0
176
     1
290
     0
176
     1
 90
       50
176
     1
 40
0.0
176
     1
 40
1.0
176
     1
 90
        0
176
     1
 62
    18
176
     1
 90
       50
176
     1
 90
        3
176
     1
 62
     5
420
      255
176
     1
290
     0
176
     1
 90
       50
176
     1
 90
       50
176
     1
 90
       50
176
     1
290
     0
176
     1
 90
       50
176
     1
 62
   256
176
     0
 40
1.0
176
     0
 90
        2
176
     1
  1
strokes_ogs.tif
176
     1
290
     0
176
     1
 40
1.0
176
     1
 40
1.0
176
     1
  0
VISUALSTYLE
  5
A1
102
{ACAD_REACTORS
330
99
102
}
330
99
100
AcDbVisualStyle
  2
Hidden
 70
     6
177
     3
291
     0
 70
    58
 90
        1
176
     1
 90
        2
176
     1
 90
        2
176
     1
 90
        0
176
     1
 40
0.6
176
     1
 40
30.0
176
     1
 62
     7
420
 16777215
176
     1
 90
        2
176
     1
 90
        2
176
     1
 62
     7
176
     1
 62
   257
176
     1
 90
        2
176
     1
 90
        1
176
     1
 40
40.0
176
     1
 90
        0
176
     1
 62
   257
176
     1
 40
1.0
176
     1
 90
        1
176
     1
 90
        6
176
     1
 90
        2
176
     1
 62
     7
176
     1
 90
        3
176
     1
 90
        0
176
     1
 90
        0
176
     1
290
     0
176
     1
 90
        1
176
     1
 40
0.0
176
     1
 90
        0
176
     1
290
     0
176
     1
290
     1
176
     1
290
     1
176
     1
290
     0
176
     1
290
     0
176
     1
290
     0
176
     1
290
     0
176
     1
290
     0
176
     1
290
     0
176
     1
 90
       50
176
     1
 40
0.0
176
     1
 40
1.0
176
     1
 90
        0
176
     1
 62
    18
176
     1
 90
       50
176
     1
 90
        3
176
     1
 62
     5
420
      255
176
     1
290
     0
176
     1
 90
       50
176
     1
 90
       50
176
     1
 90
       50
176
     1
290
     0
176
     1
 90
       50
176
     1
 62
   256
176
     0
 40
1.0
176
     0
 90
        2
176
     1
  1
strokes_ogs.tif
176
     1
290
     0
176
     1
 40
1.0
176
     1
 40
1.0
176
     1
  0
VISUALSTYLE
  5
173
102
{ACAD_REACTORS
330
99
102
}
330
99
100
AcDbVisualStyle
  2
JitterOff
 70
    20
177
     3
291
     1
 70
    58
 90
        2
176
     0
 90
        2
176
     0
 90
        0
176
     0
 90
        0
176
     0
 40
0.6
176
     0
 40
30.0
176
     0
 62
     7
420
 16777215
176
     0
 90
        1
176
     0
 90
        4
176
     0
 62
     7
176
     0
 62
   257
176
     0
 90
        1
176
     0
 90
        1
176
     0
 40
1.0
176
     0
 90
       10
176
     2
 62
     7
176
     0
 40
1.0
176
     0
 90
        1
176
     0
 90
        6
176
     0
 90
        2
176
     0
 62
     7
176
     0
 90
        5
176
     0
 90
        0
176
     0
 90
        0
176
     0
290
     0
176
     0
 90
        1
176
     0
 40
0.0
176
     0
 90
        0
176
     0
290
     0
176
     1
290
     1
176
     1
290
     1
176
     1
290
     0
176
     1
290
     0
176
     1
290
     0
176
     1
290
     0
176
     1
290
     0
176
     1
290
     0
176
     1
 90
       50
176
     1
 40
0.0
176
     1
 40
1.0
176
     1
 90
        0
176
     1
 62
    18
176
     1
 90
       50
176
     1
 90
        3
176
     1
 62
     5
420
      255
176
     1
290
     0
176
     1
 90
       50
176
     1
 90
       50
176
     1
 90
       50
176
     1
290
     0
176
     1
 90
       50
176
     1
 62
   256
176
     0
 40
1.0
176
     0
 90
        2
176
     1
  1
strokes_ogs.tif
176
     1
290
     0
176
     1
 40
1.0
176
     1
 40
1.0
176
     1
  0
VISUALSTYLE
  5
A7
102
{ACAD_REACTORS
330
99
102
}
330
99
100
AcDbVisualStyle
  2
Linepattern
 70
    14
177
     3
291
     1
 70
    58
 90
        2
176
     1
 90
        2
176
     1
 90
        1
176
     1
 90
        0
176
     1
 40
0.6
176
     1
 40
30.0
176
     1
 62
     7
420
 16777215
176
     1
 90
        1
176
     1
 90
        4
176
     1
 62
     7
176
     1
 62
   257
176
     1
 90
        7
176
     1
 90
        7
176
     1
 40
1.0
176
     1
 90
        8
176
     1
 62
     7
176
     1
 40
1.0
176
     1
 90
        1
176
     1
 90
        6
176
     1
 90
        2
176
     1
 62
     7
176
     1
 90
        5
176
     1
 90
        0
176
     1
 90
        0
176
     1
290
     0
176
     1
 90
        1
176
     1
 40
0.0
176
     1
 90
        0
176
     1
290
     0
176
     1
290
     1
176
     1
290
     1
176
     1
290
     0
176
     1
290
     0
176
     1
290
     0
176
     1
290
     0
176
     1
290
     0
176
     1
290
     0
176
     1
 90
       50
176
     1
 40
0.0
176
     1
 40
1.0
176
     1
 90
        0
176
     1
 62
    18
176
     1
 90
       50
176
     1
 90
        3
176
     1
 62
     5
420
      255
176
     1
290
     0
176
     1
 90
       50
176
     1
 90
       50
176
     1
 90
       50
176
     1
290
     0
176
     1
 90
       50
176
     1
 62
   256
176
     0
 40
1.0
176
     0
 90
        2
176
     1
  1
strokes_ogs.tif
176
     1
290
     0
176
     1
 40
1.0
176
     1
 40
1.0
176
     1
  0
VISUALSTYLE
  5
174
102
{ACAD_REACTORS
330
99
102
}
330
99
100
AcDbVisualStyle
  2
OverhangOff
 70
    21
177
     3
291
     1
 70
    58
 90
        2
176
     0
 90
        2
176
     0
 90
        0
176
     0
 90
        0
176
     0
 40
0.6
176
     0
 40
30.0
176
     0
 62
     7
420
 16777215
176
     0
 90
        1
176
     0
 90
        4
176
     0
 62
     7
176
     0
 62
   257
176
     0
 90
        1
176
     0
 90
        1
176
     0
 40
1.0
176
     0
 90
        9
176
     2
 62
     7
176
     0
 40
1.0
176
     0
 90
        1
176
     0
 90
        6
176
     0
 90
        2
176
     0
 62
     7
176
     0
 90
        5
176
     0
 90
        0
176
     0
 90
        0
176
     0
290
     0
176
     0
 90
        1
176
     0
 40
0.0
176
     0
 90
        0
176
     0
290
     0
176
     1
290
     1
176
     1
290
     1
176
     1
290
     0
176
     1
290
     0
176
     1
290
     0
176
     1
290
     0
176
     1
290
     0
176
     1
290
     0
176
     1
 90
       50
176
     1
 40
0.0
176
     1
 40
1.0
176
     1
 90
        0
176
     1
 62
    18
176
     1
 90
       50
176
     1
 90
        3
176
     1
 62
     5
420
      255
176
     1
290
     0
176
     1
 90
       50
176
     1
 90
       50
176
     1
 90
       50
176
     1
290
     0
176
     1
 90
       50
176
     1
 62
   256
176
     0
 40
1.0
176
     0
 90
        2
176
     1
  1
strokes_ogs.tif
176
     1
290
     0
176
     1
 40
1.0
176
     1
 40
1.0
176
     1
  0
VISUALSTYLE
  5
A3
102
{ACAD_REACTORS
330
99
102
}
330
99
100
AcDbVisualStyle
  2
Realistic
 70
     8
177
     3
291
     0
 70
    58
 90
        2
176
     1
 90
        3
176
     1
 90
        0
176
     1
 90
        2
176
     1
 40
0.6
176
     1
 40
30.0
176
     1
 62
     7
420
 16777215
176
     1
 90
        0
176
     1
 90
        0
176
     1
 62
     7
176
     1
 62
   257
176
     1
 90
        1
176
     1
 90
        1
176
     1
 40
1.0
176
     1
 90
        8
176
     1
 62
   257
176
     1
 40
1.0
176
     1
 90
        1
176
     1
 90
        6
176
     1
 90
        2
176
     1
 62
     7
176
     1
 90
        3
176
     1
 90
        0
176
     1
 90
        0
176
     1
290
     0
176
     1
 90
       13
176
     1
 40
0.0
176
     1
 90
        0
176
     1
290
     0
176
     1
290
     1
176
     1
290
     1
176
     1
290
     0
176
     1
290
     0
176
     1
290
     0
176
     1
290
     0
176
     1
290
     0
176
     1
290
     0
176
     1
 90
       50
176
     1
 40
0.0
176
     1
 40
1.0
176
     1
 90
        0
176
     1
 62
    18
176
     1
 90
       50
176
     1
 90
        3
176
     1
 62
     5
420
      255
176
     1
290
     0
176
     1
 90
       50
176
     1
 90
       50
176
     1
 90
       50
176
     1
290
     0
176
     1
 90
       50
176
     1
 62
   256
176
     0
 40
1.0
176
     0
 90
        2
176
     1
  1
strokes_ogs.tif
176
     1
290
     0
176
     1
 40
1.0
176
     1
 40
1.0
176
     1
  0
VISUALSTYLE
  5
182
102
{ACAD_REACTORS
330
99
102
}
330
99
100
AcDbVisualStyle
  2
Shaded
 70
    27
177
     3
291
     0
 70
    58
 90
        2
176
     1
 90
        2
176
     1
 90
        1
176
     1
 90
        2
176
     1
 40
0.6
176
     1
 40
30.0
176
     1
 62
     7
420
 16777215
176
     1
 90
        0
176
     1
 90
        4
176
     1
 62
     7
176
     1
 62
   257
176
     1
 90
        1
176
     1
 90
        1
176
     1
 40
1.0
176
     1
 90
        8
176
     1
 62
   257
176
     1
 40
1.0
176
     1
 90
        1
176
     1
 90
        6
176
     1
 90
        2
176
     1
 62
     8
420
  7895160
176
     1
 90
        3
176
     1
 90
        0
176
     1
 90
        0
176
     1
290
     0
176
     1
 90
        5
176
     1
 40
0.0
176
     1
 90
        0
176
     1
290
     0
176
     1
290
     1
176
     1
290
     1
176
     1
290
     0
176
     1
290
     0
176
     1
290
     0
176
     1
290
     0
176
     1
290
     0
176
     1
290
     0
176
     1
 90
       50
176
     1
 40
0.0
176
     1
 40
1.0
176
     1
 90
        0
176
     1
 62
    18
176
     1
 90
       50
176
     1
 90
        3
176
     1
 62
     5
420
      255
176
     1
290
     0
176
     1
 90
       50
176
     1
 90
       50
176
     1
 90
       50
176
     1
290
     0
176
     1
 90
       50
176
     1
 62
   256
176
     0
 40
1.0
176
     0
 90
        2
176
     1
  1
strokes_ogs.tif
176
     1
290
     0
176
     1
 40
1.0
176
     1
 40
1.0
176
     1
  0
VISUALSTYLE
  5
181
102
{ACAD_REACTORS
330
99
102
}
330
99
100
AcDbVisualStyle
  2
Shaded with edges
 70
    26
177
     3
291
     0
 70
    58
 90
        2
176
     1
 90
        2
176
     1
 90
        1
176
     1
 90
        2
176
     1
 40
0.6
176
     1
 40
30.0
176
     1
 62
     7
420
 16777215
176
     1
 90
        1
176
     1
 90
        2
176
     1
 62
     7
176
     1
 62
   257
176
     1
 90
        2
176
     1
 90
        1
176
     1
 40
1.0
176
     1
 90
        8
176
     1
 62
   257
176
     1
 40
1.0
176
     1
 90
        1
176
     1
 90
        6
176
     1
 90
        2
176
     1
 62
     7
176
     1
 90
        3
176
     1
 90
        0
176
     1
 90
        0
176
     1
290
     0
176
     1
 90
        5
176
     1
 40
0.0
176
     1
 90
        0
176
     1
290
     0
176
     1
290
     1
176
     1
290
     1
176
     1
290
     0
176
     1
290
     0
176
     1
290
     0
176
     1
290
     0
176
     1
290
     0
176
     1
290
     0
176
     1
 90
       50
176
     1
 40
0.0
176
     1
 40
1.0
176
     1
 90
        0
176
     1
 62
    18
176
     1
 90
       50
176
     1
 90
        3
176
     1
 62
     5
420
      255
176
     1
290
     0
176
     1
 90
       50
176
     1
 90
       50
176
     1
 90
       50
176
     1
290
     0
176
     1
 90
       50
176
     1
 62
   256
176
     0
 40
1.0
176
     0
 90
        2
176
     1
  1
strokes_ogs.tif
176
     1
290
     0
176
     1
 40
1.0
176
     1
 40
1.0
176
     1
  0
VISUALSTYLE
  5
17E
102
{ACAD_REACTORS
330
99
102
}
330
99
100
AcDbVisualStyle
  2
Shades of Gray
 70
    23
177
     3
291
     0
 70
    58
 90
        2
176
     1
 90
        2
176
     1
 90
        3
176
     1
 90
        0
176
     1
 40
0.6
176
     1
 40
30.0
176
     1
 62
     7
420
 16777215
176
     1
 90
        2
176
     1
 90
        2
176
     1
 62
     7
176
     1
 62
     7
176
     1
 90
        1
176
     1
 90
        1
176
     1
 40
40.0
176
     1
 90
        8
176
     1
 62
     7
176
     1
 40
1.0
176
     1
 90
        1
176
     1
 90
        6
176
     1
 90
        2
176
     1
 62
     7
176
     1
 90
        3
176
     1
 90
        0
176
     1
 90
        0
176
     1
290
     0
176
     1
 90
        1
176
     1
 40
0.0
176
     1
 90
        0
176
     1
290
     0
176
     1
290
     1
176
     1
290
     1
176
     1
290
     0
176
     1
290
     0
176
     1
290
     0
176
     1
290
     0
176
     1
290
     0
176
     1
290
     0
176
     1
 90
       50
176
     1
 40
0.0
176
     1
 40
1.0
176
     1
 90
        0
176
     1
 62
    18
176
     1
 90
       50
176
     1
 90
        3
176
     1
 62
     5
420
      255
176
     1
290
     0
176
     1
 90
       50
176
     1
 90
       50
176
     1
 90
       50
176
     1
290
     0
176
     1
 90
       50
176
     1
 62
   256
176
     0
 40
1.0
176
     0
 90
        2
176
     1
  1
strokes_ogs.tif
176
     1
290
     0
176
     1
 40
1.0
176
     1
 40
1.0
176
     1
  0
VISUALSTYLE
  5
17F
102
{ACAD_REACTORS
330
99
102
}
330
99
100
AcDbVisualStyle
  2
Sketchy
 70
    24
177
     3
291
     0
 70
    58
 90
        1
176
     1
 90
        2
176
     1
 90
        2
176
     1
 90
        0
176
     1
 40
0.6
176
     1
 40
30.0
176
     1
 62
     7
420
 16777215
176
     1
 90
        2
176
     1
 90
        2
176
     1
 62
     7
176
     1
 62
     7
176
     1
 90
        1
176
     1
 90
        1
176
     1
 40
40.0
176
     1
 90
       11
176
     1
 62
     7
176
     1
 40
1.0
176
     1
 90
        1
176
     1
 90
        6
176
     1
 90
        2
176
     1
 62
     7
176
     1
 90
        6
176
     1
 90
        0
176
     1
 90
        0
176
     1
290
     0
176
     1
 90
        1
176
     1
 40
0.0
176
     1
 90
        0
176
     1
290
     0
176
     1
290
     1
176
     1
290
     1
176
     1
290
     0
176
     1
290
     0
176
     1
290
     0
176
     1
290
     0
176
     1
290
     0
176
     1
290
     0
176
     1
 90
       50
176
     1
 40
0.0
176
     1
 40
1.0
176
     1
 90
        0
176
     1
 62
    18
176
     1
 90
       50
176
     1
 90
        3
176
     1
 62
     5
420
      255
176
     1
290
     0
176
     1
 90
       50
176
     1
 90
       50
176
     1
 90
       50
176
     1
290
     0
176
     1
 90
       50
176
     1
 62
   256
176
     0
 40
1.0
176
     0
 90
        2
176
     1
  1
strokes_ogs.tif
176
     1
290
     0
176
     1
 40
1.0
176
     1
 40
1.0
176
     1
  0
VISUALSTYLE
  5
A6
102
{ACAD_REACTORS
330
99
102
}
330
99
100
AcDbVisualStyle
  2
Thicken
 70
    13
177
     3
291
     1
 70
    58
 90
        2
176
     1
 90
        2
176
     1
 90
        1
176
     1
 90
        0
176
     1
 40
0.6
176
     1
 40
30.0
176
     1
 62
     7
420
 16777215
176
     1
 90
        1
176
     1
 90
        4
176
     1
 62
     7
176
     1
 62
   257
176
     1
 90
        1
176
     1
 90
        1
176
     1
 40
1.0
176
     1
 90
       12
176
     1
 62
     7
176
     1
 40
1.0
176
     1
 90
        1
176
     1
 90
        6
176
     1
 90
        2
176
     1
 62
     7
176
     1
 90
        5
176
     1
 90
        0
176
     1
 90
        0
176
     1
290
     0
176
     1
 90
        1
176
     1
 40
0.0
176
     1
 90
        0
176
     1
290
     0
176
     1
290
     1
176
     1
290
     1
176
     1
290
     0
176
     1
290
     0
176
     1
290
     0
176
     1
290
     0
176
     1
290
     0
176
     1
290
     0
176
     1
 90
       50
176
     1
 40
0.0
176
     1
 40
1.0
176
     1
 90
        0
176
     1
 62
    18
176
     1
 90
       50
176
     1
 90
        3
176
     1
 62
     5
420
      255
176
     1
290
     0
176
     1
 90
       50
176
     1
 90
       50
176
     1
 90
       50
176
     1
290
     0
176
     1
 90
       50
176
     1
 62
   256
176
     0
 40
1.0
176
     0
 90
        2
176
     1
  1
strokes_ogs.tif
176
     1
290
     0
176
     1
 40
1.0
176
     1
 40
1.0
176
     1
  0
VISUALSTYLE
  5
A0
102
{ACAD_REACTORS
330
99
102
}
330
99
100
AcDbVisualStyle
  2
Wireframe
 70
     5
177
     3
291
     0
 70
    58
 90
        0
176
     1
 90
        2
176
     1
 90
        0
176
     1
 90
        0
176
     1
 40
0.6
176
     1
 40
30.0
176
     1
 62
     7
420
 16777215
176
     1
 90
        1
176
     1
 90
        4
176
     1
 62
     7
176
     1
 62
   257
176
     1
 90
        1
176
     1
 90
        1
176
     1
 40
1.0
176
     1
 90
        0
176
     1
 62
   257
176
     1
 40
1.0
176
     1
 90
        1
176
     1
 90
        6
176
     1
 90
        2
176
     1
 62
     7
176
     1
 90
        3
176
     1
 90
        0
176
     1
 90
        0
176
     1
290
     0
176
     1
 90
        1
176
     1
 40
0.0
176
     1
 90
        0
176
     1
290
     0
176
     1
290
     1
176
     1
290
     1
176
     1
290
     0
176
     1
290
     0
176
     1
290
     0
176
     1
290
     0
176
     1
290
     0
176
     1
290
     0
176
     1
 90
       50
176
     1
 40
0.0
176
     1
 40
1.0
176
     1
 90
        0
176
     1
 62
    18
176
     1
 90
       50
176
     1
 90
        3
176
     1
 62
     5
420
      255
176
     1
290
     0
176
     1
 90
       50
176
     1
 90
       50
176
     1
 90
       50
176
     1
290
     0
176
     1
 90
       50
176
     1
 62
   256
176
     0
 40
1.0
176
     0
 90
        2
176
     1
  1
strokes_ogs.tif
176
     1
290
     0
176
     1
 40
1.0
176
     1
 40
1.0
176
     1
  0
VISUALSTYLE
  5
180
102
{ACAD_REACTORS
330
99
102
}
330
99
100
AcDbVisualStyle
  2
X-Ray
 70
    25
177
     3
291
     0
 70
    58
 90
        2
176
     1
 90
        2
176
     1
 90
        1
176
     1
 90
        1
176
     1
 40
0.5
176
     1
 40
30.0
176
     1
 62
     7
420
 16777215
176
     1
 90
        1
176
     1
 90
        0
176
     1
 62
     7
176
     1
 62
   257
176
     1
 90
        1
176
     1
 90
        1
176
     1
 40
1.0
176
     1
 90
        8
176
     1
 62
     7
176
     1
 40
1.0
176
     1
 90
        1
176
     1
 90
        6
176
     1
 90
        2
176
     1
 62
     7
176
     1
 90
        3
176
     1
 90
        0
176
     1
 90
        0
176
     1
290
     0
176
     1
 90
       13
176
     1
 40
0.0
176
     1
 90
        0
176
     1
290
     0
176
     1
290
     1
176
     1
290
     1
176
     1
290
     0
176
     1
290
     0
176
     1
290
     0
176
     1
290
     0
176
     1
290
     0
176
     1
290
     0
176
     1
 90
       50
176
     1
 40
0.0
176
     1
 40
1.0
176
     1
 90
        0
176
     1
 62
    18
176
     1
 90
       50
176
     1
 90
        3
176
     1
 62
     5
420
      255
176
     1
290
     0
176
     1
 90
       50
176
     1
 90
       50
176
     1
 90
       50
176
     1
290
     0
176
     1
 90
       50
176
     1
 62
   256
176
     0
 40
1.0
176
     0
 90
        2
176
     1
  1
strokes_ogs.tif
176
     1
290
     0
176
     1
 40
1.0
176
     1
 40
1.0
176
     1
  0
DICTIONARYVAR
  5
F0
102
{ACAD_REACTORS
330
66
102
}
330
66
100
DictionaryVariables
280
     0
  1
1:1
  0
DICTIONARYVAR
  5
EF
102
{ACAD_REACTORS
330
66
102
}
330
66
100
DictionaryVariables
280
     0
  1
STANDARD
  0
DICTIONARYVAR
  5
89
102
{ACAD_REACTORS
330
66
102
}
330
66
100
DictionaryVariables
280
     0
  1
STANDARD
  0
DICTIONARYVAR
  5
1B7
102
{ACAD_REACTORS
330
66
102
}
330
66
100
DictionaryVariables
280
     0
  1
Imperial24
  0
DICTIONARYVAR
  5
1B8
102
{ACAD_REACTORS
330
66
102
}
330
66
100
DictionaryVariables
280
     0
  1
Imperial24
  0
DICTIONARYVAR
  5
67
102
{ACAD_REACTORS
330
66
102
}
330
66
100
DictionaryVariables
280
     0
  1
2
  0
DICTIONARYVAR
  5
6B
102
{ACAD_REACTORS
330
66
102
}
330
66
100
DictionaryVariables
280
     0
  1
1
  0
DICTIONARYVAR
  5
14D
102
{ACAD_REACTORS
330
66
102
}
330
66
100
DictionaryVariables
280
     0
  1
0
  0
DICTIONARYVAR
  5
14E
102
{ACAD_REACTORS
330
66
102
}
330
66
100
DictionaryVariables
280
     0
  1
0
  0
DICTIONARY
  5
194
330
22
100
AcDbDictionary
280
     1
281
     1
  0
DICTIONARY
  5
188
330
97
100
AcDbDictionary
280
     1
281
     1
  3
FBXASSET
360
189
  0
DICTIONARY
  5
186
330
96
100
AcDbDictionary
280
     1
281
     1
  3
FBXASSET
360
187
  0
DICTIONARY
  5
110
330
98
100
AcDbDictionary
280
     1
281
     1
  3
BUMPTILE
360
112
  3
DIFFUSETILE
360
111
  3
FBXASSET
360
18A
  3
OPACITYTILE
360
113
  3
REFLECTIONTILE
360
114
  0
DICTIONARY
  5
104
330
87
100
AcDbDictionary
280
     1
281
     1
  3
ACAD_ROUNDTRIP_2008_TABLESTYLE_CELLSTYLEMAP
360
2702
  0
XRECORD
  5
189
102
{ACAD_REACTORS
330
188
102
}
330
188
100
AcDbXrecord
280
     1
 70
     1
 90
429727718
  1
508B35C9-AEE7-456F-BE74-D52651303AC6
310
504B03040A0000080000B670623B3DEE336E79000000790000001B0000006175746F6465736B2D64657369676E2D7061636B6167652E786D6C3C3F786D6C2076657273696F6E3D22312E302220656E636F64696E673D227574662D3822203F3E3C666F726D6174733E3C666F726D61743E687474703A2F2F736368656D612E
310
6175746F6465736B2E636F6D2F64657369676E2D7061636B6167652F323030393C2F666F726D61743E3C2F666F726D6174733E504B0304140006080800B670623BD486FD9CA0000000F4000000130000005B436F6E74656E745F54797065735D2E786D6C7D8EC10E82300C865F65E91D8A1E8C310C0EEA1BF002731658846E
310
D98AC1B77784ABF1D8FE5FBFBF75BBCE937A534CCEB38643598122B6FEE978D0B0485F9C41B54DDD7D022595594E1A469170414C76A4D9A4D207E29CF43ECE46F218070CC6BECC4078ACAA135ACF422C856C0E68EA1BF5669944DDD7BCDE7B1F8E415D77AECB980613C2E4AC91FC167A2B244592486606FC29C8FD7F045B9A
310
EF7053A7E60B504B0304140006080800B670623B28ED286BEB0000007C01000008000000636F72652E786D6C8D90416EC3201045AF82665B6183218D6D61A254764FD00B204C5C94182C03558F5F9C3852BBEB6A467FFE9B197D71FA9E6FE8CBACC17AD7012D0820E3B41FAD9B3A48F1826B40272956EFE32F1B20A766D3C1
310
268314D3EAD3B24BDABB685CCCAAF3A3D94515828980F42D371D04FD696655A814B3235C8B45E9AB9A4C419F5D8653B2237A1CB163DE672FD6AC209BF3C08E0D1B30EB19C3FC9D72FCC6EB231EFA33EDE96BDD341517E5064B11EDFCBCAF57A3A2194156843498524CAA0FCA5B7268F9E185D42D21A2DCEC7FA0B48CFF8492
310
759155FBBB0F2C80A4F991FB408A72CB22977B50B96EB9C91F504B0304140006080800B670623B55019EA25F0000007C00000007000000636E782E786D6C4DCB3B0E80201045D1AD90E915ED2CF8AC45050C11660C8261F98AB1B07AC9C97D42D718D865D3E909258CFD00CCE24AC6E326A164D74DC0B4128928FF32603847
310
2BA13128B1252AC747C6BAB984FC68F0B87FE8960A5C09FE86CFB69FBA01504B0304140006080800B670623B7BC41AC871010000D40300000C0000006662782F636F72652E786D6CC553ED6E8320147D15C2DF4501B56B6D90A64BBB27D80B50A5CE54C120983EFEAE1F4DD7A56BBA5FF3879273EEE59E7310BE393735EA95
310
ED2AA333CC428A91D2B9292A5D66D8BB63B0C26823B835C67D2BC348CB46657880B1E0A535BE9DA1DC68A7B403549B42CDA0EC3AE530CA6B5864B8CB3F552343E91D5474A7B095F949962A6421D0502778E72C0840D390E18DC5F170E664C205F7BE2A66B62A605A75AC94C522DDEEE3651AEF837817C741F2CE92E02D592D
310
83FD6ECB76EC7595A651C2C9D02CB8AB9A8BBADC2AE954814544691A3016D0E883256BBA58278B17BA5A53CAC9507ED3E4DBE2C9265F691747B3DCA9ADC382819091F8E1162272A8933DE82182932144F88C09DF060D8140C84E1EEA8B8F1340BDCA9DB1093085F157AA97B557309586747CD0EF0B4EA64E983A6E0EAEEFCE
310
889E9EF17847386AA94B30211D2C0FDE0D3AF9A4610EAD5536E8DD1969631B593F67E381C33F5157F17725E5A636F6BF1491F980C8FC7B90E13E8A2F504B0304140006080800B670623B70102A487D0000009D0000000B0000006662782F636E782E786D6C4DCCD10A83201886E15B91FFDC95A5C30335ACCDFB886521330D
310
A76397BF1A1DECE883878F57749FD5A3B74D2F17830472A901D9F088930B8B849267CC01754AA418F3DF0D5018572BE160506249B16C274D761E8BCFBB7A179E27F65CB39A0F14D396184C9921B81F34C3ACA1B4B99ABB6E6F062A25AA5F69DF23ACBE504B0304140006080800B670623B3610CA3329010000120200003100
310
00006662782F42384135303843342D343331462D343546312D424341352D3532343432364645413344462F636F72652E786D6C8D515B6EC32010BC0AE22B55850D0E446E848992B43E412FE000495162B07854397EA176A4F62F3F2C9A9D991D58BEBB8F37F0AD7D30CE76905418026DA553C65E3A98E219B510EC04F7CEC5
310
3F3408EC30EA0E16180A7EF12E4D0B249D8DDAC68C5AA7F4020E21E80881BCE54B0783FCD2E3500D296646B856D320AFC34557A4CAEDCC133C449F0380794839A138B47B86DB2345744D7A44594FD0E1B867883594369BFE63BF7EEF793D0B054FC9A8456E548E63CE46FB674D8A58F068C6477CE9F510B582A2C1F80D1182
310
70F349E816B32D65AFB8DD62CCEB42FF274A937A52948C8DEB66893BCB021484D7734370E5D2E9F608A3EF93F3119479ABA0E50B14B8C298119A43CCC4FCFCECB8A18B6388CEE7EF5D5D4F994BD86CBBA182D76543B9FCAE2FD7B24DF103504B0304140006080800B670623B1B8617914E0100003303000030000000666278
310
2F42384135303843342D343331462D343546312D424341352D3532343432364645413344462F636E782E786D6CD593C16EC32010447F0571AD6CE3D489D20813A9877E410FBD62D82434182CC055F3F75D1292E692438FBD206B7698593D61BEFD1E2DF982108D773D6D6B460938E5B571FB9ECE6957AD29D90A1EBC4F7736
310
4A9C1CA1A759A682EF839FA72269D8C9D92654AD71C72206887E0E0A22CAF926B15E498B01E0AA19451807D01A34B919F16B070157417138917400F2F6FA41FCF0092A45DEE414C19BDC21783E4BD39D891265658C3D8DEA00A3ACE59CBC8678ACB54CB26EEB6BD7839D7E9348BE70AD9C8321B9BCA7F9A4A26C542347DEE0
310
50F09802D22BA6749A800A394DD62899107273365E3C82CFC6A55557BC06C10774B7ABE7AEC3B0F34CF06446280E154026D0542C187BA9DAB6628BF7B6DBB0E5A65B3EB1F58631DE64BBE083F7B65CC218087E22CABB042E51D1F2268F1FE12B3EA24D40D63E9CFE00120194D60B9D5BC67FE6D39CDF37E20AF817881F504B
310
0304140006080800B670623BBFEF2E3B690500003C100000340000006662782F42384135303843342D343331462D343546312D424341352D3532343432364645413344462F6F626A656374732E786D6CAD575D739B3814FD2B0CFB0C98D84E931D4227B6938EA793B6534F3BFB90198F0099B001899144EAECAFDF231018B0
310
D37A3FFC609090EEE7B94757C1FB7D915B2F54C88CB31BDB7727B64559CC938CA53776A576CE956DBD0F03C1B9EA2DB32D460A7A63EB693B0C52C1ABD24C257447AA5C8D66EF177F5832A68CDA569C13296F6C193FD182B8A4523CA1F2D94D88226EBADBBBBEDB2C1C8A4D05299F46424B222853B014F30C52ACC6287F389C
310
D85E1878FA7B18E87FB36AFAF62AAFF667A83F635211161F291B8999FAB3D5DDC5FCDA99CF6653677679E13B8BFBC5CAF1DF4D27CBCBE5F2FAF6EE1A8AA51290642C117467871F101B91C581D77CEA2C36869F3229E68CD1B8F61F1ED6361B89092D294B90C78C4A68EB793D190E7D1D9BDEE7A91E1B95FDE9F3BCEAEFE809
310
6A6D6F9F7D4B79F4275C90E7A04248AA51D5C4C738DAE06F72885AC4796EBE65D22A88A22223B995679120E2D50EB1542F098381188D4EA111AE3DB043FF20AF6F2B4AE3D7D83D65E5AECA730D4D3BAC91BD05FEA992B565D95F549CD6069B90AB2A63EACA38A45E4B6A87D781574F86817E4C2FCCC72690D62E2729520E37
310
9BAF234797BAF6D62B3BFC781FED37BA1E4F2B2F052FA9501A3E80569BB8F6A9A364D4FA67654E6F803383981F82F21591FF84F23D9882BC896C3FDBCF8C162508933B2E0AE4C69DD43F6BD2BE38DDDBF10BF86CB4FA784D37F3AF16075E67EC9030DECA1FC0A55373F5DFF3378C591FA9BDF485C10B0A8C8BA909E5262639
310
A8E72163488806A595734C81CB77D1DE0ED7604A303B76913CEC0272F412782FF88EFF4636D8AA56DF7B322474C4B767303F625997056C7B032C473C592B36CEBD15F3F9FF5233B7ABCDC74D257624A60F8658567497B14CE1EC3C80B76FD02011038F9EE9EB0F2E12387A9C844D3F09855125116D1D731DF8B43D2CF4E0A0
310
79A020C6BE946BCE0B7EA1E1219331CD73C228AF5A2DDD31A4B1DA918CE91350854D40A71723140BFA92E94E62B0626016CEFA5864A50E5977E8753CEDBEE1CBB7F52780D20E17AF0BA0F5F9B02A3AD07DCC732EB6D1EBB661421BE0C39E21BABF0FE16D22EA6929407C8DE596724C88B749B6DB5512BC7B228ADFD7CB7EA6
310
3A22397E690BA8D5D8D4E40CEC8CDA23C2C0B7D5898640101CEC9C6D331CE328CB93CAFBBAC70A642DF70DF95155945B52F08AA973C23469FD69ADEF84F7BB18F983A8F8C90E37F5D35980B2139A1C523540813E824EF83448CF7C72B598CE97D7CEEDDDDD3B6736BFBC771677EF66CE6A7E7139F7A793E9EDF2B2B3A8B624
310
0CDA13AA5F8388264EC4A0129909F3B7F5A16CEDF08128E97D680ACA4B9BE7B7B58BB638F0B00700EF36AE8B32A705658A68F83EE897FC2B41573190D1CCAF0B92D233A47CFEB019D9809933F67DD1A5467F8CF69AD9A5AE859342D45355448C64F968A371DC2D596ADC6E43D93D1B466F877A64E2893E54F23C4B40388995
310
525E5005DA3983ED45412510D3EFCA13737B3863F74BD30F2A12E5B4B5E489A025CE25500DB855B11ACE5BBFA185D35DD48D8DC3CE7DC69F2944DB42AA6F6CF09BCA622ADD08C7A36E7C6AE18000BAB08E040135C2D21C9D75B3A91B77BB746C403F38018DFE6EC939DD92F16B40BC05294B9CDA035AAD6D330AE27FE4786B
310
8E45145EA34A75BE1C263A676A35A8ACC6297337400BF16C54EF515F3F77CB77EB3583889C754FFA29081AA98E2222ADEF05DA3E63D2EDEA8B8756C05A7FB6CABC4A91CBF325398202CC952E70A008A830324BA200D5E5EF8F5F04C75DB4B0EE3340E071C98B823333B83577596BF3849B69F2085AA0FAFA212F26BEFF5877
310
FDE622B28D88A42E49E43326DA82D31E8CB006401E1DA726059ECEC168F97A6599036306A135688F9AD2E61A6EA178F4CD51974A9F2CCB9F36FE5EBD14601068D9C3BF01504B0304140006080000B670623B000000000000000000000000350000006662782F42384135303843342D343331462D343546312D424341352D35
310
32343432364645413344462F76657274696365732E62696E504B0304140006080800B670623BF270F1330600000004000000360000006662782F42384135303843342D343331462D343546312D424341352D3532343432364645413344462F747269616E676C65732E62696E636660600000504B0304140006080000B67062
310
3B000000000000000000000000370000006662782F42384135303843342D343331462D343546312D424341352D3532343432364645413344462F617474726962757465732E62696E504B0304140006080800B670623B08DA0BD19000000041010000360000006662782F42384135303843342D343331462D343546312D4243
310
41352D3532343432364645413344462F6469726563746F72792E786D6C858F410AC3201045AF22B36F53E9A60B35CBEEBAE80D244E44489C6234F4F835464A48035D0DF398FF9F8AF63D0E6CC63039F212F8F9020C7D47C6792B21C5FE7403D62A1188E2E60C98D7234A5830286103A55745067B9D86B8A3CF9C7F90C11DE6
310
07FB144396D7B6A82D282E9A152AD114D5EF2CB866EEE831B8EEA07A7BB5A8D7D61A2BAAEB7FD5F70921FF497D00504B0304140006080800B670623B3B4606F3FE000000A00100003B0000006662782F42384135303843342D343331462D343546312D424341352D3532343432364645413344462F7265736F75726365732F
310
636F72652E786D6C8D504B6E833010BD0A9A6D65B08134808CA354A427E8052C332156828DFCA97AFC9A40A576D7CDCCE87D344F8F9FBEE647F689CE6B6B7A6039850C8DB2A336530F315C4903D94970676DF82583CCC8197B5861107C72362E3BA4AC096842428D1D7107A5F71820538F74F4E0D50D6799CB1892C2DFF345
310
AABB9C306779A2934E701F5C0A906D4FD609C2A1B7D129F4BCD858C163D4E3AED163FAA9AF1A1D88F67CA98E6D35906AA82A52BFB39ABCD5CD915C86331BD86BD3B665CD8BD52C78D0F34F46E550061C419494B6843142CB0F5677F4D0D58717DA7494F26295FF31C565FCA7296A13AA728FBBD93C0896823C09C18BB5AFB4
310
9E65A6BD762BBE01504B010214000A0000080000B670623B3DEE336E79000000790000001B00000000000000000000000000000000006175746F6465736B2D64657369676E2D7061636B6167652E786D6C504B01021400140006080800B670623BD486FD9CA0000000F40000001300000000000000000000000000B2000000
310
5B436F6E74656E745F54797065735D2E786D6C504B01021400140006080800B670623B28ED286BEB0000007C010000080000000000000000000000000083010000636F72652E786D6C504B01021400140006080800B670623B55019EA25F0000007C000000070000000000000000000000000094020000636E782E786D6C50
310
4B01021400140006080800B670623B7BC41AC871010000D40300000C00000000000000000000000000180300006662782F636F72652E786D6C504B01021400140006080800B670623B70102A487D0000009D0000000B00000000000000000000000000B30400006662782F636E782E786D6C504B01021400140006080800B6
310
70623B3610CA3329010000120200003100000000000000000000000000590500006662782F42384135303843342D343331462D343546312D424341352D3532343432364645413344462F636F72652E786D6C504B01021400140006080800B670623B1B8617914E010000330300003000000000000000000000000000D10600
310
006662782F42384135303843342D343331462D343546312D424341352D3532343432364645413344462F636E782E786D6C504B01021400140006080800B670623BBFEF2E3B690500003C10000034000000000000000000000000006D0800006662782F42384135303843342D343331462D343546312D424341352D35323434
310
32364645413344462F6F626A656374732E786D6C504B01021400140006080000B670623B0000000000000000000000003500000000000000000000000000280E00006662782F42384135303843342D343331462D343546312D424341352D3532343432364645413344462F76657274696365732E62696E504B010214001400
310
06080800B670623BF270F133060000000400000036000000000000000000000000007B0E00006662782F42384135303843342D343331462D343546312D424341352D3532343432364645413344462F747269616E676C65732E62696E504B01021400140006080000B670623B00000000000000000000000037000000000000
310
00000000000000D50E00006662782F42384135303843342D343331462D343546312D424341352D3532343432364645413344462F617474726962757465732E62696E504B01021400140006080800B670623B08DA0BD1900000004101000036000000000000000000000000002A0F00006662782F42384135303843342D3433
310
31462D343546312D424341352D3532343432364645413344462F6469726563746F72792E786D6C504B01021400140006080800B670623B3B4606F3FE000000A00100003B000000000000000000000000000E1000006662782F42384135303843342D343331462D343546312D424341352D3532343432364645413344462F72
310
65736F75726365732F636F72652E786D6C504B0506000000000E000E0080040000651100000000
  0
XRECORD
  5
187
102
{ACAD_REACTORS
330
186
102
}
330
186
100
AcDbXrecord
280
     1
 70
     1
 90
429727718
  1
887D55A9-D0DD-414E-B741-A7DCD4DA2B4C
310
504B03040A0000080000B670623B3DEE336E79000000790000001B0000006175746F6465736B2D64657369676E2D7061636B6167652E786D6C3C3F786D6C2076657273696F6E3D22312E302220656E636F64696E673D227574662D3822203F3E3C666F726D6174733E3C666F726D61743E687474703A2F2F736368656D612E
310
6175746F6465736B2E636F6D2F64657369676E2D7061636B6167652F323030393C2F666F726D61743E3C2F666F726D6174733E504B0304140006080800B670623BD486FD9CA0000000F4000000130000005B436F6E74656E745F54797065735D2E786D6C7D8EC10E82300C865F65E91D8A1E8C310C0EEA1BF002731658846E
310
D98AC1B77784ABF1D8FE5FBFBF75BBCE937A534CCEB38643598122B6FEE978D0B0485F9C41B54DDD7D022595594E1A469170414C76A4D9A4D207E29CF43ECE46F218070CC6BECC4078ACAA135ACF422C856C0E68EA1BF5669944DDD7BCDE7B1F8E415D77AECB980613C2E4AC91FC167A2B244592486606FC29C8FD7F045B9A
310
EF7053A7E60B504B0304140006080800B670623BBC1638F5EC0000007C01000008000000636F72652E786D6C8D90416EC3201045AF82665B61836BE2D8C24471DB9CA01740401C94182C03558F5F9C3852BBEB6A467FFE9B197D7EF89E6EE8CB2CC17AD7032D0820E394D7D68D3DA478C67B4007C117EFE32F1B202727D3C3
310
2A83E0E3E2D3BC49CABB685CCCAAF3DA6CA20CC14440EA969B1E82BA98491632C5EC08D76296EA2A4753D06797E194AC468F2356E77DF66CCD02825543D50CACC62D39ED70FDC68EB8FD68F6F8787A6784342D1DDA1D2F5758F068A7E77DB518198D065111D2624A31A93E69DD11D6D5EC85EC3B4278B9DAFF4069D6FF8492
310
75F1B5DADE7D600104CD8FDC0782976B16B9DC83CA75CD4DFC00504B0304140006080800B670623B55019EA25F0000007C00000007000000636E782E786D6C4DCB3B0E80201045D1AD90E915ED2CF8AC45050C11660C8261F98AB1B07AC9C97D42D718D865D3E909258CFD00CCE24AC6E326A164D74DC0B4128928FF326038
310
472BA13128B1252AC747C6BAB984FC68F0B87FE8960A5C09FE86CFB69FBA01504B0304140006080800B670623B3586FFB671010000D40300000C0000006662782F636F72652E786D6CC553ED6E8320147D15C2DF4541A76D6D90A6DDD627D80B50A4CE54C120983EFEAE1F4DD7A55BBA5FF3879273EEE59E7310B6393735EA
310
95ED2AA3731C851423A5A5292A5DE6D8BB63B0C268C39935C67D29C3488B46E578803167A535BE9D2169B453DA01AA4DA16650749D7218C91A1639EEE4876A4428BC838AEE14B6429E44A9C228041AEA38EB9C0501681A32BC313F1ECE8C4C3867DE57C5CC56054CAB8E95B298A7F12E5EEED224C8E87E11242FE936C8DE96
310
AB60BB7F4D295D66D12E5B30323473E6AAE6A24E5A259C2A308F29CD82280A68FC1E256B9AAE93F489AED694323294DF34F9B678B0C957DA3DC7B3DCA9ADC33C022123F1CD2D44E450277AD04338234388F01913BE0D1A0281909D38D4171F27807A259DB1093085F157AA17B557309586747CD0CF0B46A64E983A6E0EAEEF
310
CE881F9EF1FB8E70D44297604238581EBC1B74B249C31C5AAB6CD0BB33D2C636A27ECCC62F0EFF445DC5DF95244D6DEC7F2922F30191F9F720C37DE49F504B0304140006080800B670623B4220A0FF7D0000009D0000000B0000006662782F636E782E786D6C4DCCD10A83201886E15B91FFDCE542CB0335D0EC3E6259C84A
310
C3E9D8E5AF46073BFAE0E1E315DD675BD1DBA5978F41C2FD4600B9F088930F8B849267CC01754AA418F3DF0D50183727E164506249B1EC174D6E1ECB9A0F5D7D785E68DB8151CD286E5A5363CA6B8A39E90D36D40E96B086F55A43A544F52B1D7B86D517504B0304140006080800B670623B2FA3FEDE290100001202000031
310
0000006662782F45374635344235342D363743322D343832342D383044432D4334454645303536354442422F636F72652E786D6C8D515B6EC32010BC0AE22B55850D2E386E848994D7097A0117488A1283C5A3CAF10BB523B57FF961D1ECCCECC0F2ED7DBC816FED8371B687A4C210682B9D32F6D2C314CFA883602BB8772E
310
FEA141608751F7B0C050F08B77695A20E96CD43666D43AA5177008414708E42D5F7A18E4971E876A483133C2B59A06791D2EBA22556E679EE021FA1C00CC43CA09C5717D6274C7286AD7FB06D1AEA1A8C3873DDAD3E3E98859CB0EBB1DAF67A1E02919B5C88DCA71CCD968FFAC49110B1ECDF8882FBD1EA256503418BF2342
310
106E3E08DD60B6A1EC15771B8C795DE8FF4469524F8A92B1F1AD59E2CEB20005E1F5DC105CB9F4797B84D1F7C9F908CABC55D0F2050A5C61CC1AD2F27A26E6E767C7962E8E213A9FBF7775FDCC5CC266DB960A5E970DE5F2BBBE5CCB36C50F504B0304140006080800B670623B1B8617914E01000033030000300000006662
310
782F45374635344235342D363743322D343832342D383044432D4334454645303536354442422F636E782E786D6CD593C16EC32010447F0571AD6CE3D489D20813A9877E410FBD62D82434182CC055F3F75D1292E692438FBD206B7698593D61BEFD1E2DF982108D773D6D6B460938E5B571FB9ECE6957AD29D90A1EBC4F77
310
364A9C1CA1A759A682EF839FA72269D8C9D92654AD71C72206887E0E0A22CAF926B15E498B01E0AA19451807D01A34B919F16B070157417138917400F2F6FA41FCF0092A45DEE414C19BDC21783E4BD39D891265658C3D8DEA00A3ACE59CBC8678ACB54CB26EEB6BD7839D7E9348BE70AD9C8321B9BCA7F9A4A26C542347DE
310
E050F09802D22BA6749A800A394DD62899107273365E3C82CFC6A55557BC06C10774B7ABE7AEC3B0F34CF06446280E154026D0542C187BA9DAB6628BF7B6DBB0E5A65B3EB1F58631DE64BBE083F7B65CC218087E22CABB042E51D1F2268F1FE12B3EA24D40D63E9CFE00120194D60B9D5BC67FE6D39CDF37E20AF817881F50
310
4B0304140006080800B670623B29652116630500003C100000340000006662782F45374635344235342D363743322D343832342D383044432D4334454645303536354442422F6F626A656374732E786D6CAD575D739B3814FD2B0CFB0C989834C90EA1639B24E3E9A6EDD4D3CE3E64C623834CD8006224913AFDF57B040203
310
B65BEF871F0C12D2FD3CF7E8CA7FBFCB33E3957291B2E2D674ED8969D02262715A24B76625B7D6B569BC0F7CCE98EC2D338D82E4F4D654D366E0279C55A59E8AE99654991CCDDECFFF3444440B6A1A514684B83545F44C7362934AB2988A173B2692D8C97667BB76B3702836E1A47C1E092D09A78584A5982F20C5688C7287
310
C389E904BEA3BE07BEFAD7ABA6A75739B53F43FD69212429A20365233153D70BEF2E2E6FAC4BCF9B5ADEBB0BD79ADFCF43CBBD9A4E16EF168B9BD9DD0D140BC921495BC2E9D60C1E101B9E46BED37CEA2CD6861F3329624541A3DA7F7858DBAC25C6B4A4458C3CA654405BCFEBC970E8AAD8F43E4FD558ABEC4F9FE7557F47
310
4F506B7BFBEC5BCA367FC105710E2AB8A00A554D7CB4A30DFE26FBA86D18CBF4B75418399194A72433B274C3097F33032C554B027F2046A1932B842B0FCCC0DDCBEBDB8AD2F835768F59B9ADB24C41D30C6A64AF817F2A456D59FA83F2E3DA60137255A585BCD60EC9B7929AC18DEFD49381AF1ED30BFDB109A4B1CD488294
310
C3CDE6EBC8D185AABD6568061FEE37BB95AAC7E3CA4BCE4ACAA5820FA0D526AE7DAA2869B5EE5999531BE0CC20E6FBA07C41E43FA27CF7A6206F3CDD793B4F6B919C1462CB788EDCD893FA674CDA17AB7B3B7C019F8D561FAEE966FED562DFE98C1D12C6A9FC015C2A35D7FF3D7FC398F591DA4B5FE0BFA2C0189FEA50AE22
310
92817A1ED3020951A03432862970F976B33383259812CC8E5D240BBA801CBCF8CE2BBEE3BF910DB6AAD5F79E05123AE2DB33981FB1ACCB02B69D00CB014FD68AB573A7627EF9BFD4CC2C5C7D58557C4B22FAA88925A4DBB44825CECE3D78FB060D1231F0E885BE7D673C86A3874958F593906B5502D1563157814FDAC3420D
310
F69A070A22EC4B98E23CFF171A1E5311D12C23056555ABA53B8614563B92D17D02AAB009E8F46284624E5F53D5490C560CCCC2591FF1B45421EB0EBD8EA7ED13BE7C5D7E0428CD60FEF60779EB13E6664FF711CB185F6FDED60D139A001FF60CD1FD6D086F1D51474901E26B2CB794A343BC8ED3EDB612E0DD2351FCB65CF4
310
33D511C9E14B5B40ADC6A6263DB0336A8F700DDF56271A024E70B0B3629DE21847591E55DED73D56206AB927E46FAABC5C939C55853C274C93D69FD6FA4E78BF8B11DF898C9ECD60553FAD39283BA6F18984AA23E8884F83F45C5F5F859797B31B2B9C84A1E5B9DE9D35BFF25C6B76152E422F9C5DCC3D847F5801ED09D5AF
310
41441327A25FF15487F9EB725FB666F048A4701E9A827292E6F97569A32DF61DEC01C0BB8DCBBCCC684E0B49147C1FD54BF685A0AB18C868E6973949E819523E3DAC463660E68C7D9F55A9D1EFA3BD7A76A16AE1A810F95CE59B82A4D968A376DC2E8B44BBDD86B27B368CDE0ED548C7137DA860591A83706223A12CA712B4
310
7306DBF39C0A20A6DF95C7FAF670C6EED7A61F946493D1D6926782963813403548A78AE470DEF80D2D9CEAA26E4D1C76F60BFE74219A06527D6B82DF641A51616F703CAAC6A7160E08A00BEB4810A0274592A1B36E3675E36E978A0DE80727A0D6DF2D39A75BD27E0D8837276589537B40ABB56D5A41F48F1C6FCD3188C4EB
310
A6929D2FFB89CE995A4D00AE813BDD032DC48B56BD437DFDDC2DD7AED70C2272D63DE9A72068A45A92F0A4BE17A8A06B9366E16707AD80B1FC649459952097E74BB23805982B55E0401150A165964402AA8BDF9F3E7386BB686EDCA780C0D382E5392BF460A6EFB2C6EA1937D3F809B440D5F5435C4C5CF7A9EEFAF54564BD
310
2182DA24162F98680B4E7930C21A0079709CEAEB99A372305ABE0C0D7D6078105A83F6A0296DAEE1068A47DD1C55A9F4C9B2FC69E3EFD44B81028E963DF81B504B0304140006080000B670623B000000000000000000000000350000006662782F45374635344235342D363743322D343832342D383044432D433445464530
310
3536354442422F76657274696365732E62696E504B0304140006080800B670623BF270F1330600000004000000360000006662782F45374635344235342D363743322D343832342D383044432D4334454645303536354442422F747269616E676C65732E62696E636660600000504B0304140006080000B670623B00000000
310
0000000000000000370000006662782F45374635344235342D363743322D343832342D383044432D4334454645303536354442422F617474726962757465732E62696E504B0304140006080800B670623B08DA0BD19000000041010000360000006662782F45374635344235342D363743322D343832342D383044432D4334
310
454645303536354442422F6469726563746F72792E786D6C858F410AC3201045AF22B36F53E9A60B35CBEEBAE80D244E44489C6234F4F835464A48035D0DF398FF9F8AF63D0E6CC63039F212F8F9020C7D47C6792B21C5FE7403D62A1188E2E60C98D7234A5830286103A55745067B9D86B8A3CF9C7F90C11DE607FB144396
310
D7B6A82D282E9A152AD114D5EF2CB866EEE831B8EEA07A7BB5A8D7D61A2BAAEB7FD5F70921FF497D00504B0304140006080800B670623B6378F24DFF000000A00100003B0000006662782F45374635344235342D363743322D343832342D383044432D4334454645303536354442422F7265736F75726365732F636F72652E
310
786D6C8D504B6E833010BD0A9A6D65B0094E42641C85B639412F6099496225D8C89FAAC7AF09546A77DDCC8CDE47F3F4C4F16B7C149FE88371B603565228D06A37187BED20C50BD9437194C23B177FC9A0B06AC40E6618A4B87A97A615D2CE46B431A3D60DB8822A048C50E8473E3A08FA86A32A558A5911EEE5A4F45D5DB1
310
6465A6B34E8A107D0E502C4FE609D26370C96B0CA25A58295232C3AA3143FE692E063D485EF7F5AEE71BD2D2F39634AFFC44DAF7DD9E9CCE6F9CD25DCBFA762BAAD92C4534E34F46ED51451C40D694B6843142EB0FD61C283F34FC85EE0F948A6A96FF31A569F8A729191B37F51A77B105902C0779125254735F793DCBCC7B
310
EE567E03504B010214000A0000080000B670623B3DEE336E79000000790000001B00000000000000000000000000000000006175746F6465736B2D64657369676E2D7061636B6167652E786D6C504B01021400140006080800B670623BD486FD9CA0000000F40000001300000000000000000000000000B20000005B436F6E
310
74656E745F54797065735D2E786D6C504B01021400140006080800B670623BBC1638F5EC0000007C010000080000000000000000000000000083010000636F72652E786D6C504B01021400140006080800B670623B55019EA25F0000007C000000070000000000000000000000000095020000636E782E786D6C504B010214
310
00140006080800B670623B3586FFB671010000D40300000C00000000000000000000000000190300006662782F636F72652E786D6C504B01021400140006080800B670623B4220A0FF7D0000009D0000000B00000000000000000000000000B40400006662782F636E782E786D6C504B01021400140006080800B670623B2F
310
A3FEDE290100001202000031000000000000000000000000005A0500006662782F45374635344235342D363743322D343832342D383044432D4334454645303536354442422F636F72652E786D6C504B01021400140006080800B670623B1B8617914E010000330300003000000000000000000000000000D2060000666278
310
2F45374635344235342D363743322D343832342D383044432D4334454645303536354442422F636E782E786D6C504B01021400140006080800B670623B29652116630500003C10000034000000000000000000000000006E0800006662782F45374635344235342D363743322D343832342D383044432D4334454645303536
310
354442422F6F626A656374732E786D6C504B01021400140006080000B670623B0000000000000000000000003500000000000000000000000000230E00006662782F45374635344235342D363743322D343832342D383044432D4334454645303536354442422F76657274696365732E62696E504B01021400140006080800
310
B670623BF270F13306000000040000003600000000000000000000000000760E00006662782F45374635344235342D363743322D343832342D383044432D4334454645303536354442422F747269616E676C65732E62696E504B01021400140006080000B670623B0000000000000000000000003700000000000000000000
310
000000D00E00006662782F45374635344235342D363743322D343832342D383044432D4334454645303536354442422F617474726962757465732E62696E504B01021400140006080800B670623B08DA0BD190000000410100003600000000000000000000000000250F00006662782F45374635344235342D363743322D34
310
3832342D383044432D4334454645303536354442422F6469726563746F72792E786D6C504B01021400140006080800B670623B6378F24DFF000000A00100003B00000000000000000000000000091000006662782F45374635344235342D363743322D343832342D383044432D4334454645303536354442422F7265736F75
310
726365732F636F72652E786D6C504B0506000000000E000E0080040000611100000000
  0
XRECORD
  5
112
102
{ACAD_REACTORS
330
110
102
}
330
110
100
AcDbXrecord
280
     1
270
     1
271
     1
  0
XRECORD
  5
111
102
{ACAD_REACTORS
330
110
102
}
330
110
100
AcDbXrecord
280
     1
270
     1
271
     1
  0
XRECORD
  5
18A
102
{ACAD_REACTORS
330
110
102
}
330
110
100
AcDbXrecord
280
     1
 70
     1
 90
178295084
 71
     1
  1
5E6E4BA6-AA69-4A77-950F-CDF5569AF842
311
504B03041400060808008D56245C50EBB675F6000000A80100004F00000034424146394336442D464330322D344246302D394545392D3045453039433145433443342F4173736574446174612F446566696E6974696F6E4974657261746F7250726F706572746965732E62696EBD503B4EC430103514200A0A240E40413BD8
311
C93A4E8C8490EDD854347000E40D6637923759AD13D16EC9AD612CC21518E9CD8CDEFC9EE68B10F2BD18A6E40471447F89F1290CE1D077AFDD36EC3C39CB4C1CD73EDE62261BBDB2655583906205BC2835686E04705338CD6DAB9B469F62DF39A20D1F7E8E535EF9DCA72EC4E88730CEE90A89E5C6CDCE4F78CBC7BB3C7441
311
480E4704F92BA4BC69F3AB288BFC44F8F7FDFDA34F294C0F946BE5A4112D38C34AE0DA3190D64A60D632690A6BB8E1F425A4713E7421D1CA0A8B2302941212B8AA6B901573605A5755422AD7F0924EDB39BFE63ACB580FBE8F94D145C2DB7ED820FD6FF603504B03041400060808008D56245CB44385E1FD00000030020000
311
4500000034424146394336442D464330322D344246302D394545392D3045453039433145433443342F4173736574446174612F496E7374616E636550726F706572746965732E62696EEB606060F80F0540260323103700495E20ED9E9A975A94991C9C9C919A9BA802143075357335717234D3757434B3D435713437D7B534
311
3570D3757671333535B37474B33031624768046931363471713532B5D435353131D635313332D475727372D13534373670367376B67474B5042A03DBCBA019D37FE8ABC6157B20CD04146B0062181F4C03F940F0C11EA29A8141C08141002C0426541C106CAC2CA046088033B02A030AC2157C6006F21A8018AAF50194E601
311
0A610250382264E08660284CD9E98021862280A91564B406929A0FF62C401E28B6F88038B83CB1243943D7A928312F253505240396BAC7E0804E3382B480C5812C2CF2E8EAD1F900504B03041400060808008D56245CB5A795FFE3790000DE7900006B00000034424146394336442D464330322D344246302D394545392D30
311
45453039433145433443342F5265736F75726365732F35453645344241362D414136392D344137372D393530462D4344463535363941463834322F7468756D626E61696C2F302F67656E657269635F706E6701DE79218689504E470D0A1A0A0000000D49484452000001000000010008030000006BAC58540000000467414D
311
410000B18F0BFC6105000000017352474200AECE1CE900000192504C5445818181B3B3B35A5A5A4848486060605C5C5C6464648383835E5E5E6262624E4E4EAFAFAF4A4A4AB5B5B54C4C4CB1B1B1858585B7B7B7585858ADADAD7C7C7C464646787878ABABAB747474A7A7A7686868707070B9B9B96E6E6E6A6A6A8B8B8B66
311
6666545454565656A5A5A5505050A1A1A1BBBBBB8F8F8F9F9F9F4242425252527676764040403E3E3E9B9B9B7A7A7A8989897E7E7E9393939797974444448787873C3C3C727272BDBDBD3A3A3A6C6C6CA9A9A9A3A3A32020209D9D9DBFBFBF8D8D8D9595959191912626269999992222222424241E1E1EC1C1C1282828C3C3
311
C32C2C2C2A2A2A2E2E2E303030C5C5C53232321C1C1C363636383838343434C7C7C71A1A1A0E0E0E121212484A484C4E4C1616160A0A0A4A4C4A787A781414147C7E7C9193915E605E464846838583878987B1B3B18587856668665A5C5A626462818381A7A7A5A3A3A1B1B1AFADAFAD7072705C5E5C9D9D9BABADAB7E817E
311
B7B9B7585A58BBBDBB4C4C4A8D8F8D747674B5B5B3B7B7B59FA19F606260ABABA9A5A5A39B9B99A9A9A78F8F8D6C6C6AC7C7C5451AD12700002000494441547801DCBD89771BD7B5A70B8EE04C702641712605CE034890E220088028C93245451215B713AF388E7DFD9EEDB8DDCE6ABFF4B57D97137BE50FEFEFDBA74049B6
311
AEED74869B7E87404D2814EBB7F76F0F67A8835CEEBFA0E42B854AA5B2BB5B6BCC951A8D52A93657A914FE0BEEE39FFE2FF395B9B9C6CAD2D4C4606F4B7FFF8D1B37EEDCB97587F7CD9B4343BD134BABE7DB48E3FFA7A228ECD6F6574E4786C0FC8B5FFCE2CD5FFCE297BF7CF3CD5FFC92B52FFE58BFF9E69B776E0EF5F79E
311
55CBBBF9FC3F5D3DFFB07F5898ABAF7CDA3B74E74EC0CE20230561BF096E97E05712BFFCC59BC80539DCE83DDD6E54FE61B7747DE17FB8980BBBFB2BBD4337DF487881AAE6C5ACC6AF25207877B2B527BFF1CB3B77FA47561ABBD7F7FA7FE146A5B6BD74E3164C7F51449AE95DB412200EC539418717E7F2F11B376FF62E95
311
FEAF1442BED0581DBCA1BD2780D23F506AFA16E1A7AD974EF17876F00DD7BCB187A1A97AE51FCED5BF2BC1F2BBE5B3C19BE27B43CF26DE00933658FE129B109C2FFF922CC22C4260FA01BEFB462A77DEBC35F42F600C3F5B0795D2E9E02DAD5E650B4438A92801B65C35CBAB7B1EE5041CE69D3B6F1822DFB873EBD6AD3B6F
311
BC71EBC6C86AE967DFC2DFA4CEBFF1BF54F6276EBC114E2F43FEC60B01A0D440A868B2920E5C4BC10D60931ADCB871F3268B21D3851B08E1D6AD9BFD4BF57F7577909FAB86F29B982571136AF01DF5FE32AC3BD9406CAAF2440A54CF176EDD01FBADA1FEFEFE21FE4C9858DFF4183458A9FD2B6708A5A5A137E0EE1D11A9EC
311
0C7C58B2C73C0AD6B479BD76B7790CF899E287FA5B06FB7B07C9195B7851FA8794031EF1FC5F9406BBFB23375420286399B631E93B08022A785C4DBF9996EC3551874094D71B6F487E80F6837E50F483BDBDBD83232323AC420A18C68DA196EDDADF68A77F938F78FD972BABBDB7B87FB164AC6FC2CB760365821ACB74AED4
311
4FFAD7E7431ECD7E08AC421F391D199998989A383D9D98E8E56F84A318C58D9BFD2DAB73FF5222C8EFAEF4DE7AF30D756E5108683DA471E70D0502099A7240F19E4089D3FD203E620F1B47BF43501E85031AE44B4B9F2E4D2D9D4D51D8970983FA861B3706FF950CA170DE82F6B312CC4F42C8966295F7D725ED29882415DC
311
055F36DEA1FE96FEC141493F05FAA9A9A5A595B333DED5B3D5A533F62183323032F46EFF13EA0AAFA5FBF7C8976F8C10F7280A014832593B90004D52341980D907EAEB73411EB2F1EBC9F507F92746C40E7AE0AFAE54292BAB2BAB67CAE0746264A277B06508168C94BF772BE9765F7BF0B548FE1E07F3B5A521340A5CB529
311
7C4B12811B89E82191ECF3E41B3259C529F135E23CF4C7F961FB13537F5A02ECCAEA76B5BA5D3D3FDF3F2FEFEFB3AA22053E5008833428DC6C59FA2F770595F311F235D427F379BB8A121BD901B96076A388DC4C3C61C7933CCCD770FF375A6E0CE9F535FE2534BF5ADD3E3FAFD71BF57AA951B6D4CFEBFB8864758A261544
311
30080B06ABFF557610ECC93726224F155D1471041E0D42F82F4891C926C1355B0831649FF365F46FF05300A7A790BD8ADEEB0D4AA9569A9BDBADCCD56AA55AE377F5F3F3EA2A34983A1DE91D810543138D7F28E57FF4E2B5335A3928B76EA1CB9B00BF158C8F63A2E788826896D0B5E7C461949ECE089144F8EBEFC7FB4D8C
311
9C4E9DAD60F7FBE572B416C2F2423ECF8B86C439E450DA970634ACFDA977629098D0B2FAF313A36B3869E37AF7853378CDA1171FBEBA95DF1E44FD5144A420588641B0055A79ED91CC0DC41E27064512FB33F1F04D09D0D2DF0203A646A6CECE80DF28356A348CED8C4F1EF137B9319E1BCD29867CA556AA97F7B757567006
311
A447FD375A26CAAFDED9CFDCFB2BB0BEEE8AA5911BC2C7F85DF88A3775389990AA72219D582409210F85A4E66F2987D875C30848023088FDF77E87F96FD7CBA5B9DCCEF4F4C9FC7C676777577B7B7B67E7ECCCE4E8DEE85E81A6D55AA3BC7FBEB242589CE8ED4770E785D7DDE23FF2587EBF57F50B9E820527316488E5C32D
311
50F979BCA58207297E2B6D658702FFCD211840FE43FC9F3A5BAD9E97E6F21B9FCF16BBBB3A3A5A175B5B1787875B5B3B86DFEFFC687A72674F19D46A8DFDF3EACA59E405375ACE76FFA922C817CE86A89BDD92F400F2C55B7462F610459837D3A61ACF50C7471C8F2F2A9D38C3DA2F068007F80EFCDBFBE5DCC674B1D83EBC
311
BEB8BCBCBC3ED0D3D333D0B3DE33BCBEB0D8DA35FBF9F8CECE68AE020BCE61C112A4C1138CD47F9AD13F7DC6AB9CF9CFCFAF9D0E01FFE6CD503F5B91C5218E2899CA15098714848B04FCE5654884ABF0E554F11F6C21D73D5D5AADD64B7B9327DDAD8B0B7D7D6D6D07070763BC0F3E38E8EB4310EBEB8BC3DDB347E3E37B58
311
42B97C4E44A0C630427E5CFDFB71E03F471E12CA9FF70E055AE141042DD81234B879EB4606361D9328149037D7D76A571A7E974FA20AD0323832713AB5BA7ABE3B3E3D3FBC30307070B0B9B645D93C3CDC3CDCA41CFC6AAC2D64D0D579B4B1B397A7C1BDBEBD7D36657A3CD4B2F44F4909F2B9CA597F4245C59DEC354316F0
311
587020D0C661742BC02869435FD12CF195C422DB3C5A3E2305C000CE6B7B27ED8B7D63079B5B5B878787C787C7C7C757C76C51B60ED60EDAFA06D67B965B3B672677080BB5329E60E9B477847AE2E9EB53E35779FD37EFCD2D0DDD68AA355B6B0D81860502B8B68C801F5C697E9AD62F4B406244CB975560BAC756AAA57767
311
5B07C6D03778C17E7C95CAF1B3ABABE3E3ADADE3CDB1B1B6B681014470343EBA979F8B90383545727C63E43549D14FD0F927E5F1FDEFD7263058FE02EBCD1BDCBCA053496BD58E69BC44F9F854D4D979AE9ADB908824382AC1D4014E9756EAF9CE85B6B54DB01F02F8EA5908E0D9D5F1B3E72188C3C3AB67879B07C8A0A767
311
B8B831FE5E7EB754DEAE5261460243FFF07858D8EF0D658BDC563A2C5EF5833C13C90B69248C4DD97842B61DFA7F210A2F6108A0F96B62E2D3B3F3DD939EA47E30ABF5AB2B903F4BE5F9B36757CF65021E616DAC6F60A1FB647274B4B05B2E5341B082D43278F67D8DFDA48AFF9A13F22B34C7586C9992BA6E66CABC190E31
311
3E7C811AA57304B421A75B289B9D174CC868C24548823E230B9A5A2DCD2CAFE1F98E61C015CA7E96B083FC59F3ED06EE60F360B3AD6F79787ED278D0A86FAFE00BA9220EAEFE1D5DE1F7855939C3FCC1332426B377F692406E022C010DB437EF009803F0DCFD3B7C94440571D8F2C328F115F47FD324802070BAB43FBA80EF
311
DB92FCA1F7E7CF9FA875CBB327CF9EB08C4DE4815BC4210E2CB7CF1CEDECEDCED5B757490968286899FAF95583BF46F9393CEE6A86D6F618CAAD9BFF0BE22B042412C5CFB50556815CC5BBE33E9F61ECEC26A9BCB8145FD10590078F9C9E953B513FAE1FE387FAC246E14F9E3CE7F5F8194BD6594140876B6B84C5D6799C61
311
A16434201E5237582AFD75C07EEED9863F463284E2E13425A036BD41061259289B6BDC1ED656FC8B8592C9D00701E27CEA749F0D8EF44EAD8C1F80FFF8F8F9D513191F6803384C800097F24069C407CFAE88136B7DCB3D5D4A60B711F19070D83235F77331FD35E715966889038E2E0B346EAB7936C4162043E1A1F1440936
311
95443A570144898BC4079CEF1912809A3035A1D3F361235F90FFF1E3E0FB93C7E2750719F88E7D8E68123883ADB5B18185AE99F1D11C1238A792DC4BEDE8EC6FF503DF377E0445F68FAF4E08D43082D02170F30131A154206CC559A8D9CFDD762B31273E4947A581E0D9BB71E33FFA07CD02CE2A6BE1EC80167497F2A81CFA
311
3F7EFE58D0CF5D5D170DE4F89070B0BC4040CC17BEAC6B0586C3D3FF0309BC06F44B04A1E13729929B4DF73C44070692C810B08AC3012E8EE9EAE22067796288C193B2139B970B86F47FAD0F98382B1E035D9C32FD318A4FAFCB274F2E1FA772F94411B0CD42493C23393A685B5FEF3E1ACF554AF5F3552A478383374E6B2F
311
DDFC4F6DFE38F4F4ED7A7FE838F488EA852482F412D3CB07E293D02C9F074F12E84C5AAC423271450572A385449844706475FD38DC3C22486A0639E5F1E38B0CFE93CB4B25910EF309A2224BD8DAD40C682C28341AD69047E8539A6AFC14EC573F7FAD10AE0FE6EB13E87B28E093B513B5803514DE408809BC12A14876DE0A
311
25F643009E9176D9F0C330164285A7444DC8CAF0E9FE41429EE0A2F6A6DE91C0856C501272404A8468822E24C807030B1D33D40D4AFBDBABB411D093D88C86D7205E05FC57EDD1F805FA4CED5920F0CED39157E007CE21757C5DE440ECBCB46CD283E378029B43FB077B4F47E60E9F61E8D01BE017D7E843EB49F50A2028F1
311
E442FCC90C9EE308E4C0C2C94EAE30B75FAD3A0EAFA57FE9EF960F14BE15638840EAF3BA490BB6850EDB38EECAFD21A0C746D0C4234DBD035EFC7EDD121FA585FAB73DB89FE6A03CF833AB0730E5E2F1A36CE3F202A128934B44E396961121E1F2C9F32BFCC0C140CFE22C1CA8E109B182919696BFB98120234F61B59F7BF4
311
6EC30CF067B21A33B0FB3E402448EE266CCD93135A8E823DB31F85E677434E608F53F8100BC0098EA2FD6BC01770E0F2F2D1E5452A711C4BB8486248FAD756D852026B6DC90A2AA5C6B69E9068B8F27AFABFFEE8AB36F1D23985D5960014FD711940800B560250D2272CC54FF1D3A660B275AC3881E349689C1616E1E90441
311
29D032313509DE4700BC867C71F128C400159407C761022BA8A040F40A244788808C60B3AD67A17576279F6F946923191921B0545FC2F12AC0EFEFBD7262B6935679FC7F80629160ABFAEC88E8430E76D82A8DE62ACE50BD4A42FBF03B387B37FD321B37E31C3F063D99703F5160E6C9E5A300CF32A91E0A085A29C0FC507F
311
6C21012303C6104B82C1F1E156DB3229D1A855A32A8352C9077AF733A0AFE0FB3EF81FDF2F0F82C21B0EB06998866878B103305E31EC17F4FD43831E570A2118D1667632D4FFFFB125782F96168A833DBE78C3F11F8383A79D49F58F1E3DBC780417AE6581381E8610604888E2913E12492881274822C221AD04CB0B1D273B
311
8542837460898C686864FF6F801E8269F40AD0481DFAF5E6E9C1F3BE391C325004DF0746A4E4448F7B52C0D5EAD39EC46896B888C4210D68E99DFA2820DF7FF850EC407EB55C3EBC5028611409BFCB8889C90F1C52355AEF98B18100094C9D0EF6F64FD47E5CBF3FF5293DDFB4B50DDD54F351446FA1F14580DC3902C085F5
311
93CB24ACC917B213BBC11B3F0A61042FD8B24F4FB9C4556D0CB9E1A880DE89934CE9607F18F81FDD950DD0E1D143F41D56110E227C250621FF098838042BC85B5B6BCBCBC31DD37B34966E9FFD9936A2FEFEA9EBA4182E5CD3E17AE35501FCE0707E5525A7DBC64DFD077825BE37CE0BBE1BBEC061410C660B6E49912665E2
311
B3749C7C9F93834022F74CDE6CA5EB501D9CBC04B768292C5CCB84478F3CA83074092C6082169015E5800D5839DC6C1B58EFE83ECA513BDE3EFB8EF1242D2D4B3FD55AFE03D42F8492AF8A3F21444FA2FA9ABBF525EAF84C09F0168527B0138A85D1EC0443C467B28BF844EAF76323BE13D7C11F72FED783837B970FEFDE7D
311
7817E077C17EF7E2A1C2C0FE851FE4C008388C15E818958746129E1009D054B67530D6B3D8DA3D59D82D9D57CF70039FF50FFE0DE94089DB269C3655A4F25B38C49D0BD48E59F1526887C18FC5272197F85CA72862A593A4843CD25F920487DDF7AA0441A2C0600D062001F103FCEEA3D8560CEC3EBACB01CAE5A51E420349
311
F602191E5F901893142381351CE17047E764BE50DEAF9E4D8C38B6ECFFACEB141E54A6865A88A60133EE9CBB4C256930B0B168C1C3AB59FE1743FB422C7166082E934AFA5EFA3E4BCE0B69362FA7041818B7FDECE1DDFB4D022007CA23E521F0700AAEB5888BBBF08023E128B4045381542FA256B0D04E28A0C3804E233A1B
311
FB476A2F48FD135BAF9843BEDA3264EB42BA499601F16B566E72C7EA35908ABCB9176BBED43204C696AFD3D7B24B08D3AFA44BE243D88A6D9D0B6562B52F741E1610C0EFBBAF2B0829289A640EC4C8A4FF66A24430786CEBE1E1E61AF9507BFB496EAEB64F8F49B4129EBDEC065EC1F8A3F228A3CD0950883B41BEC6D1944A
311
E06147289600A7726313AC69A3F91197F1438BCB743E76F01F6EF1D1C854071670FFFE43FF1EDED702EE5A14C85D0C42DF90B86068800659AC88981855E3E774A71C0CAC2F76754EE7CC87C808D1E1E0F6CF47FD4224731337BE1E39C5010823EE997B1491BBD99FC8D8EF77482BEB5EB2CF66499A8E0F7511B19B3EFBDACB
311
6507BC78731B1B383D02FFDD7BE8DD9256F7D0BA7B46015941097B80018F700FFA024CC08078F51806100ADBFA163ABA8A3B95B9D2F92AC30BC908ED31FABE0CBEBFFF0279B675868F9AA24E9530B08C174055B7F48E4F58002F3E82F0BDFA003E8B431EB6C4A91E4D9B5FFB791265BA8827BBE5F1BCFA7F789F72F75EC800
311
F8AE43FFAEC42F13009FB905A9A0132015D0068ED7682AC608BA6771038DEDB3B33082891FAB1ABF5614F93238079726B833958796B845B731FCB86316713C1DC581B1E19B424EE32674093F80776F7E27C6FBFAC85C536CD955B96EDA2A3FBF770FF4BE11845470EB3E42D022000E0FE07D16181102074216244466830880
311
1E133A4C163BE68F6826A5523071CA78B2FED51F28F8C70FE4190073A3E5D3259D7A288CD19BDE623F10021BAB0C6E327FD507B2741627727EA00D31856492F9F009D7F152D930704E642795C1C1B336E0DEBB7F0FDCB79318543B25341F36802D64A981A690B94259607DE0B19D466BF8C1C5E1CEF9A3FC5C639FD6117B4B
311
AEAB453F8EFBDA500A67E8BAF76C8A06566E36EE1184E8329419161F83D843D5DE7D8221163E145F56921C3EE383978072129E290A9B7166E63D26BAB1FCDBF710009E4051842390031845F20077CD079407C575F20364C4910ED2A574BC357630B0BCD8DE39335EB175646A698458F6A346F003A93002E846FFE0C459B800
311
6E506D79BF902908A0AA05CB5E73530E33BA1D3C2EF99C712B7C8B41DF4D2A7830BE8707485FCFAEEB85A09AB6D39BBF7B4F23E00509C20DB04E240822A4B810E04D8D53D10D504C059ED86BB8697F514777717A8F8144D48A4C89077F7EDB00E2D89DC02A7B975640A282C49A4AA84B70B12BFED8EA6584860DFB7EE23FCB
311
00C6BAF7332FF259FA3C9346508813E372F1DDE425065BB61FDF8300F7EEDDBE8D0C6EDF46F7D8823478590AE23759D60DA6B7A9F125EDE8F4A5D2B37470D0B63C30DCDE3D3D59A8D1501EB1B0A5377517BDD6E301F995E3F955F0F58FAC2E81CE172A8344AC03DC6781939D2484B8FFC15E8F3ACCD3954CE19576B942D0A0
311
29188EC7013FE59AE90B71292DE774F1F63D60230180B30A2EDC65291B6211B4081128856001A680015CE000708254891851D4B3BED0FA4D7166B466BFF1D2A924885AD12B387FC0FCE6819AC3AE06A7AA4B715F0927B74D119D4A668FB54B8A8C268D8B038A207D10A7B1E95E42195B695BE0240F7408B311257C23F581E9
311
87C180140C584A02B1670CB817CEC0A080F259F1360E58452013200E3EC107AC1DF4FD7B0F6D23F33347F9527D9F51E6138E31AF35F1BDAAEEEBA3D71BB402E2FB47CECEE96B4DB85536772B07C82A34F3E66D0BCEC207FEB9E70643761276F7B50D5EE963CFF80C7AF4A2130F5BF8C4EBFB5F07B709840480DBD8007FB7EF
311
3F90104908BA457D43AA2A6A02C91422285E5AAC143F3313A0CB74D9D164933B86C25587134E8D342B453FC982860D09FD13ABE72055ED020E85D3E312F74C25CB0293D978A1C4001927C80B86FD06349126EC219F0C735C8053D8F5F310817EA01F1B7851F406144C211C6362C27DD51F1E310C0102280ADB891E9B085CC5
311
28A2B1369A46BA195B9A2B351862CE43174BA73FB7CBB430A5798F4C54B7333B96C3224A9863AD02B9FBD8E63092191924E77C199D92887DA594B6DCF0112857162FD0949FE6A441F5E62E42FB2105BC405A2301A3424601DC807912CB2C39C604A27908021CDA30C4C8C2019A883B3A8BD393BB3546136EAF561980FB63E9
311
E035FF73B96D09A905ACB2C11D79571C5159026227DDBDB81396EB03F14100BEB66DE1FA9EF82C3ECCBE318119C4269FD014E66361FC8BB0B4EA9A98EF3D8848A01360430284335004C183CC25BCA82D2302EB03B8419241C64DF4F5ADAF77B533BE786334BFCBB8DA72BDBEFFC36103AFB30608A0B39B58D93F0BF4218084
311
1DD26BDC22CF0A770E90240006BAC65197D90920131C7B2EB3CFD3C71C6378A305EE8488FC1FF8D391E2BDDB0F6E3F45E7C8207C419800DB410073A3173942CA8D5242642A74496FF115832A6314D9FA4257577BF7FCF8F8E8CEE8DEDE5EBE76DD3CF892BA7FB8B90F629431B5525E92A15A3A4A6FEA3FDD73136172060959
311
206591F4C927196CF645AA285CF3014630121754261C0D31E1A7E3DA2DBDB54B04703BDE3A4209F02045C4BB0F529A14BED07098A2A1CD47513DA64B512F409BC01663090796D787173B5AA141B1B39BB470EEBCF1E30F9D263ACC4D05110797CEF7B923B027F089F74D1D06F0A4D8C0CDA6604023FCA45B76C5CDE0BF3845
311
ECBE13E0C0ED73700A8A753C1AC8AEFFF1B407FC8A20F42F0D94019121DE304077A027D4112283BB8FF0072444D68AAD111D6F591BC0061854BBC048EBBE9E81F6A33A95C21BFD13AF3C7E7DCDFFEB0DE8903F77B41DF178E99C289895B0EA8CD640549D68935BA7C5294E0A1D66DA0CC419BD398E6265789CA1241441AC94
311
532A3C19C95340BEFC68703077EFC1D307B71F3C500859C11494838E902203A2BE90EACC5135B80B078804340C920C2300BCC06F7A1C71B875DC572C9BD1D84BD5FB9363CA6BA7D03E5C40FDFC54FC23C9B4B9DDD028787D89219038523BF64E638BB37CC25335937A00DFD32869C5B390C8C32FF25C8C47A7181B4A599A22
311
4A9DADB0E0406FEFF9F183B7448F081E3C55024FB33828784AB61704482CD0160C04174F9E33BA9291D58C2F1F1B1B3B5863B0D9F3E51C35C253D54A23E560E2C0CB3A6F7A81382601C2079CAE96B7B1560D20A341E85A928A4E01083256420576C2ED477E2E565FD9223BCC691CF394D3D8E281501E0EE5C1C8159E92585D
311
255CF30CC854C75318006EA4A01028EC853F9407C6053910BE105348324002260254886C156260F9189EE0F8C9A3CBAE9D5A992184568A69D5183A7DB97DB089FDC57AEE54F858FE54F577DBA85309640290F2D220952620750C5811FB772A7876D1E4040FBFC6474D51246D8B3FB378283FB514F8AB3C20B8BF7DBE5DE541
311
C9A5D3D38DDB30E00151E02523081BC89C2214103E0BC1B3D0199A08E002681A2613A2616CEDF0F0F9C5DDC75DA395C25C0309C03DEC8091A4AFD3FEB504AAC6633930556DAC86EE3561941E862C4A75DD6B6BB3A0C59BE153DFA73EDFCBC3CE2188D3D378FC976D0EF9A95B7C8532F527CE3CF539581E0FE501291E9139FF
311
B65EFF5DBD8E0C18DE3077170A64E033FD278F18068028802F156C3809FDEB11B1019C208D020C9BA2870457F0F8E1FDC7EDD393E3B9FC9C4308E9315704233F960E554802C14716B0B45DAB5EAB5E25AB7830EBB8D25E6CA94E4AA01794FB1EE164FE9F040FE82C940A4BCEF913075D087E85A7237D3CF29C47E4E6767777
311
79528C4781761F0BFBC1D3A77880E40C9A2E5109180D5255317890394229F0F082010354082D574F1E3FBAB7D6553C2113DACB97BEB5526C7C6F69F9310A94C46CD89FF8F379AD1AA035FD00FF3F320180F01417A6F255A3A8D86319FE0C0B0E06A0DCD33F79841339C01E5BBE1911AFCFF7C1E0A540BFBDBFCF2372352686
311
D863F83F59CB6865F43104007EE06F52406F680341102048A01BB048823082CBCB0B6AC48C313F3E7CFEF8F2D1FDC3D6F6F9F9D9E98D9D7CAE5EADE2A6512FAD7AB526E17F600C85550DDE9ACFE9D97E694513103BC69F8A2813176032C890C1E9C49FC09C61670FF8705B1D7386260E7C8E7122C7F8208A55139E8C8D4763
311
F7EBF5728DF9C34677364E3A3F9AEFDEC9CD95470788834F9FBEC512379890B38C94205B2557987C4186DF5C0837608DF0F9F3CB87B7EF6E920475752A01460E556919B2B64296FB9FB70DD5F47232A0F77465BF140CD001F00ADCA175090E2665A14E6329B62660E02A1CB50C6025E3DA252A670B3F0FFAA5EAD94A509FE7
311
036B159E0D1D9F2E76B7AE1FD5A606198D3A747AF450023CBDFD162278B9446688111009B4029B0F2180AE20A542D40610C073B47FEFE1416B2B12200F3C991C2F54EC2491027A816B0A34A9D05C6F437AC23462385DADD75642EDDA738AF1600DBE07EE8437804D2D011A94DF71C2085EDD40266A407FFA1D1C00B0C03927
311
E60338E3B9D8C47D1F8CAED578E06F7CFAA4BB63B175FA7C301B747CB377F45192003CB8FD34B12009224543D8604494011A80C1903CE0518C986208E1C5FDDB8FDA161686873BBABABAE74FA637BEA894A44078C19696F326E057D7F95D061A6B0394A9D5F2DCAAFE4C2388D8A6E9AB7695CB0BDD0A332430F1A9333DA41D
311
1FFB97FA09AE84E738C75C407C260408F8DBD5EDED7DE1570A7BE333C54F16963B46AB0C2B71208EA3D16EF4EEDCD7005241166C005A73C03164792151205C007288AE337B4D7103741BDE7B7AC913350B348B2D767515674EC6F72A0402BBCB41C81305AFCF05F2758D3ECAC8D26AB97606DB9581A4B7A8FFB068CD5C0604
311
E6849046B70C2B60FF0CDDF93C13822B4E82FA0479A68220E66D9FD775FB3C1A9CDBDB9829B6AF2F77EC9E0678FB20ED8D1B1A1A39D10F9812E20D6281F5673121AACAA9C53424000DAC173F7E18C3052EEE3E78E7F1160F5AAEAFB70E0F7775CFCE4EF384DDEEBEB9C0889D5243BDF557559FEDE5F17AB21E118C4C31A3DF
311
6A96B56AC62180293910ECD6B721047664BCFCC6B2DD3C65CA0F0C823DFEF84083C7ECCDF05898EEF158F4FEF97EB9C123F1B9D1D1A3D9F9AEC5F5CEDA84A3C96C14A55584D62893D6A54D8D2028D05C8B1F124884543F3223B29D208B04910D3FC43F5C52196AEB5B5F5E58E8E82610F08C21BD443801233C0CE8BD1E40F8
311
4A1CA86001990048031ABBAB11EF83F9283EA89F181F2A0D9A9F62D94B7F625FD727E6A93F63F200F614F7CF100D4511C07DB45FC5F0CB4CA359ABE4774631FDAE85E599EA0878A3C33D5AD6430CF4C055EE5FDB80629000D7855DED3F436F3B61B3DC7FFACEFD2B1BC6FB0696312CFA477CE87A87070C7998E04FBA78AE3F
311
915A065E819FCF35B410321D9ABB308146A11AD5196CDDD7C477A171C8AFC74B45CBC6F641AB53C8D4ADA5870C02379BC0470CF83DB55F073E29CF5CE5F7A3F8FD62EB7AEB1774C2C6780B9523F9287193FD23DDB79FBEA513B45200E2E0C1B51350163AC19043C600F2C1DBF7DEBA7BB9B5457BC0D840CF325EB0BBABBB78
311
6D301437000020004944415472B491ABCCEDAFC0591201CAC8EBFACBF367FE7B6E40E69F551BBBE7123E3C00AC560CE20C62436E8C3C54CC225EE08C0D74CE26148877689EDD004FB2BFBFFFBB984035373A7954EC5EE8591FE531348654514DB1D1C56411DFA2A7C212BE5ED91278F2851A432244C6822C29C85A8B320ADC
311
BDFDD63BF71FD32648E7D098CD018BC35D7FE89E250EF2AC75F96C15271602687965C844B8807C6E7729D93F22E81D39ABD62A0820C1FE9F11CFA7208125D33E96FD69E83AF6052DD32D49FF0802CD9F9DFD39260389A950887A647CCC99BAB17132DFB5DED35138FB3A060F6295AA5E195BF0BB56495A5A4A8FA440026E46
311
A047D40ED2520A441C302D240F201FB8F7E0EDDB0E12A04D8816215A0579E8FE1B1281E9F19C9900DE79842E2A7CCD48E9876EB01C75DBA0E0C8D44AB5512947A00BE7CF5DE9E1A6A6BE43CF1A78783DFD5A404E4477336C1ED8B18908B2A847B2AFE9839E891137A6673BBB96FBBA2A4B8E9373B001F08369BA11BE8ABC43
311
02FD2345FD6014A127068427D007BE28B41D9B0D40FFB7EE531FA673C8870A69135B1CEEE8D009C08042A5B4EDA314920B635BF941E7487E45256439DFE9D276295F87E698389CD49FB394FE19720412DEDDC40E9CE9C6DD605E0B719FADC416CB15AB3A61F9B5B9B9426E54F81D8B03DD950946D432B40CEDAB7BB5AF1121
311
3CBA73C9BCCCDAFBCF06127C7980FE6D1DC9B4DF14832D6568FEAEEBA76FBF438300B541064ED33F3AC0B0D10505306FD370AED02859234402F6C3FED006766DDED2034D90D119057225EEE3DAF787EBF30EC51ACB4F551678BD6728E1944730C095F13E4D81A4DFFBF67C5BEE37E62A85FCCEC6CC6C7BC77A5B477E22223E
311
CA4FCC0F87E2A5E3EB782BDB25B8CFC6736A044DE5A7CDA604526361D650484FE283B77EFBD65D52C1C73C4F48E7D0D81ACF572F2E2280F98FB230508FA906B42DE240ED651B301CEC83DE1790C9FD96B6CBF986BECF3BD332C18EF627A0B6EECD5B152E02088D03D828AFFAD26B05BF671B4F9A09A8CE0CD2707F67F2A4B3
311
BB75B9ADA331C1305BBAC182FB4A79820B7EEAF73199B8404C0B81231CDCBB871B80FC41FF5860E8E108222A1A076C29E6E03B6F3FBD4F1F295DC457573C7ADED636D6B7B8C88413DDF3B327E1046AA51040B40CB50C7E3F1D2E44DAD34CFA604029BFFBE714DF0C069908027EB275F1F366C132E1A7450B04011CF82B2B64
311
7CE754F650FF6E25BF37AAF65B7BDA16CAA791F1D09F6CAB989EC5AB7809BE145FA459E8D3E4B0FB47DAEF093B946FED585B80FE1A0305FD5330FEDB4FDF79FBF6BDE81D8300CF6815E5F9896552412A03F31FCDCC7CB5E32365550CD9365FDCCEC8752E943161D78047336F8AF6539840A1F2E764FDA2970999F205CD2BD1
311
F5CF496571F76EAEFA0E1CF8FD2A55FD06391F9EEF8B9DC9994E72BEBEE1FC928E2F223EBA0FBFBFB4F2DF137BC894B8087643D64ADE6EDED67F7680FAC9060239E845FC94AE93D880F994FBF71FBCF5F66F9F32C292EA900F9C1E6F1105E81C5B5F58A067A448143842008D7275EA3BBA3D2516FDF02FF79260020D6B3C71
311
4711F3CFB61BFF56A826E627E82256F7400FB387FEF23C1C1E77FD6A21EBB1B2B35F2F95E7760BE1FA3ABB3A981423477517EEE36FF96F122B942F6FB64D9502BD1B9089162532A2FEFED255028FE653C9F46FA321E0B588B7DE79FBED07C44106CC85133CA65190543004D01D02D8181DDDA5A9C91A7110805B7875B689FC
311
3902200FB192E7DFD936B37B57D9C338BD49E99E181F4E5FCAB2ABC1CA7AAB382CBC7D515457CFABE6FBC63D525E5CDF74B16378B9AD6774A58531912D232DF01BAA913DFB7D3AAFF912984302B84D0500077800D26C60A4742101DE420C610C2E92FA93056022EFBCFD5BB6B38651470CD33BD87630C05831BA864C85997B
311
8754B05167F0706499DC442FCD22592AEC2ABF3FF13F950039BF159FA9B36ABDB2778EFF83F70972B83BFD3F4899E64DD8346AA495CB155A7499F2CE39B0AAE755125EB84FD8CF8D8E4F4E9FB4B72E8F1DBCCB98B31BC4607C2CFF21C8145FB48EA0F2159F86A3098415609554DEFA7B27EF1301033DD06D274BAF6821D220
311
DEF96FA4CBB60B3CA241C021D38E1AA76B4406B4767576166766A6C7F77273F5F395291BBA19F64F2E3095C14F3E60371827741CB27E89543857D6D96BF9A47C6A9A26057840332EB843717AAD171880217B71FCCC0355AED3D4819911F79D0EA8AD6DA31A83E36C5DC2D470295C011302387069158F6C9966022367ECF1D0
311
0BA9BB95C389AE7B6105A1FB640689033A7FCCFFEDB762189103A61C3A4FEFE0D6A6B5A19EC5755A443AE78BC5E9235B047890A65919A0D2F96AA3C01CEE913BB3ED239C3E0CD8DDAB99E4348BF3F8B977B6C43DEBEFBD7721A839A63B94C06A10DB87FCBFA3C2932F8C26F88B6D6BB30C3C4E09AFE40FAB52EFAA1EC03169
311
20E031A46D65A0FFE45A673432E907FBCF86717AC04F2CD0EF512D665FF53F05BFCDC43489F150890C60A8E0314E70A06F619D30D841189CA15D3417F3CD50191AE4396543F0C42BCFD696C58DF163F5B46D708BD5FDDA5E5E5FDF9401BC4F7E00E8A17520833D1CBFF495B5D1CE037C664123EEE74737268B5D1D3DBFDA6A
311
AD8C08DF2C0BC7A737E10AAB2A7B958990CEBF556CDBEE823CB09FB344143463C630CFFF585D330CF0320E921744A7918280FEEF981161008E9FBC78C830217A07B7D6985E83F9A79884ABB5AB383B4D7D788F9FB3D867A2112A43F19042B33A108690CF6F472F8661CFAC971478757F6E6F2F7AEB82FEA85E5715941778B2
311
78281F28C268AB24BDB470EF3303E09C359E9DF1CF990D8A096106E6A66C8620DDE7D281DF0B2831F20439A30D68386CE13E002F7EDA8D7806162B205D6A19AA1FABFD6B1B400EC2BFFDD66FDF7E8755B4883C043F43046C1326136680404F1F934EBDDFDD39CB58A98DF1BD7880E0532E671FA1435E9D6EA5E9071000BE8F
311
262E7C4044FD95D5FD526EB40A05A634775F32205C3D779FDC168CD5E56BF982508BF572BDA4F6F57D3304BE9EB18149461B12F760D7485891CA47CFC44909136FBF4931716A2E100123FC6CCAA6A644F25EDF4AC980B14039009BECE8B798BF69A05DC5B6885CD23F8E13A46FF0C0A986D617F001C52241801E87C2974C31
311
411DA3A5D7B6175472763D637D3E57C33B908F867F4A59CFCA7923375E5F027A983E18BD7BD4E6FDDBB2250C1529F4202EFAAF979DFFB1F2612E87EBEFEC58581EDB9AA95AD1D7C1905F7305BF8182D5BBB524D47C4E3B81CD843220DE1E6536497C0962C225F75A2D6A998303B23FC501F0B3F736EE1FF01200FC8C99F551
311
5207C9C40081DF304C0A17D06E26CCBC5B3C47459308178301FA8057C2C0AE9D99B05F038828B08400F2E3251254DD7EB8BC4853B101F99AB48E387457C96951E5DB670648BAB70A7B04FE93EEC5F5B183F9739C98952C6845C380D401B8FC86E70A20744EC720E09D35955D96A9041720196D183AC2CFE6AEA816652D0234
311
883D788BEC8F5DF2615261DB031C2381092401B48D8D2D870FECEA9C3D99DDB036C8A051058030E32190976718C89F031DFBFF2EEA3D88606A8A19BD0AE305BDFD12BA4FF46F1A0002B07137989C748936E9DB2C91F43B07E4E4D16C3779CF5A4FFE8CC981F07C29E34B7C012AF0054FAEA4A6A3D49D3A16D2B3CF220A0290
311
03366663053C89B3FB1827080DEC2780076FBFFD8E39810CB0593CC68B5D9009F2D400418028B0BC6CC74067E7C9CC0C2690FBB084AA5254A12AF63543B35EB40D17B693F7E3464D5094C00AA9E04E0E0524F5C35C5EC6BA94B21AAF2440725E2A9FF94FE7A8F0E769EB83FDEB039B631B18BF396F5C13CF89ACC02C387DA5
311
6DC3B1CD84B96CFAAA37B55FE723B611062258257D331F186AC93D8AD600B4FEF4AD777E4BF68F2168FF08C081A37AC13446C859964803961928476D78F68419390D830C1935B5C2A0A22A3AB17D3D6428BF12DC373B8D464E04C0A496BB3B3B75639DCC2500E0F0B15FB6F47B5A7ED0183A87CAE8D535F2EDBD4B3B7FC762
311
DFE65A07C30B2851DB890082ADC07131EEEFA3DB7DD5CD32C0860CA83CD4B7993A175F422A8149B1C1D94C1145059D9C78A8A572A90B7C8B1E3392FF77A80C50220880FF3669004E90F101740D2B808181455A044904674E7482CC3EC85C4BCE339404C0B0BF6A5611E4F9B8157BAB6DE327EC9BFBA1B4557ECB609C1F4532
311
6499EFB90EE78F18227F09E563C9E63D847EDB3B68EB9C39E95AC4F7ADCF7D87F6752BB6912040281E4A0D8A8314E80D60470999B8A51FB1488A66A9F3F81FFA61C83F4FA6969E472288FADFD61B005E0EA4284822E018911828E868614DA0C36E11F3A051070BF2F0840E35F200E2C0C80A776CC9E7E6841C0503D0EDF15E
311
D9AFE527E798D23BEE5F0604E58DFB7099D739BF0BA5D332EF29F1535995BDBD0DE681C4F71DFE6A7AC5A13554AE6910963E9ABC9A0DB5B202225545F5CFACC942B5B93C207352B6E5310BF349AF200175D7DFDF78F6D683B7C87E087FA9B35812C4F8F13452CED610A2207541E6D659A739441F3833CD0C9C3C3DC2B0712F
311
62333C4FA9327C9CA1124904B4FDE0FE21C119776CB0C212AAFBA5CAF80EB43772ADFE77CD9FA8A4144C54C2FB2304C65F62FC3678E4F6C68F30FEE1BE8383CE7DB86F58B1AE0C51F0F055E188D02F00911DDB0991832228B3172B3E623E513FF1734FF414A611A603163F401BEA790FC9FF7FC3FD3DB02DC00184145B850D
311
01D120424DC03C00FCEB7880EEEE939399F1F18DBD4AA54C939899304D913CC2D5CFBC55E50C7FBE4C0E14AEEF53D6843DFF56BE2D554637EA047D3C210E2C61077875FB5B40E19F43AB7470CAFE1C0D3ED3B3B4778D1DF6D4F837C08747180FE8394F2CA1E0A46B6DA62CE2B2DABEDE0B1924098580FC16B369730E9E9054
311
1D3730D47FDE16EE1FFAD3419CDA05ED1F2715C607F2E81893AFC5936303F40EB776F1D808BDE393A3FA401E1C706E154C892860AD74A2949C409E28A8FB3349C764D13E4D1D3468952B7B1B35001BF41142CAD58D6011C8B78961EACAB66E9AFBC627673B61FFDA4167950A274145BF11EA17BA9AA60815C2C43AE1F648E3
311
772E53C94E6364AF826019E723069A8AA353A3BF7FB5359281700061FF64C28C10B9AF0B70B0B0D30A31CD1CFD22F68C76DA1E44558869257892363C091D313EFA46B57C3BEB252E9C6BF5B4799EC58F1910F469E25AA17B343799DB3E33CF410061F96C6D63FA91B1000CEBB7D2971BDD39A2A76361E000F5DBC1688D47CB
311
812DD60F8001AF25B328D173A9E4BAC18CE9F1F628704330741B2649B92E9714447C68559C6CD2F681919367E4811100750058809D0230C087A89FF3C80C23C4C60882E481F48D531764BABD5CCECA308DE2F63D3BB50373D630796126803C2D1FBAC148F7592881B395ED7D26B7DD38D7096AF98841CB37592561D9C65653
311
17AFBE9FC4AF7371E060736C7635E0CBA1809FC80F544DBAA1F2F9393D970D44C0615A0C6930E758B9E63AE690F73045F0C8C0731DE9CD80F718E94652383458799E02C06D328010011C7090D8C5E5336A83D4059953877EA1E1D66FBE994F04608C4C991917230FB61F9AEE183A40AB9108D032449FD1A7283DD25ED15360
311
EF7EA9303EDDC0043403531EDEAB10DFF87F5E2FD56DF0F1B701A9F614DB17FA0E0EDF6FD0B1622A81FA3D1DE5A33F551930335C353A87F9AB05C60455193448246944A232C5D07636D864CDD7A50D0B4440CDCC465D1C418321F50E1648D500294065D869559EF3C40C8FCC6C323E989AD0F0C73142480B200842802C0610
311
08B480A9954AF282052B3AF67350FD0DD30D1F4075AC303A5D490250F5400ACF479656861E4C77AFF327F3EBECA4B57B6B6C8FF62602BF150744656A87DABD7BC6BED50527B2120C001A0B3718C74F0C65CD34F275164D7968148DDF259AB8AD6CA81CDA4E8819509B996A7F642D987A401A2B04018C01E6C169A8700F9DE3
311
B489DB2BC49C9B7B858A4F50D22AE15428FCA4A1EDB20C83492690CFE361CC7F8C8066FFD0D77AEE797977F468A36E0B0DFC87F90EE6348BC748F7CB73B5B9DD5C6EE7AB19ADBF6DF359F1DC2A0F9E44F213F8041F64274C0859A2AB7C37440FEDDD2F95BE44065F22067E3EA0CC3BD8C0D8194EAB291CCEE20B9CD8E02950
311
AD806080047A279F19024C837C848816719AC4A34DF8F0706CED904E8185753A458A27E4C1E37B5F30A104932BE140E0BF4E400160F320B054A8705042FFC47B4940810173F9C9E97240C7FCC3F3813EA239B745DE9F1B1F3FC2F9330374DBD1A7B475923F9A2ED81716D18D1B577DAAB9D1A0458655AD3CA7E211867AE7C7
311
02DCACCD291E0F798013DC01BC326087775C0833E04EA3778FBCB8DA4687A0255CA0AD210C15661E4E92001A4449031D1DD27D327334BE830B64DAD90CBF537A45FBD4E94A7A88888E715B7E74FCD040E818BDC1BF5AC609CCCC015DED23877080FCDC47BD8EF3A7B783A17D33F3ADEB6D6BC7AD75EA7C7852C5B6FDADA6AF
311
EFC2D181C03F8C40DD8A4AB5024F0B72E34B57BC1182472DC80946789AFB711DB7F1193C03C893B0345F420246114D3EA71D04FBA731C0DAB0D3CD311B218F0D5A15ECC105D02F3AC32F13600084731A83220040019B03180634B5923D438300B05BAC80881F061095FED5D572A3323ABD83F1D37A2301A8C930AB3F66ADF7
311
CBEFED30BAAD7D78A06DEB6A87F15491F5AB7E25842B6B34BEFC12C8A159F187C64B3CBD2356DE5FBAB98BBE9583F0E3280C0076DA15BF34C15238145742B07080B1EFB83382F9FEF2239D003541041083C5AF9EF3C8944DC2030BC3ADEDDD9D27475800693049E05413BFB3FEB4308731512F13400D06F813368A0101D8D8
311
63EB3E75FCCADED124F532AD3F123F131AB46A93DF1ECE7F96CE9EB6C365C6D6A07EEC461FC919FE288AF7AE1A7D012D291EB073735FF26BBB1C99FB706E972192819B7A34BF22424BEA1CC7958AC2E04BFC8E02DB90A4A1DD04811ACDBC181037864672C78F6C0EC3073A40CC49D5E813593B7002763BC6A909D31AC86F3F
311
6E335C9E1C309BC58F16418642E2AF6B290A34FEDC0CFEE08FCA0F56700699CB73B9C99302AA17BD516D7F1FD755A2B32B3FBE7134D3BEC813195BD355020A7DBB541539CD2C06E45F46FC0EE08293E6C0E1972176D9B678340AA1A4823404EF79B1E2347E47C35D0A2260730E0B513025DC0BD1C07E3366E9B9D17F767405
311
FB531070700035618606F0B40C73C974CFD321B0C174A80C0F3AA54945FFEF348F5488895713E89B5C98DA501E06D8D24FF04FF0CD7ECD7BAA755A854EC6A180AD13BE094E8D5D63BFD6DFA5F5D3E4DB1BA18FD8473DC6E17FFC9832B71A2A94D96E808BB53F9192955D62C82E282B05168AA0927D54AB20A20A74800B7CC9
311
655C8B15F62377CA4C91641F9F4D0478F4FEFDCE273A002CC0A725EC165CE3A149F0333E8E9600B2C05A7D15FD831F0938DBE5D0FF13E3C0F0765965A0961C3FA86DEEB0E28304747BFBA5FCDEE44C23544F7BB7BF7A132DDE34F99E44EC3FEEAE92F667A10F7E90B0E8C6442DF5A5318B0F816311DB2E6DC6F172C363FC80
311
0EE09186BB9EC82A24C0117700CD884AA42023B81EA6E0CF8B3056411110D78606EBC5AD5417B45BCC8E61EA01C4006AC233933E35D860BC1B6CB9C9CCCE7840D2E0C1C1FFC11CCE54D59300F2B47D66A10F09D8E24B71B9BDDF98FB62A3B897C53EC88D16D1FFE8C649B17BB8E760EB20B784F52F992544753F2CBF642CD3
311
C9C70D8722C197142C567E74FB431EE248A8F3FC00377F5142144A82FFC28AC2970A780C85A7EE9146FA4B2981F3C93BCB0F3FBCB6DD3DE69C72B6073B99140DE28B8E919D9D9E7C2F5FA99FC1FFD07E9AC0965CDAEA0A945FADE52C791EA989E8E7A21A355FB37E44405D171B98A6E946DB26AE71DBD01FEF07FD378F5B4B
311
518724481820890E7486E3FCE61A60E096D577701890EE07CA5D7F2B086040749FCEF3F81972E510A86359C9BB579883035887542090614E5C4461705D7CA1CF84DB564838606CF1597E8119790D021080C935A908324EDE9F60A04B7830A33F0670CB08605B8D01BF9A3D435693FAB4FD84EF6754930640C1F9D74B052A7A
311
BBA9F502B39DA3BF6BC7514EA4BEC71D752BFDC198EDA8DFE8F32B3EF811E4576B0A2074B99B070A069F60173E7427BDF285024E35A4418B7A412914F2800F1965C4F1120A2D5D2C64400563D5942044807BE7C738EBF3034C4A6F4D70C04ED1F97673C039FABC4CFF18866E08200BB66BDC9CCDCC3FFD1E43BEFC52C317F0
311
F5E64900FBFCDA4DEE68768FFF46350E0EDADB7B34DBBEDE3776BC55599AF84E312229F931E700D04478D66A0D88D09B2276141AF0F8811C5F8067DC04C0F90929F7F1AC9CCD368488AFB965C97B855A3E2E93AE5B4866502E55991B82D4388614F2C36B8484A5FA06E3EFFA984A6AF17D5C2073299D9F12FD63826F67FC46
311
0E54030981684E9FBFC22009A3006962285FDF4FC84B699FB5BEF3736C6072F6844C15EDF25883037DE6BB7AFAD6AE164B367812FA8CFCA6FA25725D99AEC5C6EDEEC64ADDA2BE0056002032E1D7A20A54CF444E360D520A5B69816C0A953CE0434A8A898BF18E2B704588C01BDB2133342F5404FEE698957C200EF54E31BE
311
6DF4E888C9C67F5F3F1B41F922777E7FA6332677C20098C59F762F5DFE4A23F9801A3BB6F8A4F66E0D40EC867E92DEFCE84C714FC7CE8DD3DD3BDBF9C781B1C3B549FAD2C89D711808CAB100E09700BB85240374A7209212F320CA577222A7020E7824500179FC7096C714884BDFD9499E027ABEB3CB0226CD293CAE6E0C41
311
A6788F396606A073E28CBE5CC67D584D36CA39D37974FE1023253E3FFB007A26F657FFC901D851130DDC2BF54884F20D5D40A0B7E5C7BCC7CC87B84F2ED820192CCE1AABA1FF24ADBE1D03635B5B3B53D4A5F84120125FADC36A0E792D3AD7E255792CD5241A4C84171F1104090017DA493D0A7790A7BDE6DF326180398E4B
311
0DEADA5C2763825E43E05C388E184678C88CE6422606C017F030366981353DF03A753DBF6370879F79889DD0BF75408724DB53C5B0063AB6568D02DC47AE4627B58D7E367A6000267E7840C23A0940B992DB98ED1C4731B4FB4DCFB6D3EAFB6CAC7646F0335C5031888CD74E2103380260AD47176D703960230370FBBF2881
311
3524C17FFFBD6288BB28E4F905ADB4A788B40B4A6201C1878BED224DE9906C4C79EF32EE679B9F5D3B5DFA137327320643909A823F62106CB8F9BFE4BFEAFF0FC7A6393EC7F64A698EFF8ACE31BA05ECE6DAB6DF124118D1D13F892F3D3530602E3F3ED3D59DFB821ECFA3D9AE85B1ADAB9E328DE738BF55D5DFD039445AE7
311
6D0194180F57B15BEE5F09C07F952F9A10372BC894CF7DA12CF6507E2A8916E0DF430C519485C55D61EFE209912D8C32866214E121611E22A0B1238DB18E86636A3BFAFD5B4EE02FF1E505F902BDF424D0516907BFC95EF3A76B6B3872769D67E25B548F0DA46E2B93DFDFD5F2B9E9EEE1EE1DCC7FBE6380DFBF38A165CAC7
311
3DF912AD76A4690D2B766A3EB4AFA2D05BE543EA20B095FB17AE3F1928D84482049B659E671A4763CFA567C08824913D37F2F92F841FC244085C1681225C04AD6DE1684831682CE0D6096B56101C0D4FB3A1BD3F11FC1105AECF5660BD3FEEDF162B0D9DEC6DB55AF27FC98050BDDEDFF63ED14B01336053A19DE9AEF5F5D9
311
E9D9F9E19ECDADCD497BCC57681922F327EB41FF681E17C1921B04FBAE371AC69E53F98183E91B84897A5DB164158BD1D12FF6F6BEF0E02847727BF2628F9FD48B6FB11DF6928C868B29590A0606F92140D0C08850DAA7DD8A5FE8A50389F61288AEB743E9C801BB67DBE0A7F64F63BC87770FDF57AA73FE1F5A84F8DD3AAD
311
DFC32087FBC0A7D645C327B97D65E7A8BBA76DFD9BCEE1B1CDE3F5F7CE4E6DF4013ECD7CB60BD1239E8A4E9A5722AD9C4FAC8F7FF17B214AF8801950430639A08E3ABD05A0D94E253BD5951C885B0CE750309070555FF21F2EF83FF53F4E15038B8D8A244740A5C9CBC120043DA0B323FB1DA0A4EDA268C05A304619505000
311
BE10415DE898809DB6B66896E60AE347ED3D6DC707CB7D5B5BC374A158EDC343D0EA61C217D4878CBBDC1D85686782C3CF4272E7DCFB5E9EF628F5A95AC1AC0C6848F5771329EF8DF2BB79EFEDEC8DBEC72EB7F245287FD4B31008AB38EA4D52F2BF57167159E3004CD8950E217DDD6F699FC763E9D1A0AECC701F7BD4430A
311
3E030374066938F883C01DE40E7DAFD609345E33570F4CE6BE467FBD7F793B5AF2A9D331D86DBA7BF98067918F9FCDD609A0384B523F4413B574B818C6889FAEFC5E7B8F90CEFD62BC2C85B2478D54DD076635BE434FCADE68B3ECF1C8708E27863DBEC352D87BCC7A92A8E135700CDE65BC114026DE5DB68275E656D2C0D4
311
087293D43BB4C9C14EA83C0D806783B40DD7CD4F19EE9F33801F55A3F1FD600017A6CD5DE607783D5F74E34680E7DAB98D99F6E5B5ABC7F7DF19D8278322F6A97FDB2FADE1539BD945DDF868EE2B8B70D9EDAA45D1BB0A5801198CF1DA891540474745BF0317F8A3703E02510AE94B084221F887FE950272D62D4232781054
311
A87C58D015CD45EBF9B70E60820A2056E9D4D619E8494BBFA68B61EBDD8CF52CCBA124BACD4A4077E8420A7F36FCDAF661E577B792A7E1B7E337C7CF1FDEBB3B49F501F3C7366C1730E793F51FA20A9C3D2E9F18E63DC277449054CEADA36DA0807467D45F8A744E1BDED725A033868703F1392BBE221158220588F30574A0
311
B0893D0515B0B7C404AD0E7F40C11D504C49BD7DA39A85A19CD7357DFC966E5D92272FF06D59CA5A6A1C8AE30E52F1247C1F1D78F81887F9F3E387075B170F9F5EEE4A7F5BFC69DF02FD8795FCFFAB472E7C88D563DA514861B85BD41594A75F5E866BE69471110A9F75C8609C7E6BF6C7C727431EE3E9E3773D2378C25226
311
E82C08104A57ED273FE0921D6990E02B006BD038263BA360355E8DC446A380F0BA35FA9945A80CF60DFD54054202F91897C241C147D59F8E0FC67CD0F2BF377A3463F8BBBABCFBD6833C57E214AC3F5AE9C2FDE88852968F20337972C7E04EE5658223008AE82D93BC37D8DDD900BD6B16EF221F0D4149045D740A8A215D4F
311
C186C658E01994B8CCD317465828704BB630DA2243B3B4ADD3EA554A97408454148C04A1A0CAAC2E04033C04073851F54380E0BF2DFFA43FAD3D6B574F2E1E5EF6E5F4FEFBD1CA87C161FCBCF5C7AAE2F726F814027BAE10F79BC3D765D61D1803952210A9AA07F8C6BB2105B61145B324F96014EF223D4A9261080239F03F
311
F6F4DD4975C183B887E081F7A467A25EAA0C94028FEB808637768B07400A8235D4EF33143253198900E079E3FACB0C59B00F827A5785A6FFE2FCF0C0E6F1714F11CDE5140D931D707950631F3DE877F300002000494441540ADFB08704E252AADE1BD4E8DF55796A32B9B6F17737C67702E5C638682737286CB0E0A89B624D
311
5BF28222432848C9AB8C07170C97B814FF492A61072407D638006F7C8400860444C01B1930A522788045633DFA9507267A3A42BA05925BAD705CDD3792FA23C1075C6EE768A673919EB6C3FCFE7629B7310AA794CC9C0D14A1FB88F95C845BF22543F57996E0B26C9E4C2ADF187F979F8A55F11B47BC26594C52588518D25E
311
6C2B1CCED231EA1B748F093E5726A21A54C91EF95789041030C20FD5AD68613432E19A4D0DA2505B6BD843516E10BB00AF9AC315EE9FDB39CC1F9EA59CD88F9CD071D470C86C4647FDEDDBB1CDAB81DA94034747A779F4CED497CFF817348F69F52E55490840E48840BA72DB71F3E84F6DA2F4717AA928F153DA6E4C7E8E00
311
363CEC9A2E1C8E65F298FC4A52F087FCDEE5CBA38A80CBE11FF7BC2AFF249203FFAB77A128A001B1987BD334AD9B901890A8C2005B6B248196AD09C0025ED841325B31845032E327C531C839E66DBAB39566B631C2FF0A1DA5A3CC47E665AD8751B47CFE33899DF047C9F3C365E3B11278D49DF939298E09002F6430F99588
311
03309827A7C791048CA070061B7E9A64C557D235F83EE24822E5EAB805F9862F20FC58F483DC0EF02181F572930205107E00E523861895A2811309808F2B6C14B2AA579E893753C155D2F54302007E9FF36AC5FEDBCAD47E182D91A73920CFA5C18E01F8FFF4C3F1FF553BCAD0E58DEF85DD63B91BE38ECE1A9FFC4AD4A1FB
311
A30D462C328C5A0340DFD393D3D3D3C0659195C96990F391EFF4175213BC74C020922D4830FE215E76940962BC0713A3B82784C0CB6623DC40D6E1485BAD454F6892200B225096127FBD82D2B12006BAE2E329C771E25FEBC0DAB3B5395289D56D7A8A89081B34EE06F80F819EFE75C67DEEE95D227E283FE98A7B9F1C97D2
311
D05B4D07A469153C3DA3048EA68FA667A6D90E291C7D7E2D063E4D044964D055F2DBF3E31BB851AE9F78A0A7314F0AD24901F581D74A6929142039C65AF5830D1C809536CDC05E4BA51038F79D713DA930CF18BA3010E385351CF47F74D439BCBC793556A1F99814926AF12835E251C59BEA3C083EC2B2760FEBDF4304C9EB
311
87B35769E1EB24B648542CFA4EBA9EF93CD42F03C08F249A2C98897D8E2225E90077823F4A52171A61219998CED6FA050992B6B0A74A2220ED12123004FB977084208F8E2AFC80F456CB110BCA647A3A0F854085D84FE0052BE31FFE7F925610BAFEC06FC33F9931BF063F39DB3D1BB20EE357F594045F4226131578582CB0
311
55A59A073AE0413989D215019B6EB8A21CF154D71164E0D8F4E730C2CD382D098DA5261456A425643686BC8301710F2C50665881399156AA2B4C3191BC555728384800CE10040F746A3D8A80A5F0E500A93456FEC52833BBB45203DACCA37FE1D3EE4B9BF0EC27ED47D89B8266F11EA2DB8B5A8BB93EAEDF0C06B7AD0402B9
311
EAC6E787365535AF19F15158308A9D9785C1BC1C01377F8C6B4D07B50DAD25649764A91DC9812C7B34CA98184084F7C01055466B48058CD44085AF26648520C85C41C67805462D8425680425559F4440F3ABBE1F3F81B1EC72708767DDC8FFB6465796C8FE310FEABE0C9B242A74137EC3E0427091967023299BE5D6D4D0C6
311
D15747DC2AEA4ECC57C72856E827D33CBD319D70FF854369EB841282F84B7CA4881447ACFCB257E252E00FBB3272120A75B99119840858486615636E0E0334031AAA8C08A62E080053A0AAA4158431EC727A084021D41CF5D630C94184F6FE7432E8F5F9A4FCDF3EA7CF136FC2988093F98ED622E38E4976E1BF0CF49D2889
311
E6DF3566719FE1F9B47A2D3BF89C69155DCF24F88C609EE551160F0415900B4C48FB013D8900A9192A700748002924771A3686A0A580FE4009E00ACC090253E280B90AC15048E047020483A038A60ED232831F2CC90498648690D960C48E439F18F4DDBEB0B6F5AC7B7B89F6230243B4FA160A7B9327F3AD5D937C8BFFE5FF
311
8B3A5E64283BEF8EAB9F71159514CFED62DBC880614AA1F7994CCFAE7D8C87057F451733699B8DF87056E1F0654B5021E38097E4E23221B810DE20559AD183A61C2C88A648DB096081E9801CA00BC1DA0124E08DAAC15FD2936905CA8DA1C40E42B13F1764E0C4015EAD7F8BFEC99A310B1B7C0BCC7746D3C0702759C89EAD
311
57122092122D1F857067684A578F1DAB7EAC400841F493A468113282FFE42316CC74C756B1C880FE78795C692813CF4644480EE9B02991BCA257A71861F00666D9410288487618D120D0E80D7773E2B7DD180E100EC98B221C94BFC4FF531A09B986230F1CD08378A8E4D0FDD7D9B1BC75F5C12EAD7FF83F3ED19EB0186203
311
03C217A6A35D826E72ABF2D8E2BB1B783F6E48D2E3F360806E1D192085D022103473A10375B63853EC54F500B5B064DBC20945B88160DCF7E4F83A0200BF6FAEAC88E9F54D22D898E43F378D20B51B5D6B1457000922202800DD401A9266483029C0D6D57ED80D42A0E6E08835F0F3AC73D7FAE6D56185F04FC44472B854EB
311
7D9CBF7134DF3DDC35A9F6B38417DD6F508B37C1A718B0D054124176F7222F62DFB327F34D451799D56216880193254FF782D7DDE26C271BF38C6E422E271CE4AB8823C9510F021126A7A944E00DB4031D013C88EA0746C96D4574069BD5439C4110403B40020C30B07A604F1E41D19C21A93FD9002DFC35F23B1E7B98E95E
311
38387E3603FE7393680410D702FF9ED5A3C5E5CE68B5827D721FA78F3A9A0C08A79722D9C9B418F46C0057BB1640C70AA4A03D29CECF33987596D53CFB27B32C3BE304C540E14BF8464E080918268D254838C91A01F0FFB99154FD8A9C0495EAA6534A6C464440B4A71E16100E7405088122A35F7A511DC003D002E6C8E7E1
311
5F6D1D2FD09014139EC11FDC89394621F77B9F88EB5A583C41E2FEDBC8F82334494C0BFA97FF3C3A34ADE60385B60E5A30CF036E5E75370BE3B83AE73B3B7DC0BB337DA0045299ED0C66681E4AE223D01B1BC3BD4C921E2005FEB5114739040758189BA8A320067B62A3995E4720055065AC2B4A8006BF8CFCC907C0063EAC
311
E41813C5F017065AD46CFDC6FF1BFEE052932CA3478C8E5A6F25DC8503D40F61FC1B047E4DFFE8E84407C81F1AC7B5C79DA358551CD0D13785A9AEB38D6EB68A0A8087FC6543E7471082873CDCE5CBEA1EFC5CC0579469E225428E9A43D6A6000B4219DE52E8DF00A55F4BF5035960661C2DB88AC1F67C2890A93FC420193C
311
8326409E7B595FBBBA9AE1D1511B3F6D65B09AC10A71C2317201A603E88C56CC68C91279E83F5C147787EFE6C675F00941D23EF092920330982DF38C65EDFCA89DA98E8ADDECCD77CB86D85118F3DD9884820B1128010D02F1060F582871CC8FF42024C02239273A1CC3BF71E770DFB7E96081682803188118B50310BD6202
311
34F230B12711B063E0F0490FCDA9248B580D3D3DE944A30CFCF2A1E0F6E59E8FBEA289CCCC943785BB8880ADA9C2FD70F6A13F5418444E3A669273C006C4B4EEEC067827539FFBEA9CFF04D84E7F170480037005AAC8829084329899F90B5E013927F8E646514B4824B01D11F72C012CEACD163B6358A4454A4221D06E68A7
311
1062520649BF9E9127D0772D6E5EADED52FF216BC2FC513C7D3C5CC4C8AF009811826AE20203B076A2AA66D8D32E317DEE0EFC000FCE16D9E0BEB17C74AB009256C5D8AD1CBABBDA61402612C675FBD72D07E633B1A42F2421208CE01397560811204306617A5141706105C9F4984C459F2D0F6C392FA05BED808512B0B9A8
311
A9FC6CED89640EA347D31F0DF76D3D9E61E800FE9F7601BE4C9614A1C58E6C839F13A12D0EB426DE6386B82369A9E6A7F1F9146EB578A2EF4289AA109B4F6CEFEC0463E0072A05CC9DEDEDFE08407B173B8AA65399C80B2911252E6290C82CC1B8909140C11B7AE161B42B93905045D017E00CED6D27AAA15F2C2179F1E83D
311
411A7020B9408D202381E7E5DEE5A9E7E5CDE3B186433F488AC81554BEC09BC579018ADD1DCB3D9D70F02B14BF9159A4DA376225FE43DA224FED327941705DA582B2FD1BB5DC0540667B650BECDD1D5DDFB0C7F36DEE2B94F6EE2EE4E426F20A1174C31DF153321A24114C4FFF25E505475F6906D4149B21F1BD9D9DF7B059
311
F8E0FD83323CB97991FE80EE131A9003B81C491B218B1D42C0C0D593D9D548003839DC29A740298B0C23F0CE14BB167BD61989AEF0B985C8FAC8F923A73F31953989F0F6C96CA6C4D0A9A88184BEDBBBDA3BBADE77CD8E2FFEDEEF46184A86671D7DDC51417477BE9F04804F305AC82C2D018A21EA903866A0F959FBD41399
311
16D036635EE03DDB7408BCF0627A03027AD314C09B0A27F0A79490D53839D0DAF1416995CAB24101FA63F75029D57A4CBBA9FB4D120ADB17FB5A999FC9420DFE04FA670430B90FE7F589F7FE8D50A4B5F004CE5F07EB4EA007F8AEAE8E8EF7DB3BE2F81F42166C7246FA9E62D02C8209BA1024414C483498B50229FD923F24
311
14040B2081390AAC353B5283EADA12A30B1080866D746B9ABF5BC107F33C2A015B275480759334B83AB02175EFD0DEC785DFC505E0064F4EBA5A97073A74C5C9FEC97BD25D819E28AEE661FD2732B8BBFB1BF13441B3C1F45E8AC1752BBF80C113DE960E0AC7D9D02C58C80505A19BA0E84B14402601A590A4AE00A825E98C
311
3212342302EE10FC5100681F86834A2804BC409D70270A2091DCE874B16BE0706C974EB3D26EFEDFFCA6C4579AA4DB781708469F055532A7046C6BEB0CF39F3ED2EC4FBCA3D00EA91CA68FD2B87B5C191E0EB2C300F00A1C9881F263571C6CFD83D079D09F176FAD839340CF030F70458F81F09AEE1329505150CA0A00576B
311
56C06D58070B23086F685E44232D9D53DE3FC3731044F286D19F459351863F749F1104198D6E14BBC68E17CAE70D7AFD958E350BEBBC70C9C4DFBA075240DA27D40AD7DB063A097DD3F041EDB3E4B682A7A12A548F3393DB01945547175879989302521EEB1431B08759B632B174E0F700E774FCA1BB83F95029ED1A084288
311
C8893520E49415E00DA080AE8027C34206D35491D050A4C6B080F6A20889A2FF82379AB6234F6710C05F9080ADF002B9C9F9C583AB220F45D618D7E7F7547FB27CED8A8B7A7D24EDA4988B0C1C2A1AFB53FDC61BF3DE50D63C560F0120B0372F0839DDDAF13E583B868717C1CB8CC71D1D7F440CC82184803144196EFD58BB
311
E00B7EE77DE8C015942357FB06FC906A5E2B8882CCF9FFE184B0035A5CF186A962A63F84B3AAEE3D5A2C830008807568B6A9F424086D2095A3E262DBF124350082C4B5DF4704A9D2C93553DE47BD6766B69349610716999FA25854F759CA9792599D3837ACF6247CE8597B0F960FA3EC45B61715050260C5844FCCFEC9666B
311
C71F875B17E3BCB4CB151405D7D08F846B4CB952248B4603CC402B609E90F0044A007FA800EC46D07A51232B00E5683C55D5096E1374DA4FCBBDE2C25A5B8D26008227CA7758033D7D70DF12CAF7F247939F93F1CC63047D63ADA0B7CC8771B234D8095FCDB577B586D1834062035670E204B245EC093FCBE15626C10D210C
311
B38A13F50E10A0D5C0814B0C4B30AA9858516001669002229618F100767AA3D6D2528595FE7A398C2D2300ED0013A0AE60B91644A057327BD3C36BEBF48C91279B45F8BD145494674AFB211A91977CB838DF35DCB3D6D6AA2FB2784B591ED785DFD7DB77747DAC9D2F7674810EFC2895F9ED8007EC7885101679C06F21E4B1
311
C8A6120956F80518D1DAF1717BEBFB5803E20C6F2A11B2E48AFF4AD2810A70054623E341B3D1ACD92DA91150DE631EEB2C28882D092049C0DD38E262A7BD6F98549930C9D44B7C37028AEA9F8C5628A2BEF5704C0DCB2B428181B1BE766F43014498D2E57791E4C8DA6BD2ABF5003F0C40202E2E32EDFB02852D16C30B7F64
311
6B98FDF86C7891690043128B0A0DE6B4EA27F08C30CA34C9D0AA0852A5997F8D11A6EE84E040B20472020256F4AFEBBB74E6705A12083B249089218E6452C8E5A69717E904A3F5EF3D5D08EC1F4D4E85086B238CFFC11AB9AE972CB775616C6D1DE04DDF073B4DE3747C41FBAE6072901CAD0237100670C5A00C2C3CE06361
311
0ED824826C1F6650700E88C00B62468903A0D71D3A390255AD7040048348C56C4647413C2C2561216E0C469203EF06A5B101AD40D0E207F78B124747DB5B4BBB4E88B1C373C114E0470B345156EDDBCE1B4DBDF81DBC400746B0B54E05F693707B89A5E430982C2AC7D10DFF11D5B102B9505034B35D07E8E5F585757F088B
311
390F2D4C85CF7218E8418BB4F25B885053D07D5A908326809F31D6CC6B77CC948413B28664484439D118DBAC27DB5AC40C1AD166F25E6A2F0AE82100C0BF220405323E1FF80DFC518CACA8DE1003F3C9FAE9C7B2D60703A0004F8EAEAD2DE0F5485452D15B77B4B67F4C2403B8D8F9C533558ADE058A9E177A1698F75DC0EB
311
4C800F74C0270178C8579C1FACD025F0560844502D2BBC01E620030CB93636C1041636A693949CD80139FD15BE107F905590A292840F8860706D07E2970A2F15E5B13B87C3143CB2930374CC46A6F9B9D7A5CCCC14E11B9E879A49FBE27ADBD6DA82410FBB94FAA8487D61B51F4BE0A03FD08743C31020D6628ED20305A22C
311
2C2FAFA7ED1E7881C438AA5B9035F20759E243C51F34D0D5F02F11403B9E204CC1686C0B6C9000470561519CBE1B0E4FBEAB37A39EE4B84C05F023858779341991F36D9D9F351E7BB3B5ADF00148D9D05784F9AD8B037D48C01BFA83D4247F03BB768BEEF973A14E610090D4B96B1EEC5C5E66928F28EBEB6CF578B067DD83
311
086081579848E60DFC7684044D8174993C39F886043481F6A2B743B18749E52447CD4D230513032D20D20206E536E15BCF7B7D211634F98FF9986287F33F9A94615A5A0A7CACF8DF5DCC1AC6EF9AF1945EB78E0A2FED1DA2ACC00EF983F9A012260BD722EF61C9DBCDD8719703ECF839029010CA0B9F100B1D2842153E01A1
311
A3837AB579516A31982FD2908A09100DAE591016CBCD4B011A2F4DE299E1338CE065DC4841BF9895D8C81714800CD08F5AD39601BC929B55D291F6CDCEF2AB40DD5D98F4E6F107C47AEE4A09A079C05316F479DAF4C2BAB83221BCC0CE23FE3D3D4C7BC9AB673D89A3677D6020F6E182332028012FA0FBE0B2668FB8548590
311
2A8E7FA0BA2105C213E20BC2169211A4BABA7D693C3F1DA961F203694853137073AD5CD25F1C017DE0477626D7BA55B88F83B5EE513C41D814639FD1BF759171F4577D3CAB0C3DFF68B2D3B1F8478C18F67BEBB2598FA76A4545E9E961BACF657E0791D2373030E0EC9FAEDD17BEA7703A738185D08236C407448A4CB504CB
311
F01FF43859D3115488EA01B55078000DF085911805790DE1B41B6F8CB2889C3834FE02AFE07D85143C6C008438A944EA63E047023A7EF37E13B0903AFEA7BBAB9579330FAFDAACD540022980B65A75FBA17D388F1E6576405CCE7032D95BDA420E7DC0EFA320879E5F8B3B04C1D2D9C1114210C19FCC49DC6A855E12010184
311
DB8968109ED016E4683CD552A36B3AFA13BFC2114068935A7E774CD2C7225642B73325938052D8634ABC18DC9442BF9E0402E85B42F9F3273672DA8E8F1070405D1DC3248487574CD98092B8B956E6AFE1566530B78FAE05B4A0DE51FBAF85DD075C7E11939F80E015A58D1F87E400CFFD2306C4D1D3C634380A201545A92B
311
E01F445800BE12302AB477BD6F62600D211232EB061448A0D2B877BB940D63D059C37E0569A83DE93E214F4BD86209FF6F479C640AFF8AF6D1BFD987D029A94DB7C329B4184D4BB013BF912FB88FEEF913071A8D82B651BC10DB067A7EC52FE1B421883144C00F64FA23A11CF708BF16CA59F18D4C04B8085964B2D8DA4A85
311
5187000BE440BC816FFB13374640B0EB1D0998AF38A1AEF503F14302E2811081FC12EA6CD38A63B33035125F40F170C0B0AA45E9FCA38FC6D688D48563B5C4B4B7C359D3C7AE0EFB16ACD5E2FAA47EF8307044B4EBE1C71E84E742D81431FB06B90B600B9C239E277A57C94C427EE10E7826980C0136600D916A06058CBE86
311
04DB4D314FBC014EDAACD0820F14BF75449B70339490FE5A0491221BF95F949DF1235380E969AABDBE2D32EB4403D3FDF17F42F9A0A7C28ED75BE86BDB7C7EC80C76F86B8800F77B305EB88F00A4352E0F8089EF811EA02A3DF08F7DA008F803BE4B4EF5F41E56087099E920708C3D720916444440FDFA013D4E1201414123
311
A09290F5BD7AB729298209C4306D007BB0829FD4EC3A6D7E4F00B67DF38CA0764F832F0448E58439B952CB4F70DF964AFA74CCFDBABBDF273E2FF4F56D3DBFF2A78D42FFF2755DF307066497F44062AADFC0CC546F6DCCFECECFA232E14F408F05477D311B683A35BC245FCF8A5CD2AF20022C21022266905A5BCC8B20235D
311
6FF04019CC04058AC80023662E25F342063165956320BE50370F2A657BACC817DDA3DDD3EFE04028645780A768FE38DBA88BF2EF3ADADFC7FEACA952E5A77568ECF0C971DF32BF1D24F8486B22A649EC81B1B60315CBEFC026091CA45F858D7D04C1B437079431E63E38F880758842E780A9E03791C0FAAFE10012588C3C59
311
2FE35461A6047802BA18686887023A422A49599399893103942CF6DA53A8E387825FA0678B261F139F801E2B17C901D0F5217E07AC2401A87D0480F753FBED44FE949C93A1D042B879FCE499B3D861AEB23F9C1F372F0C24D0B7D6E70FE1AAF60F84BAE642D82F0A9F53E22783915518494FDBC0AFAE7DA282E5050B703570
311
E06319A015E00D693A6BEFFAE493941C3B08C13B96BD20D0115A9565701DC58568A3009DA13E965765C03091F0FF339F7309D44F6E61F837F1B1FF920450EB8FC48F9B40158BE89C81A597CFB0DAF5F5755D3886DC13D4479599B583758CBF35663AA234F133F91D3BCCFCE0A794367F385C59B19431780F1C099131384056
311
616E15A1563B50021D369C593FB292685A68A8B2A50A0A2085CF05434617E05FC24A6B077B990014421A68401AC4D65788EE25F737EB780D08A6E38F060F2ABD889E1B889C44852C2FF368C1E3E710D73B6589EA83F7417B341ADA1F639A23D15298F087AD0326410E116C3A1B325218433C71AE62C07C1480F1C045629724
311
A076A4BB8D622D24690486727F56108D07046DAB065000678E04C4F8C342DE27F4AC102D854F2D08D59B4ED0E4F697B0FF62F113646BC5B7F3131D4EA8BF8B265EA3F2026E7061B96F6DF3D993276B2180B8E57067587428579460551049049B074CF8B1066C7E14C705F0B39298C0997C17F701097023BAC3108139019680
311
1FB0C2A12380042927503D5A01CA127F9841B460310639C674BC8CDF1A320501448E0068905B07F6E5602F8C1F07786253438CEC51AE61FDB25FF71B09893AC026A9EAE3F30F369F5D5EAEA5801FBAD3C98B38C13EE017B054F81A56F05259DBDA64FE270B1FC4C77200FE276FE814B916E222575ED717A62A929565046052
311
68408CFE13FD61F84252228376060206802B9550F00B9D47E6AF1022538A752CF4FFF1F5931384A9FF8700EDD4FFA2B93FCBFABB3EA6C607FF714B0B8B04EBBE83B52B246092AB018C0D0002FC490849F1E214AE6FC42009D6D86616C835B65DB9862EFC4480C14137603C3089D0A5588FA27E693DD184131BA4E88C35045A
311
CEF1CDE1A82323C20B842F2419604821196EE8185BC834AD44F8E9B7549A32900196E9ECBBE20FFB4706861AACADBBFD9B56A23FFD3AB8BFACC18B1B5AC0ECD7B6AE2E2E9CCD2BE8AF1B1BC3A813B94107E82DE67A42E7CC7D4A6116700B5B2EE3C338A09B840F07C40A64800D7C605AC42B72227C4C7020AB1F20056E26F5
311
42717F56534261DE3766AC10A6ED2D006DD03BA9DBA507AE0510A8B385C92363B9154167F1230C40D76AF6F3BE0CA08F8BA2FFBBCEFB09D0986550E0F0EAE2F2780CDF850CB0F88CFC2815FE87BD83909F474F45DD47F1C821DB2107A8817FD45384F57891B65F2543D0C1E20A89B4A8DF806862AC27C60F6A054627FD3442
311
50718AC0FA21CDC4E28DBF2650D1B39D8B8A420C348A4F846E2BE824BF8C45E1DB8EEB52F576F47A75FF95F90FCE0FD3A7A08D48D5B9AFBE3EA658E1676FE3372FB57F0AD8D70ED4AEBA3D4C2BE0AAF1C3AD63A6004D12900CFC481A47430C9EACB390038642C8C41B13303166614210592736B8603AD4FAB17189DBB32F39
311
15F0C380795A089A15228460BDE8E52203527D41B5470901B088D84FF8B3FE2BA7F4FD30ACAB3DE0B7E2FF95807AB0010FFDE3A048F7360F9F3FB9380EE537F16F8673131325D3351A3F664022020811A0FE8C019CA17370725CBFF64132025DA1BE2555102212E80A907FB43ED80A991A8AAC183932C19AE17524B06590B6
311
AD286EB99BAD18FF4BD64BAB519202F992A963648ED30E7521F909F090C0213E367A77D8836BEB6F34D92EDA624183070248351F1A079E5D3E7A9EE81F2CE6678F92E299EE312B6C0572C0A7B5EEE07853612403813152C7125E2022A20C18F855DBAFA399817FC97FB6E1CDCA31D348434ACD0012F0D32A5456B4007E6E92
311
D72B1A4E9971223A42C1042819E4049C0C5801300C0013FA48F8944FBAE71DAFC27F1826FA2304ECDF3F6C10FF47D5C7E49748DDD687DE8E91C09394EE0682A4F84CFD6067EEDF43E67EA46CB2F4070160439245F00343D03BF25D7E2F26FC400A896DBF19FB8D4D0A66DA669C3D608F9CD048A0533621B25690EE19D5D152
311
48E390F042B12C682511B02BFE3E5700E4C9A9B2107A8F45248FA48234FD23005ED1F4EFE80D1320836F04003BF42856D478D1DCA3ABEEE3C68F9F30C3A16E5C238EA5DE3FF37DACC2F8B7980033F47FAC34421EF0418A045394802CE032D61C70023D788136788613887C0011A4EA316E005718AE191F8D0D841B9C679CD2
311
FC478442D005429166F5A24403B1E6ACF3298F388B6D0BA933D92339D48969A5C11F09B4FF017A9900A4F887010C474717E10F36468032FF33F4AD610517777104CD920C3CD15FC5F3B3A0C75BBCA3B00F2724863C10BCD4A0E00736C7981F2F72E4B001438B99714FCFAF713A2603BC710376A1715FC602022202E06FDEBB
311
C680A3DF1C4C095A12C50B554FE7623B50374FB2129DDEA4C392C9188077658C87F55FF92FFA507FF03FC8DFD3F31BDAB46DD51AEB03F7E1B38B8B87CFF47EA1479C3EBAD5C6B382C221C0F1B358B39D76D9D3142C4A20935F541E492E0EF081BA41B3620A8E172B584EA1485632E22A8221CEDAC6110AFA4B6D43E2B76A18
311
AB240BB24337721C9321D2C033B2D3E2641A55A400A28403C12D1DADE39AD23FC5FC08C47A64DC3FF6DFF76B5235124022D7E6D6D5F3CB870F9F31C96FE477FAFE54100068A3A87FA5908A2C08011CF31309C10025B089FEF9C510522B8DC07C30AA469841723A10C08E27F00F7FBC181C083F2809EC3B2B328E294AEAD5A0
311
71B3A95C81D2DE3F930372D022C9C793535B92FDAD5426E90490C3C81D000017C6494441544698C416520C1C40C71FC204B22448FD9303782FBA67089A1A7D4CE38E89050FEF5F1E078A4DCCFADA058032C34C1CBC2E1202B1F8962B1A8024F0EB7A11F209E96FB369D4B64202FE7BA230AD24C46413536EAE955B341B726C
311
593B5D4630C0BE822480908522B0D85430230352618DCD4F7BA6D568BF4343801480006658EA3EDCBFFA9702B4FDE9022163C43F9B72B58001A23FCE6F0B3FF0E4E1DDFB9801A6FC42FD0132CC1F2224F89933107AD30B6C9131A53818AE944BE25A70810821C38F098411980E46D108F483DC63F49B91B852351604091D60
311
546702F58A3872A1716411B642C7629C267E64E77719F46B0548FD6BFFFC86A38DBFADFCDF700228C124C8664FAA02BFB1F92B09800876FCE4F2D1C3FB4FD0A44E0106A8DB8079751CBF0BD9340066C3D52BC64706467C05B5A54401BE4A1B0132A55EAC1CCCB10D378A3DFEB9812022327745EF2102886A9142C812A1A2C9
311
708027BB55B7006357459F9C2080E0BC34489FC629510F3017B62D5073E2A2C64048A0A42580E413BA9E08274091A398EA80B5BF31C87BF5ECF8F1C5DDFB4F22AAC181F070AAFDDAE5650C4000516440D8806786D874215149E69ABEC43FF0EFC820FEA112B0522003C84BE03FB76623513B6D840820358B084119B0CEC8C0
311
0AE888826339A54091F5FCA513AFE147975BB1A86FC50618D9D74502F0C7C8815AA306602FEE3A5E79E0D7DED1B221001118B73182CD439A092FF801105D1AA14E1918EC282F6260869D55108065988BD67F68E5581720A708051F7C8070F582389C682BE53F2AFD85853F2A013D21564028E06E79B7A71E43212180A81541
311
EBC88F451E02385100491AB0C4A3BC5309A95911E66D04C0B448366988ECD204C2FC930F8CEE8FA410EE4C25B58DD1B6EBAD83F6196670F7DE635282C0A56A851AB035831725F0471A10FE52097089C80495804100318405F0DFC2136004B4C40705EC9154315129205EC357930035688F61AC02188250CFA9A980233925F1
311
6A117A48CA54DAB6400221976B75D863330942E20EE3B00B08FBB71AA813B0E502FD2B023DF70114E0D7DF2E2EEEDE7B789504200112075478F2FBD6897835C91F0C20782401E801A2F9142700B74805703426023A81CC0BE88B537D0003E0C5181D29EB8D83050964DD2580910A1E7A8138F76253DC01DC2F3824391AD748
311
276C0B0CDF12366625D038603D0003E0266CB42704C8CE7FA7F11B4D59C0BF454A78F8FCF1E50513715D469607031272358F04E0003C90107223A581218F10008B10247CD20D860FF0BF48801040B361808148714764028EAC137E871501EFDD97C89B52107FF1235B0928C562530082573CE137840EFEF82A0BDC602736C5
311
95912FBEC69E6A3A26903B3A300C5A098A9E3F1810CDFFBA019D97B4E7A7A075850F2E92569BD960CA7B8304995FD006FC4213BB1448A6F4BFBB3A9F9FC4962D0A1369129B10073771FEDA38B1737B663A71C088D8848027FC3008DAC4E4397A6F76271DFFFCF77D6BD7F1F67DA51E0E08875A6BAFBD6BD7AE52CC04A0B4A2
311
206F650EC412841A48258258E8662C3838FBE21E25172C2A15A4F78D82DCF68A005DCF07047C183E1CE47731BBCCB5469D9169E0D588945BEB637E87802A03D88FB82486210D28FB3B858D13DC7CE75F5E6F3B03C1744D30CC58C7C7A256146853A05243060B850072A7010CA47CFBF9A1E24F414037B8781E8E9F219A774B
311
36481CB43E48A79819D638C8760D672FAC19FB9D3FC5EA9158DBD0159C27860409682E8FF2595652FE189D2CC2D7C023E944158355806FC320087CC74116030CC376C559C098B93A041C5DDA48AF33827D2327DC761D19C17CC62780D82A170E6CE7415A5E7FE825E053048F88D2AC2A561CA4D4C60098DA28EF1A01382772
311
484698F60C8DD24BF396EA76260542810A625978C03580A9CAB91D10249BE579B0377A3DD15749A45F24C4D81FF3D7D7996F6A1690288008C0FF6CC186DA9D5FC95BB09B1301004B016E707FDFED306A1BE8FA208828F00BF342186839839F1F6FA338DC5A0200FF383DE92614C03A4508DA18F4D85F9354F7E867AA77A42F
311
F49BBE6757A1A7454448D0BFC3C220714FE43A3D8F1547BE10F0BC5A05985AC3C28829A06FE24CD062700601F4AF12AF99099B08E7071DC4626A97C920C3FF96E190C9D1FD7CB6163E800D79E5F3F10A9306C02B799E80F1AB380E0571A584C0370A220C3125000B500900D96FEA40409F980E2083E4EDF4D8D2480AE56672
311
22E020BCDAD4EF19682120818FE18EC7FD6AAD67C03F7DF1955E697456F517AC4F24700C30171C67E9168B109A4F60AFA60F98BE30941BF776DBC7C70792A2FBE98AAA97224F8BEA39B47BFD14A8CD03320DA2B676E3AA397E652E30A42CE2987B7DA1EF7F75242413800A04C0270C62A13372400B435ACD84B8B5009208F5
311
AC73EB149FFF3508E21C2201E0338BE07E50EB47E7FF6D97724A601028C5519073E7978EC88834410450E074DD58AD13A4900103A6444A9CB99103229F0EF8C0C78161EBC68137240734CDCFC349807851E0EB46CE864D2E405ED341B71A390CF2DE20CF5193189E1901E866D0230409684B193D17E2928534D04240937D3C
311
84477494FC5E0FE0B448E35AFC19007926C1C6A6E622FDB8A12E30993C6710E070397C4B26304C0AE38218D19F01FFB15BAE1C0E7E74DF75F2406E373C414E848FF8E500EFAF3C1029C9C0ADAB2313A7426CA9B2C1B9E30032C84EF31A09A88A386F136E8C2F1D582EA0459207015F10F1F001F0B1B7DF7222011EA2001F00
311
BFD36BAEE0850928B08C077030FE3806C880EAA74BCE0863A952812E6008B3A89199C1EE918AF96AF583F1A073B0A355B9D861AF1460DCFB3BFC6B7EFDC834B09700CBED3510E48DC7129041C991F06BA5006CA6B5B34EE21501374E8DFC910042036111EC9C7CFA1C05D48A7270F7F835BF04A4194DA4CF76CEC66718C84C
311
D020D04C412AC848F03E3C61A1C8D50D0EA6838A00376054D3DF61A0E393E1F8B058A6C994093476D601A4A06F0CFD3C0A6BFA910E75CC10400A80FDA93AC9B5EA4303F6C0D188B559086091CC5910137772E14F2376D03181B5CFE74C0EA38440D0AC256D6C4D104CE05302FCC00B60B9CD4D71E08BD40C144A025E60D4C1
311
F45FE846A2105D717EEA84808A5DD90A168E133640311CF05DD870768683F5D2F1800F485AEBE5CABD8FFA3C0BEB33702493AEB551B1EB035EF5C8E5757FA7832141F88E8578A363802B560007AF93D7D470B478C4D00B412D634C9140C4F9275C00DCE8DFE3C7F8C0AFBC5B2CE82E3C3BDF393D4375D50C43CD1C17E3777C
311
D2C170725B7B42B41DF15BFC344DAD089C1E9118522B4A2C60B794E4E8F33081BB7C8CFCEEA0B2015E49D586429C6C78646180B7710E06018A3082243C275F077FBE412C17DE80D3E6B9462C5204C5D980D1DF84A864401C483CD01B143F4A4868087A0F780F37230200A4FBF6AED325114C367C22512750A5C7C3E32D545C
311
E20A0904183BA10015DCAD89864B3E1EE97EBAE8B204266A48E010511838E2FE413FB116E60880C2D8440AC3880DDA6DF6618C138CF1CB2A09637E18D00F80CB0DC05322E31EADB8081C29410903F06BFCDF5AB46024E4A75828056440503C707856EF0C037623DD4922A400E8A6BD75E4D2800905F18450A00CEE88860C89
311
64C7B3F90F56528BA18F71CFBBBCD2D05797E168FC37DB26DBE0DD2EAEF39686C18440820013C1444055402A541400DD362A0A402F1FE51246404E098249FEE30708C10CA0B54601053159480C00BAA9B1223A773234FE72FD5C3BD81804D8D196FE3D5315A0C981D88D04FA01DFC185CA93F9120E1F480B08063364A0A318
311
F08DF95056E4C91F1150D31B011200383502E079EE43CC18603AE2F88FD139C802A739F208E88D06DC78267C448C27C4113C19B0F51B0E9C1C021CF8F9167C6B1F2E10E461002910105D1042792D1CA303F469714C018C23D72179E165049C40E801CB96CF334562E5807291D1E0C70FE6CAD91656715F0E5C5E70F8D7F832
311
90549B1BAA6F781D25180EBCA93EC84E72A74081CE3020789B3790E1A9E478E658C099BECFF01E530E80EC5FE31204ACFF70AF8177A03059240CD074978A002A878BF883FEEC81DD684E406CA630ACFDE87292822A11953710F000885D6F68A67ED40CD772B0828359B753F7CE23D9479AB9845771B389D6A77130F8C134EF
311
C83947392029B10E4425440A84AF0E54825228FC1634D369874739C837A9DDC83C20D320C36042610ECDFA750303710224D01202488012CA847424F8D53F78AB6BECE9B3B35A7F32396AC6B7444566327DBB4DF06FD9616744F4D3A397EB3B0A3FBA8D763702883ED742FE5CD24146D8E353ACCF811C806AE09914D8446E93
311
840FF4D6C963FF32BFB6AB015D1D3B0C9A0968776F021F21404B6260CF84A14F35180CE20B5E85BDA2EC91FD5A7DBA7E5705F4F0F97AF26CE18E3BA078138202400A62930FA6CC7882F911A92F33E547E64990B0F27323D73B6222863F86425153FA8009361C675554C25382CE148420C8DCC47A20122806CA178A0918C14C
311
BD33440289078A00EC6070184CA9907FD0A1270478E0B325B67C2193694EDB7DD0F3C238447C8A11485562FB4902134E6AC952FD5320A4F7C780882DA9684285CD81D278C0E8FF8DEC9F45D22DC3C2CA99C2728110888799575B6834BF22B0F01EDE72D7F21B672C40F0A972999E2200B7C91403F9BB3D09C01990819238CB
311
AE5E7510D7D57450507E3DB04AAA0A3C280064E0775380C8C16EEA4834346A04BF0CE847B4B3AF760D06D24BBB267C32E2C9257DE5EB748AD101AF1FD33265E2B674EED8C01A0AC901392211011AC810560F77778E85B13BAFE3E25C95B70919A4862C15928BD8989664AD8638101D009A80F00BDC41AF27602A4BDA0C077E
311
550048E7F1011410F01405045E1C140B4D0E70E0F6E034171C3D6FD12004FCC1FA304312518910356628A4A326EC9ADF5DFFD1B2C0399503F14B4F8E3E0E4E39A06ABCB56A8014687E86E462BDDE5124615ECDB412B7314F62E6E0C76ADEC0F717B360E741960104CF1706CFA18E0605004B01AE007869B095ED92144A8078
311
41EFF2811C047889A04901C809062057192688C92346F97F279449F89B113500BAD282D1DA80A55C27EFFE02C8D4F395003F285B617BBF0831F49B055342DDDD414378E8888E92C16789F269A27C9A221FAA4A0DFDDB9F935B2ECC04DC51481558A69301E0460B02665AC4DD30C03D480866C3409400051811876014C0F294
311
C542821AB045011A3E3F09001FF304E3A0BED05CC11A811B865001769507FC01ADC611F400CF68C7B093606E30F3C7E0F00C1D10C31951C1E2D7252181DA00345842A19130715C736EC9ECE686A712FDB31E4D3E50AB336E5666D7B212C0113C4A4406029709B43D0228F3FBAF49921B19CA0C82A2D5BC4A2079809240F37D
311
3E10F9637607C3983F0458508A98B8B4EFC92AC13530180CF55359500080061DF59B98BB3FEACEE881DC8127F182A885A86FB12B43C590A4380504E32305E3148BBEEB2D2782029765428092545BA5C2C681FC5F8E869C0EE1034A822FF09A12C94084505AA868080303473F8161F7AA0A6610745E280BE4427FB770106F88
311
00EADABA19F453210435BDB2348471B13B65F2FCB554827632C4C44467333E4127095D22092ED492009930413251B5408345065065E415266E20279A40B3F520370BE2050C8360E6BB4601C1673B9BFE007EF5200B6483CD195400A783E6DEA0653515B0FCE8E86D1618FC1EFC15C2E727F24F2A2DAB57326D8D0877D4E298
311
894E7A0C3C7D9CE8A0E2D17AA2020FA1097D6372F2A9F955060FDD467AD0426368C24A8340FD0D6687A76316DEF5179ED9042005A2BF02A5DD810A4DEFA4A8F700EFC50FF4FB8C06410F0303C106ADF8852ACC6A2CA9046E9ED070739339857222CC009E206479886EA26227BF7A341A15C351A8404A6C10080A2140FA4B4E
311
8D9B9A11645899332363FD69887F436A660566964250FD752E787B64BCF8E6C8190DF8EA0C854C062D8A5A1346F810414313E606ECA0AC3A01D6928544029D5F42E202C0CB386F880F7842A31287061F32F3CBE09F2950783394F2F2B23D85386C6F51943E99DD10C8A0000BA9569A14805693274BD0E4F4DC3F28E331EEA9
311
1C4F33ABE057889BFB92819187840A08E57A276A8BFCB75B0342668C70C565C8059996D209C2800941A21FB82B2F520BC2E6FE6F1A8827043DE17000DACC8193E78BBB8DF1467978C06F6AFE986123E3A95272CAC122046F4C65C4B88FED2F1CD1D918F7CDBF8903BF1A90057D42F4DC133AF804ACBB58446A0DB78806FC05
311
3FA1E45D0AF1112613CC0DD976C5E70AD3282F42725C0D02AC8588DE451B1C01ABF063E7748A3882F0DD484BB78D037F9812240EB88B6034C0AD53E5116D4C6D920C6A89F084E6D0598AD7EB6930CC7B293E27A666E5CDFE9A3FA52FEB3C97976FDAAE9A60008FCA6B33099CF9880D35D419FC687D424378E3099441E110C5
311
B3C6DC311E6653514A67A530D863326C4D8430E0C28024803B5B069B0E60C10EDB6DF087034171DF01F1F3404B27B1056D8C0E56E7CA6056E7798147BE4C2F01CED5987E413AC6A724876DE3F599E0601CE7B9CEF3BEB3671E12DCE8AF9631B8031D3F360B6955DC2342B2A0E4632A00264C0DA002220CFEC3E10D9BADC890
311
4D88DC51928593AA16C91DF6FFF82B3234404C7214D0F8608E0052283EFB2B0563F1D072936C4017706010BCF1B16CDE0C1FA9C777E44E1F5259B0C9BBC8794A82A6C182A3AF56B16921405351FDDC91B5BAAA617860E8D76C97C377FE701A4EB4378FA97C2C8E3CC8950886C6FD93AF70A1F5F676B7ED16CBC56AF5D09110
311
EEB8607CC08A795882358280DDB98AFFE7087C6EB593D62F041CDB4018935238E73F1098100D0C8769818F777057F64C703C6530E142FDF5C837AE1CF66C94C4887D3A3726AB990DEA248F73B5D32C8E04F6714B1E67C53FC52040252E605B322407CBF8C7F05453462A295ABF4D95592DDD76AC23512E9A2DF964715C80DD
311
752CA8E263AC36F02C3C28A133EB22AC8D099BDEFDE28C3E8FFEE3815D5D00C17C00511058354D62443C1A546280E43572A9C661A34FA5891F8E7570608C8DF21DF51DF9D2A84D4501F41B8CD4F4C9DEB2F901E810C0E4CEB6EC08DFB06341C864CF8D0EEE779A606545E1E64AAF30A4324C20FDD3BD558BD966BA994FA915
311
CD162B1978642AD01694E533EC190368A68234657085B5F88E27A0805E04B8BB6A00A51646EE3C10A50FF007FF410F1963CA69BE2002F0F902E701AEC995FD41F83A3F0C3809A3288A083003A6CC2A20E6D703EE48E3777AC07ADD51EB6101603A9FCF17B3D5928F6D742EE7E4CF38AE2B03C5FB39C81D7B2978FAFE85AF3D
311
2710B0582C970F0FEB0E4D1103B8BE2B4D560CA10002FC8F334C891C07B44FE06B2E3ACE5E1E2D1FC32203110ABF9CA0E8381F68EC3C06701328E5A38278A5FCD944CEA5283DA933DF2A2448BD23F1C5D8BE04CC2DC3B43B3EEC29F8B5FF926D11D3E97EBF7FA1BD1E5E5F5FE6D3D972F548547783146ECD84873F377C5820
311
F7F9FCE5E07378D6CBCB7E036DF7F7104079A05B77C6942D1BA95D47424BFC3DB6411009A42E207871B7EE9B06614BBD20F22F7523FB985F3F7068E37600273A3ED0C1CCC380F6EC4AF01CC1CF95E4848B7BF950AD14C44F10460221E02D21D01DAE800F323704C00035DFE97CB37F797D3D1C0E4FBF35EE1E5E9E0E879FBF
311
3DF6F474780A01FB3DAF01FE0C0798218007C2090A3008BA7682A338F4A8804A06CBFE6A80CEC766F49853F15B2F45FCEA3F8250012841315016E75E797EFEEC4ACA6C79F515CF1738F7C36E2406071051043817C9E8C5888D49D0332E800062FF54FA562BF7446CC0BFDFBF8603D1FEFCC9F7FFB5A7F000430755C2D3F72F
311
2D02A022820897ABDD44594475BDCCA4A10AF34C06B08B4AB58BBFAE30999DC66C7CE903A83CF8EB006EEEAA063430F84B05F0ECF644825F5E95073870E72A0771AB89B080022A0C5A9FAF34C89286257FB7BEA000EC65B59750C68E0815B0D9834B15606328F80709DE09018AC2A7817F83F96DB3D562C10A0A31300230CD
311
4200B87F85808BAF64D04600254047F9C14DE93464009E7F5AABB4FDD6D55142A2C0BF1541FCE19C20C899BF4F76AB54B84CB97F88F48ECC029FD253F0C70DF4816B9AC94BCBD653B1A283C4001A0337955E4AFED3FB790B6B1F5EA0B5514074103A38D84280EE0F5F9BE974EAB2D16AB1EA969684B6E4166CA28264B30047
311
4C7308D20013B204A65F82970718D05678B3315D442E1C0A327E2F56556040C005D2FAB1326A68A07507C9E46A3648555A7080F5F50219A00E6222E3E0862CE95B5680930530742F1D041805E69B788161F015944D041182B861A2C17F3AF01CF5BFDF6C343F9171F5B004BF59C016719164B888EA206A02AD05E8464D06B4
311
8E4381A0E9345FD171625AC22198F57C003BEA5510F81FF78D31C9B033D0030000000049454E44AE426082504B03041400060808008D56245C28BB58AF800100009E0500003D00000034424146394336442D464330322D344246302D394545392D3045453039433145433443342F536368656D61732F436F6D6D6F6E536368
311
656D612E786D6CBD544D4FC23018BEFB2B96DE15493C78601010A34B880709DEDFB52FD0D8B54BD70DF6EFED3AC0B12E6442E2716BFB3CEFF3D18E26FB440405EA8C2B1992E1C323095052C5B8DC842437EBFB673219DF8DA659866649B798C078B48AE6410122242F2A4994AC7F93815DF85C049C8564CA0A901499DD886B
311
2EB9B1E02448F358701A9235880C49A0119892A20C89D1B9FD768815CAD268CB5E0355B40B1E47F3E37A2020464BED06AA57CE8FCC20C3C3446D46761A2632A8C1283D07031EFF2AE7CCB1BFEEE916E406DFAC8E36FFD99A9D60A6944090EEDC3B670C7DC13DE86B6B2C5C240D6E503BB85ACD579D513F1B9F9A69DC9CC22A
311
FA80C426D40AF0B21EA168559156B6276F0F726A6BFF04DCD513A87A62CAD41FB24FCB2858B3952E3D852084DA25B9303C15687973CC8E8AAE11DF2836C38C6A9E765E8C1BA1BFB1DC29CDFE518C8B5A7655A4ED7E77291ABEB80DBD82EC866ADE1B8D05AF9E35CF09D7A061F38A986D9EC412B8F0F65E5D81534D9B231D1E
311
5A8FE577A241F3A5FD01504B03041400060808008D56245C670136ADA9040000B41400003E00000034424146394336442D464330322D344246302D394545392D3045453039433145433443342F536368656D61732F47656E65726963536368656D612E786D6CDD586D6FE3360CFEBE5F21F87BD3245B0E2D90F4905CD12E1F
311
8A0CCDF5BE0A8AAC24DAE417C872DAECD78FD48BE3D44EE3B5C3E16E010EE75A34C5877C48911A7F7E4914D9095DC82C9D44835E3F2222E5592CD3CD242ACDFAE22AFA7CF3CB785A14C22CF95624EC66FC34BF253BA626D1BD488596DCBD8F2E6FC6335608B7F428D258E807664080A98384D9E75E22F16B2CCF05D32CE502
311
359492C878124DE31DBE89612BB196A934605E44F272A5249F446BA60A11112D589CA56A3F898C2EE16F6B136C595C7AC3C2FF076D3D808BDBC824572211A961A8D96E393F7AF5806BEA91EDDFB1ABFB769EB08DE8BCDFE27EF98E9DE0ABCE3BFCA1C54E8AE777ECE2BFFC92A94C87EDE6A9111BA1ADE75C74BF391275D33F
311
AAC5FABF89F1D33C9836CB3225980B2A479BE96A4FB3D59F821BCF11CF1FC55602586C7191D99E2C9C0CF2B8A662E3484E59466361985485D7E248E7953C01F19DA23B9D256461B6E09C40FF02D1DEA98C19EBAFBA4659184B7D47DEDF22E2F53DB017721B164F5B845961697F0C699AAC2410982C385725A6361A500F59CD
311
848221F103A8C1A7CA84A55F407794695C905C688E69B111550ACA946B9B4785FC1BDE0E229240B62665328986D5B32C400CEDD88188F35AC25EBCD40836F47F35E5C0EA4B6F767B50568CFFB5665C505E2AD5EA8A9997205F50A2350EAB32C9294B0024108429953DF32C4D812E226658F78A490408362A94987E6F787DFC
311
BBBABAAEDC36758ADEE9B58B41BF0F35D87BB1E991E02BF0B513748E6C0AA2EB2CE56EC68E97585643D82DE284E51DE03E4E22B00738761F1E66E1616A03EE093B0327B6BB9797262B0DCD72C6A5817ADAC1C3C0A3909CF6639B404D18B15CAF4B3C09CEAA4414BD5F0723F059ED37048E7A64271711EDC9C5230F58FBDA5D
311
E00DA512CF04BA6671A0D201A83D2EC81D2EB552C7E5CD1BF9D6913567B2CD53A659AC362A2B200B440195E2ACBBD167A32A86F7874F7F00686DB55D163481DADE5E417E979BAD827FC6B2B0AD8A6AB1567038E466EB4B10C4C2F3F71196A09260938125FDAB8662456EAD68AB2F7C1DFF709C874887B76A4355564F017256
311
531BF73D7D754A40E23401DA38EFC907CF8D8E3C1E5E7505D8E432C60BE1EDA01E5166683F169B6EAC6EC046153F66C2BE0679FD3F407982ABFA28F92E0E457501938D96B12090869079360D3F947CA8BBC3D9FCE1ECF3C676C9BE80EB67CABE004FC290F8E26BE6A0371AD6CE66781C408A1FAA8CFFA63DD93A94CD5E1F3B
311
A6A3DFB05B34E1247BB3949E3C332105035203136EA14AE89FF99E3E0B3C4EFE65C581A3A3D2D0EE84EFDB22B49DA31A07059E69B81628A8ED1228B63E42C3D840C3C01F460D1F331FE199821B03F22CCDB6DBF074B49566B12C3B3626074EA1B130B4596BDBFBB642A835954A9509E5769234228129889952870EEE13F494
311
954AD7A27EAD09411BDEEC5B6B6AD752C11509F826EF4007E86281B1AE63750FD09DBA87A34EF4CE2A75F3E85960004EA6B519F4806609E8C91CD18380BD81691D9F2CB5730631E6DDBAFBC30E96D3E1D3D67EE8FB72BAD92AD4C1FD3CEDFBD2681858ED6583CA3853294B80AF67AECFAC6418D08164D5FD1E52E8B546BCC7
311
7B87C6E9D1655FFD384FB26A28AADD82E04B9C64EBF78FFF00504B03041400060808008D56245C8DFFFC99640100009B0300004500000034424146394336442D464330322D344246302D394545392D3045453039433145433443342F536368656D61732F52656E6465724D6174657269616C536368656D612E786D6CA5535D
311
6BC230147DDFAF08799F5FDB600FADA20EA430D968A7AF12D36B1B481349529DFF7EF9A85A718860DFDA73EFB987734EA3D16FC5D10E946652C4B8DFE9610482CA9C8922C6B5D93CBFE3D1F0291A6B0D26A3255464182D920FB4233CC629881CD49C18508CF000E3EE309A100D61622AAB4A8A33B2483F11CB639C545B0E15
311
08438C3D3C0361192846DB7ACD198DF186700D182920B914FC1063A36AFBEE8FBA03FFD3CC1D1F4FC9E151A2AF59F628C5B7821D83FDFD3489305080F2EE04BF962195FB285E9D2DD352320A9E827AE357594914E42B1F5FE35F83688F60C4C91A6C946ED0668E8F244BC2EB0BA6E3BCCFC0B6A4B507F9F9F8D51EB315D9BA
311
9E08D308E89F96931666E577837E2B4172199C68C4FE306156D47DF51C698C7B9D97FE5BEFE2190C3C38BB054E6E8163FB039CB4B993C80BF18D969203116D6BBD26238B821F9BB909AD6D9C71B85BCD8C33D66FEA3D31B4BC0AD45BEA46BBEDDFEC0F504B03041400060808008D56245C4BF97FAA51000000570000004700
311
000034424146394336442D464330322D344246302D394545392D3045453039433145433443342F4173736574446174612F41737365745461626C654F66436F6E74656E74732E62696E536160603075357335717234D3757434B3D435713437D7B5343570D3757671333535B37474B330311202AACB4D2C492DCA4CCC492C28
311
484D2C4ACC4B4E050A82012F90744FCD03CA26072767A4E6260200504B03041400060808008D56245CC55C663656000000680000004500000034424146394336442D464330322D344246302D394545392D3045453039433145433443342F4173736574446174612F53747265616D56657273696F6E5461626C652E696E665D
311
8CBD0A80300C06F73E4B29FE6CDD8A2E82A083B8B7F209014925C9FBA3AEAEC7DD2555D896CB85E51C2A1BD834F6A1F56EC4494C4695278364ABB24ABD2146F88CCEBB89D5321FF8F3F43D672A3B44DF3CB6A1710F504B03041400060808008D56245CBFB7ACCE37010000A20400003600000034424146394336442D464330
311
322D344246302D394545392D3045453039433145433443342F4173736574446174612F636E782E786D6CCD943F4FC33010C5BF4A6489318E13F14F95E30AC1D209242A06B6AB7369AD3A76645F107C7BEC3603A888A943D7D3EFEE9E9FFC4E2E3F075B7C6088C6BB96D55CB0029DF69D71DB964DD497F7AC582A19BCA71F18
311
2B1C0CD8B25C664A6E839FC6B9D4610F93CD556BDC7E2E3EC488B4868DC5E7FED13B42479115DA428C2D8B7A87037098C87718F7BC03025EF380D14F41639A4466C079920E08841D538D686E4B5197E27A5D8BC54DB368EEDE6595492537DEDB99376959F0E35523F4712F5342561950720A66A6F26B98FA4B25DF1827AB44
311
2A19292457E60EFA1A53078CA3351A289957794D4865821006591D6125ABECC22F2F9EB037CEE496559206E4C34B1288810C5EA027FFA93DBF372B17099CC64B76E454E3F97D783DFCA2B7632C0FB9B9BCB49C6AE4C6F567C84A753827293AF9BAA86F504B03041400060808008D56245CC86A1758E6000000600100006700
311
000034424146394336442D464330322D344246302D394545392D3045453039433145433443342F5265736F75726365732F35453645344241362D414136392D344137372D393530462D4344463535363941463834322F7468756D626E61696C2F302F636E782E786D6C4D90CD6EC4200C845F2542EA318144FDD3CA615F624F
311
BD54947853B404233055FBF68596C39EC61A7FB23C03E7EFC30F5F98B2A3B08A795262C0606973615F45E1EBF82A86B38644C477981882397015CD161AF64425766BC3AB29BEB9DE855B37770C989C7D8F611783F526E75564FB8987994C61DA30DFA6CDB099E62961A6922CD603EC0EEC076C42C3B809BDA8E57954F3A81E
311
2FB33A3D2DA7E5E50D6423357C10F9CEBBC098283E2CCA521D43FD47816C8086925CA75A08A1EF9E0359971A32A79ABF43FC132B6462F4CE1AAE3549B28C3C5608CD01F21FD6205BDE2A7F65546DDDE85F504B03041400060808008D56245CA233C2345D000000800000006500000034424146394336442D464330322D3442
311
46302D394545392D3045453039433145433443342F5265736F75726365732F35453645344241362D414136392D344137372D393530462D4344463535363941463834322F7468756D626E61696C2F636E782E786D6C4D8B490E80201004BF42E6EE76F3C0F216234B883063108CCF170C074F95AE5473F5C4C06E932E4F2860
311
1967600677D21E9D8092EDB002539227A2FCCB80E1168D80A6417297A89C5D6963B7129A0D1E8F2EE73AA7B62BBEB8B27DE50B504B03041400060808008D56245CBE89762363000000880000005B00000034424146394336442D464330322D344246302D394545392D3045453039433145433443342F5265736F7572636573
311
2F35453645344241362D414136392D344137372D393530462D4344463535363941463834322F636E782E786D6C4DCC3B0E80201004D0AB90EDFD75167CCE820A4A845D83603CBE602CAC26799919AEEEE0D965E2E908050C6D0FCCE04C8BC355404EB6198129C92351FAD580A10E464065907C8D948F8F166375F655BDC3FD
311
C3B4E530A176BE7057BDC43B2A593FE403504B03041400060808008D56245C1E576B217E000000A30000003600000034424146394336442D464330322D344246302D394545392D3045453039433145433443342F5265736F75726365732F636E782E786D6C4D8CD10AC22018465F45FE7B6B85BA09EAB09AEF319A1B92D3B0
311
193D7E1ABBE8EA83C3778EE83FAB476F9B5E2E0609A74303C8867B9C5C5824E46DC61DA05E8914E3F6770314C6D54AA818945852CCCF1D4D761EB3AFD4BBF0D8211DD8402E9A61AD19C744B72DE6B431F87A339432AE4D47CEC53856A5CCAF57B6E6D517504B03041400060808008D56245CF16780440B0100005503000034
311
00000034424146394336442D464330322D344246302D394545392D3045453039433145433443342F536368656D61732F636E782E786D6CCD93BD4E042114855F65426239C04CFCCB86610B0B2B1BB5B243B8BB4B16B813608CBEBD3052EC26765A6C07275F6ECE3970C5F6D3BBEE0362B2182632504E3A081A8D0DFB892C79
311
D7DF936E2B4544CC2718E982F230912A1329F61197B94906766A715575361C9BF880DE6378D107F08A74DAA9942692D62B554B4603E9488DCA8A0E3442C2256A2813B2F5D026E8082A832172E4E36DCF879E5FBF0E7C73336EC6BB37C12A29C53BA26BBC0D1922CE5723D7588EA118E28255408A25DA46D514449EBAA3A50F
311
C10A2145CAB1B4D0C8FC351752CDB3B35AE552165BC11F460A56C39E457E8400D1EA4BCD7C66EFDF423F4330109FCA4B45ABDCA566FFCDE5DF2A60EB06946F5017427E03504B03041400060808008D56245CE3603EBE7A000000C20000002C00000034424146394336442D464330322D344246302D394545392D3045453039
311
433145433443342F636E782E786D6C6DCD410EC2201085E1AB90D9DBEACE05D09878023D01A1D34A8419C380F1F82DA68B9AB8FDFEC93C3D7C52546FCC12980C9CBA232824CF63A0D9402DD3E10C6AB03A3397DD192872090D3406ABE7CCF5B5D18893ABB1690CF4DCF02282E5EA8A5BB96FFE536F285CB347F95BEFFE81C9
311
ED5AFF9D5B1FB575BB00504B03041400060808008D56245CD8F3781C7D000000A300000007000000636E782E786D6C4D8CD10AC22018465F45FE7BCB8544823A9AE97B8CE686E47EC366F4F869ECA2AB0F0EDF39B2FFAC91BC7D7E85840ABA0303E2F19EA6808B82B2CDF402A4D732A7B4FDDD80E0B87A050D83964B4EE5B9
311
A3C9CF63898DC6808F1DF2E1EA8439DFA833EC44F9E01815D60ACAAC65C274D670C3AB716C4A9D5FAF6ECBEB2F504B03041400060808008D56245CCA1DF9C9A900000073010000130000005B436F6E74656E745F54797065735D2E786D6CA590410EC2300C04BF12E5DEBA70400835E500FC800F84E0B411AD13252E2ABF27
311
A55740421CEDDDD9B55CEFA7A117778CC979527255565220197F75D42A39B22DB652EC9BFAFC089844F65252B2630E3B80643A1C742A7D40CA8AF571D09CC7D842D0E6A65B8475556DC07862242E78CE904D7D44ABC79EC569CAEBA537E3521C16DF5CA5A40EA17746733E0B6615DE7217475F386F18B9481C510F1F021CD9
311
FF027EA0E1F5C4E609504B03041400060808008D56245C3DEE336E64000000790000001B0000006175746F6465736B2D64657369676E2D7061636B6167652E786D6C35CBC10E83200C00D05F21DCA56CA76D41FC96062B120735B69A7DBE268BB7777961F8D5AF396893C2ADB70FE7ADA196782C2DF776D7A97B5933C430F1
311
5651E5469C55D70F80A4992A3ADC954792C525AE70A1E4D6AD9816CC044FEFDF01FE3FDE907802504B03041400060808008D56245CCDB0B9E9F9000000960100003700000034424146394336442D464330322D344246302D394545392D3045453039433145433443342F4173736574446174612F636F72652E786D6C8550CB
311
6E833010FC15B477830D81A0C8384A20FD829E7AB36C87580936F2A3EAE7D74EA8D49E7ADAD5ECCCECEED0E3D7F2283E95F3DA9A014889A1504658A9CD3C400C57D4437164D4591B7ED1A0307C51036418189D9D8DEB06096B8232193556AA0DE4DEAB008578A466002F6E6AE1258F2131FCBD5CB9B8F35995A47CF1188D51
311
CB4DAA6572D357AD1CB00BE9DF70378D08EF488776FBD319F5D3A545E76EECDB7E6C9AAE696895C58C06BDFC6C174EF1A024B01AD71DC224C9DF093EB4F5A1DE7FD02A3319F5C1A59FB7A5F93B60A77CF5C403A7D56BFAC735AEF27FD7A84D68EACDF5A5F0C0483AF23960B4CA29A5F28C30D59C28FB06504B030414000608
311
08008D56245C08E53115F40000008E0100006800000034424146394336442D464330322D344246302D394545392D3045453039433145433443342F5265736F75726365732F35453645344241362D414136392D344137372D393530462D4344463535363941463834322F7468756D626E61696C2F302F636F72652E786D6C85
311
50CB6E833010FC15B477830D81A0C8386A48FA053DF566D90EB5126CE44794CFAF1DA8D49E7ADAD5ECCCECEED0E373BE170FE5BCB666005262289411566A330D10C315F5501C1975D6865F34280C9FD5001906462767E3B241C29AA04C468D956A03B9F72A4021EEA919C08B2F35F392C79018FE562E5CDCF8A44A52AE3C46
311
63D472936A99DCF4552B07EC42FA77DC9D478477A443BBFDDB09F5E74B8B4EDDD8B7FDD8345DD3D02A8B190D7AFED92E9CE241496035AE3B8449927F107C68EB43BDFFA4556632EA834B3F6F4BF377C030AD56F48F5B5CE4FF6E519BD0D49BDBAAF0C0483AEE3560B4CAE9A4F28A2ED59C24FB06504B03041400060808008D
311
56245CAD7E88EBFA000000960100006600000034424146394336442D464330322D344246302D394545392D3045453039433145433443342F5265736F75726365732F35453645344241362D414136392D344137372D393530462D4344463535363941463834322F7468756D626E61696C2F636F72652E786D6C8550CB6E8330
311
10FC15B477830D09419171D490F40B7AEACDB51D62056CE447D5CFAF1DA8D49E7ADAD5ECCCECEED0D3D73C159FCA796D4D0FA4C4502823ACD466EC21861BEAA03831EAAC0DBF6850183EAB1E320C8C8ECEC66583843541998C1A2BD50672EF5580424CA9E9C18BBB9A79C963480CFF28172E1E7C542529571EA3316AB949B5
311
4C6EFAA695037625DD2B6E2F03C23BD2A2DDE1E58CBACB758FCEEDD0EDBBA169DAA6A15516331AF4FCB35D38C58392C06A5CB70893247F23F8B8AF8FF5E19D5699C9A80F2EFDBC2DCDDF010BF7387F18AE275AADD33FAE7191FFBB466D42536FAEABC20323E9C8E780D12AA794CA33C25473A2EC1B504B0304140006080800
311
8D56245C322239560E010000B10100005C00000034424146394336442D464330322D344246302D394545392D3045453039433145433443342F5265736F75726365732F35453645344241362D414136392D344137372D393530462D4344463535363941463834322F636F72652E786D6C8590CD6E842014855FC5B04741059D
311
093271FC7982AEBA23CA5832234C049A3E7E61B449BBEAEA92C3397CDCC32E5FEB23F9949B55463700A70824524F66567A698077375883E4C2D9668CFB65038916AB6C40940167CB66FCF39026A39DD451D566968728AC950E24D3231C1A60A70FB98A5478171CF69E3EC574178B4C71BAFB38F35ECD4754CDE13575537203
311
7CC0F58868DF4154620ACBAABDC2BA1F08BCD2AE26755714B4285816C39C39B5FED0A74D0A2767C0739453887088BF617426F939AFDE59169D9C59B7859D0F68DC0E7032D0A1BCB614B62D3DC1B2AD2A782268845D3F12424FED589739CBF6E01FA07FCEFF03BDD2AEC80FE09EB080E3F0FFD70567592C308C57BB61C6B2F9
311
37504B03041400060808008D56245C59ECDEB4FA000000960100003700000034424146394336442D464330322D344246302D394545392D3045453039433145433443342F5265736F75726365732F636F72652E786D6C8550CB6E833010FC15B47703864050641C3524FD80AAA7DE2CB32156828DFCA8FAF9B50395DA534FBB
311
9A9D99DD1D76FC9A1FD9275AA78CEE81E62564A8A519959E7A08FE4A3AC88E9C5963FC2F1A645ACCD8438281B3C99AB06C9034DAA34EA836236EA0700E3D64F2119B1E9CBCE12C72117C64B87BBE08791713E6345F799C85A0C64DAAC6E8A6AE0A2DF00BED5ECBF63C9072475BB2DBBF9C4877BE34E4D40E5DD30D75DDD635
311
2B929833AFE69FEDD2A2F03802AFCAAA25258DF2775A1E9AEA50ED3F5891989C396FE3CFDBD2F41DF037742658898E15EBF48F6B58C6FF5D83D2BEAE36D755E180D378E473C05991528AE51961AC2951FE0D504B03041400060808008D56245C3EF68A8BF8000000940100003500000034424146394336442D464330322D34
311
4246302D394545392D3045453039433145433443342F536368656D61732F636F72652E786D6C8550CB6E833010FC15B477830D81A0C8386A48FA03EDA937CB76889560233FAA7E7E6D42A5F6D4D3AE66676677871EBFE647F1A99CD7D60C404A0C8532C24A6DA60162B8A21E8A23A3CEDAF08B0685E1B31A20C3C0E8E46C5C
311
3648581394C9A8B1526D20F75E0528C4233503787153332F790C89E1EFE5C2C59D4FAA24E593C7688C5A6E522D939BBE6AE5805D48FF8ABBF388F08E7468B77F39A1FE7C69D1A91BFBB61F9BA66B1A5A6531A341CF3FDB85533C2809ACC675873049F277820F6D7DA8F71FB4CA4C467D70E9E76D69FE0ED8DB7AA7A7D573F6
311
C7332EF27FCFA84D68EACDF3A9F0C0483A711D305AE58C5259034C35E7C9BE01504B03041400060808008D56245CD4F3050803010000D80100002D00000034424146394336442D464330322D344246302D394545392D3045453039433145433443342F636F72652E786D6C9591C152C32010865F25B37712A069351D42C7C6
311
E4093C79C3B08D4C1BC804707C7C8989A3DEF404F3F3FDBBFCBBE2F43EDEB2379CBD71B6069653C8D0F64E1B3BD410C385DC43769262762EFCC020B36AC41A1619A4186617A74DEA9D0D6817D53A8D9BA8BCC700597F4B971A7CFF8AA3CA550C89F0D77C52FD550D98B37CE5A40866FCB2F633AA801A24A7FC402823B47C62
311
F4B8E7477EF72C8A8594221A1B767C6B86E30BEACC4D214502B9DF89627D4E58347A838C4E9F34178333C8F2FCD055CDE191740DE5A43C7794546D5B11DAB6B46A58DB944D998A24B3143ECC69345B9165087FB5AFC65FD1E2A4FF196D757890EC3B54B1CC598AE27309E95C76223F00504B03041400060808008D56245C72
311
6DAA1607010000B201000008000000636F72652E786D6C8D505D6F832014FD2BE4BEA3A0D59A066956DBFD823DED8D09B5A40A46B0D9FEFDA0B2647BDBD325E7E39EC365C7CF69440FB5386D4D0B34238094E9ADD4666861F557DC003A72B658EB7FC9001931A916220C9C0D8B5DE704F5D67865226AAC540914CE290FA81F
311
C3A305D7DFD42432B1FAA070F76C16FD5D0C2AA3D9A6E3CCEBE9C7DA2F4A78258117A4A831A198ECDE283954C5A1D8BFB33C2A395B572D539496215D5FB55A805F68F34AEA73173CB4C6BBFDCB0937E74B854F75D7544D57967559B23C9A39737E097F4E4B424F8F9C78C45C966F14671FD68E49104A4964CDF8059CB03C12
311
7F4AAFB3FC47696D7C59A4859BC301A7A1D09308C1F182613CCF1B66BC36FF06504B010214001400060808008D56245C50EBB675F6000000A80100004F000000000000000000000000000000000034424146394336442D464330322D344246302D394545392D3045453039433145433443342F4173736574446174612F4465
311
66696E6974696F6E4974657261746F7250726F706572746965732E62696E504B010214001400060808008D56245CB44385E1FD0000003002000045000000000000000000000000006301000034424146394336442D464330322D344246302D394545392D3045453039433145433443342F4173736574446174612F496E7374
311
616E636550726F706572746965732E62696E504B010214001400060808008D56245CB5A795FFE3790000DE7900006B00000000000000000000000000C302000034424146394336442D464330322D344246302D394545392D3045453039433145433443342F5265736F75726365732F35453645344241362D414136392D3441
311
37372D393530462D4344463535363941463834322F7468756D626E61696C2F302F67656E657269635F706E67504B010214001400060808008D56245C28BB58AF800100009E0500003D000000000000000000000000002F7D000034424146394336442D464330322D344246302D394545392D3045453039433145433443342F
311
536368656D61732F436F6D6D6F6E536368656D612E786D6C504B010214001400060808008D56245C670136ADA9040000B41400003E000000000000000000000000000A7F000034424146394336442D464330322D344246302D394545392D3045453039433145433443342F536368656D61732F47656E65726963536368656D
311
612E786D6C504B010214001400060808008D56245C8DFFFC99640100009B03000045000000000000000000000000000F84000034424146394336442D464330322D344246302D394545392D3045453039433145433443342F536368656D61732F52656E6465724D6174657269616C536368656D612E786D6C504B0102140014
311
00060808008D56245C4BF97FAA51000000570000004700000000000000000000000000D685000034424146394336442D464330322D344246302D394545392D3045453039433145433443342F4173736574446174612F41737365745461626C654F66436F6E74656E74732E62696E504B010214001400060808008D56245CC5
311
5C6636560000006800000045000000000000000000000000008C86000034424146394336442D464330322D344246302D394545392D3045453039433145433443342F4173736574446174612F53747265616D56657273696F6E5461626C652E696E66504B010214001400060808008D56245CBFB7ACCE37010000A204000036
311
000000000000000000000000004587000034424146394336442D464330322D344246302D394545392D3045453039433145433443342F4173736574446174612F636E782E786D6C504B010214001400060808008D56245CC86A1758E6000000600100006700000000000000000000000000D088000034424146394336442D46
311
4330322D344246302D394545392D3045453039433145433443342F5265736F75726365732F35453645344241362D414136392D344137372D393530462D4344463535363941463834322F7468756D626E61696C2F302F636E782E786D6C504B010214001400060808008D56245CA233C2345D00000080000000650000000000
311
00000000000000003B8A000034424146394336442D464330322D344246302D394545392D3045453039433145433443342F5265736F75726365732F35453645344241362D414136392D344137372D393530462D4344463535363941463834322F7468756D626E61696C2F636E782E786D6C504B010214001400060808008D56
311
245CBE89762363000000880000005B000000000000000000000000001B8B000034424146394336442D464330322D344246302D394545392D3045453039433145433443342F5265736F75726365732F35453645344241362D414136392D344137372D393530462D4344463535363941463834322F636E782E786D6C504B0102
311
14001400060808008D56245C1E576B217E000000A30000003600000000000000000000000000F78B000034424146394336442D464330322D344246302D394545392D3045453039433145433443342F5265736F75726365732F636E782E786D6C504B010214001400060808008D56245CF16780440B01000055030000340000
311
0000000000000000000000C98C000034424146394336442D464330322D344246302D394545392D3045453039433145433443342F536368656D61732F636E782E786D6C504B010214001400060808008D56245CE3603EBE7A000000C20000002C00000000000000000000000000268E000034424146394336442D464330322D
311
344246302D394545392D3045453039433145433443342F636E782E786D6C504B010214001400060808008D56245CD8F3781C7D000000A30000000700000000000000000000000000EA8E0000636E782E786D6C504B010214001400060808008D56245CCA1DF9C9A90000007301000013000000000000000000000000008C8F
311
00005B436F6E74656E745F54797065735D2E786D6C504B010214001400060808008D56245C3DEE336E64000000790000001B00000000000000000000000000669000006175746F6465736B2D64657369676E2D7061636B6167652E786D6C504B010214001400060808008D56245CCDB0B9E9F9000000960100003700000000
311
0000000000000000000391000034424146394336442D464330322D344246302D394545392D3045453039433145433443342F4173736574446174612F636F72652E786D6C504B010214001400060808008D56245C08E53115F40000008E01000068000000000000000000000000005192000034424146394336442D46433032
311
2D344246302D394545392D3045453039433145433443342F5265736F75726365732F35453645344241362D414136392D344137372D393530462D4344463535363941463834322F7468756D626E61696C2F302F636F72652E786D6C504B010214001400060808008D56245CAD7E88EBFA000000960100006600000000000000
311
000000000000CB93000034424146394336442D464330322D344246302D394545392D3045453039433145433443342F5265736F75726365732F35453645344241362D414136392D344137372D393530462D4344463535363941463834322F7468756D626E61696C2F636F72652E786D6C504B010214001400060808008D5624
311
5C322239560E010000B10100005C000000000000000000000000004995000034424146394336442D464330322D344246302D394545392D3045453039433145433443342F5265736F75726365732F35453645344241362D414136392D344137372D393530462D4344463535363941463834322F636F72652E786D6C504B0102
311
14001400060808008D56245C59ECDEB4FA000000960100003700000000000000000000000000D196000034424146394336442D464330322D344246302D394545392D3045453039433145433443342F5265736F75726365732F636F72652E786D6C504B010214001400060808008D56245C3EF68A8BF8000000940100003500
311
0000000000000000000000002098000034424146394336442D464330322D344246302D394545392D3045453039433145433443342F536368656D61732F636F72652E786D6C504B010214001400060808008D56245CD4F3050803010000D80100002D000000000000000000000000006B99000034424146394336442D464330
311
322D344246302D394545392D3045453039433145433443342F636F72652E786D6C504B010214001400060808008D56245C726DAA1607010000B20100000800000000000000000000000000B99A0000636F72652E786D6C504B0506000000001A001A00210B0000E69B00000000
310
504B03041400060808008D56245C000000000000000000000000370000006662782F35464633453646332D343538372D344139362D383045392D3633363531393431303339322F617474726962757465732E62696E504B03041400060808008D56245C000000000000000000000000350000006662782F3546463345364633
310
2D343538372D344139362D383045392D3633363531393431303339322F76657274696365732E62696E504B03041400060808008D56245CF270F1330600000004000000360000006662782F35464633453646332D343538372D344139362D383045392D3633363531393431303339322F747269616E676C65732E62696E6366
310
60600000504B03041400060808008D56245CB5A795FFE3790000DE790000420000006662782F35464633453646332D343538372D344139362D383045392D3633363531393431303339322F7265736F75726365732F322F305F67656E657269632E706E6701DE79218689504E470D0A1A0A0000000D49484452000001000000
310
010008030000006BAC58540000000467414D410000B18F0BFC6105000000017352474200AECE1CE900000192504C5445818181B3B3B35A5A5A4848486060605C5C5C6464648383835E5E5E6262624E4E4EAFAFAF4A4A4AB5B5B54C4C4CB1B1B1858585B7B7B7585858ADADAD7C7C7C464646787878ABABAB747474A7A7A768
310
6868707070B9B9B96E6E6E6A6A6A8B8B8B666666545454565656A5A5A5505050A1A1A1BBBBBB8F8F8F9F9F9F4242425252527676764040403E3E3E9B9B9B7A7A7A8989897E7E7E9393939797974444448787873C3C3C727272BDBDBD3A3A3A6C6C6CA9A9A9A3A3A32020209D9D9DBFBFBF8D8D8D9595959191912626269999
310
992222222424241E1E1EC1C1C1282828C3C3C32C2C2C2A2A2A2E2E2E303030C5C5C53232321C1C1C363636383838343434C7C7C71A1A1A0E0E0E121212484A484C4E4C1616160A0A0A4A4C4A787A781414147C7E7C9193915E605E464846838583878987B1B3B18587856668665A5C5A626462818381A7A7A5A3A3A1B1B1AF
310
ADAFAD7072705C5E5C9D9D9BABADAB7E817EB7B9B7585A58BBBDBB4C4C4A8D8F8D747674B5B5B3B7B7B59FA19F606260ABABA9A5A5A39B9B99A9A9A78F8F8D6C6C6AC7C7C5451AD12700002000494441547801DCBD89771BD7B5A70B8EE04C702641712605CE034890E220088028C93245451215B713AF388E7DFD9EEDB8DD
310
CE6ABFF4B57D97137BE50FEFEFDBA74049B6AEED74869B7E87404D2814EBB7F76F0F67A8835CEEBFA0E42B854AA5B2BB5B6BCC951A8D52A93657A914FE0BEEE39FFE2FF395B9B9C6CAD2D4C4606F4B7FFF8D1B37EEDCB97587F7CD9B4343BD134BABE7DB48E3FFA7A228ECD6F6574E4786C0FC8B5FFCE2CD5FFCE297BF7CF3
310
CD5FFC92B52FFE58BFF9E69B776E0EF5F79E55CBBBF9FC3F5D3DFFB07F5898ABAF7CDA3B74E74EC0CE20230561BF096E97E05712BFFCC59BC80539DCE83DDD6E54FE61B7747DE17FB8980BBBFB2BBD4337DF487881AAE6C5ACC6AF25207877B2B527BFF1CB3B77FA47561ABBD7F7FA7FE146A5B6BD74E3164C7F51449AE95D
310
B412200EC539418717E7F2F11B376FF62E95FEAF1442BED0581DBCA1BD2780D23F506AFA16E1A7AD974EF17876F00DD7BCB187A1A97AE51FCED5BF2BC1F2BBE5B3C19BE27B43CF26DE00933658FE129B109C2FFF922CC22C4260FA01BEFB462A77DEBC35F42F600C3F5B0795D2E9E02DAD5E650B4438A92801B65C35CBAB7B
310
1EE5041CE69D3B6F1822DFB873EBD6AD3B6FBC71EBC6C86AE967DFC2DFA4CEBFF1BF54F6276EBC114E2F43FEC60B01A0D440A868B2920E5C4BC10D60931ADCB871F3268B21D3851B08E1D6AD9BFD4BF57F7577909FAB86F29B982571136AF01DF5FE32AC3BD9406CAAF2440A54CF176EDD01FBADA1FEFEFE21FE4C9858DFF4
310
183458A9FD2B6708A5A5A137E0EE1D11A9EC0C7C58B2C73C0AD6B479BD76B7790CF899E287FA5B06FB7B07C9195B7851FA8794031EF1FC5F9406BBFB23375420286399B631E93B08022A785C4DBF9996EC3551874094D71B6F487E80F6837E50F483BDBDBD83232323AC420A18C68DA196EDDADF68A77F938F78FD972BABBD
310
B7B87FB164AC6FC2CB760365821ACB74AED44FFAD7E7431ECD7E08AC421F391D199998989A383D9D98E8E56F84A318C58D9BFD2DAB73FF5222C8EFAEF4DE7AF30D756E5108683DA471E70D0502099A7240F19E4089D3FD203E620F1B47BF43501E85031AE44B4B9F2E4D2D9D4D51D8970983FA861B3706FF950CA170DE82F6
310
B312CC4F42C8966295F7D725ED29882415DC055F36DEA1FE96FEC141493F05FAA9A9A5A595B333DED5B3D5A533F62183323032F46EFF13EA0AAFA5FBF7C8976F8C10F7280A014832593B90004D52341980D907EAEB73411EB2F1EBC9F507F92746C40E7AE0AFAE54292BAB2BAB67CAE0746264A277B06508168C94BF772BE9
310
765F7BF0B548FE1E07F3B5A521340A5CB5297C4B12811B89E82191ECF3E41B3259C529F135E23CF4C7F961FB13537F5A02ECCAEA76B5BA5D3D3FDF3F2FEFEFB3AA22053E5008833428DC6C59FA2F770595F311F235D427F379BB8A121BD901B96076A388DC4C3C61C7933CCCD770FF375A6E0CE9F535FE2534BF5ADD3E3FAF
310
D71BF57AA951B6D4CFEBFB8864758A26154430080B06ABFF557610ECC93726224F155D1471041E0D42F82F4891C926C1355B0831649FF365F46FF05300A7A790BD8ADEEB0D4AA9569A9BDBADCCD56AA55AE377F5F3F3EA2A34983A1DE91D810543138D7F28E57FF4E2B5335A3928B76EA1CB9B00BF158C8F63A2E788826896
310
D0B5E7C461949ECE089144F8EBEFC7FB4D8C9C4E9DAD60F7FBE572B416C2F2423ECF8B86C439E450DA970634ACFDA977629098D0B2FAF313A36B3869E37AF7853378CDA1171FBEBA95DF1E44FD5144A420588641B0055A79ED91CC0DC41E27064512FB33F1F04D09D0D2DF0203A646A6CECE80DF28356A348CED8C4F1EF137
310
B9319E1BCD29867CA556AA97F7B757567006A447FD375A26CAAFDED9CFDCFB2BB0BEEE8AA5911BC2C7F85DF88A3775389990AA72219D582409210F85A4E66F2987D875C30848023088FDF77E87F96FD7CBA5B9DCCEF4F4C9FC7C676777577B7B7B67E7ECCCE4E8DEE85E81A6D55AA3BC7FBEB242589CE8ED4770E785D7DDE2
310
3FF2587EBF57F50B9E820527316488E5C32D50F979BCA58207297E2B6D658702FFCD211840FE43FC9F3A5BAD9E97E6F21B9FCF16BBBB3A3A5A175B5B1787875B5B3B86DFEFFC687A72674F19D46A8DFDF3EACA59E405375ACE76FFA922C817CE86A89BDD92F400F2C55B7462F610459837D3A61ACF50C7471C8F2F2A9D38C3
310
DA2F068007F80EFCDBFBE5DCC674B1D83EBCBEB8BCBCBC3ED0D3D333D0B3DE33BCBEB0D8DA35FBF9F8CECE68AE020BCE61C112A4C1138CD47F9AD13F7DC6AB9CF9CFCFAF9D0E01FFE6CD503F5B91C5218E2899CA15098714848B04FCE5654884ABF0E554F11F6C21D73D5D5AADD64B7B9327DDAD8B0B7D7D6D6D07070763BC
310
0F3E38E8EB4310EBEB8BC3DDB347E3E37B5842B97C4E44A0C630427E5CFDFB71E03F471E12CA9FF70E055AE141042DD81234B879EB4606361D9328149037D7D76A571A7E974FA20AD0323832713AB5BA7ABE3B3E3D3FBC30307070B0B9B645D93C3CDC3CDCA41CFC6AAC2D64D0D579B4B1B397A7C1BDBEBD7D36657A3CD4B2
310
F44F4909F2B9CA597F4245C59DEC354316F0587020D0C661742BC02869435FD12CF195C422DB3C5A3E2305C000CE6B7B27ED8B7D63079B5B5B878787C787C7C7C757C76C51B60ED60EDAFA06D67B965B3B672677080BB5329E60E9B477847AE2E9EB53E35779FD37EFCD2D0DDD68AA355B6B0D81860502B8B68C801F5C697E
310
9AD62F4B406244CB975560BAC756AAA577675B07C6D03778C17E7C95CAF1B3ABABE3E3ADADE3CDB1B1B6B681014470343EBA979F8B90383545727C63E43549D14FD0F927E5F1FDEFD7263058FE02EBCD1BDCBCA053496BD58E69BC44F9F854D4D979AE9ADB908824382AC1D4014E9756EAF9CE85B6B54DB01F02F8EA5908E0
310
D9D5F1B3E72188C3C3AB67879B07C8A0A767B8B831FE5E7EB754DEAE5261460243FFF07858D8EF0D658BDC563A2C5EF5833C13C90B69248C4DD97842B61DFA7F210A2F6108A0F96B62E2D3B3F3DD939EA47E30ABF5AB2B903F4BE5F9B36757CF65021E616DAC6F60A1FB647274B4B05B2E5341B082D43278F67D8DFDA48AFF
310
9A13F22B34C7586C9992BA6E66CABC190E313E7C811AA57304B421A75B289B9D174CC868C24548823E230B9A5A2DCD2CAFE1F98E61C015CA7E96B083FC59F3ED06EE60F360B3AD6F79787ED278D0A86FAFE00BA9220EAEFE1D5DE1F7855939C3FCC1332426B377F692406E022C010DB437EF009803F0DCFD3B7C94440571D8
310
F2C328F115F47FD324802070BAB43FBA80EFDB92FCA1F7E7CF9FA875CBB327CF9EB08C4DE4815BC4210E2CB7CF1CEDECEDCED5B757490968286899FAF95583BF46F9393CEE6A86D6F618CAAD9BFF0BE22B042412C5CFB50556815CC5BBE33E9F61ECEC26A9BCB8145FD10590078F9C9E953B513FAE1FE387FAC246E14F9E3C
310
E7F5F8194BD6594140876B6B84C5D6799C61A16434201E5237582AFD75C07EEED9863F463284E2E13425A036BD41061259289B6BDC1ED656FC8B8592C9D00701E27CEA749F0D8EF44EAD8C1F80FFF8F8F9D513191F6803384C800097F24069C407CFAE88136B7DCB3D5D4A60B711F19070D83235F77331FD35E71596688903
310
8E2E0B346EAB7936C4162043E1A1F144093695443A570144898BC4079CEF1912809A3035A1D3F361235F90FFF1E3E0FB93C7E2750719F88E7D8E68123883ADB5B18185AE99F1D11C1238A792DC4BEDE8EC6FF503DF377E0445F68FAF4E08D43082D02170F30131A154206CC559A8D9CFDD762B31273E4947A581E0D9BB71E3
310
3FFA07CD02CE2A6BE1EC80167497F2A81CFA3F7EFE58D0CF5D5D170DE4F89070B0BC4040CC17BEAC6B0586C3D3FF0309BC06F44B04A1E13729929B4DF73C44070692C810B08AC3012E8EE9EAE22067796288C193B2139B970B86F47FAD0F98382B1E035D9C32FD318A4FAFCB274F2E1FA772F94411B0CD42493C23393A685B
310
5FEF3E1ACF554AF5F3552A478383374E6B2FDDFC4F6DFE38F4F4ED7A7FE838F488EA852482F412D3CB07E293D02C9F074F12E84C5AAC423271450572A385449844706475FD38DC3C22486A0639E5F1E38B0CFE93CB4B25910EF309A2224BD8DAD40C682C28341AD69047E8539A6AFC14EC573F7FAD10AE0FE6EB13E87B28E0
310
93B513B5803514DE408809BC12A14876DE0A25F643009E9176D9F0C330164285A7444DC8CAF0E9FE41429EE0A2F6A6DE91C0856C501272404A8468822E24C807030B1D33D40D4AFBDBABB411D093D88C86D7205E05FC57EDD1F805FA4CED5920F0CED39157E007CE21757C5DE440ECBCB46CD283E378029B43FB077B4F47E6
310
0E9F61E8D01BE017D7E843EB49F50A2028F1E442FCC90C9EE308E4C0C2C94EAE30B75FAD3A0EAFA57FE9EF960F14BE15638840EAF3BA490BB6850EDB38EECAFD21A0C746D0C4234DBD035EFC7EDD121FA585FAB73DB89FE6A03CF833AB0730E5E2F1A36CE3F202A128934B44E396961121E1F2C9F32BFCC0C140CFE22C1CA8
310
E109B182919696BFB98120234F61B59F7BF46EC30CF067B21A33B0FB3E402448EE266CCD93135A8E823DB31F85E677434E608F53F8100BC0098EA2FD6BC01770E0F2F2D1E5452A711C4BB8486248FAD756D852026B6DC90A2AA5C6B69E9068B8F27AFABFFEE8AB36F1D23985D5960014FD711940800B560250D2272CC54FF1
310
D3A660B275AC3881E349689C1616E1E9044129D032313509DE4700BC867C71F128C400159407C761022BA8A040F40A244788808C60B3AD67A17576279F6F946923191921B0545FC2F12AC0EFEFBD7262B6935679FC7F80629160ABFAEC88E8430E76D82A8DE62ACE50BD4A42FBF03B387B37FD321B37E31C3F063D99703F51
310
60E6C9E5A300CF32A91E0A085A29C0FC507F6C21012303C6104B82C1F1E156DB3229D1A855A32A8352C9077AF733A0AFE0FB3EF81FDF2F0F82C21B0EB06998866878B103305E31EC17F4FD43831E570A2118D1667632D4FFFFB125782F96168A833DBE78C3F11F8383A79D49F58F1E3DBC780417AE6581381E8610604888E2
310
913E12492881274822C221AD04CB0B1D273B8542837460898C686864FF6F801E8269F40AD0481DFAF5E6E9C1F3BE391C325004DF0746A4E4448F7B52C0D5EAD39EC46896B888C4210D68E99DFA2820DF7FF850EC407EB55C3EBC5028611409BFCB8889C90F1C52355AEF98B18100094C9D0EF6F64FD47E5CBF3FF5293DDFB4
310
B50DDD54F351446FA1F14580DC3902C085F593CB24ACC917B213BBC11B3F0A61042FD8B24F4FB9C4556D0CB9E1A880DE89934CE9607F18F81FDD950DD0E1D143F41D56110E227C250621FF098838042BC85B5B6BCBCBC31DD37B34966E9FFD9936A2FEFEA9EBA4182E5CD3E17AE35501FCE0707E5525A7DBC64DFD077825BE
310
37CE0BBE1BBEC061410C660B6E49912665E2B3749C7C9F93834022F74CDE6CA5EB501D9CBC04B768292C5CCB84478F3CA83074092C6082169015E5800D5839DC6C1B58EFE83ECA513BDE3EFB8EF1242D2D4B3FD55AFE03D42F8492AF8A3F21444FA2FA9ABBF525EAF84C09F0168527B0138A85D1EC0443C467B28BF844EAF7
310
6323BE13D7C11F72FED783837B970FEFDE7D7817E077C17EF7E2A1C2C0FE851FE4C008388C15E818958746129E1009D054B67530D6B3D8DA3D59D82D9D57CF70039FF50FFE0DE94089DB269C3655A4F25B38C49D0BD48E59F1526887C18FC5272197F85CA72862A593A4843CD25F920487DDF7AA0441A2C0600D062001F103
310
FCEEA3D8560CEC3EBACB01CAE5A51E420349F602191E5F901893142381351CE17047E764BE50DEAF9E4D8C38B6ECFFACEB141E54A6865A88A60133EE9CBB4C256930B0B168C1C3AB59FE1743FB422C7166082E934AFA5EFA3E4BCE0B69362FA7041818B7FDECE1DDFB4D022007CA23E521F0700AAEB5888BBBF08023E128B4
310
045381542FA256B0D04E28A0C3804E233A1BFB476A2F48FD135BAF9843BEDA3264EB42BA499601F16B566E72C7EA35908ABCB9176BBED43204C696AFD3D7B24B08D3AFA44BE243D88A6D9D0B6562B52F741E1610C0EFBBAF2B0829289A640EC4C8A4FF66A24430786CEBE1E1E61AF9507BFB496EAEB64F8F49B4129EBDEC06
310
5EC1F8A3F228A3CD0950883B41BEC6D1944AE06147289600A7726313AC69A3F91197F1438BCB743E76F01F6EF1D1C854071670FFFE43FF1EDED702EE5A14C85D0C42DF90B86068800659AC88981855E3E774A71C0CAC2F76754EE7CC87C808D1E1E0F6CF47FD4224731337BE1E39C5010823EE997B1491BBD99FC8D8EF7748
310
2BEB5EB2CF66499A8E0F7511B19B3EFBDACB6507BC78731B1B383D02FFDD7BE8DD9256F7D0BA7B46015941097B80018F700FFA024CC08078F51806100ADBFA163ABA8A3B95B9D2F92AC30BC908ED31FABE0CBEBFFF0279B675868F9AA24E9530B08C174055B7F48E4F58002F3E82F0BDFA003E8B431EB6C4A91E4D9B5FFB79
310
1265BA8827BBE5F1BCFA7F789F72F75EC800F8AE43FFAEC42F13009FB905A9A0132015D0068ED7682AC608BA6771038DEDB3B33082891FAB1ABF5614F93238079726B833958796B845B731FCB86316713C1DC581B1E19B424EE32674093F80776F7E27C6FBFAC85C536CD955B96EDA2A3FBF770FF4BE11845470EB3E42D022
310
000E0FE07D161811020742162444668308801E133A4C163BE68F6826A5523071CA78B2FED51F28F8C70FE4190073A3E5D3259D7A288CD19BDE623F10021BAB0C6E327FD507B2741627727EA00D31856492F9F009D7F152D930704E642795C1C1B336E0DEBB7F0FDCB79318543B25341F36802D64A981A690B94259607DE0B1
310
9D466BF8C1C5E1CEF9A3FC5C639FD6117B4BAEAB453F8EFBDA500A67E8BAF76C8A06566E36EE1184E8329419161F83D843D5DE7D8221163E145F56921C3EE383978072129E290A9B7166E63D26BAB1FCDBF710009E4051842390031845F20077CD079407C575F20364C4910ED2A574BC357630B0BCD8DE39335EB175646A69
310
8458F6A346F003A93002E846FFE0C459B8006E506D79BF902908A0AA05CB5E73530E33BA1D3C2EF99C712B7C8B41DF4D2A7830BE8707485FCFAEEB85A09AB6D39BBF7B4F23E00509C20DB04E240822A4B810E04D8D53D10D504C059ED86BB8697F514777717A8F8144D48A4C89077F7EDB00E2D89DC02A7B975640A282C49A
310
4AA84B70B12BFED8EA6584860DFB7EE23FCB00C6BAF7332FF259FA3C9346508813E372F1DDE425065BB61FDF8300F7EEDDBE8D0C6EDF46F7D8823478590AE23759D60DA6B7A9F125EDE8F4A5D2B37470D0B63C30DCDE3D3D59A8D1501EB1B0A5377517BDD6E301F995E3F955F0F58FAC2E81CE172A8344AC03DC6781939D24
310
84B8FFC15E8F3ACCD3954CE19576B942D0A029188EC7013FE59AE90B71292DE774F1F63D60230180B30A2EDC65291B6211B4081128856001A680015CE000708254891851D4B3BED0FA4D7166B466BFF1D2A924885AD12B387FC0FCE6819AC3AE06A7AA4B715F0927B74D119D4A668FB54B8A8C268D8B038A207D10A7B1E95E
310
42195B695BE0240F7408B311257C23F581E987C180140C584A02B1670CB817CEC0A080F259F1360E58452013200E3EC107AC1DF4FD7B0F6D23F33347F9527D9F51E6138E31AF35F1BDAAEEEBA3D71BB402E2FB47CECEE96B4DB85536772B07C82A34F3E66D0BCEC207FEB9E70643761276F7B50D5EE963CFF80C7AF4A2130F
310
5BF8C4EBFB5F07B709840480DBD8007FB7EF3F90104908BA457D43AA2A6A02C91422285E5AAC143F3313A0CB74D9D164933B86C25587134E8D342B453FC982860D09FD13ABE72055ED020E85D3E312F74C25CB0293D978A1C4001927C80B86FD06349126EC219F0C735C8053D8F5F310817EA01F1B7851F406144C211C6362
310
C27DD51F1E310C0102280ADB891E9B085CC528A2B1369A46BA195B9A2B351862CE43174BA73FB7CBB430A5798F4C54B7333B96C3224A9863AD02B9FBD8E63092191924E77C199D92887DA594B6DCF0112857162FD0949FE6A441F5E62E42FB2105BC405A2301A3424601DC807912CB2C39C604A27908021CDA30C4C8C2019A
310
883B3A8BD393BB3546136EAF561980FB63E9E035FF73B96D09A905ACB2C11D79571C5159026227DDBDB81396EB03F14100BEB66DE1FA9EF82C3ECCBE318119C4269FD014E66361FC8BB0B4EA9A98EF3D8848A01360430284335004C183CC25BCA82D2302EB03B8419241C64DF4F5ADAF77B533BE786334BFCBB8DA72BDBEFF
310
C36103AFB30608A0B39B58D93F0BF42180841DD26BDC22CF0A770E90240006BAC65197D90920131C7B2EB3CFD3C71C6378A305EE8488FC1FF8D391E2BDDB0F6E3F45E7C8207C419800DB410073A3173942CA8D5242642A74496FF115832A6314D9FA4257577BF7FCF8F8E8CEE8DEDE5EBE76DD3CF892BA7FB8B90F629431B5
310
525E92A15A3A4A6FEA3FDD73136172060959206591F4C927196CF645AA285CF3014630121754261C0D31E1A7E3DA2DBDB54B04703BDE3A4209F02045C4BB0F529A14BED07098A2A1CD47513DA64B512F409BC01663090796D787173B5AA141B1B39BB470EEBCF1E30F9D263ACC4D05110797CEF7B923B027F089F74D1D06F0
310
A4D8C0CDA6604023FCA45B76C5CDE0BF3845ECBE13E0C0ED73700A8A753C1AC8AEFFF1B407FC8A20F42F0D94019121DE304077A027D4112283BB8FF0072444D68AAD111D6F591BC0061854BBC048EBBE9E81F6A33A95C21BFD13AF3C7E7DCDFFEB0DE8903F77B41DF178E99C289895B0EA8CD640549D68935BA7C5294E0A1D
310
66DA0CC419BD398E6265789CA1241441AC94532A3C19C95340BEFC68703077EFC1D307B71F3C500859C11494838E902203A2BE90EACC5135B80B078804340C920C2300BCC06F7A1C71B875DC572C9BD1D84BD5FB9363CA6BA7D03E5C40FDFC54FC23C9B4B9DDD028787D89219038523BF64E638BB37CC25335937A00DFD328
310
69C5B390C8C32FF25C8C47A7181B4A599A224A9DADB0E0406FEFF9F183B7448F081E3C55024FB33828784AB61704482CD0160C04174F9E33BA9291D58C2F1F1B1B3B5863B0D9F3E51C35C253D54A23E560E2C0CB3A6F7A81382601C2079CAE96B7B1560D20A341E85A928A4E01083256420576C2ED477E2E565FD9223BCC69
310
1CF394D3D8E281501E0EE5C1C8159E92585D255CF30CC854C75318006EA4A01028EC853F9407C6053910BE105348324002260254886C156260F9189EE0F8C9A3CBAE9D5A992184568A69D5183A7DB97DB089FDC57AEE54F858FE54F577DBA85309640290F2D220952620750C5811FB772A7876D1E4040FBFC6474D51246D8B
310
3FB378283FB514F8AB3C20B8BF7DBE5DE541C9A5D3D38DDB30E00151E02523081BC89C2214103E0BC1B3D0199A08E002681A2613A2616CEDF0F0F9C5DDC75DA395C25C0309C03DEC8091A4AFD3FEB504AAC6633930556DAC86EE3561941E862C4A75DD6B6BB3A0C59BE153DFA73EDFCBC3CE2188D3D378FC976D0EF9A95B7C
310
8532F527CE3CF539581E0FE501291E9139FFB65EFF5DBD8E0C18DE3077170A64E033FD278F18068028802F156C3809FDEB11B1019C208D020C9BA2870457F0F8E1FDC7EDD393E3B9FC9C4308E9315704233F960E554802C14716B0B45DAB5EAB5E25AB7830EBB8D25E6CA94E4AA01794FB1EE164FE9F040FE82C940A4BCEF9
310
13075D087E85A7237D3CF29C47E4E676777779528C4781761F0BFBC1D3A77880E40C9A2E5109180D5255317890394229F0F082010354082D574F1E3FBAB7D6553C2113DACB97BEB5526C7C6F69F9310A94C46CD89FF8F379AD1AA035FD00FF3F320180F01417A6F255A3A8D86319FE0C0B0E06A0DCD33F79841339C01E5BBE
310
1911AFCFF7C1E0A540BFBDBFCF2372352686D863F83F59CB6865F43104007EE06F52406F680341102048A01BB048823082CBCB0B6AC48C313F3E7CFEF8F2D1FDC3D6F6F9F9D9E98D9D7CAE5EADE2A6512FAD7AB526E17F600C85550DDE9ACFE9D97E694513103BC69F8A2813176032C890C1E9C49FC09C61670FF8705B1D73
310
86260E7C8E7122C7F8208A55139E8C8D4763F7EBF5728DF9C34677364E3A3F9AEFDEC9CD95470788834F9FBEC512379890B38C94205B2557987C4186DF5C0837608DF0F9F3CB87B7EF6E920475752A01460E556919B2B64296FB9FB70DD5F47232A0F77465BF140CD001F00ADCA175090E2665A14E6329B62660E02A1CB50C
310
6025E3DA252A670B3F0FFAA5EAD94A509FE7036B159E0D1D9F2E76B7AE1FD5A606198D3A747AF450023CBDFD162278B9446688111009B4029B0F2180AE20A542D40610C073B47FEFE1416B2B12200F3C991C2F54EC2491027A816B0A34A9D05C6F437AC23462385DADD75642EDDA738AF1600DBE07EE8437804D2D011A94DF
310
71C2085EDD40266A407FFA1D1C00B0C03927E60338E3B9D8C47D1F8CAED578E06F7CFAA4BB63B175FA7C301B747CB377F45192003CB8FD34B12009224543D8604494011A80C1903CE0518C986208E1C5FDDB8FDA161686873BBABABAE74FA637BEA894A44078C19696F326E057D7F95D061A6B0394A9D5F2DCAAFE4C2388D8
310
A6E9AB7695CB0BDD0A332430F1A9333DA41D1FFB97FA09AE84E738C75C407C260408F8DBD5EDED7DE1570A7BE333C54F16963B46AB0C2B71208EA3D16EF4EEDCD7005241166C005A73C03164792151205C007288AE337B4D7103741BDE7B7AC913350B348B2D767515674EC6F72A0402BBCB41C81305AFCF05F2758D3ECAC8
310
D26AB97606DB9581A4B7A8FFB068CD5C0604E6849046B70C2B60FF0CDDF93C13822B4E82FA0479A68220E66D9FD775FB3C1A9CDBDB9829B6AF2F77EC9E0678FB20ED8D1B1A1A39D10F9812E20D6281F5673121AACAA9C53424000DAC173F7E18C3052EEE3E78E7F1160F5AAEAFB70E0F7775CFCE4EF384DDEEBEB9C0889D52
310
43BDF557559FEDE5F17AB21E118C4C31A3DF6A96B56AC62180293910ECD6B721047664BCFCC6B2DD3C65CA0F0C823DFEF84083C7ECCDF05898EEF158F4FEF97EB9C123F1B9D1D1A3D9F9AEC5F5CEDA84A3C96C14A55584D62893D6A54D8D2028D05C8B1F124884543F3223B29D208B04910D3FC43F5C52196AEB5B5F5E58E8
310
E82610F08C21BD443801233C0CE8BD1E40F84A1CA86001990048031ABBAB11EF83F9283EA89F181F2A0D9A9F62D94B7F625FD727E6A93F63F200F614F7CF100D4511C07DB45FC5F0CB4CA359ABE4774631FDAE85E599EA0878A3C33D5AD6430CF4C055EE5FDB80629000D7855DED3F436F3B61B3DC7FFACEFD2B1BC6FB0696
310
312CFA477CE87A87070C7998E04FBA78AE3F915A065E819FCF35B410321D9ABB308146A11AD5196CDDD7C477A171C8AFC74B45CBC6F641AB53C8D4ADA5870C02379BC0470CF83DB55F073E29CF5CE5F7A3F8FD62EB7AEB1774C2C6780B9523F9287193FD23DDB79FBEA513B45200E2E0C1B51350163AC19043C600F2C1DBF7
310
DEBA7BB9B5457BC0D840CF325EB0BBABBB786D301437000020004944415472B491ABCCEDAFC0591201CAC8EBFACBF367FE7B6E40E69F551BBBE7123E3C00AC560CE20C62436E8C3C54CC225EE08C0D74CE26148877689EDD004FB2BFBFFFBB984035373A7954EC5EE8591FE531348654514DB1D1C56411DFA2A7C212BE5ED9
310
1278F2851A432244C6822C29C85A8B320ADCBDFDD63BF71FD32648E7D098CD018BC35D7FE89E250EF2AC75F96C15271602687965C844B8807C6E7729D93F22E81D39ABD62A0820C1FE9F11CFA7208125D33E96FD69E83AF6052DD32D49FF0802CD9F9DFD39260389A950887A647CCC99BAB17132DFB5DED35138FB3A060F62
310
95AA5E195BF0BB56495A5A4A8FA440026E46A047D40ED2520A441C302D240F201FB8F7E0EDDB0E12A04D8816215A0579E8FE1B1281E9F19C9900DE79842E2A7CCD48E9876EB01C75DBA0E0C8D44AB5512947A00BE7CF5DE9E1A6A6BE43CF1A78783DFD5A404E4477336C1ED8B18908B2A847B2AFE9839E891137A6673BBB96
310
FBBA2A4B8E9373B001F08369BA11BE8ABC4302FD2345FD6014A127068427D007BE28B41D9B0D40FFB7EE531FA673C8870A69135B1CEEE8D009C08042A5B4EDA314920B635BF941E7487E45256439DFE9D276295F87E698389CD49FB394FE19720412DEDDC40E9CE9C6DD605E0B719FADC416CB15AB3A61F9B5B9B9426E54F8
310
1D8B03DD950946D432B40CEDAB7BB5AF11213CBA73C9BCCCDAFBCF06127C7980FE6D1DC9B4DF14832D6568FEAEEBA76FBF438300B541064ED33F3AC0B0D10505306FD370AED02859234402F6C3FED006766DDED2034D90D119057225EEE3DAF787EBF30EC51ACB4F551678BD6728E1944730C095F13E4D81A4DFFBF67C5BEE
310
37E62A85FCCEC6CC6C7BC77A5B477E22223ECA4FCC0F87E2A5E3EB782BDB25B8CFC6736A044DE5A7CDA604526361D650484FE283B77EFBD65D52C1C73C4F48E7D0D81ACF572F2E2280F98FB230508FA906B42DE240ED651B301CEC83DE1790C9FD96B6CBF986BECF3BD332C18EF627A0B6EECD5B152E02088D03D828AFFAD2
310
6B05BF671B4F9A09A8CE0CD2707F67F2A4B3BB75B9ADA331C1305BBAC182FB4A79820B7EEAF73199B8404C0B81231CDCBB871B80FC41FF5860E8E108222A1A076C29E6E03B6F3FBD4F1F295DC457573C7ADED636D6B7B8C88413DDF3B327E1046AA51040B40CB50C7E3F1D2E44DAD34CFA604029BFFBE714DF0C069908027E
310
B275F1F366C132E1A7450B04011CF82B2B647CE754F650FF6E25BF37AAF65B7BDA16CAA791F1D09F6CAB989EC5AB7809BE145FA459E8D3E4B0FB47DAEF093B946FED585B80FE1A0305FD5330FEDB4FDF79FBF6BDE81D8300CF6815E5F9896552412A03F31FCDCC7CB5E32365550CD9365FDCCEC8752E943161D78047336F8A
310
F6539840A1F2E764FDA2970999F205CD2BD1F5CF496571F76EAEFA0E1CF8FD2A55FD06391F9EEF8B9DC9994E72BEBEE1FC928E2F223EBA0FBFBFB4F2DF137BC894B8087643D64ADE6EDED67F7680FAC9060239E845FC94AE93D880F994FBF71FBCF5F66F9F32C292EA900F9C1E6F1105E81C5B5F58A067A448143842008D72
310
75EA3BBA3D2516FDF02FF79260020D6B3C714711F3CFB61BFF56A826E627E82256F7400FB387FEF23C1C1E77FD6A21EBB1B2B35F2F95E7760BE1FA3ABB3A981423477517EEE36FF96F122B942F6FB64D9502BD1B9089162532A2FEFED255028FE653C9F46FA321E0B588B7DE79FBED07C44106CC85133CA65190543004D01D
310
02D8181DDDA5A9C91A7110805B7875B689FC3902200FB192E7DFD936B37B57D9C338BD49E99E181F4E5FCAB2ABC1CA7AAB382CBC7D515457CFABE6FBC63D525E5CDF74B16378B9AD6774A58531912D232DF01BAA913DFB7D3AAFF912984302B84D0500077800D26C60A4742101DE420C610C2E92FA93056022EFBCFD5BB6B3
310
8651470CD33BD87630C05831BA864C85997B8754B05167F0706499DC442FCD22592AEC2ABF3FF13F950039BF159FA9B36ABDB2778EFF83F70972B83BFD3F4899E64DD8346AA495CB155A7499F2CE39B0AAE755125EB84FD8CF8D8E4F4E9FB4B72E8F1DBCCB98B31BC4607C2CFF21C8145FB48EA0F2159F86A3098415609554
310
DEFA7B27EF1301033DD06D274BAF6821D220DEF96FA4CBB60B3CA241C021D38E1AA76B4406B4767576166766A6C7F77273F5F395291BBA19F64F2E3095C14F3E60371827741CB27E89543857D6D96BF9A47C6A9A26057840332EB843717AAD171880217B71FCCC0355AED3D4819911F79D0EA8AD6DA31A83E36C5DC2D47029
310
5C011302387069158F6C9966022367ECF1D00BA9BB95C389AE7B6105A1FB640689033A7FCCFFEDB762189103A61C3A4FEFE0D6A6B5A19EC5755A443AE78BC5E9235B047890A65919A0D2F96AA3C01CEE913BB3ED239C3E0CD8DDAB99E4348BF3F8B977B6C43DEBEFBD7721A839A63B94C06A10DB87FCBFA3C2932F8C26F88B
310
6D6BB30C3C4E09AFE40FAB52EFAA1EC0316920E031A46D65A0FFE45A673432E907FBCF86717AC04F2CD0EF512D665FF53F05BFCDC43489F150890C60A8E0314E70A06F619D30D841189CA15D3417F3CD50191AE4396543F0C42BCFD696C58DF163F5B46D708BD5FDDA5E5E5FDF9401BC4F7E00E8A17520833D1CBFF495B5D1
310
CE037C664123EEE74737268B5D1D3DBFDA6AAD8C08DF2C0BC7A737E10AAB2A7B958990CEBF556CDBEE823CB09FB344143463C630CFFF585D330CF0320E921744A7918280FEEF981161008E9FBC78C830217A07B7D6985E83F9A79884ABB5AB383B4D7D788F9FB3D867A2112A43F19042B33A108690CF6F472F8661CFAC9714
310
78757F6E6F2F7AEB82FEA85E5715941778B278281F28C268AB24BDB470EF3303E09C359E9DF1CF990D8A096106E6A66C8620DDE7D281DF0B2831F20439A30D68386CE13E002F7EDA8D7806162B205D6A19AA1FABFD6B1B400EC2BFFDD66FDF7E8755B4883C043F43046C1326136680404F1F934EBDDFDD39CB58A98DF1BD78
310
80E0532E671FA1435E9D6EA5E9071000BE8F262E7C4044FD95D5FD526EB40A05A634775F32205C3D779FDC168CD5E56BF982508BF572BDA4F6F57D3304BE9EB18149461B12F760D7485891CA47CFC44909136FBF4931716A2E100123FC6CCAA6A644F25EDF4AC980B14039009BECE8B798BF69A05DC5B6885CD23F8E13A46F
310
F0C0A986D617F001C52241801E87C2974C31411DA3A5D7B6175472763D637D3E57C33B908F867F4A59CFCA7923375E5F027A983E18BD7BD4E6FDDBB2250C1529F4202EFAAF979DFFB1F2612E87EBEFEC58581EDB9AA95AD1D7C1905F7305BF8182D5BBB524D47C4E3B81CD843220DE1E6536497C0962C225F75A2D6A998303
310
B23FC501F0B3F736EE1FF01200FC8C99F5515207C9C40081DF304C0A17D06E26CCBC5B3C47459308178301FA8057C2C0AE9D99B05F038828B08400F2E3251254DD7EB8BC4853B101F99AB48E387457C96951E5DB670648BAB70A7B04FE93EEC5F5B183F9739C98952C6845C380D401B8FC86E70A20744EC720E09D35955D96
310
A9041720196D183AC2CFE6AEA816652D0234883D788BEC8F5DF2615261DB031C2381092401B48D8D2D870FECEA9C3D99DDB036C8A051058030E32190976718C89F031DFBFF2EEA3D88606A8A19BD0AE305BDFD12BA4FF46F1A0002B07137989C748936E9DB2C91F43B07E4E4D16C3779CF5A4FFE8CC981F07C29E34B7C012A
310
F0054FAEA4A6A3D49D3A16D2B3CF220A029003366663053C89B3FB1827080DEC2780076FBFFD8E39810CB0593CC68B5D9009F2D400418028B0BC6CC74067E7C9CC0C2690FBB084AA5254A12AF63543B35EB40D17B693F7E3464D5094C00AA9E04E0E0524F5C35C5EC6BA94B21AAF2440725E2A9FF94FE7A8F0E769EB83FDEB
310
039B631B18BF396F5C13CF89ACC02C387DA56DC3B1CD84B96CFAAA37B55FE723B611062258257D331F186AC93D8AD600B4FEF4AD777E4BF68F2168FF08C081A37AC13446C859964803961928476D78F68419390D830C1935B5C2A0A22A3AB17D3D6428BF12DC373B8D464E04C0A496BB3B3B75639DCC2500E0F0B15FB6F47B
310
5A7ED0183A87CAE8D535F2EDBD4B3B7FC762DFE65A07C30B2851DB890082ADC07131EEEFA3DB7DD5CD32C0860CA83CD4B7993A175F422A8149B1C1D94C1145059D9C78A8A572A90B7C8B1E3392FF77A80C50220880FF3669004E90F101740D2B808181455A044904674E7482CC3EC85C4BCE339404C0B0BF6A5611E4F9B815
310
7BAB6DE327EC9BFBA1B4557ECB609C1F45326499EFB90EE78F18227F09E563C9E63D847EDB3B68EB9C39E95AC4F7ADCF7D87F6752BB6912040281E4A0D8A8314E80D60470999B8A51FB1488A66A9F3F81FFA61C83F4FA6969E472288FADFD61B005E0EA4284822E018911828E868614DA0C36E11F3A051070BF2F0840E35F2
310
00E2C0C80A776CC9E7E6841C0503D0EDF15ED9AFE527E798D23BEE5F0604E58DFB7099D739BF0BA5D332EF29F1535995BDBD0DE681C4F71DFE6A7AC5A13554AE6910963E9ABC9A0DB5B202225545F5CFACC942B5B93C207352B6E5310BF349AF200175D7DFDF78F6D683B7C87E087FA9B35812C4F8F13452CED610A2207541
310
E6D659A739441F3833CD0C9C3C3DC2B0712F62333C4FA9327C9CA1124904B4FDE0FE21C119776CB0C212AAFBA5CAF80EB43772ADFE77CD9FA8A4144C54C2FB2304C65F62FC3678E4F6C68F30FEE1BE8383CE7DB86F58B1AE0C51F0F055E188D02F00911DDB0991832228B3172B3E623E513FF1734FF414A611A603163F401B
310
EA790FC9FF7FC3FD3DB02DC00184145B850D01D120424DC03C00FCEB7880EEEE939399F1F18DBD4AA54C939899304D913CC2D5CFBC55E50C7FBE4C0E14AEEF53D6843DFF56BE2D554637EA047D3C210E2C61077875FB5B40E19F43AB7470CAFE1C0D3ED3B3B4778D1DF6D4F837C08747180FE8394F2CA1E0A46B6DA62CE2B2
310
DABEDE0B1924098580FC16B369730E9E90541D3730D47FDE16EE1FFAD3419CDA05ED1F2715C607F2E81893AFC5936303F40EB776F1D808BDE393A3FA401E1C706E154C892860AD74A2949C409E28A8FB3349C764D13E4D1D3468952B7B1B35001BF41142CAD58D6011C8B78961EACAB66E9AFBC627673B61FFDA4167950A27
310
4145BF11EA17BA9AA60815C2C43AE1F648E3772E53C94E6364AF826019E723069A8AA353A3BF7FB5359281700061FF64C28C10B9AF0B70B0B0D30A31CD1CFD22F68C76DA1E44558869257892363C091D313EFA46B57C3BEB252E9C6BF5B4799EC58F1910F469E25AA17B343799DB3E33CF410061F96C6D63FA91B1000CEBB7
310
D2971BDD39A2A76361E000F5DBC1688D47CB812DD60F8001AF25B328D173A9E4BAC18CE9F1F628704330741B2649B92E9714447C68559C6CD2F681919367E4811100750058809D0230C087A89FF3C80C23C4C60882E481F48D531764BABD5CCECA308DE2F63D3BB50373D630796126803C2D1FBAC148F7592881B395ED7D26
310
B7DD38D7096AF98841CB37592561D9C6565317AFBE9FC4AF7371E060736C7635E0CBA1809FC80F544DBAA1F2F9393D970D44C0615A0C6930E758B9E63AE690F73045F0C8C0731DE9CD80F718E94652383458799E02C06D328010011C7090D8C5E5336A83D4059953877EA1E1D66FBE994F04608C4C991917230FB61F9AEE18
310
3A40AB9108D032449FD1A7283DD25ED15360EF7EA9303EDDC0043403531EDEAB10DFF87F5E2FD56DF0F1B701A9F614DB17FA0E0EDF6FD0B1622A81FA3D1DE5A33F551930335C353A87F9AB05C60455193448246944A232C5D07636D864CDD7A50D0B4440CDCC465D1C418321F50E1648D500294065D869559EF3C40C8FCC6C
310
323E989AD0F0C73142480B200842802C061008B480A9954AF282052B3AF67350FD0DD30D1F4075AC303A5D490250F5400ACF479656861E4C77AFF327F3EBECA4B57B6B6C8FF62602BF150744656A87DABD7BC6BED50527B2120C001A0B3718C74F0C65CD34F275164D7968148DDF259AB8AD6CA81CDA4E8819509B996A7F64
310
2D987A401A2B04018C01E6C169A8700F9DE3B489DB2BC49C9B7B858A4F50D22AE15428FCA4A1EDB20C83492690CFE361CC7F8C8066FFD0D77AEE797977F468A36E0B0DFC87F90EE6348BC748F7CB73B5B9DD5C6EE7AB19ADBF6DF359F1DC2A0F9E44F213F8041F64274C0859A2AB7C37440FEDDD2F95BE44065F22067E3EA0
310
CC3BD8C0D8194EAB291CCEE20B9CD8E02950AD806080047A279F19024C837C848816719AC4A34DF8F0706CED904E8185753A458A27E4C1E37B5F30A104932BE140E0BF4E400160F320B054A8705042FFC47B4940810173F9C9E97240C7FCC3F3813EA239B745DE9F1B1F3FC2F9330374DBD1A7B475923F9A2ED81716D18D1B
310
577DAAB9D1A0458655AD3CA7E211867AE7C702DCACCD291E0F798013DC01BC326087775C0833E04EA3778FBCB8DA4687A0255CA0AD210C15661E4E92001A4449031D1DD27D327334BE830B64DAD90CBF537A45FBD4E94A7A88888E715B7E74FCD040E818BDC1BF5AC609CCCC015DED23877080FCDC47BD8EF3A7B783A17D33
310
F3ADEB6D6BC7AD75EA7C7852C5B6FDADA6AFEFC2D181C03F8C40DD8A4AB5024F0B72E34B57BC1182472DC80946789AFB711DB7F1193C03C893B0345F420246114D3EA71D04FBA731C0DAB0D3CD311B218F0D5A15ECC105D02F3AC32F13600084731A83220040019B03180634B5923D438300B05BAC80881F061095FED5D572
310
A3323ABD83F1D37A2301A8C930AB3F66ADF7CBEFED30BAAD7D78A06DEB6A87F15491F5AB7E25842B6B34BEFC12C8A159F187C64B3CBD2356DE5FBAB98BBE9583F0E3280C0076DA15BF34C15238145742B07080B1EFB83382F9FEF2239D003541041083C5AF9EF3C8944DC2030BC3ADEDDD9D27475800693049E05413BFB3FE
310
B4308731512F13400D06F813368A0101D8D863EB3E75FCCADED124F532AD3F123F131AB46A93DF1ECE7F96CE9EB6C365C6D6A07EEC461FC919FE288AF7AE1A7D012D291EB073735FF26BBB1C99FB706E972192819B7A34BF22424BEA1CC7958AC2E04BFC8E02DB90A4A1DD04811ACDBC181037864672C78F6C0EC3073A40CC
310
49D5E813593B7002763BC6A909D31AC86F3F6E335C9E1C309BC58F16418642E2AF6B290A34FEDC0CFEE08FCA0F56700699CB73B9C99302AA17BD516D7F1FD755A2B32B3FBE7134D3BEC813195BD355020A7DBB541539CD2C06E45F46FC0EE08293E6C0E1972176D9B678340AA1A4823404EF79B1E2347E47C35D0A2260730E
310
0B513025DC0BD1C07E3366E9B9D17F767405FB531070700035618606F0B40C73C974CFD321B0C174A80C0F3AA54945FFEF348F5488895713E89B5C98DA501E06D8D24FF04FF0CD7ECD7BAA755A854EC6A180AD13BE094E8D5D63BFD6DFA5F5D3E4DB1BA18FD8473DC6E17FFC9832B71A2A94D96E808BB53F9192955D62C82E
310
282B05168AA0927D54AB20A20A74800B7CC9655C8B15F62377CA4C91641F9F4D0478F4FEFDCE273A002CC0A725EC165CE3A149F0333E8E9600B2C05A7D15FD831F0938DBE5D0FF13E3C0F0765965A0961C3FA86DEEB0E28304747BFBA5FCDEE44C23544F7BB7BF7A132DDE34F99E44EC3FEEAE92F667A10F7E90B0E8C6442D
310
F5A5318B0F816311DB2E6DC6F172C363FC800EE09186BB9EC82A24C0117700CD884AA42023B81EA6E0CF8B3056411110D78606EBC5AD5417B45BCC8E61EA01C4006AC233933E35D860BC1B6CB9C9CCCE7840D2E0C1C1FFC11CCE54D59300F2B47D66A10F09D8E24B71B9BDDF98FB62A3B897C53EC88D16D1FFE8C649B17BB8
310
E760EB20B784F52F992544753F2CBF642CD3C9C70D8722C197142C567E74FB431EE248A8F3FC00377F5142144A82FFC28AC2970A780C85A7EE9146FA4B2981F3C93BCB0F3FBCB6DD3DE69C72B6073B99140DE28B8E919D9D9E7C2F5FA99FC1FFD07E9AC0965CDAEA0A945FADE52C791EA989E8E7A21A355FB37E44405D171B
310
98A6E946DB26AE71DBD01FEF07FD378F5B4B518724481820890E7486E3FCE61A60E096D577701890EE07CA5D7F2B086040749FCEF3F81972E510A86359C9BB579883035887542090614E5C4461705D7CA1CF84DB564838606CF1597E8119790D021080C935A908324EDE9F60A04B7830A33F0670CB08605B8D01BF9A3D4356
310
93FAB4FD84EF6754930640C1F9D74B052A7ABBA9F502B39DA3BF6BC7514EA4BEC71D752BFDC198EDA8DFE8F32B3EF811E4576B0A2074B99B070A069F60173E7427BDF285024E35A4418B7A412914F2800F1965C4F1120A2D5D2C64400563D5942044807BE7C738EBF3034C4A6F4D70C04ED1F97673C039FABC4CFF18866E08
310
200BB66BDC9CCDCC3FFD1E43BEFC52C317F0F5E64900FBFCDA4DEE68768FFF46350E0EDADB7B34DBBEDE3776BC55599AF84E312229F931E700D04478D66A0D88D09B2276141AF0F8811C5F8067DC04C0F90929F7F1AC9CCD368488AFB965C97B855A3E2E93AE5B4866502E55991B82D4388614F2C36B8484A5FA06E3EFFA98
310
4A6AF17D5C2073299D9F12FD63826F67FC460E54030981684E9FBFC22009A3006962285FDF4FC84B699FB5BEF3736C6072F6844C15EDF25883037DE6BB7AFAD6AE164B367812FA8CFCA6FA25725D99AEC5C6EDEEC64ADDA2BE0056002032E1D7A20A54CF444E360D520A5B69816C0A953CE0434A8A898BF18E2B704588C01B
310
DB2133342F5404FEE698957C200EF54E31BE6DF4E888C9C67F5F3F1B41F922777E7FA6332677C20098C59F762F5DFE4A23F9801A3BB6F8A4F66E0D40EC867E92DEFCE84C714FC7CE8DD3DD3BDBF9C781B1C3B549FAD2C89D711808CAB100E09700BB85240374A7209212F320CA577222A7020E7824500179FC7096C714884B
310
DFD9499E027ABEB3CB0226CD293CAE6E0C41A6788F396606A073E28CBE5CC67D584D36CA39D37974FE1023253E3FFB007A26F657FFC901D851130DDC2BF54884F20D5D40A0B7E5C7BCC7CC87B84F2ED820192CCE1AABA1FF24ADBE1D03635B5B3B53D4A5F84120125FADC36A0E792D3AD7E255792CD5241A4C84171F110409
310
0017DA493D0A7790A7BDE6DF326180398E4B0DEADA5C2763825E43E05C388E184678C88CE6422606C017F030366981353DF03A753DBF6370879F79889DD0BF75408724DB53C5B0063AB6568D02DC47AE4627B58D7E367A6000267E7840C23A0940B992DB98ED1C4731B4FB4DCFB6D3EAFB6CAC7646F0335C5031888CD74E21
310
03380260AD47176D703960230370FBBF28813524C17FFFBD6288BB28E4F905ADB4A788B40B4A6201C1878BED224DE9906C4C79EF32EE679B9F5D3B5DFA137327320643909A823F62106CB8F9BFE4BFEAFF0FC7A6393EC7F64A698EFF8ACE31BA05ECE6DAB6DF124118D1D13F892F3D3530602E3F3ED3D59DFB821ECFA3D9AE
310
85B1ADAB9E328DE738BF55D5DFD039445AE76D0194180F57B15BEE5F09C07F952F9A10372BC894CF7DA12CF6507E2A8916E0DF430C519485C55D61EFE209912D8C32866214E121611E22A0B1238DB18E86636A3BFAFD5B4EE02FF1E505F902BDF424D0516907BFC95EF3A76B6B3872769D67E25B548F0DA46E2B93DFDFD5F2
310
B9E9EEE1EE1DCC7FBE6380DFBF38A165CAC73DF912AD76A4690D2B766A3EB4AFA2D05BE543EA20B095FB17AE3F1928D84482049B659E671A4763CFA567C08824913D37F2F92F841FC244085C1681225C04AD6DE1684831682CE0D6096B56101C0D4FB3A1BD3F11FC1105AECF5660BD3FEEDF162B0D9DEC6DB55AF27FC98050
310
BDDEDFF63ED14B01336053A19DE9AEF5F5D9E9D9F9E19ECDADCD497BCC57681922F327EB41FF681E17C1921B04FBAE371AC69E53F98183E91B84897A5DB164158BD1D12FF6F6BEF0E02847727BF2628F9FD48B6FB11DF6928C868B29590A0606F92140D0C08850DAA7DD8A5FE8A50389F61288AEB743E9C801BB67DBE0A7F6
310
4F63BC87770FDF57AA73FE1F5A84F8DD3AADDFC32087FBC0A7D645C327B97D65E7A8BBA76DFD9BCEE1B1CDE3F5F7CE4E6DF4013ECD7CB60BD1239E8A4E9A5722AD9C4FAC8F7FF17B214AF8801950430639A08E3ABD05A0D94E253BD5951C885B0CE750309070555FF21F2EF83FF53F4E15038B8D8A244740A5C9CBC120043D
310
A0B323FB1DA0A4EDA268C05A304619505000BE10415DE898809DB6B66896E60AE347ED3D6DC707CB7D5B5BC374A158EDC343D0EA61C217D4878CBBDC1D85686782C3CF4272E7DCFB5E9EF628F5A95AC1AC0C6848F5771329EF8DF2BB79EFEDEC8DBEC72EB7F245287FD4B31008AB38EA4D52F2BF57167159E3004CD8950E21
310
7DDD6F699FC763E9D1A0AECC701F7BD4430A3E030374066938F883C01DE40E7DAFD609345E33570F4CE6BE467FBD7F793B5AF2A9D331D86DBA7BF98067918F9FCDD609A0384B523F4413B574B818C6889FAEFC5E7B8F90CEFD62BC2C85B2478D54DD076635BE434FCADE68B3ECF1C8708E27863DBEC352D87BCC7A92A8E135
310
700CDE65BC114026DE5DB68275E656D2C0D4087293D43BB4C9C14EA83C0D806783B40DD7CD4F19EE9F33801F55A3F1FD600017A6CD5DE607783D5F74E34680E7DAB98D99F6E5B5ABC7F7DF19D8278322F6A97FDB2FADE1539BD945DDF868EE2B8B70D9EDAA45D1BB0A5801198CF1DA891540474745BF0317F8A3703E02510A
310
E94B084221F887FE950272D62D4232781054A87C58D015CD45EBF9B70E60820A2056E9D4D619E8494BBFA68B61EBDD8CF52CCBA124BACD4A4077E8420A7F36FCDAF661E577B792A7E1B7E337C7CF1FDEBB3B49F501F3C7366C1730E793F51FA20A9C3D2E9F18E63DC277449054CEADA36DA0807467D45F8A744E1BDED725A0
310
33868703F1392BBE221158220588F30574A0B0893D0515B0B7C404AD0E7F40C11D504C49BD7DA39A85A19CD7357DFC966E5D92272FF06D59CA5A6A1C8AE30E52F1247C1F1D78F81887F9F3E387075B170F9F5EEE4A7F5BFC69DF02FD8795FCFFAB472E7C88D563DA514861B85BD41594A75F5E866BE69471110A9F75C8609C
310
7E6BF6C7C727431EE3E9E3773D2378C25226E82C08104A57ED273FE0921D6990E02B006BD038263BA360355E8DC446A380F0BA35FA9945A80CF60DFD54054202F91897C241C147D59F8E0FC67CD0F2BF377A3463F8BBBABCFBD6833C57E214AC3F5AE9C2FDE88852968F20337972C7E04EE5658223008AE82D93BC37D8DDD9
310
00BD6B16EF221F0D4149045D740A8A215D4FC186C658E01994B8CCD317465828704BB630DA2243B3B4ADD3EA554A97408454148C04A1A0CAAC2E04033C04073851F54380E0BF2DFFA43FAD3D6B574F2E1E5EF6E5F4FEFBD1CA87C161FCBCF5C7AAE2F726F814027BAE10F79BC3D765D61D1803952210A9AA07F8C6BB2105B6
310
1145B324F96014EF223D4A9261080239F03FF6F4DD4975C183B887E081F7A467A25EAA0C94028FEB808637768B07400A8235D4EF33143253198900E079E3FACB0C59B00F827A5785A6FFE2FCF0C0E6F1714F11CDE5140D931D707950631F3DE877F300002000494441540ADFB08704E252AADE1BD4E8DF55796A32B9B6F177
310
37C67702E5C638682737286CB0E0A89B624D5BF28222432848C9AB8C07170C97B814FF492A61072407D638006F7C8400860444C01B1930A522788045633DFA9507267A3A42BA05925BAD705CDD3792FA23C1075C6EE768A673919EB6C3FCFE7629B7310AA794CC9C0D14A1FB88F95C845BF22543F57996E0B26C9E4C2ADF18
310
7F979F8A55F11B47BC26594C52588518D25E6C2B1CCED231EA1B748F093E5726A21A54C91EF95789041030C20FD5AD68613432E19A4D0DA2505B6BD843516E10BB00AF9AC315EE9FDB39CC1F9EA59CD88F9CD071D470C86C4647FDEDDBB1CDAB81DA94034747A779F4CED497CFF817348F69F52E55490840E48840BA72DB71
310
F3E84F6DA2F4717AA928F153DA6E4C7E8E00363CEC9A2E1C8E65F298FC4A52F087FCDEE5CBA38A80CBE11FF7BC2AFF249203FFAB77A128A001B1987BD334AD9B901890A8C2005B6B248196AD09C0025ED841325B31845032E327C531C839E66DBAB39566B631C2FF0A1DA5A3CC47E665AD8751B47CFE33899DF047C9F3C365
310
E3B11278D49DF939298E09002F6430F9958803309827A7C791048CA070061B7E9A64C557D235F83EE24822E5EAB805F9862F20FC58F483DC0EF02181F572930205107E00E523861895A2811309808F2B6C14B2AA579E893753C155D2F54302007E9FF36AC5FEDBCAD47E182D91A73920CFA5C18E01F8FFF4C3F1FF553BCAD0
310
E58DEF85DD63B91BE38ECE1A9FFC4AD4A1FBA30D462C328C5A0340DFD393D3D3D3C0659195C96990F391EFF4175213BC74C020922D4830FE215E76940962BC0713A3B82784C0CB6623DC40D6E1485BAD454F6892200B225096127FBD82D2B12006BAE2E329C771E25FEBC0DAB3B5395289D56D7A8A89081B34EE06F80F819E
310
FE75C67DEEE95D227E283FE98A7B9F1C97D2D05B4D07A469153C3DA3048EA68FA667A6D90E291C7D7E2D063E4D044964D055F2DBF3E31BB851AE9F78A0A7314F0AD24901F581D74A6929142039C65AF5830D1C809536CDC05E4BA51038F79D713DA930CF18BA3010E385351CF47F74D439BCBC793556A1F99814926AF12835
310
E251C59BEA3C083EC2B2760FEBDF4304C9EB87B35769E1EB24B648542CFA4EBA9EF93CD42F03C08F249A2C98897D8E2225E90077823F4A52171A61219998CED6FA050992B6B0A74A2220ED12123004FB977084208F8E2AFC80F456CB110BCA647A3A0F854085D84FE0052BE31FFE7F925610BAFEC06FC33F9931BF063F39DB
310
3D1BB20EE357F594045F4226131578582CB055A59A073AE0413989D215019B6EB8A21CF154D71164E0D8F4E730C2CD382D098DA5261456A425643686BC8301710F2C50665881399156AA2B4C3191BC555728384800CE10040F746A3D8A80A5F0E500A93456FEC52833BBB45203DACCA37FE1D3EE4B9BF0EC27ED47D89B8266
310
F11EA2DB8B5A8BB93EAEDF0C06B7AD0402B9EAC6E787365535AF19F15158308A9D9785C1BC1C01377F8C6B4D07B50DAD25649764A91DC9812C7B34CA98184084F7C01055466B48058CD44085AF26648520C85C41C67805462D8425680425559F4440F3ABBE1F3F81B1EC72708767DDC8FFB6465796C8FE310FEABE0C9B242A
310
74137EC3E0427091967023299BE5D6D4D0C6D15747DC2AEA4ECC57C72856E827D33CBD319D70FF854369EB841282F84B7CA4881447ACFCB257E252E00FBB3272120A75B99119840858486615636E0E0334031AAA8C08A62E080053A0AAA4158431EC727A084021D41CF5D630C94184F6FE7432E8F5F9A4FCDF3EA7CF136FC2
310
988093F98ED622E38E4976E1BF0CF49D2889E6DF3566719FE1F9B47A2D3BF89C69155DCF24F88C609EE551160F0415900B4C48FB013D8900A9192A700748002924771A3686A0A580FE4009E00ACC090253E280B90AC15048E047020483A038A60ED232831F2CC90498648690D960C48E439F18F4DDBEB0B6F5AC7B7B89F623
310
0243B4FA160A7B9327F3AD5D937C8BFFE5FF8B3A5E64283BEF8EAB9F71159514CFED62DBC880614AA1F7994CCFAE7D8C87057F451733699B8DF87056E1F0654B5021E38097E4E23221B810DE20559AD183A61C2C88A648DB096081E9801CA00BC1DA0124E08DAAC15FD2936905CA8DA1C40E42B13F1764E0C4015EAD7F8BFE
310
C99A310B1B7C0BCC7746D3C0702759C89EAD57122092122D1F857067684A578F1DAB7EAC400841F493A468113282FFE42316CC74C756B1C880FE78795C692813CF4644480EE9B02991BCA257A71861F00666D9410288487618D120D0E80D7773E2B7DD180E100EC98B221C94BFC4FF531A09B986230F1CD08378A8E4D0FDD7
310
D9B1BC75F5C12EAD7FF83F3ED19EB018620303C217A6A35D826E72ABF2D8E2BB1B783F6E48D2E3F360806E1D192085D022103473A10375B63853EC54F500B5B064DBC20945B88160DCF7E4F83A0200BF6FAEAC88E9F54D22D898E43F378D20B51B5D6B1457000922202800DD401A9266483029C0D6D57ED80D42A0E6E08835
310
F0F3AC73D7FAE6D56185F04FC44472B854EB7D9CBF7134DF3DDC35A9F6B38417DD6F508B37C1A718B0D054124176F7222F62DFB327F34D451799D56216880193254FF782D7DDE26C271BF38C6E422E271CE4AB8823C9510F021126A7A944E00DB4031D013C88EA0746C96D4574069BD5439C4110403B40020C30B07A604F1E
310
41D19C21A93FD9002DFC35F23B1E7B98E95E38387E3603FE7393680410D702FF9ED5A3C5E5CE68B5827D721FA78F3A9A0C08A79722D9C9B418F46C0057BB1640C70AA4A03D29CECF33987596D53CFB27B32C3BE304C540E14BF8464E080918268D254838C91A01F0FFB99154FD8A9C0495EAA6534A6C464440B4A71E16100E
310
7405088122A35F7A511DC003D002E6C8E7E15F6D1D2FD09014139EC11FDC89394621F77B9F88EB5A583C41E2FEDBC8F82334494C0BFA97FF3C3A34ADE60385B60E5A30CF036E5E75370BE3B83AE73B3B7DC0BB337DA0045299ED0C66681E4AE223D01B1BC3BD4C921E2005FEB5114739040758189BA8A320067B62A3995E47
310
20055065AC2B4A8006BF8CFCC907C0063EACE41813C5F017065AD46CFDC6FF1BFEE052932CA3478C8E5A6F25DC8503D40F61FC1B047E4DFFE8E84407C81F1AC7B5C79DA358551CD0D13785A9AEB38D6EB68A0A8087FC6543E7471082873CDCE5CBEA1EFC5CC0579469E225428E9A43D6A6000B4219DE52E8DF00A55F4BF503
310
5960661C2DB88AC1F67C2890A93FC420193C8326409E7B595FBBBA9AE1D1511B3F6D65B09AC10A71C2317201A603E88C56CC68C91279E83F5C147787EFE6C675F00941D23EF092920330982DF38C65EDFCA89DA98E8ADDECCD77CB86D85118F3DD9884820B1128010D02F1060F582871CC8FF42024C02239273A1CC3BF71E7
310
70DFB7E96081682803188118B50310BD620234F230B12711B063E0F0490FCDA9248B580D3D3DE944A30CFCF2A1E0F6E59E8FBEA289CCCC943785BB8880ADA9C2FD70F6A13F5418444E3A669273C006C4B4EEEC067827539FFBEA9CFF04D84E7F170480037005AAC8829084329899F90B5E013927F8E646514B4824B01D11F7
310
2C012CEACD163B6358A4454A4221D06E68A71062520649BF9E9127D0772D6E5EADED52FF216BC2FC513C7D3C5CC4C8AF009811826AE20203B076A2AA66D8D32E317DEE0EFC000FCE16D9E0BEB17C74AB009256C5D8AD1CBABBDA61402612C675FBD72D07E633B1A42F2421208CE01397560811204306617A5141706105C9F4
310
984C459F2D0F6C392FA05BED808512B0B9A8A9FC6CED89640EA347D31F0DF76D3D9E61E800FE9F7601BE4C9614A1C58E6C839F13A12D0EB426DE6386B82369A9E6A7F1F9146EB578A2EF4289AA109B4F6CEFEC0463E0072A05CC9DEDEDFE08407B173B8AA65399C80B2911252E6290C82CC1B8909140C11B7AE161B42B9390
310
5045D017E00CED6D27AAA15F2C2179F1E83D411A7020B9408D202381E7E5DEE5A9E7E5CDE3B186433F488AC81554BEC09BC579018ADD1DCB3D9D70F02B14BF9159A4DA376225FE43DA224FED327941705DA582B2FD1BB5DC0540667B650BECDD1D5DDFB0C7F36DEE2B94F6EE2EE4E426F20A1174C31DF153321A24114C4FFF
310
25E505475F6906D4149B21F1BD9D9DF7B059F8E0FD83323CB97991FE80EE131A9003B81C491B218B1D42C0C0D593D9D548003839DC29A740298B0C23F0CE14BB167BD61989AEF0B985C8FAC8F923A73F31953989F0F6C96CA6C4D0A9A88184BEDBBBDA3BBADE77CD8E2FFEDEEF46184A86671D7DDC51417477BE9F04804F30
310
5AC82C2D018A21EA903866A0F959FBD4139916D036635EE03DDB7408BCF0627A03027AD314C09B0A27F0A79490D53839D0DAF1416995CAB24101FA63F75029D57A4CBBA9FB4D120ADB17FB5A999FC9420DFE04FA670430B90FE7F589F7FE8D50A4B5F004CE5F07EB4EA007F8AEAE8E8EF7DB3BE2F81F42166C7246FA9E62D0
310
2C8209BA1024414C483498B50229FD923F2414040B2081390AAC353B5283EADA12A30B1080866D746B9ABF5BC107F33C2A015B275480759334B83AB02175EFD0DEC785DFC505E0064F4EBA5A97073A74C5C9FEC97BD25D819E28AEE661FD2732B8BBFB1BF13441B3C1F45E8AC1752BBF80C113DE960E0AC7D9D02C58C80505
310
A19BA0E84B14402601A590A4AE00A825E98C3212342302EE10FC5100681F86834A2804BC409D70270A2091DCE874B16BE0706C974EB3D26EFEDFFCA6C4579AA4DB781708469F055532A7046C6BEB0CF39F3ED2EC4FBCA3D00EA91CA68FD2B87B5C191E0EB2C300F00A1C9881F263571C6CFD83D079D09F176FAD839340CF03
310
0F70458F81F09AEE1329505150CA0A00576B56C06D58070B23086F685E44232D9D53DE3FC3731044F286D19F459351863F749F1104198D6E14BBC68E17CAE70D7AFD958E350BEBBC70C9C4DFBA075240DA27D40AD7DB063A097DD3F041EDB3E4B682A7A12A548F3393DB01945547175879989302521EEB1431B08759B632B1
310
74E0F700E774FCA1BB83F95029ED1A084288C8893520E49415E00DA080AE8027C34206D35491D050A4C6B080F6A20889A2FF82379AB6234F6710C05F9080ADF002B9C9F9C583AB220F45D618D7E7F7547FB27CED8A8B7A7D24EDA4988B0C1C2A1AFB53FDC61BF3DE50D63C560F0120B0372F0839DDDAF13E583B868717C1CB
310
8CC71D1D7F440CC82184803144196EFD58BBE00B7EE77DE8C015942357FB06FC906A5E2B8882CCF9FFE184B0035A5CF186A962A63F84B3AAEE3D5A2C830008807568B6A9F424086D2095A3E262DBF124350082C4B5DF4704A9D2C93553DE47BD6766B69349610716999FA25854F759CA9792599D3837ACF6247CE8597B0F96
310
0FA3EC45B61715050260C5844FCCFEC9666BC71F875B17E3BCB4CB151405D7D08F846B4CB952248B4603CC402B609E90F0044A007FA800EC46D07A51232B00E5683C55D5096E1374DA4FCBBDE2C25A5B8D26008227CA7758033D7D70DF12CAF7F247939F93F1CC63047D63ADA0B7CC8771B234D8095FCDB577B586D1834062
310
035670E204B245EC093FCBE15626C10D210CB38A13F50E10A0D5C0814B0C4B30AA9858516001669002229618F100767AA3D6D2528595FE7A398C2D2300ED0013A0AE60B91644A057327BD3C36BEBF48C91279B45F8BD145494674AFB211A91977CB838DF35DCB3D6D6AA2FB2784B591ED785DFD7DB77747DAC9D2F7674810E
310
FC2895F9ED8007EC7885101679C06F21E4B1C8A6120956F80518D1DAF1717BEBFB5803E20C6F2A11B2E48AFF4AD2810A70054623E341B3D1ACD92DA91150DE631EEB2C28882D092049C0DD38E262A7BD6F98549930C9D44B7C37028AEA9F8C5628A2BEF5704C0DCB2B428181B1BE766F43014498D2E57791E4C8DA6BD2ABF5
310
003F0C40202E2E32EDFB02852D16C30B7F646B98FDF86C7891690043128B0A0DE6B4EA27F08C30CA34C9D0AA0852A5997F8D11A6EE84E040B20472020256F4AFEBBB74E6705A12083B249089218E6452C8E5A69717E904A3F5EF3D5D08EC1F4D4E85086B238CFFC11AB9AE972CB775616C6D1DE04DDF073B4DE3747C41FBAE
310
6072901CAD0237100670C5A00C2C3CE063610ED824826C1F6650700E88C00B62468903A0D71D3A390255AD7040048348C56C4647413C2C2561216E0C469203EF06A5B101AD40D0E207F78B124747DB5B4BBB4E88B1C373C114E0470B345156EDDBCE1B4DBDF81DBC400746B0B54E05F693707B89A5E430982C2AC7D10DFF11
310
D5B102B9505034B35D07E8E5F585757F088B390F2D4C85CF7218E8418BB4F25B885053D07D5A908326809F31D6CC6B77CC948413B28664484439D118DBAC27DB5AC40C1AD166F25E6A2F0AE82100C0BF220405323E1FF80DFC518CACA8DE1003F3C9FAE9C7B2D60703A0004F8EAEAD2DE0F5485452D15B77B4B67F4C2403B8
310
D8F9C533558ADE058A9E177A1698F75DC0EB4C800F74C0270178C8579C1FACD025F0560844502D2BBC01E620030CB93636C1041636A693949CD80139FD15BE107F905590A292840F8860706D07E2970A2F15E5B13B87C3143CB2930374CC46A6F9B9D7A5CCCC14E11B9E879A49FBE27ADBD6DA82410FBB94FAA8487D61B51F
310
4BE0A03FD08743C31020D6628ED20305A22C2C2FAFA7ED1E7881C438AA5B9035F20759E243C51F34D0D5F02F11403B9E204CC1686C0B6C9000470561519CBE1B0E4FBEAB37A39EE4B84C05F023858779341991F36D9D9F351E7BB3B5ADF00148D9D05784F9AD8B037D48C01BFA83D4247F03BB768BEEF973A14E610090D4B9
310
6B1EEC5C5E66928F28EBEB6CF578B067DD83086081579848E60DFC7684044D8174993C39F886043481F6A2B743B18749E52447CD4D230513032D20D20206E536E15BCF7B7D211634F98FF9986287F33F9A94615A5A0A7CACF8DF5DCC1AC6EF9AF1945EB78E0A2FED1DA2ACC00EF983F9A012260BD722EF61C9DBCDD8719703
310
ECF839029010CA0B9F100B1D2842153E01A1A3837AB579516A31982FD2908A09100DAE591016CBCD4B011A2F4DE299E1338CE065DC4841BF9895D8C81714800CD08F5AD39601BC929B55D291F6CDCEF2AB40DD5D98F4E6F107C47AEE4A09A079C05316F479DAF4C2BAB83221BCC0CE23FE3D3D4C7BC9AB673D89A3677D6020
310
F6E182332028012FA0FBE0B2668FB85485902A8E7FA0BA2105C213E20BC2169211A4BABA7D693C3F1DA961F203694853137073AD5CD25F1C017DE0477626D7BA55B88F83B5EE513C41D814639FD1BF759171F4577D3CAB0C3DFF68B2D3B1F8478C18F67BEBB2598FA76A4545E9E961BACF657E0791D2373030E0EC9FAEDD17
310
BEA7703A738185D08236C407448A4CB504CBF01FF43859D3115488EA01B55078000DF085911805790DE1B41B6F8CB2889C3834FE02AFE07D85143C6C008438A944EA63E047023A7EF37E13B0903AFEA7BBAB9579330FAFDAACD540022980B65A75FBA17D388F1E6576405CCE7032D95BDA420E7DC0EFA320879E5F8B3B04C1
310
D2D9C1114210C19FCC49DC6A855E12010184DB8968109ED016E4683CD552A36B3AFA13BFC2114068935A7E774CD2C7225642B73325938052D8634ABC18DC9442BF9E0402E85B42F9F3273672DA8E8F1070405D1DC3248487574CD98092B8B956E6AFE1566530B78FAE05B4A0DE51FBAF85DD075C7E11939F80E015A58D1F87
310
E400CFFD2306C4D1D3C634380A201545A92BE01F445800BE12302AB477BD6F62600D211232EB061448A0D2B877BB940D63D059C37E0569A83DE93E214F4BD86209FF6F479C640AFF8AF6D1BFD987D029A94DB7C329B4184D4BB013BF912FB88FEEF913071A8D82B651BC10DB067A7EC52FE1B421883144C00F64FA23A11CF7
310
08BF16CA59F18D4C04B8085964B2D8DA4A855187000BE440BC816FFB13374640B0EB1D0998AF38A1AEF503F14302E2811081FC12EA6CD38A63B33035125F40F170C0B0AA45E9FCA38FC6D688D48563B5C4B4B7C359D3C7AE0EFB16ACD5E2FAA47EF8307044B4EBE1C71E84E742D81431FB06B90B600B9C239E277A57C94C42
310
7EE10E7826980C0136600D916A06058CBE8604DB4D314FBC014EDAACD0820F14BF75449B70339490FE5A0491221BF95F949DF1235380E969AABDBE2D32EB4403D3FDF17F42F9A0A7C28ED75BE86BDB7C7EC80C76F86B8800F77B305EB88F00A4352E0F8089EF811EA02A3DF08F7DA008F803BE4B4EF5F41E56087099E92070
310
8C3D720916444440FDFA013D4E1201414123A09290F5BD7AB729298209C4306D007BB0829FD4EC3A6D7E4F00B67DF38CA0764F832F0448E58439B952CB4F70DF964AFA74CCFDBABBDF273E2FF4F56D3DBFF2A78D42FFF2755DF307066497F44062AADFC0CC546F6DCCFECECFA232E14F408F05477D311B683A35BC245FCF8A
310
5CD2AF20022C21022266905A5BCC8B20235D6FF04019CC04058AC80023662E25F342063165956320BE50370F2A657BACC817DDA3DDD3EFE04028645780A768FE38DBA88BF2EF3ADADFC7FEACA952E5A77568ECF0C971DF32BF1D24F8486B22A649EC81B1B60315CBEFC026091CA45F858D7D04C1B437079431E63E38F88075
310
8842E780A9E03791C0FAAFE10012588C3C592FE35461A6047802BA18686887023A422A49599399893103942CF6DA53A8E387825FA0678B261F139F801E2B17C901D0F5217E07AC2401A87D0480F753FBED44FE949C93A1D042B879FCE499B3D861AEB23F9C1F372F0C24D0B7D6E70FE1AAF60F84BAE642D82F0A9F53E22783
310
915518494FDBC0AFAE7DA282E5050B703570E06319A015E00D693A6BEFFAE493941C3B08C13B96BD20D0115A9565701DC58568A3009DA13E965765C03091F0FF339F7309D44F6E61F837F1B1FF920450EB8FC48F9B40158BE89C81A597CFB0DAF5F5755D3886DC13D4479599B583758CBF35663AA234F133F91D3BCCFCE0A7
310
94367F385C59B19431780F1C099131384056616E15A1563B50021D369C593FB292685A68A8B2A50A0A2085CF05434617E05FC24A6B077B990014421A68401AC4D65788EE25F737EB780D08A6E38F060F2ABD889E1B889C44852C2FF368C1E3E710D73B6589EA83F7417B341ADA1F639A23D15298F087AD0326410E116C3A1B
310
325218433C71AE62C07C1480F1C045629724A076A4BB8D622D24690486727F56108D07046DAB065000678E04C4F8C342DE27F4AC102D854F2D08D59B4ED0E4F697B0FF62F113646BC5B7F3131D4EA8BF8B265EA3F2026E7061B96F6DF3D993276B2180B8E57067587428579460551049049B074CF8B1066C7E14C705F0B392
310
98C0997C17F701097023BAC31081390196801FB0C2A12380042927503D5A01CA127F9841B460310639C674BC8CDF1A320501448E0068905B07F6E5602F8C1F07786253438CEC51AE61FDB25FF71B09893AC026A9EAE3F30F369F5D5EAEA5801FBAD3C98B38C13EE017B054F81A56F05259DBDA64FE270B1FC4C77200FE276F
310
E814B916E222575ED717A62A92956504605268408CFE13FD61F84252228376060206802B9550F00B9D47E6AF1022538A752CF4FFF1F5931384A9FF8700EDD4FFA2B93FCBFABB3EA6C607FF714B0B8B04EBBE83B52B246092AB018C0D0002FC490849F1E214AE6FC42009D6D86616C835B65DB9862EFC4480C14137603C3089
310
D0A5588FA27E693DD184131BA4E88C35045ACEF1CDE1A82323C20B842F2419604821196EE8185BC834AD44F8E9B7549A32900196E9ECBBE20FFB4706861AACADBBFD9B56A23FFD3AB8BFACC18B1B5AC0ECD7B6AE2E2E9CCD2BE8AF1B1BC3A813B94107E82DE67A42E7CC7D4A6116700B5B2EE3C338A09B840F07C40A64800D
310
7C605AC42B72227C4C7020AB1F20056E26F542717F56534261DE3766AC10A6ED2D006DD03BA9DBA507AE0510A8B385C92363B9154167F1230C40D76AF6F3BE0CA08F8BA2FFBBCEFB09D0986550E0F0EAE2F2780CDF850CB0F88CFC2815FE87BD83909F474F45DD47F1C821DB2107A8817FD45384F57891B65F2543D0C1E20A
310
89B4A8DF806862AC27C60F6A054627FD344250718AC0FA21CDC4E28DBF2650D1B39D8B8A420C348A4F846E2BE824BF8C45E1DB8EEB52F576F47A75FF95F90FCE0FD3A7A08D48D5B9AFBE3EA658E1676FE3372FB57F0AD8D70ED4AEBA3D4C2BE0AAF1C3AD63A6004D12900CFC481A47430C9EACB390038642C8C41B13303166
310
614210592736B8603AD4FAB17189DBB32F3915F0C380795A089A15228460BDE8E52203527D41B5470901B088D84FF8B3FE2BA7F4FD30ACAB3DE0B7E2FF95807AB0010FFDE3A048F7360F9F3FB9380EE537F16F8673131325D3351A3F664022020811A0FE8C019CA17370725CBFF64132025DA1BE2555102212E80A907FB43E
310
D80A991A8AAC183932C19AE17524B06590B6AD286EB99BAD18FF4BD64BAB519202F992A963648ED30E7521F909F090C0213E367A77D8836BEB6F34D92EDA624183070248351F1A079E5D3E7A9EE81F2CE6678F92E299EE312B6C0572C0A7B5EEE07853612403813152C7125E2022A20C18F855DBAFA399817FC97FB6E1CDCA
310
31D348434ACD0012F0D32A5456B4007E6E92D72B1A4E9971223A42C1042819E4049C0C5801300C0013FA48F8944FBAE71DAFC27F1826FA2304ECDF3F6C10FF47D5C7E49748DDD687DE8E91C09394EE0682A4F84CFD6067EEDF43E67EA46CB2F4070160439245F00343D03BF25D7E2F26FC400A896DBF19FB8D4D0A66DA669C
310
3D608F9CD048A0533621B25690EE19D5D15248E390F042B12C682511B02BFE3E5700E4C9A9B2107A8F45248FA48234FD23005ED1F4EFE80D1320836F04003BF42856D478D1DCA3ABEEE3C68F9F30C3A16E5C238EA5DE3FF37DACC2F8B7980033F47FAC34421EF0418A045394802CE032D61C70023D788136788613887C0011
310
A4EA316E005718AE191F8D0D841B9C679CD2FC478442D005429166F5A24403B1E6ACF3298F388B6D0BA933D92339D48969A5C11F09B4FF017A9900A4F887010C474717E10F36468032FF33F4AD610517777104CD920C3CD15FC5F3B3A0C75BBCA3B00F2724863C10BCD4A0E00736C7981F2F72E4B001438B99714FCFAF713A
310
2603BC710376A1715FC602022202E06FDEBBC680A3DF1C4C095A12C50B554FE7623B50374FB2129DDEA4C392C9188077658C87F55FF92FFA507FF03FC8DFD3F31BDAB46DD51AEB03F7E1B38B8B87CFF47EA1479C3EBAD5C6B382C221C0F1B358B39D76D9D3142C4A20935F541E492E0EF081BA41B3620A8E172B584EA14856
310
32E22A8221CEDAC6110AFA4B6D43E2B76A18AB240BB24337721C9321D2C033B2D3E2641A55A400A28403C12D1DADE39AD23FC5FC08C47A64DC3FF6DFF76B5235124022D7E6D6D5F3CB870F9F31C96FE477FAFE54100068A3A87FA5908A2C08011CF31309C10025B089FEF9C510522B8DC07C30AA469841723A10C08E27F00F
310
7FBC181C083F2809EC3B2B328E294AEAD5A071B3A95C81D2DE3F930372D022C9C793535B92FDAD5426E90490C3C81D000017C6494441544698C416520C1C40C71FC204B22448FD9303782FBA67089A1A7D4CE38E89050FEF5F1E078A4DCCFADA058032C34C1CBC2E1202B1F8962B1A8024F0EB7A11F209E96FB369D4B64202
310
FE7BA230AD24C46413536EAE955B341B726C593B5D4630C0BE822480908522B0D85430230352618DCD4F7BA6D568BF4343801480006658EA3EDCBFFA9702B4FDE9022163C43F9B72B58001A23FCE6F0B3FF0E4E1DDFB9801A6FC42FD0132CC1F2224F89933107AD30B6C9131A53818AE944BE25A70810821C38F098411980E
310
46D108F483DC63F49B91B852351604091D60546702F58A3872A1716411B642C7629C267E64E77719F46B0548FD6BFFFC86A38DBFADFCDF700228C124C8664FAA02BFB1F92B09800876FCE4F2D1C3FB4FD0A44E0106A8DB8079751CBF0BD9340066C3D52BC64706467C05B5A54401BE4A1B0132A55EAC1CCCB10D378A3DFEB9
310
812022327745EF2102886A9142C812A1A2C9708027BB55B7006357459F9C2080E0BC34489FC629510F3017B62D5073E2A2C64048A0A42580E413BA9E08274091A398EA80B5BF31C87BF5ECF8F1C5DDFB4F22AAC181F070AAFDDAE5650C4000516440D8806786D874215149E69ABEC43FF0EFC820FEA112B0522003C84BE03F
310
B76623513B6D840820358B084119B0CEC8C00AE888826339A54091F5FCA513AFE147975BB1A86FC50618D9D74502F0C7C8815AA306602FEE3A5E79E0D7DED1B221001118B73182CD439A092FF801105D1AA14E1918EC282F6260869D55108065988BD67F68E5581720A708051F7C8070F582389C682BE53F2AFD85853F2A01
310
3D21564028E06E79B7A71E43212180A81541EBC88F451E02385100491AB0C4A3BC5309A95911E66D04C0B448366988ECD204C2FC930F8CEE8FA410EE4C25B58DD1B6EBAD83F6196670F7DE635282C0A56A851AB035831725F0471A10FE52097089C80495804100318405F0DFC2136004B4C40705EC9154315129205EC35793
310
0035688F61AC02188250CFA9A980233925F16A117A48CA54DAB6400221976B75D863330942E20EE3B00B08FBB71AA813B0E502FD2B023DF70114E0D7DF2E2EEEDE7B789504200112075478F2FBD6897835C91F0C20782401E801A2F9142700B74805703426023A81CC0BE88B537D0003E0C5181D29EB8D83050964DD258091
310
0A1E7A8138F76253DC01DC2F3824391AD748276C0B0CDF12366625D038603D0003E0266CB42704C8CE7FA7F11B4D59C0BF454A78F8FCF1E50513715D469607031272358F04E0003C90107223A581218F10008B10247CD20D860FF0BF48801040B361808148714764028EAC137E871501EFDD97C89B52107FF1235B0928C562
310
530082573CE137840EFEF82A0BDC602736C595912FBEC69E6A3A26903B3A300C5A098A9E3F1810CDFFBA019D97B4E7A7A075850F2E92569BD960CA7B8304995FD006FC4213BB1448A6F4BFBB3A9F9FC4962D0A1369129B10073771FEDA38B1737B663A71C088D8848027FC3008DAC4E4397A6F76271DFFFCF77D6BD7F1F67D
310
A51E0E08875A6BAFBD6BD7AE52CC04A0B4A2206F650EC412841A48258258E8662C3838FBE21E25172C2A15A4F78D82DCF68A005DCF07047C183E1CE47731BBCCB5469D9169E0D588945BEB637E87802A03D88FB82486210D28FB3B858D13DC7CE75F5E6F3B03C1744D30CC58C7C7A256146853A05243060B850072A7010CA4
310
7CFBF9A1E24F414037B8781E8E9F219A774B36481CB43E48A79819D638C8760D672FAC19FB9D3FC5EA9158DBD0159C27860409682E8FF2595652FE189D2CC2D7C023E944158355806FC320087CC74116030CC376C559C098B93A041C5DDA48AF33827D2327DC761D19C17CC62780D82A170E6CE7415A5E7FE825E053048F88
310
D2AC2A561CA4D4C60098DA28EF1A01382772484698F60C8DD24BF396EA76260542810A625978C03580A9CAB91D10249BE579B0377A3DD15749A45F24C4D81FF3D7D7996F6A1690288008C0FF6CC186DA9D5FC95BB09B1301004B016E707FDFED306A1BE8FA208828F00BF342186839839F1F6FA338DC5A0200FF383DE92614
310
C03A4508DA18F4D85F9354F7E867AA77A42FF49BBE6757A1A7454448D0BFC3C220714FE43A3D8F1547BE10F0BC5A05985AC3C28829A06FE24CD062700601F4AF12AF99099B08E7071DC4626A97C920C3FF96E190C9D1FD7CB6163E800D79E5F3F10A9306C02B799E80F1AB380E0571A584C0370A220C3125000B500900D96F
310
EA40409F980E2083E4EDF4D8D2480AE5667222E020BCDAD4EF19682120818FE18EC7FD6AAD67C03F7DF1955E697456F517AC4F24700C30171C67E9168B109A4F60AFA60F98BE30941BF776DBC7C70792A2FBE98AAA97224F8BEA39B47BFD14A8CD03320DA2B676E3AA397E652E30A42CE2987B7DA1EF7F75242413800A04C0
310
270C62A13372400B435ACD84B8B5009208F5AC73EB149FFF3508E21C2201E0338BE07E50EB47E7FF6D97724A601028C5519073E7978EC88834410450E074DD58AD13A4900103A6444A9CB99103229F0EF8C0C78161EBC68137240734CDCFC349807851E0EB46CE864D2E405ED341B71A390CF2DE20CF5193189E1901E866D0
310
230409684B193D17E2928534D04240937D3C84477494FC5E0FE0B448E35AFC19007926C1C6A6E622FDB8A12E30993C6710E070397C4B26304C0AE38218D19F01FFB15BAE1C0E7E74DF75F2406E373C414E848FF8E500EFAF3C1029C9C0ADAB2313A7426CA9B2C1B9E30032C84EF31A09A88A386F136E8C2F1D582EA0459207
310
015F10F1F001F0B1B7DF7222011EA2001F00BFD36BAEE0850928B08C077030FE3806C880EAA74BCE0863A952812E6008B3A89199C1EE918AF96AF583F1A073B0A355B9D861AF1460DCFB3BFC6B7EFDC834B09700CBED3510E48DC7129041C991F06BA5006CA6B5B34EE21501374E8DFC910042036111EC9C7CFA1C05D48A72
310
70F7F835BF04A4194DA4CF76CEC66718C84CD020D04C412AC848F03E3C61A1C8D50D0EA6838A00376054D3DF61A0E393E1F8B058A6C994093476D601A4A06F0CFD3C0A6BFA910E75CC10400A80FDA93AC9B5EA4303F6C0D188B559086091CC5910137772E14F2376D03181B5CFE74C0EA38440D0AC256D6C4D104CE05302FC
310
C00B60B9CD4D71E08BD40C144A025E60D4C1F45FE846A2105D717EEA84808A5DD90A168E133640311CF05DD870768683F5D2F1800F485AEBE5CABD8FFA3C0BEB33702493AEB551B1EB035EF5C8E5757FA7832141F88E8578A363802B560007AF93D7D470B478C4D00B412D634C9140C4F9275C00DCE8DFE3C7F8C0AFBC5B2C
310
E82E3C3BDF393D4375D50C43CD1C17E3777CD2C170725B7B42B41DF15BFC344DAD089C1E9118522B4A2C60B794E4E8F33081BB7C8CFCEEA0B2015E49D586429C6C78646180B7710E06018A3082243C275F077FBE412C17DE80D3E6B9462C5204C5D980D1DF84A864401C483CD01B143F4A4868087A0F780F37230200A4FBF6
310
AED325114C367C22512750A5C7C3E32D545CE20A0904183BA10015DCAD89864B3E1EE97EBAE8B204266A48E010511838E2FE413FB116E60880C2D8440AC3880DDA6DF6618C138CF1CB2A09637E18D00F80CB0DC05322E31EADB8081C29410903F06BFCDF5AB46024E4A75828056440503C707856EF0C037623DD4922A400E8
310
A6BD75E4D2800905F18450A00CEE88860C8964C7B3F90F56528BA18F71CFBBBCD2D05797E168FC37DB26DBE0DD2EAEF39686C18440820013C1444055402A541400DD362A0A402F1FE51246404E098249FEE30708C10CA0B54601053159480C00BAA9B1223A773234FE72FD5C3BD81804D8D196FE3D5315A0C981D88D04FA01
310
DFC185CA93F9120E1F480B08063364A0A318F08DF95056E4C91F1150D31B011200383502E079EE43CC18603AE2F88FD139C802A739F208E88D06DC78267C448C27C4113C19B0F51B0E9C1C021CF8F9167C6B1F2E10E461002910105D1042792D1CA303F469714C018C23D72179E165049C40E801CB96CF334562E5807291D1
310
E0C70FE6CAD91656715F0E5C5E70F8D7F83290549B1BAA6F781D25180EBCA93EC84E72A74081CE3020789B3790E1A9E478E658C099BECFF01E530E80EC5FE31204ACFF70AF8177A03059240CD074978A002A878BF883FEEC81DD684E406CA630ACFDE87292822A11953710F000885D6F68A67ED40CD772B0828359B753F7CE
310
23D9479AB9845771B389D6A77130F8C134EFC83947392029B10E4425440A84AF0E54825228FC1634D369874739C837A9DDC83C20D320C36042610ECDFA750303710224D01202488012CA847424F8D53F78AB6BECE9B3B35A7F32396AC6B7444566327DBB4DF06FD9616744F4D3A397EB3B0A3FBA8D763702883ED742FE5CD2
310
4146D8E353ACCF811C806AE09914D8446E93840FF4D6C963FF32BFB6AB015D1D3B0C9A0968776F021F21404B6260CF84A14F35180CE20B5E85BDA2EC91FD5A7DBA7E5705F4F0F97AF26CE18E3BA078138202400A62930FA6CC7882F911A92F33E547E64990B0F27323D73B6222863F86425153FA8009361C675554C25382CE
310
148420C8DCC47A20122806CA178A0918C14CBD33440289078A00EC6070184CA9907FD0A1270478E0B325B67C2193694EDB7DD0F3C238447C8A11485562FB4902134E6AC952FD5320A4F7C780882DA9684285CD81D278C0E8FF8DEC9F45D22DC3C2CA99C2728110888799575B6834BF22B0F01EDE72D7F21B672C40F0A97299
310
9E2200B7C91403F9BB3D09C01990819238CBAE5E7510D7D57450507E3DB04AAA0A3C280064E0775380C8C16EEA4834346A04BF0CE847B4B3AF760D06D24BBB267C32E2C9257DE5EB748AD101AF1FD33265E2B674EED8C01A0AC901392211011AC810560F77778E85B13BAFE3E25C95B70919A4862C15928BD8989664AD8638
310
101D009A80F00BDC41AF27602A4BDA0C077E550048E7F1011410F01405045E1C140B4D0E70E0F6E034171C3D6FD12004FCC1FA304312518910356628A4A326EC9ADF5DFFD1B2C0399503F14B4F8E3E0E4E39A06ABCB56A8014687E86E462BDDE5124615ECDB412B7314F62E6E0C76ADEC0F717B360E741960104CF1706CFA1
310
8E0605004B01AE007869B095ED92144A807841EFF2811C047889A04901C809062057192688C92346F97F279449F89B113500BAD282D1DA80A55C27EFFE02C8D4F395003F285B617BBF0831F49B055342DDDD414378E8888E92C16789F269A27C9A221FAA4A0DFDDB9F935B2ECC04DC51481558A69301E0460B02665AC4DD30
310
C03D480866C3409400051811876014C0F294C542821AB045011A3E3F09001FF304E3A0BED05CC11A811B865001769507FC01ADC611F400CF68C7B093606E30F3C7E0F00C1D10C31951C1E2D7252181DA00345842A19130715C736EC9ECE686A712FDB31E4D3E50AB336E5666D7B212C0113C4A4406029709B43D0228F3FBAF
310
49921B19CA0C82A2D5BC4A2079809240F37D3E10F9637607C3983F0458508A98B8B4EFC92AC13530180CF55359500080061DF59B98BB3FEACEE881DC8127F182A885A86FB12B43C590A4380504E32305E3148BBEEB2D2782029765428092545BA5C2C681FC5F8E869C0EE1034A822FF09A12C94084505AA868080303473F81
310
61F7AA0A6610745E280BE4427FB770106F8800EADABA19F453210435BDB2348471B13B65F2FCB554827632C4C44467333E4127095D22092ED492009930413251B5408345065065E415266E20279A40B3F520370BE2050C8360E6BB4601C1673B9BFE007EF5200B6483CD195400A783E6DEA0653515B0FCE8E86D1618FC1EFC
310
15C2E727F24F2A2DAB57326D8D0877D4E298894E7A0C3C7D9CE8A0E2D17AA2020FA1097D6372F2A9F955060FDD467AD0426368C24A8340FD0D6687A76316DEF5179ED9042005A2BF02A5DD810A4DEFA4A8F700EFC50FF4FB8C06410F0303C106ADF8852ACC6A2CA9046E9ED070739339857222CC009E206479886EA26227BF
310
7A341A15C351A8404A6C10080A2140FA4B4E8D9B9A11645899332363FD69887F436A660566964250FD752E787B64BCF8E6C8190DF8EA0C854C062D8A5A1346F810414313E606ECA0AC3A01D6928544029D5F42E202C0CB386F880F7842A31287061F32F3CBE09F2950783394F2F2B23D85386C6F51943E99DD10C8A0000BA9
310
569A14805693274BD0E4F4DC3F28E331EEA91C4F33ABE057889BFB92819187840A08E57A276A8BFCB75B0342668C70C565C8059996D209C2800941A21FB82B2F520BC2E6FE6F1A8827043DE17000DACC8193E78BBB8DF1467978C06F6AFE986123E3A95272CAC122046F4C65C4B88FED2F1CD1D918F7CDBF8903BF1A90057D
310
42F4DC133AF804ACBB58446A0DB78806FC053FA1E45D0AF1112613CC0DD976C5E70AD3282F42725C0D02AC8588DE451B1C01ABF063E7748A3882F0DD484BB78D037F9812240EB88B6034C0AD53E5116D4C6D920C6A89F084E6D0598AD7EB6930CC7B293E27A666E5CDFE9A3FA52FEB3C97976FDAAE9A60008FCA6B33099CF9
310
880D35D419FC687D424378E3099441E110C5B3C6DC311E6653514A67A530D863326C4D8430E0C28024803B5B069B0E60C10EDB6DF087034171DF01F1F3404B27B1056D8C0E56E7CA6056E7798147BE4C2F01CED5987E413AC6A724876DE3F599E0601CE7B9CEF3BEB3671E12DCE8AF9631B8031D3F360B6955DC2342B2A0E4
310
632A00264C0DA002220CFEC3E10D9BADC8904D88DC51928593AA16C91DF6FFF82B3234404C7214D0F8608E0052283EFB2B0563F1D072936C4017706010BCF1B16CDE0C1FA9C777E44E1F5259B0C9BBC8794A82A6C182A3AF56B16921405351FDDC91B5BAAA617860E8D76C97C377FE701A4EB4378FA97C2C8E3CC8950886C6
310
FD93AF70A1F5F676B7ED16CBC56AF5D09110EEB8607CC08A795882358280DDB98AFFE7087C6EB593D62F041CDB4018935238E73F1098100D0C8769818F777057F64C703C6530E142FDF5C837AE1CF66C94C4887D3A3726AB990DEA248F73B5D32C8E04F6714B1E67C53FC52040252E605B322407CBF8C7F05453462A295ABF
310
4D95592DDD76AC23512E9A2DF964715C80DD752CA8E263AC36F02C3C28A133EB22AC8D099BDEFDE28C3E8FFEE3815D5D00C17C00511058354D62443C1A546280E43572A9C661A34FA5891F8E7570608C8DF21DF51DF9D2A84D4501F41B8CD4F4C9DEB2F901E810C0E4CEB6EC08DFB06341C864CF8D0EEE779A606545E1E64A
310
AF30A4324C20FDD3BD558BD966BA994FA915CD162B1978642AD01694E533EC190368A68234657085B5F88E27A0805E04B8BB6A00A51646EE3C10A50FF007FF410F1963CA69BE2002F0F902E701AEC995FD41F83A3F0C3809A3288A083003A6CC2A20E6D703EE48E3777AC07ADD51EB6101603A9FCF17B3D5928F6D742EE7E4
310
CF38AE2B03C5FB39C81D7B2978FAFE85AF3D2710B0582C970F0FEB0E4D1103B8BE2B4D560CA10002FC8F334C891C07B44FE06B2E3ACE5E1E2D1FC32203110ABF9CA0E8381F68EC3C06701328E5A38278A5FCD944CEA5283DA933DF2A2448BD23F1C5D8BE04CC2DC3B43B3EEC29F8B5FF926D11D3E97EBF7FA1BD1E5E5F5FE6
310
D3D972F548547783146ECD84873F377C5820F7F9FCE5E07378D6CBCB7E036DF7F7104079A05B77C6942D1BA95D47424BFC3DB6411009A42E207871B7EE9B06614BBD20F22F7523FB985F3F7068E37600273A3ED0C1CCC380F6EC4AF01CC1CF95E4848B7BF950AD14C44F10460221E02D21D01DAE800F323704C00035DFE97C
310
B37F797D3D1C0E4FBF35EE1E5E9E0E879FBF3DF6F474780A01FB3DAF01FE0C0798218007C2090A3008BA7682A338F4A8804A06CBFE6A80CEC766F49853F15B2F45FCEA3F8250012841315016E75E797EFEEC4ACA6C79F515CF1738F7C36E2406071051043817C9E8C5888D49D0332E800062FF54FA562BF7446CC0BFDFBF86
310
03D1FEFCC9F7FFB5A7F000430755C2D3F72F2D02A022820897ABDD44594475BDCCA4A10AF34C06B08B4AB58BBFAE30999DC66C7CE903A83CF8EB006EEEAA063430F84B05F0ECF644825F5E95073870E72A0771AB89B080022A0C5A9FAF34C89286257FB7BEA000EC65B59750C68E0815B0D9834B15606328F80709DE09018A
310
C2A7817F83F96DB3D562C10A0A31300230CD4200B87F85808BAF64D04600254047F9C14DE93464009E7F5AABB4FDD6D55142A2C0BF1541FCE19C20C899BF4F76AB54B84CB97F88F48ECC029FD253F0C70DF4816B9AC94BCBD653B1A283C4001A0337955E4AFED3FB790B6B1F5EA0B5514074103A38D84280EE0F5F9BE974EA
310
B2D16AB1EA969684B6E4166CA28264B300474C7308D20013B204A65F82970718D05678B3315D442E1C0A327E2F56556040C005D2FAB1326A68A07507C9E46A3648555A7080F5F50219A00E6222E3E0862CE95B5680930530742F1D041805E69B788161F015944D041182B861A2C17F3AF01CF5BFDF6C343F9171F5B004BF59
310
C016719164B888EA206A02AD05E8464D06B48E4381A0E9345FD171625AC22198F57C003BEA5510F81FF78D31C9B033D0030000000049454E44AE426082504B03041400060808008D56245C51464CB48900000043010000360000006662782F35464633453646332D343538372D344139362D383045392D3633363531393431
310
303339322F6469726563746F72792E786D6C9D8F310EC2300C45AF127987122606C71DD918B841D4B851A43646695A717C52A85029031293A5A76FBF6FACEF7DA7264E43906840EF0FA03836E242F406C6DCEE4EA06AC22492573150D1F66C60C640E8938CB705396EEDD86DE9B5042FE27813D640EA63BB001C722AF6E55C
310
B61E4863F58284D5D3F53DD715CE1C3985E63FD7F1B7EBDD617E9F1E504B03041400060808008D56245C72607EFA42070000541C0000340000006662782F35464633453646332D343538372D344139362D383045392D3633363531393431303339322F6F626A656374732E786D6CDD595B6FE23814FE2B56F665F781245C4B
310
4694118552A15167468366B56F9109867AEB5CE4242D9D5FBFC78E1DE234403A1769B4AD54A8631F9FF39DFBC9E4FD2164E889F094C6D1B5D5B55D0B912888B734DA5F5B79B6EB8C2DF47E8A263C8EB3CA3E0B453824D79658B6A6933D8FF3442D6DC90EE7ACBEBABCF907A5018988850286D3F4DA4A830712621BE759BC25
310
E9A3BDC519B6F7BB83DDB58B8D26D93DC7C943EDAA04731265C02AAC47404571D035FF05919CE9C4111B8C6DFD76DB7A67B639527093511AA5198E82575CD5AEEB9DE0AA765DBF3B58DCF6865E673818F43B8351AFDBB959DE2C3ADDABBE3B1FCDE7DEECD6B3D074B28963562A2021D116B4F8624DBB13473C29C5572834F1
310
1DC45144028566D3862D51742949EB9818C076A568158514B25616FA2D853FB1AD1528064B06DA5A38FD59B5DE78F32F8090B6B1529E1261E569C641D70AFBC21FDC8953AC1A7AA1290A714638C50C31BAE1988382606BA120838CF016410A09CCA41635BD2AAF60D8977DA989CB5DCE98F05F6B2A3DCD077F24592A39A3DF
310
083F725FBD0D780269731A6563256CF69200096FE2C8C5E259BFA71E1640A21DC37BB01610536CEAF76A78CD452C582DACE987E5E6B016F1A1F9F284C709E199B03CE9CCCAEFB4062BA605C6D70294025753774754BE00F41F01F992173401CD717A181C065A768EA37417F310B4835CD471E18F8BC4D757DF264E79788A90
310
112B4F610A6EFB933035C430EEAE403A9D3C81D1C7BCAF845B0798814DDFD348F839180A62312C41BCDF6D0ED67405C11416E11466203DFC4E1CF115C1474107E24D4D434DE1B785A2B4C3D4FDECA8AB3BB0194E835255868CA7F01DFE147C678BF58775CE773820F7CAB1176447239A41326D66C800DD70F9AFAB8FD223EF
310
58BCC1EC78DAD814C035FB58C48D06B5AC955A90D40B7022D270A119B9724FC1DB19C31189F354AD37C5A9206631F7372F7EE1C28D77FDAD6DA0B84C1940632C83E41E709A084CACA9D2561908ED8AA06061982B0BDC175AF5377998F8388CF34884DAD7A658E703E28CB044A02AA969C3D65EABC96EE96E97A710BC1A49CE
310
0D20953F6BC285850F208E35F1CBC98E6348A271E453C8C1E02C8D37181794E09DE739256CE753C6F2D0DF510679C40F7172827E4B09AA99EB91BC3CC77CDB48D0B42CED93DA8604E00A580D92CE5645CC573AE5E4898A3253E6339D0D8C1DAA0EB5A68313E942648A0640B5314A331FDE8E6E0737B35167361B799DC1ECEA
310
AAE30DDD6567BE580E87236FB61C0F7A753E75B4AAE63B50A528730CFFCB1EF2701361CAE081101B6F9377EF65F6BC7620343AC3E5B27F3B5A42A1361C5FC1DDDEA833766FBDCEA83F1A76BD41D7ED7B3D879334CE794052A7E7B8BE36C924DA9FE24A73F73A8642597339D9697DD585F91FC7D07A4E3094F8BB06D1327635
310
14846D83A8385A0FA138781429CA0FA0EA6B749F5A10ADF3D114E7DE18975DBBEFCA9F6ED7EBB95E6FEC0D872DC39EBCE987235D930C01749E79E6C7090E68D69C526BC8B464F94DD9C5EE77870536FA6FAF8700AFD6AB2553E7339362CAA721DE137F87455FD1104A2F49DC98F5F62C4E531A9154F685AFEAC51A4DD786F2
310
CBCCD20D664B533F2419FE1E8B958D46CD0B209A331F3AD84CCC102ED611A50BA89EE51445D12F43AA97F2BFF8290E1356F4C69730E896294877454D162A9816573C817DFA38F3DD2D91A38E4BD44BF67545D1A8B53A75EFBBC99F80475742BF101E7D45FB62CB86442C7EC610862029F74757A52A2EA1A52FCB44EFC772E8
310
568317FF99D0FD43ABE2B49D562A655E5188672484D61767396FE5B123882675F75291A1E612959BDE5850CA9E4F777D70996CFA4E95C4956BA076A511CCC65A09F24A8A462396BA90734031EE7A83679F557695EA0F47CC5F5E6557DD2F9403A3CB3840855D8460157F8C3ABCB152376AA8F419670184D2B5FCECDC80476C
310
C9F6D8CC19E49ACA7A5DD35EAAB85722A48630E5C522D2DE8B2FEC0B065543C79D3A7745A1E714EB2B91DA6C18681FF9309836697DBA5BD7A8C04AEBD39F0546E4B94641ADCE45077D86D4D7D5714E50A3A024FABA3A73FCB7E842B4022BA3379820A731A330C8275BB42731E46F1855B4E8507848529997C1785590D26F11
310
5A9C7E2AE6B019DE307D3A78C030CC66AA7FCB0318A442CEBCB6D43AFA0346A7627A29075AF623B46E2A865928E7F4DA028BCD287468F606466072E028A9D7469CE0D838DA8B8C5F9C2AFF3F1E13E840543ACA55EE69838B92CC7026288513F96E01EABEE2C174F2FDA26B7610CEE0EB26CF4A618E0B47691408FA2542211C
310
4C0A1F15BC072829CECBD5B5E51E039256D3FCB3765050ED6498EFE548BE82F76CF1D911D3F4D52794B07C2FD479AE6336287544A7CEF262723501C3506226585491F377CE671EC36BA9102D291801FAF3301EFDE5CCE3308CA362C999A9975B68FD00AFAAB68E1E1342EBEFF67A8E9C1CA85701FE06A7C4C6DBF4111640B5
310
9C8A796A01B161006534AD1880D688D0051C33F6AF1648554795A94A35EC0A78E47B00048E24DEFF08B7A96EA80C2DC117802BF9F0F8452F4C1C0E83F3E97F504B03041400060808008D56245C7453ED7EE1000000550100003C0000006662782F35464633453646332D343538372D344139362D383045392D363336353139
310
3431303339322F7265736F75726365732F322F636E782E786D6C4D90DD6A032110855F45845EAEBA4BFF08AE79895CF526589D5889EB2CFE94E6EDA3A9855ECD70CEC770E6C8E3CF16C837A4EC31AE746682128806AD8F6EA5B55CA6774A8E4A26C4F20FA324EA0D56DA65AAA44B58F72159B8E81ABA1A7CBC0E519C1D4448
310
DE9CF7E8283141E7BCD26CBE60D34CD78216F295595D349B59828C351968278ADF609C300974014BD52296D749CC93783ECDE2F0B21C96B70FC93BA9E4276218BC8F0512EE4F8B30D8D6D81209C93BA0644D7E50FD8D66FCC5632D9EE4CD563297D43A1858B9ED0DF39B76C01FC8AFAB24EF4FB6F168A0CD5E88BA03504B03
310
041400060808008D56245CFF15A4A45D000000800000003A0000006662782F35464633453646332D343538372D344139362D383045392D3633363531393431303339322F7265736F75726365732F636E782E786D6C4D8B3B0E80201005AF42B6F75B59F0390B113044D83508C6E30BC6C26AF226F3B8BA6360974DA7271430
310
F523308B2B198F9B80925DB700539227A2FCCB80A18E5640D320F996A81C9F32D6E9129A0D1EF74FCE750E6D57BC7165FBCA07504B03041400060808008D56245CC019F3674301000056050000300000006662782F35464633453646332D343538372D344139362D383045392D3633363531393431303339322F636E782E78
310
6D6CCD944D6AC3301085AF62045DDAB24DFF08B2025DF4045D94EE6479E2AAB125238D4B73FB8E52256929A15D04929D187D82F7669E462C3FC6217B071F8CB30DAB8A926560B5EB8CED1B36E32ABF67D9520AEF1C7EC35866D5080D8B652645EFDD3CA552072B350FB13A18BB4E4585E84D3B230496E94185D0B0A05F6154
310
859AD17510D645A7501555E121B8D96BA0F7684648EFB50785D0315997F56D5E567979FD54958B9B7A51DFBD081E49295AE786C41B8BE0DD745597DAD1D1929C52F00848317B93A8E881C983B6A2355670BA9722905EDB270E3753E4A669305A21358A3B8D803941A046C1BF60297874FCC3F7E3C3F341039D3AE341A3F39B
310
B3B5A13AD686BDB48212F1BF2E6CC1BFCCBBF68D2C9F6FEE470D276127B3BB4B6EA0E8FE4E02E549D97EB8C40FB09776FAFCD36241A32FD1F44ED9893CF3ED0AA4C1C78D283F01504B03041400060808008D56245CF324C8B37E000000A30000000B0000006662782F636E782E786D6C4D8C410EC2201405AF42FE1E05A158
310
12A07151EED158DA1029182CC6E30BA60B572F99BC19357CB680DE2EBF7C8A1AE8890072F19E661F570D655F700F68302AA7B4FFDD00C569731A1A06A3D69CCAF340B35BA6121A0D3E3E0ED859CB466119E65D7FC5FC2605EEC928B160A2A39253C2E4A51AE7A6D4F9F5EAB6BCF902504B03041400060808008D56245CA6D7
310
97065F0000008200000007000000636E782E786D6C4DCB3B0E80201045D1AD90E9FD7516806B51190811670C8A61F982B1B0BAC9C97B72CA7B1037C6D3332918DA1E04D2CAC69353902EDB8C20262D23F3F59B81A079470595414B17391D1F19B4730A5583A7ED43BBE4025D9592775E5ADFFA01504B03041400060808008D
310
56245CECFD112DA800000026010000130000005B436F6E74656E745F54797065735D2E786D6C7D4F4B0EC22010BD0A61DF525D18634ABB506FE00510A79458060253536F2FD89D5197F3FED3F68B9BD80362B21E25DFD40D6780DADF2C1AC9671AAA3D677DD75E9E0112CB5A4C928F44E12044D22338956A1F003333F8E814
310
E5331A1194BE2B0362DB343BA13D122055543278D79E6050F344ECBC6478EDCD76CE8EABAE5449AE4298AC56946789C28AAFBEABC53F3EAF09A84A1441B91F0101CD4780756578C173A578FFDDBD00504B03041400060808008D56245C3DEE336E64000000790000001B0000006175746F6465736B2D64657369676E2D7061
310
636B6167652E786D6C35CBC10E83200C00D05F21DCA56CA76D41FC96062B120735B69A7DBE268BB7777961F8D5AF396893C2ADB70FE7ADA196782C2DF776D7A97B5933C430F15651E5469C55D70F80A4992A3ADC954792C525AE70A1E4D6AD9816CC044FEFDF01FE3FDE907802504B03041400060808008D56245C84C32231
310
F30000008E0100003D0000006662782F35464633453646332D343538372D344139362D383045392D3633363531393431303339322F7265736F75726365732F322F636F72652E786D6C8550CB6EC32010FC158B3B3660ECBA11266A6DE50B7AEA0D01715162B07854FDFC42EC4AEDA9A75DCDCECCEE0E3B7FADF7EA53FB609C
310
1D01AE11A8B4954E19BB8C20C52B1C4075E6CC3B177FD14065C5AA475060C0D9E25DDA0E483A1BB52DA8754A1FA008414750C97B6E4610E4875E452D52CC8C70AB37216F62D135AE771E67291975488DCA6EE66AB407FC324C14F57307C933BA404A5F5AF83ACC13EC3B3AE00ED3696E07D6143167D1AC3FDBA5D7226A0538
310
41A487084344DF303A75E4449EDE5953989C85E8F3CFC7D2F25DA6B36647FFB8A54DFDEF968C8D2D39DC7645001CE7E31E03CE9A924E2E8FE8722D49F26F504B03041400060808008D56245C5A8BFF86F9000000960100003B0000006662782F35464633453646332D343538372D344139362D383045392D36333635313934
310
31303339322F7265736F75726365732F636F72652E786D6C8550CB6EC32010FC156BEFD880EDD48D30511B2B5FD0536F086F5C9418221E553FBF90B8527BEA6957B333B3BB230E5FEBB5FA441F8CB323B09A428556BBD9D8658414CF6480EA2085772EFEA24165D58A231418A458BC4BB70DD2CE46B405B56EC60D54216084
310
4A5F733342D01FB8AA5AA59819E152DF94BEA8056B563F7852A464E64D6AE6EC66CE063DC8D370ECE86EEA097FA627D2752F2D791DA623D9F5DDC07AD61DA776104D114B11CDFAB35D7B541167909CF21DA18CD0EE8DD17DCFF7FCE95D34852945883EFFBC2D2DDF81F4185CF21A83681ED33FAEE936FFEF9A8C8D2DDF5C1F
310
8A0092E523EF03299A92522EF708732D89CA6F504B03041400060808008D56245C58CB86F1F1000000B1010000310000006662782F35464633453646332D343538372D344139362D383045392D3633363531393431303339322F636F72652E786D6C8D50CB6EC32010FC156BEFD8801FB1234CD443FC053DF58630715162B0
310
7854FDFC42EC4AED2DA745B333CCECB0CBF7FA28BE94F3DA9A114889A15046DA599B6584186EA887E2C299B336FCA14161C4AA46C83070B6381BB70392D60465326AECAC0E5078AF0214F2911E2378F9A956518A1812C3DFCB4DC8BB585449CA9DC759D0EBAF543A25829A81534C3B8409C2CD3BC1E7969EE9E9835599C959
310
8C7A3EACF49CDCF54D2B07BC9DA6FADA4D356ADAFE849AB7A1433DBE0EA8ABBB960C0DC1F5405995C59CF9E0D2CDC727F9BA57E5BBF05FE6B8CD2F64D626D4F430DC151E3849799E0BCEAA5C601ACF76D3CC65F31F504B03041400060808008D56245C6E2F95A254010000DD0200000C0000006662782F636F72652E786D6C
310
8D525D6F832014FD2B867714A976AE419AAD4D7FC19EF646913A52058360FAF3077EC4F9B06E314172EEBDE7DC7302393EDA261A84E9A5562548630422A1B8AEA4AA4BE0EC0D16203A5262B4B63FDA40A4582B4A106040496DB4EB66886B65850AA8D2959841D6F7C2828837FE52829E7F8996C5CC59DFD1DFE38EF13BAB45
310
9CC6531F25CEC96A1E9595679337290CA097E294A1FD3987F8155D6096BDEDE07B713EC17D9E15699E66A7F3AE204918A6C4CA7651E746302B2A4031C27B885288B28F141D727CC02F9F24099D94F4D678CFB3687007E8EDFA20C9846FF85C57FDCDE7A4B23B3CF34D133DA0A95F6F2C5092847CFC6F0C6F9BA117F6F95976
310
6D160B770F0D825B6D325FA9B45B4B036B9CF0D4281A3F924C55CF3C12FCC6839FF03CE7F0413155FBD598F5D7ABB3417DBB53270C1CEC2352DAB4AC59979B565CCF5568636919E7BAD1E63FD38BD525CC243C4CFA0D504B03041400060808008D56245C5BA5CFC408010000B201000008000000636F72652E786D6C8D50CB
310
6EC32010FC15B4776CC08FBA11266A6DE50B7AEA8D1AE2A0D860191CB57F5F485CA9BDF5B468667667187EFC9C2774D3AB37CEB640330248DBC12963C716B670C60DA0A3E0AB73E1970C9095B36E21C120F8B8BA6DD9A1C1D9A06D42AD537A07A5F73A001AA6F868C10F173DCB4C6E212AFC355BE47095A3CE68F6D0091ECC
310
FCB33AAC5A06AD4030C26A4C2826E51B25878A1DD8D33BCF9352F06D336AB7322ABA9BB3D12B8853D395A4EE2BCC9EC90997E54B815F9BBEC3755536B4A265D7170DCFD3B2E03EACF1CFFB919833202F6FC997E70F4AF00FE7A65D104329E4ECF40582F03C117F426F8BFA47686343C1F6838F0D0F82C64077221AA706E3B8
310
D71B676A5B7C03504B010214001400060808008D56245C0000000000000000000000003700000000000000000000000000000000006662782F35464633453646332D343538372D344139362D383045392D3633363531393431303339322F617474726962757465732E62696E504B010214001400060808008D56245C000000
310
0000000000000000003500000000000000000000000000550000006662782F35464633453646332D343538372D344139362D383045392D3633363531393431303339322F76657274696365732E62696E504B010214001400060808008D56245CF270F13306000000040000003600000000000000000000000000A800000066
310
62782F35464633453646332D343538372D344139362D383045392D3633363531393431303339322F747269616E676C65732E62696E504B010214001400060808008D56245CB5A795FFE3790000DE7900004200000000000000000000000000020100006662782F35464633453646332D343538372D344139362D383045392D
310
3633363531393431303339322F7265736F75726365732F322F305F67656E657269632E706E67504B010214001400060808008D56245C51464CB489000000430100003600000000000000000000000000457B00006662782F35464633453646332D343538372D344139362D383045392D3633363531393431303339322F6469
310
726563746F72792E786D6C504B010214001400060808008D56245C72607EFA42070000541C00003400000000000000000000000000227C00006662782F35464633453646332D343538372D344139362D383045392D3633363531393431303339322F6F626A656374732E786D6C504B010214001400060808008D56245C7453
310
ED7EE1000000550100003C00000000000000000000000000B68300006662782F35464633453646332D343538372D344139362D383045392D3633363531393431303339322F7265736F75726365732F322F636E782E786D6C504B010214001400060808008D56245CFF15A4A45D000000800000003A00000000000000000000
310
000000F18400006662782F35464633453646332D343538372D344139362D383045392D3633363531393431303339322F7265736F75726365732F636E782E786D6C504B010214001400060808008D56245CC019F36743010000560500003000000000000000000000000000A68500006662782F35464633453646332D343538
310
372D344139362D383045392D3633363531393431303339322F636E782E786D6C504B010214001400060808008D56245CF324C8B37E000000A30000000B00000000000000000000000000378700006662782F636E782E786D6C504B010214001400060808008D56245CA6D797065F0000008200000007000000000000000000
310
00000000DE870000636E782E786D6C504B010214001400060808008D56245CECFD112DA8000000260100001300000000000000000000000000628800005B436F6E74656E745F54797065735D2E786D6C504B010214001400060808008D56245C3DEE336E64000000790000001B000000000000000000000000003B89000061
310
75746F6465736B2D64657369676E2D7061636B6167652E786D6C504B010214001400060808008D56245C84C32231F30000008E0100003D00000000000000000000000000D88900006662782F35464633453646332D343538372D344139362D383045392D3633363531393431303339322F7265736F75726365732F322F636F
310
72652E786D6C504B010214001400060808008D56245C5A8BFF86F9000000960100003B00000000000000000000000000268B00006662782F35464633453646332D343538372D344139362D383045392D3633363531393431303339322F7265736F75726365732F636F72652E786D6C504B010214001400060808008D56245C
310
58CB86F1F1000000B10100003100000000000000000000000000788C00006662782F35464633453646332D343538372D344139362D383045392D3633363531393431303339322F636F72652E786D6C504B010214001400060808008D56245C6E2F95A254010000DD0200000C00000000000000000000000000B88D00006662
310
782F636F72652E786D6C504B010214001400060808008D56245C5BA5CFC408010000B20100000800000000000000000000000000368F0000636F72652E786D6C504B050600000000120012002D060000649000000000
  0
XRECORD
  5
113
102
{ACAD_REACTORS
330
110
102
}
330
110
100
AcDbXrecord
280
     1
270
     1
271
     1
  0
XRECORD
  5
114
102
{ACAD_REACTORS
330
110
102
}
330
110
100
AcDbXrecord
280
     1
270
     1
271
     1
  0
CELLSTYLEMAP
  5
2702
102
{ACAD_REACTORS
330
104
102
}
330
104
100
AcDbCellStyleMap
 90
        3
300
CELLSTYLE
  1
TABLEFORMAT_BEGIN
 90
        5
170
     1
 91
        0
 92
    32768
 62
   257
 93
        1
300
CONTENTFORMAT
  1
CONTENTFORMAT_BEGIN
 90
        0
 91
        0
 92
      512
 93
        0
300

 40
0.0
140
1.0
 94
        5
 62
     0
340
11
144
0.25
309
CONTENTFORMAT_END
171
     1
301
MARGIN
  1
CELLMARGIN_BEGIN
 40
0.06
 40
0.06
 40
0.06
 40
0.06
 40
0.18
 40
0.18
309
CELLMARGIN_END
 94
        6
 95
        1
302
GRIDFORMAT
  1
GRIDFORMAT_BEGIN
 90
        0
 91
        1
 62
     0
 92
       -2
340
0
 93
        0
 40
0.045
309
GRIDFORMAT_END
 95
        2
302
GRIDFORMAT
  1
GRIDFORMAT_BEGIN
 90
        0
 91
        1
 62
     0
 92
       -2
340
0
 93
        0
 40
0.045
309
GRIDFORMAT_END
 95
        4
302
GRIDFORMAT
  1
GRIDFORMAT_BEGIN
 90
        0
 91
        1
 62
     0
 92
       -2
340
0
 93
        0
 40
0.045
309
GRIDFORMAT_END
 95
        8
302
GRIDFORMAT
  1
GRIDFORMAT_BEGIN
 90
        0
 91
        1
 62
     0
 92
       -2
340
0
 93
        0
 40
0.045
309
GRIDFORMAT_END
 95
       16
302
GRIDFORMAT
  1
GRIDFORMAT_BEGIN
 90
        0
 91
        1
 62
     0
 92
       -2
340
0
 93
        0
 40
0.045
309
GRIDFORMAT_END
 95
       32
302
GRIDFORMAT
  1
GRIDFORMAT_BEGIN
 90
        0
 91
        1
 62
     0
 92
       -2
340
0
 93
        0
 40
0.045
309
GRIDFORMAT_END
309
TABLEFORMAT_END
  1
CELLSTYLE_BEGIN
 90
        1
 91
        1
300
_TITLE
309
CELLSTYLE_END
300
CELLSTYLE
  1
TABLEFORMAT_BEGIN
 90
        5
170
     1
 91
        0
 92
        0
 62
   257
 93
        1
300
CONTENTFORMAT
  1
CONTENTFORMAT_BEGIN
 90
        0
 91
        0
 92
      512
 93
        0
300

 40
0.0
140
1.0
 94
        5
 62
     0
340
11
144
0.18
309
CONTENTFORMAT_END
171
     1
301
MARGIN
  1
CELLMARGIN_BEGIN
 40
0.06
 40
0.06
 40
0.06
 40
0.06
 40
0.18
 40
0.18
309
CELLMARGIN_END
 94
        6
 95
        1
302
GRIDFORMAT
  1
GRIDFORMAT_BEGIN
 90
        0
 91
        1
 62
     0
 92
       -2
340
0
 93
        0
 40
0.045
309
GRIDFORMAT_END
 95
        2
302
GRIDFORMAT
  1
GRIDFORMAT_BEGIN
 90
        0
 91
        1
 62
     0
 92
       -2
340
0
 93
        0
 40
0.045
309
GRIDFORMAT_END
 95
        4
302
GRIDFORMAT
  1
GRIDFORMAT_BEGIN
 90
        0
 91
        1
 62
     0
 92
       -2
340
0
 93
        0
 40
0.045
309
GRIDFORMAT_END
 95
        8
302
GRIDFORMAT
  1
GRIDFORMAT_BEGIN
 90
        0
 91
        1
 62
     0
 92
       -2
340
0
 93
        0
 40
0.045
309
GRIDFORMAT_END
 95
       16
302
GRIDFORMAT
  1
GRIDFORMAT_BEGIN
 90
        0
 91
        1
 62
     0
 92
       -2
340
0
 93
        0
 40
0.045
309
GRIDFORMAT_END
 95
       32
302
GRIDFORMAT
  1
GRIDFORMAT_BEGIN
 90
        0
 91
        1
 62
     0
 92
       -2
340
0
 93
        0
 40
0.045
309
GRIDFORMAT_END
309
TABLEFORMAT_END
  1
CELLSTYLE_BEGIN
 90
        2
 91
        1
300
_HEADER
309
CELLSTYLE_END
300
CELLSTYLE
  1
TABLEFORMAT_BEGIN
 90
        5
170
     1
 91
        0
 92
        0
 62
   257
 93
        1
300
CONTENTFORMAT
  1
CONTENTFORMAT_BEGIN
 90
        0
 91
        0
 92
      512
 93
        0
300

 40
0.0
140
1.0
 94
        2
 62
     0
340
11
144
0.18
309
CONTENTFORMAT_END
171
     1
301
MARGIN
  1
CELLMARGIN_BEGIN
 40
0.06
 40
0.06
 40
0.06
 40
0.06
 40
0.18
 40
0.18
309
CELLMARGIN_END
 94
        6
 95
        1
302
GRIDFORMAT
  1
GRIDFORMAT_BEGIN
 90
        0
 91
        1
 62
     0
 92
       -2
340
0
 93
        0
 40
0.045
309
GRIDFORMAT_END
 95
        2
302
GRIDFORMAT
  1
GRIDFORMAT_BEGIN
 90
        0
 91
        1
 62
     0
 92
       -2
340
0
 93
        0
 40
0.045
309
GRIDFORMAT_END
 95
        4
302
GRIDFORMAT
  1
GRIDFORMAT_BEGIN
 90
        0
 91
        1
 62
     0
 92
       -2
340
0
 93
        0
 40
0.045
309
GRIDFORMAT_END
 95
        8
302
GRIDFORMAT
  1
GRIDFORMAT_BEGIN
 90
        0
 91
        1
 62
     0
 92
       -2
340
0
 93
        0
 40
0.045
309
GRIDFORMAT_END
 95
       16
302
GRIDFORMAT
  1
GRIDFORMAT_BEGIN
 90
        0
 91
        1
 62
     0
 92
       -2
340
0
 93
        0
 40
0.045
309
GRIDFORMAT_END
 95
       32
302
GRIDFORMAT
  1
GRIDFORMAT_BEGIN
 90
        0
 91
        1
 62
     0
 92
       -2
340
0
 93
        0
 40
0.045
309
GRIDFORMAT_END
309
TABLEFORMAT_END
  1
CELLSTYLE_BEGIN
 90
        3
 91
        2
300
_DATA
309
CELLSTYLE_END
  0
ENDSEC
  0
SECTION
  2
ACDSDATA
 70
     2
 71
     8
  0
ACDSSCHEMA
 90
        0
  1
AcDb_Thumbnail_Schema
  2
AcDbDs::ID
280
    10
 91
        8
  2
Thumbnail_Data
280
    15
 91
        0
101
ACDSRECORD
 95
        0
 90
        1
  2
AcDbDs::TreatedAsObjectData
280
     1
291
     1
101
ACDSRECORD
 95
        0
 90
        2
  2
AcDbDs::Legacy
280
     1
291
     1
101
ACDSRECORD
  1
AcDbDs::ID
 90
        3
  2
AcDs:Indexable
280
     1
291
     1
101
ACDSRECORD
  1
AcDbDs::ID
 90
        4
  2
AcDbDs::HandleAttribute
280
     7
282
     1
  0
ACDSSCHEMA
 90
        1
  1
AcDbDs::TreatedAsObjectDataSchema
  2
AcDbDs::TreatedAsObjectData
280
     1
 91
        0
  0
ACDSSCHEMA
 90
        2
  1
AcDbDs::LegacySchema
  2
AcDbDs::Legacy
280
     1
 91
        0
  0
ACDSSCHEMA
 90
        3
  1
AcDbDs::IndexedPropertySchema
  2
AcDs:Indexable
280
     1
 91
        0
  0
ACDSSCHEMA
 90
        4
  1
AcDbDs::HandleAttributeSchema
  2
AcDbDs::HandleAttribute
280
     7
 91
        1
284
     1
  0
ACDSRECORD
 90
        0
  2
AcDbDs::ID
280
    10
320
22
  2
Thumbnail_Data
280
    15
 94
     1551
310
89504E470D0A1A0A0000000D49484452000001000000007108030000000DA58D8400000300504C5445212830FFFFFF2128300000000000000000000000000000000000000000000000000000330000660000990000CC0000FF0033000033330033660033990033CC0033FF0066000066330066660066990066CC0066FF0099
310
000099330099660099990099CC0099FF00CC0000CC3300CC6600CC9900CCCC00CCFF00FF0000FF3300FF6600FF9900FFCC00FFFF3300003300333300663300993300CC3300FF3333003333333333663333993333CC3333FF3366003366333366663366993366CC3366FF3399003399333399663399993399CC3399FF33CC00
310
33CC3333CC6633CC9933CCCC33CCFF33FF0033FF3333FF6633FF9933FFCC33FFFF6600006600336600666600996600CC6600FF6633006633336633666633996633CC6633FF6666006666336666666666996666CC6666FF6699006699336699666699996699CC6699FF66CC0066CC3366CC6666CC9966CCCC66CCFF66FF0066
310
FF3366FF6666FF9966FFCC66FFFF9900009900339900669900999900CC9900FF9933009933339933669933999933CC9933FF9966009966339966669966999966CC9966FF9999009999339999669999999999CC9999FF99CC0099CC3399CC6699CC9999CCCC99CCFF99FF0099FF3399FF6699FF9999FFCC99FFFFCC0000CC00
310
33CC0066CC0099CC00CCCC00FFCC3300CC3333CC3366CC3399CC33CCCC33FFCC6600CC6633CC6666CC6699CC66CCCC66FFCC9900CC9933CC9966CC9999CC99CCCC99FFCCCC00CCCC33CCCC66CCCC99CCCCCCCCCCFFCCFF00CCFF33CCFF66CCFF99CCFFCCCCFFFFFF0000FF0033FF0066FF0099FF00CCFF00FFFF3300FF3333
310
FF3366FF3399FF33CCFF33FFFF6600FF6633FF6666FF6699FF66CCFF66FFFF9900FF9933FF9966FF9999FF99CCFF99FFFFCC00FFCC33FFCC66FFCC99FFCCCCFFCCFFFFFF00FFFF33FFFF66FFFF99FFFFCCFFFFFF0000000D0D0D1A1A1A2828283535354343435050505D5D5D6B6B6B787878868686939393A1A1A1AEAEAEBB
310
BBBBC9C9C9D6D6D6E4E4E4F1F1F1FFFFFF0000000000000000000000000000000000000000000000000000000000002E4550F1000000E84944415478DAEDD64B0AC2301440D12CB8BB0CD9887BC85C6B2B966A2238D2F7CE41901227B9CDC7520000000000000000BE7499597FD07BE9A1032C13FD217480DA5AABADD6D7B1
310
25C1FCD700BB3701EE3B207E80F56B1A607FECA103B44180A7A04B61BA020E530E7B1C7C3A034EF38F57607A0B6409707BFD836BF01060FB840C50B64360FC3FE0B006221E82651CA09CAE8198D7E078EC3C943E40114000010410400001041040000104104000010410400001041040000104104000010410E06F034C1408
310
AF0F640F906B05D802D957811590F9D5A7DF02E9B7BAC30E000000000080DF720521B277E5DE71F65F0000000049454E44AE4260825613330DDA19D0FEF5B212B4277A5F00C57DD441BA0A380148A617B805683DD1D4C656061AA0BF04CC7CE0A5074433DB49B457C434E557991034C0490F90B23EA85DD0DB34D8DD03C473
310
80345C06AE7742ED6DB7006A59F05205A81EE0E6966804F0FE2590D41C90EE0D30B819DC1B6019BFB85D074C3506A09F064FBA606B7F9E5682615B091E01C2F2677ABE10D26D504D7F4E6E886B058C0154E59BF400C7A950FC3C0FD0EB80ED91980238C929C0DE0A1D3D12ABABBCB6F89F26B90478F2939E869F01E6C3AD5E
310
A8E37F13C04FF96B00518FC464FA2780A7AC00DD53E1E3A3F0BB03E8FF0BA8A73FA7E3BF1FC0F539BF37C0CB0100000000000000000000000000000000000000000000000000000000000000000000000000000000000000000000000000000000000000000000000000000000000000003E13E0ADDC08E0CD0821E41649AF
310
E5EB01EEC7F0E5E71F002E813B9FDCEFA9805FF4B783722929AAB70000000049454E44AE4260822AFACF5F04F7AD11B89BFE55005626F82000F139FD2B01443CCEFF52002100010840000210800004200001084000021080000420000108400002108000042000010840000210800004200001084000021080000420000108
310
4000021C3FBE00E2418BDCA7BF93E50000000049454E44AE426082
  0
ENDSEC
  0
EOF
